name,version,rarity,card_number,set,image_url,available_items,price_from,price_trend,avg_30_days,avg_7_days,avg_1_day
"Aatchik, Emerald Radian",,Rare,187,Aetherdrift,https://product-images.s3.cardmarket.com/1/DFT/809075/809075.jpg,4230,"0,05 €","0,15 €","0,20 €","0,19 €","0,13 €"
Adrenaline Jockey,,Uncommon,112,Aetherdrift,https://product-images.s3.cardmarket.com/1/DFT/809066/809066.jpg,7546,"0,02 €","0,10 €","0,09 €","0,09 €","0,10 €"
Aether Syphon,,Uncommon,38,Aetherdrift,https://product-images.s3.cardmarket.com/1/DFT/809167/809167.jpg,7280,"0,02 €","0,13 €","0,14 €","0,10 €","0,07 €"
Aetherjacket,,Common,230,Aetherdrift,https://product-images.s3.cardmarket.com/1/DFT/807212/807212.jpg,13356,"0,02 €","0,11 €","0,11 €","0,09 €","0,02 €"
Afterburner Expert,,Rare,150,Aetherdrift,https://product-images.s3.cardmarket.com/1/DFT/808811/808811.jpg,4272,£0.02,"0,15 €","0,12 €","0,13 €","0,10 €"
Agonasaur Rex,,Rare,151,Aetherdrift,https://product-images.s3.cardmarket.com/1/DFT/808418/808418.jpg,2252,"0,29 €","0,68 €","0,69 €","0,64 €","0,43 €"
Air Response Unit,,Uncommon,1,Aetherdrift,https://product-images.s3.cardmarket.com/1/DFT/806126/806126.jpg,7809,"0,02 €","0,03 €","0,05 €","0,06 €","0,02 €"
Alacrian Armory,,Uncommon,2,Aetherdrift,https://product-images.s3.cardmarket.com/1/DFT/807170/807170.jpg,7286,"0,02 €","0,11 €","0,11 €","0,10 €","0,10 €"
Alacrian Jaguar,,Common,152,Aetherdrift,https://product-images.s3.cardmarket.com/1/DFT/807189/807189.jpg,13554,"0,02 €","0,08 €","0,06 €","0,07 €","0,10 €"
Amonkhet Raceway,,Uncommon,248,Aetherdrift,https://product-images.s3.cardmarket.com/1/DFT/808000/808000.jpg,4341,£0.02,"0,27 €","0,21 €","0,21 €","0,19 €"
Ancient Vendetta,,Uncommon,75,Aetherdrift,https://product-images.s3.cardmarket.com/1/DFT/809214/809214.jpg,7729,"0,02 €","0,13 €","0,13 €","0,17 €","0,21 €"
Apocalypse Runner,,Uncommon,188,Aetherdrift,https://product-images.s3.cardmarket.com/1/DFT/807193/807193.jpg,7753,"0,02 €","0,04 €","0,05 €","0,05 €","0,10 €"
Autarch Mammoth,,Uncommon,153,Aetherdrift,https://product-images.s3.cardmarket.com/1/DFT/809180/809180.jpg,7481,"0,02 €","0,06 €","0,06 €","0,06 €","0,03 €"
Avishkar Raceway,,Common,249,Aetherdrift,https://product-images.s3.cardmarket.com/1/DFT/807215/807215.jpg,12946,"0,02 €","0,11 €","0,08 €","0,07 €","0,04 €"
Back on Track,,Uncommon,76,Aetherdrift,https://product-images.s3.cardmarket.com/1/DFT/809171/809171.jpg,7567,"0,02 €","0,07 €","0,06 €","0,06 €","0,10 €"
"Basri, Tomorrow's Champion",,Rare,3,Aetherdrift,https://product-images.s3.cardmarket.com/1/DFT/809110/809110.jpg,4356,£0.02,"0,18 €","0,20 €","0,19 €","0,10 €"
Beastrider Vanguard,,Common,154,Aetherdrift,https://product-images.s3.cardmarket.com/1/DFT/807963/807963.jpg,12674,"0,02 €","0,08 €","0,09 €","0,10 €","0,02 €"
Bestow Greatness,,Common,155,Aetherdrift,https://product-images.s3.cardmarket.com/1/DFT/808225/808225.jpg,13469,"0,02 €","0,03 €","0,05 €","0,03 €","0,02 €"
Bleachbone Verge,,Rare,250,Aetherdrift,https://product-images.s3.cardmarket.com/1/DFT/807216/807216.jpg,826,"7,50 €","8,47 €","8,59 €","8,59 €","8,09 €"
Bloodfell Caves,,Common,251,Aetherdrift,https://product-images.s3.cardmarket.com/1/DFT/807217/807217.jpg,8892,"0,02 €","0,10 €","0,06 €","0,13 €","0,02 €"
Bloodghast,,Rare,77,Aetherdrift,https://product-images.s3.cardmarket.com/1/DFT/808205/808205.jpg,1089,"0,70 €","1,46 €","1,44 €","1,43 €","1,12 €"
Blossoming Sands,,Common,252,Aetherdrift,https://product-images.s3.cardmarket.com/1/DFT/807218/807218.jpg,8936,"0,02 €","0,05 €","0,06 €","0,04 €","0,07 €"
Boom Scholar,,Uncommon,189,Aetherdrift,https://product-images.s3.cardmarket.com/1/DFT/807194/807194.jpg,7510,"0,02 €","0,08 €","0,07 €","0,06 €","0,08 €"
Boommobile,,Rare,113,Aetherdrift,https://product-images.s3.cardmarket.com/1/DFT/809212/809212.jpg,4825,£0.02,"0,16 €","0,12 €","0,16 €","0,08 €"
Boosted Sloop,,Uncommon,190,Aetherdrift,https://product-images.s3.cardmarket.com/1/DFT/807986/807986.jpg,7285,"0,02 €","0,08 €","0,11 €","0,10 €","0,05 €"
Bounce Off,,Common,39,Aetherdrift,https://product-images.s3.cardmarket.com/1/DFT/807893/807893.jpg,12886,"0,02 €","0,10 €","0,10 €","0,13 €","0,23 €"
Brightfield Glider,,Common,4,Aetherdrift,https://product-images.s3.cardmarket.com/1/DFT/807171/807171.jpg,13733,"0,02 €","0,03 €","0,06 €","0,03 €","0,02 €"
Brightfield Mustang,,Common,5,Aetherdrift,https://product-images.s3.cardmarket.com/1/DFT/808219/808219.jpg,13687,"0,02 €","0,06 €","0,06 €","0,03 €","0,02 €"
Brightglass Gearhulk,,Mythic,191,Aetherdrift,https://product-images.s3.cardmarket.com/1/DFT/807195/807195.jpg,1431,"3,50 €","4,89 €","4,98 €","4,81 €","4,30 €"
Broadcast Rambler,,Common,6,Aetherdrift,https://product-images.s3.cardmarket.com/1/DFT/807833/807833.jpg,13586,"0,02 €","0,05 €","0,04 €","0,04 €","0,02 €"
Broadside Barrage,,Uncommon,192,Aetherdrift,https://product-images.s3.cardmarket.com/1/DFT/806110/806110.jpg,5917,"0,02 €","0,26 €","0,17 €","0,22 €","0,28 €"
Broken Wings,,Common,156,Aetherdrift,https://product-images.s3.cardmarket.com/1/DFT/808211/808211.jpg,13546,"0,02 €","0,03 €","0,03 €","0,02 €","0,02 €"
Broodheart Engine,,Uncommon,193,Aetherdrift,https://product-images.s3.cardmarket.com/1/DFT/809175/809175.jpg,6602,"0,02 €","0,13 €","0,16 €","0,18 €","0,05 €"
Bulwark Ox,,Rare,7,Aetherdrift,https://product-images.s3.cardmarket.com/1/DFT/809156/809156.jpg,3569,"0,09 €","0,25 €","0,26 €","0,29 €","0,26 €"
Burner Rocket,,Common,114,Aetherdrift,https://product-images.s3.cardmarket.com/1/DFT/807184/807184.jpg,13112,"0,02 €","0,13 €","0,07 €","0,09 €","0,02 €"
Burnout Bashtronaut,,Rare,115,Aetherdrift,https://product-images.s3.cardmarket.com/1/DFT/809158/809158.jpg,1896,"0,13 €","0,51 €","0,62 €","0,62 €","0,66 €"
"Caelorna, Coral Tyrant",,Uncommon,40,Aetherdrift,https://product-images.s3.cardmarket.com/1/DFT/809063/809063.jpg,7007,"0,02 €","0,11 €","0,11 €","0,08 €","0,11 €"
Camera Launcher,,Common,232,Aetherdrift,https://product-images.s3.cardmarket.com/1/DFT/807213/807213.jpg,13597,"0,02 €","0,08 €","0,05 €","0,05 €","0,02 €"
Canyon Vaulter,,Uncommon,8,Aetherdrift,https://product-images.s3.cardmarket.com/1/DFT/807172/807172.jpg,7479,"0,02 €","0,06 €","0,07 €","0,05 €","0,07 €"
"Captain Howler, Sea Scourge",,Rare,194,Aetherdrift,https://product-images.s3.cardmarket.com/1/DFT/809076/809076.jpg,3423,"0,10 €","0,27 €","0,26 €","0,28 €","0,15 €"
"Caradora, Heart of Alacria",,Rare,195,Aetherdrift,https://product-images.s3.cardmarket.com/1/DFT/807196/807196.jpg,4777,"0,05 €","0,09 €","0,09 €","0,06 €","0,05 €"
Carrion Cruiser,,Uncommon,78,Aetherdrift,https://product-images.s3.cardmarket.com/1/DFT/807179/807179.jpg,7662,"0,02 €","0,07 €","0,07 €","0,04 €","0,05 €"
"Chandra, Spark Hunter",,Mythic,116,Aetherdrift,https://product-images.s3.cardmarket.com/1/DFT/808810/808810.jpg,587,"3,50 €","3,86 €","4,29 €","3,93 €","3,33 €"
Chitin Gravestalker,,Common,79,Aetherdrift,https://product-images.s3.cardmarket.com/1/DFT/808206/808206.jpg,10109,"0,02 €","0,11 €","0,12 €","0,10 €","0,02 €"
Clamorous Ironclad,,Common,117,Aetherdrift,https://product-images.s3.cardmarket.com/1/DFT/807185/807185.jpg,13451,"0,02 €","0,11 €","0,07 €","0,09 €","0,02 €"
Cloudspire Captain,,Uncommon,9,Aetherdrift,https://product-images.s3.cardmarket.com/1/DFT/807862/807862.jpg,7157,"0,02 €","0,14 €","0,13 €","0,14 €","0,12 €"
Cloudspire Coordinator,,Uncommon,196,Aetherdrift,https://product-images.s3.cardmarket.com/1/DFT/807197/807197.jpg,7220,"0,02 €","0,09 €","0,09 €","0,08 €","0,05 €"
Cloudspire Skycycle,,Uncommon,197,Aetherdrift,https://product-images.s3.cardmarket.com/1/DFT/807404/807404.jpg,7690,"0,02 €","0,02 €","0,06 €","0,03 €","0,02 €"
Coalstoke Gearhulk,,Mythic,198,Aetherdrift,https://product-images.s3.cardmarket.com/1/DFT/807198/807198.jpg,1747,"0,30 €","0,74 €","0,68 €","0,74 €","0,72 €"
Collision Course,,Common,10,Aetherdrift,https://product-images.s3.cardmarket.com/1/DFT/807864/807864.jpg,13807,"0,02 €","0,08 €","0,06 €","0,05 €","0,02 €"
Count on Luck,,Rare,118,Aetherdrift,https://product-images.s3.cardmarket.com/1/DFT/808208/808208.jpg,4007,"0,10 €","0,36 €","0,31 €","0,33 €","0,51 €"
Country Roads,,Uncommon,253,Aetherdrift,https://product-images.s3.cardmarket.com/1/DFT/807219/807219.jpg,7000,"0,02 €","0,10 €","0,10 €","0,09 €","0,06 €"
Crash and Burn,,Common,119,Aetherdrift,https://product-images.s3.cardmarket.com/1/DFT/807402/807402.jpg,13564,"0,02 €","0,06 €","0,04 €","0,05 €","0,02 €"
Cryptcaller Chariot,,Rare,80,Aetherdrift,https://product-images.s3.cardmarket.com/1/DFT/809187/809187.jpg,2962,"0,10 €","0,35 €","0,38 €","0,39 €","0,23 €"
Cursecloth Wrappings,,Rare,81,Aetherdrift,https://product-images.s3.cardmarket.com/1/DFT/807180/807180.jpg,4155,"0,08 €","0,24 €","0,24 €","0,23 €","0,16 €"
"Daretti, Rocketeer Engineer",,Rare,120,Aetherdrift,https://product-images.s3.cardmarket.com/1/DFT/809067/809067.jpg,4217,"0,05 €","0,21 €","0,22 €","0,21 €","0,24 €"
Daring Mechanic,,Common,11,Aetherdrift,https://product-images.s3.cardmarket.com/1/DFT/808401/808401.jpg,13601,"0,02 €","0,03 €","0,03 €","0,02 €","0,02 €"
Deathless Pilot,,Common,82,Aetherdrift,https://product-images.s3.cardmarket.com/1/DFT/807953/807953.jpg,13610,"0,02 €","0,09 €","0,05 €","0,08 €","0,05 €"
Debris Beetle,,Rare,199,Aetherdrift,https://product-images.s3.cardmarket.com/1/DFT/809198/809198.jpg,4506,"0,05 €","0,08 €","0,15 €","0,14 €","0,06 €"
Defend the Rider,,Uncommon,157,Aetherdrift,https://product-images.s3.cardmarket.com/1/DFT/809174/809174.jpg,3482,£0.02,"0,48 €","0,45 €","0,48 €","0,28 €"
Demonic Junker,,Rare,83,Aetherdrift,https://product-images.s3.cardmarket.com/1/DFT/809114/809114.jpg,3060,"0,10 €","0,32 €","0,36 €","0,37 €","0,35 €"
Detention Chariot,,Uncommon,12,Aetherdrift,https://product-images.s3.cardmarket.com/1/DFT/808402/808402.jpg,7313,£0.02,"0,07 €","0,05 €","0,05 €","0,29 €"
Dismal Backwater,,Common,254,Aetherdrift,https://product-images.s3.cardmarket.com/1/DFT/807220/807220.jpg,8804,"0,02 €","0,05 €","0,06 €","0,05 €","0,05 €"
District Mascot,,Rare,158,Aetherdrift,https://product-images.s3.cardmarket.com/1/DFT/807966/807966.jpg,3343,"0,14 €","0,32 €","0,28 €","0,31 €","0,28 €"
Diversion Unit,,Uncommon,41,Aetherdrift,https://product-images.s3.cardmarket.com/1/DFT/808803/808803.jpg,6265,"0,02 €","0,17 €","0,17 €","0,19 €","0,17 €"
Draconautics Engineer,,Rare,121,Aetherdrift,https://product-images.s3.cardmarket.com/1/DFT/806108/806108.jpg,2697,"0,05 €","0,33 €","0,34 €","0,33 €","0,51 €"
Dracosaur Auxiliary,,Uncommon,122,Aetherdrift,https://product-images.s3.cardmarket.com/1/DFT/807186/807186.jpg,7516,"0,02 €","0,09 €","0,08 €","0,09 €","0,10 €"
Dredger's Insight,,Uncommon,159,Aetherdrift,https://product-images.s3.cardmarket.com/1/DFT/808212/808212.jpg,2238,"0,02 €","0,40 €","0,48 €","0,34 €","0,36 €"
Dune Drifter,,Uncommon,200,Aetherdrift,https://product-images.s3.cardmarket.com/1/DFT/809215/809215.jpg,7615,"0,02 €","0,04 €","0,05 €","0,03 €","0,05 €"
Dynamite Diver,,Common,123,Aetherdrift,https://product-images.s3.cardmarket.com/1/DFT/809068/809068.jpg,13286,"0,02 €","0,12 €","0,09 €","0,09 €","0,02 €"
Earthrumbler,,Uncommon,160,Aetherdrift,https://product-images.s3.cardmarket.com/1/DFT/808213/808213.jpg,7496,"0,02 €","0,08 €","0,07 €","0,06 €","0,05 €"
Elvish Refueler,,Uncommon,161,Aetherdrift,https://product-images.s3.cardmarket.com/1/DFT/806109/806109.jpg,7298,"0,02 €","0,08 €","0,10 €","0,11 €","0,15 €"
Embalmed Ascendant,,Uncommon,201,Aetherdrift,https://product-images.s3.cardmarket.com/1/DFT/808420/808420.jpg,7814,"0,02 €","0,05 €","0,14 €","0,06 €","0,10 €"
Endrider Catalyzer,,Common,124,Aetherdrift,https://product-images.s3.cardmarket.com/1/DFT/809151/809151.jpg,13487,"0,02 €","0,04 €","0,06 €","0,03 €","0,02 €"
Endrider Spikespitter,,Uncommon,125,Aetherdrift,https://product-images.s3.cardmarket.com/1/DFT/808224/808224.jpg,7705,"0,02 €","0,07 €","0,06 €","0,06 €","0,05 €"
Engine Rat,,Common,84,Aetherdrift,https://product-images.s3.cardmarket.com/1/DFT/808207/808207.jpg,12233,"0,02 €","0,18 €","0,10 €","0,08 €","0,03 €"
Explosive Getaway,,Rare,202,Aetherdrift,https://product-images.s3.cardmarket.com/1/DFT/808218/808218.jpg,5722,"0,02 €","0,13 €","0,14 €","0,14 €","0,04 €"
Fang-Druid Summoner,,Uncommon,163,Aetherdrift,https://product-images.s3.cardmarket.com/1/DFT/809147/809147.jpg,7558,"0,02 €","0,13 €","0,12 €","0,10 €","0,06 €"
Fang Guardian,,Uncommon,162,Aetherdrift,https://product-images.s3.cardmarket.com/1/DFT/807190/807190.jpg,7653,"0,02 €","0,08 €","0,05 €","0,06 €","0,07 €"
"Far Fortune, End Boss",,Rare,203,Aetherdrift,https://product-images.s3.cardmarket.com/1/DFT/808215/808215.jpg,4799,"0,02 €","0,14 €","0,15 €","0,13 €","0,07 €"
Fearless Swashbuckler,,Rare,204,Aetherdrift,https://product-images.s3.cardmarket.com/1/DFT/807199/807199.jpg,4450,£0.02,"0,11 €","0,15 €","0,10 €","0,07 €"
Flood the Engine,,Common,42,Aetherdrift,https://product-images.s3.cardmarket.com/1/DFT/808405/808405.jpg,13354,"0,02 €","0,10 €","0,06 €","0,07 €","0,02 €"
Forest,V.1,Land,276,Aetherdrift,https://product-images.s3.cardmarket.com/1/DFT/807262/807262.jpg,7905,£0.05,"0,17 €","0,20 €","0,17 €","0,11 €"
Forest,V.2,Land,289,Aetherdrift,https://product-images.s3.cardmarket.com/1/DFT/806123/806123.jpg,3069,"0,02 €","0,11 €","0,12 €","0,10 €","0,10 €"
Forest,V.3,Land,290,Aetherdrift,https://product-images.s3.cardmarket.com/1/DFT/806124/806124.jpg,2839,"0,04 €","0,06 €","0,13 €","0,10 €","0,19 €"
Forest,V.4,Land,291,Aetherdrift,https://product-images.s3.cardmarket.com/1/DFT/806125/806125.jpg,4588,"0,02 €","0,10 €","0,10 €","0,10 €","0,08 €"
Foul Roads,,Uncommon,255,Aetherdrift,https://product-images.s3.cardmarket.com/1/DFT/807221/807221.jpg,7384,"0,02 €","0,11 €","0,07 €","0,08 €","0,14 €"
Fuel the Flames,,Uncommon,126,Aetherdrift,https://product-images.s3.cardmarket.com/1/DFT/809183/809183.jpg,6600,"0,02 €","0,17 €","0,11 €","0,11 €","0,16 €"
Full Throttle,,Rare,127,Aetherdrift,https://product-images.s3.cardmarket.com/1/DFT/809069/809069.jpg,1776,"0,49 €","1,26 €","1,33 €","1,32 €","1,42 €"
Gallant Strike,,Uncommon,13,Aetherdrift,https://product-images.s3.cardmarket.com/1/DFT/808403/808403.jpg,7774,"0,02 €","0,14 €","0,10 €","0,09 €","0,05 €"
Gas Guzzler,,Rare,85,Aetherdrift,https://product-images.s3.cardmarket.com/1/DFT/809181/809181.jpg,4087,"0,05 €","0,19 €","0,24 €","0,24 €","0,15 €"
Gastal Blockbuster,,Common,128,Aetherdrift,https://product-images.s3.cardmarket.com/1/DFT/807403/807403.jpg,13589,"0,02 €","0,08 €","0,03 €","0,06 €","0,25 €"
Gastal Raider,,Uncommon,86,Aetherdrift,https://product-images.s3.cardmarket.com/1/DFT/808411/808411.jpg,7437,"0,02 €","0,11 €","0,10 €","0,13 €","0,05 €"
Gastal Thrillroller,,Rare,129,Aetherdrift,https://product-images.s3.cardmarket.com/1/DFT/808415/808415.jpg,4645,£0.02,"0,14 €","0,15 €","0,10 €","0,05 €"
Gastal Thrillseeker,,Uncommon,205,Aetherdrift,https://product-images.s3.cardmarket.com/1/DFT/807836/807836.jpg,7123,"0,02 €","0,11 €","0,13 €","0,14 €","0,10 €"
Gearseeker Serpent,,Common,43,Aetherdrift,https://product-images.s3.cardmarket.com/1/DFT/808804/808804.jpg,12684,"0,02 €","0,02 €","0,09 €","0,05 €","0,04 €"
Gilded Ghoda,,Common,130,Aetherdrift,https://product-images.s3.cardmarket.com/1/DFT/809070/809070.jpg,13578,"0,02 €","0,09 €","0,12 €","0,09 €","0,02 €"
Glitch Ghost Surveyor,,Common,44,Aetherdrift,https://product-images.s3.cardmarket.com/1/DFT/809168/809168.jpg,13659,"0,02 €","0,02 €","0,02 €","0,02 €","0,02 €"
Gloryheath Lynx,,Uncommon,14,Aetherdrift,https://product-images.s3.cardmarket.com/1/DFT/809166/809166.jpg,6867,"0,02 €","0,22 €","0,13 €","0,24 €","0,50 €"
Goblin Surveyor,,Common,131,Aetherdrift,https://product-images.s3.cardmarket.com/1/DFT/808209/808209.jpg,13407,"0,02 €","0,10 €","0,07 €","0,09 €","0,02 €"
"Gonti, Night Minister",,Rare,87,Aetherdrift,https://product-images.s3.cardmarket.com/1/DFT/808412/808412.jpg,2439,"0,10 €","0,57 €","0,51 €","0,53 €","0,48 €"
Greasewrench Goblin,,Uncommon,132,Aetherdrift,https://product-images.s3.cardmarket.com/1/DFT/807958/807958.jpg,6363,"0,02 €","0,16 €","0,13 €","0,16 €","0,08 €"
Greenbelt Guardian,,Uncommon,164,Aetherdrift,https://product-images.s3.cardmarket.com/1/DFT/808812/808812.jpg,7301,"0,02 €","0,11 €","0,11 €","0,11 €","0,02 €"
Grim Bauble,,Common,88,Aetherdrift,https://product-images.s3.cardmarket.com/1/DFT/808806/808806.jpg,7067,£0.02,"0,17 €","0,28 €","0,22 €","0,20 €"
Grim Javelineer,,Common,89,Aetherdrift,https://product-images.s3.cardmarket.com/1/DFT/809115/809115.jpg,13738,"0,02 €","0,04 €","0,03 €","0,03 €","0,02 €"
Guardian Sunmare,,Rare,15,Aetherdrift,https://product-images.s3.cardmarket.com/1/DFT/807866/807866.jpg,4416,£0.02,"0,14 €","0,18 €","0,13 €","0,05 €"
Guidelight Matrix,,Common,233,Aetherdrift,https://product-images.s3.cardmarket.com/1/DFT/809164/809164.jpg,13160,"0,02 €","0,04 €","0,06 €","0,05 €","0,02 €"
Guidelight Optimizer,,Common,45,Aetherdrift,https://product-images.s3.cardmarket.com/1/DFT/809191/809191.jpg,13199,"0,02 €","0,05 €","0,09 €","0,06 €","0,02 €"
Guidelight Pathmaker,,Uncommon,206,Aetherdrift,https://product-images.s3.cardmarket.com/1/DFT/809189/809189.jpg,7323,"0,02 €","0,13 €","0,11 €","0,09 €","0,04 €"
Guidelight Synergist,,Uncommon,16,Aetherdrift,https://product-images.s3.cardmarket.com/1/DFT/809060/809060.jpg,6999,"0,02 €","0,07 €","0,09 €","0,07 €","0,06 €"
Haunt the Network,,Uncommon,207,Aetherdrift,https://product-images.s3.cardmarket.com/1/DFT/807200/807200.jpg,6940,"0,02 €","0,10 €","0,12 €","0,09 €","0,05 €"
Haunted Hellride,,Uncommon,208,Aetherdrift,https://product-images.s3.cardmarket.com/1/DFT/808216/808216.jpg,7642,"0,02 €","0,07 €","0,07 €","0,09 €","0,02 €"
Hazard of the Dunes,,Common,165,Aetherdrift,https://product-images.s3.cardmarket.com/1/DFT/808813/808813.jpg,12979,"0,02 €","0,07 €","0,06 €","0,08 €","0,02 €"
"Hazoret, Godseeker",,Mythic,133,Aetherdrift,https://product-images.s3.cardmarket.com/1/DFT/807959/807959.jpg,1742,"0,40 €","0,70 €","0,79 €","0,68 €","0,64 €"
Hellish Sideswipe,,Uncommon,90,Aetherdrift,https://product-images.s3.cardmarket.com/1/DFT/809153/809153.jpg,7724,"0,02 €","0,13 €","0,09 €","0,09 €","0,05 €"
Hour of Victory,,Uncommon,91,Aetherdrift,https://product-images.s3.cardmarket.com/1/DFT/809199/809199.jpg,7425,"0,02 €","0,07 €","0,10 €","0,09 €","0,11 €"
Howler's Heavy,,Common,46,Aetherdrift,https://product-images.s3.cardmarket.com/1/DFT/809182/809182.jpg,13735,"0,02 €","0,04 €","0,03 €","0,05 €","0,02 €"
Howlsquad Heavy,,Rare,134,Aetherdrift,https://product-images.s3.cardmarket.com/1/DFT/807187/807187.jpg,1879,"0,40 €","0,79 €","0,85 €","0,77 €","0,77 €"
Hulldrifter,,Common,47,Aetherdrift,https://product-images.s3.cardmarket.com/1/DFT/809112/809112.jpg,13438,"0,02 €","0,08 €","0,07 €","0,06 €","0,02 €"
Interface Ace,,Common,17,Aetherdrift,https://product-images.s3.cardmarket.com/1/DFT/809161/809161.jpg,13301,"0,02 €","0,08 €","0,08 €","0,07 €","0,02 €"
Intimidation Tactics,,Uncommon,92,Aetherdrift,https://product-images.s3.cardmarket.com/1/DFT/807401/807401.jpg,4547,"0,02 €","0,23 €","0,27 €","0,27 €","0,05 €"
Island,V.1,Land,273,Aetherdrift,https://product-images.s3.cardmarket.com/1/DFT/807259/807259.jpg,6298,"0,09 €","0,26 €","0,20 €","0,28 €","0,34 €"
Island,V.2,Land,280,Aetherdrift,https://product-images.s3.cardmarket.com/1/DFT/806114/806114.jpg,3209,"0,02 €","0,09 €","0,17 €","0,22 €","0,07 €"
Island,V.3,Land,281,Aetherdrift,https://product-images.s3.cardmarket.com/1/DFT/806115/806115.jpg,4150,"0,02 €","0,09 €","0,17 €","0,20 €","0,10 €"
Island,V.4,Land,282,Aetherdrift,https://product-images.s3.cardmarket.com/1/DFT/806116/806116.jpg,4423,"0,02 €","0,08 €","0,13 €","0,13 €","0,25 €"
Jibbirik Omnivore,,Common,166,Aetherdrift,https://product-images.s3.cardmarket.com/1/DFT/809179/809179.jpg,13532,"0,02 €","0,04 €","0,07 €","0,04 €","0,02 €"
Jungle Hollow,,Common,256,Aetherdrift,https://product-images.s3.cardmarket.com/1/DFT/807222/807222.jpg,8895,"0,02 €","0,02 €","0,05 €","0,02 €","0,04 €"
"Kalakscion, Hunger Tyrant",,Uncommon,93,Aetherdrift,https://product-images.s3.cardmarket.com/1/DFT/809211/809211.jpg,6785,"0,02 €","0,14 €","0,14 €","0,10 €","0,30 €"
Keen Buccaneer,,Common,48,Aetherdrift,https://product-images.s3.cardmarket.com/1/DFT/807175/807175.jpg,13404,"0,02 €","0,08 €","0,06 €","0,07 €","0,02 €"
"Ketramose, the New Dawn",,Mythic,209,Aetherdrift,https://product-images.s3.cardmarket.com/1/DFT/808217/808217.jpg,1702,£7.00,"9,11 €","10,22 €","9,58 €","8,99 €"
Kickoff Celebrations,,Common,135,Aetherdrift,https://product-images.s3.cardmarket.com/1/DFT/809071/809071.jpg,13309,"0,02 €","0,23 €","0,12 €","0,14 €","0,03 €"
"Kolodin, Triumph Caster",,Rare,210,Aetherdrift,https://product-images.s3.cardmarket.com/1/DFT/807405/807405.jpg,4722,£0.02,"0,16 €","0,14 €","0,15 €","0,20 €"
"Lagorin, Soul of Alacria",,Uncommon,211,Aetherdrift,https://product-images.s3.cardmarket.com/1/DFT/807201/807201.jpg,7353,"0,02 €","0,11 €","0,09 €","0,12 €","0,14 €"
Leonin Surveyor,,Common,18,Aetherdrift,https://product-images.s3.cardmarket.com/1/DFT/809209/809209.jpg,13607,"0,02 €","0,05 €","0,04 €","0,04 €","0,02 €"
Lifecraft Engine,,Rare,234,Aetherdrift,https://product-images.s3.cardmarket.com/1/DFT/809177/809177.jpg,4419,£0.02,"0,19 €","0,22 €","0,17 €","0,12 €"
Lightning Strike,,Common,136,Aetherdrift,https://product-images.s3.cardmarket.com/1/DFT/809116/809116.jpg,12648,"0,02 €","0,13 €","0,10 €","0,19 €","0,02 €"
Lightshield Parry,,Common,19,Aetherdrift,https://product-images.s3.cardmarket.com/1/DFT/809173/809173.jpg,13857,"0,02 €","0,12 €","0,05 €","0,11 €","0,02 €"
Lightwheel Enhancements,,Common,20,Aetherdrift,https://product-images.s3.cardmarket.com/1/DFT/807173/807173.jpg,12839,"0,02 €","0,02 €","0,09 €","0,07 €","0,02 €"
Locust Spray,,Uncommon,95,Aetherdrift,https://product-images.s3.cardmarket.com/1/DFT/807181/807181.jpg,7390,"0,02 €","0,08 €","0,13 €","0,14 €","0,04 €"
"Loot, the Pathfinder",,Mythic,212,Aetherdrift,https://product-images.s3.cardmarket.com/1/DFT/807202/807202.jpg,2130,"0,48 €","0,74 €","0,77 €","0,68 €","0,75 €"
Lotusguard Disciple,,Common,21,Aetherdrift,https://product-images.s3.cardmarket.com/1/DFT/809111/809111.jpg,13581,"0,02 €","0,04 €","0,05 €","0,05 €","0,02 €"
Loxodon Surveyor,,Common,167,Aetherdrift,https://product-images.s3.cardmarket.com/1/DFT/809185/809185.jpg,13659,"0,02 €","0,02 €","0,03 €","0,04 €","0,02 €"
Lumbering Worldwagon,,Rare,168,Aetherdrift,https://product-images.s3.cardmarket.com/1/DFT/808419/808419.jpg,1746,"0,10 €","0,64 €","0,60 €","0,66 €","0,32 €"
Magmakin Artillerist,,Common,137,Aetherdrift,https://product-images.s3.cardmarket.com/1/DFT/809117/809117.jpg,10016,"0,02 €","0,18 €","0,12 €","0,15 €","0,28 €"
Marauding Mako,,Uncommon,138,Aetherdrift,https://product-images.s3.cardmarket.com/1/DFT/809184/809184.jpg,3823,"0,24 €","0,59 €","0,77 €","0,67 €","0,40 €"
March of the World Ooze,,Mythic,169,Aetherdrift,https://product-images.s3.cardmarket.com/1/DFT/808814/808814.jpg,1717,"0,90 €","1,40 €","1,49 €","1,53 €","1,36 €"
Marketback Walker,,Rare,235,Aetherdrift,https://product-images.s3.cardmarket.com/1/DFT/806111/806111.jpg,3096,£0.10,"0,61 €","0,60 €","0,61 €","0,41 €"
Marshals' Pathcruiser,,Uncommon,236,Aetherdrift,https://product-images.s3.cardmarket.com/1/DFT/807407/807407.jpg,7880,"0,02 €","0,10 €","0,05 €","0,09 €","0,02 €"
Maximum Overdrive,,Common,96,Aetherdrift,https://product-images.s3.cardmarket.com/1/DFT/809169/809169.jpg,13108,"0,02 €","0,12 €","0,10 €","0,16 €","0,49 €"
Memory Guardian,,Uncommon,49,Aetherdrift,https://product-images.s3.cardmarket.com/1/DFT/809155/809155.jpg,4111,"0,02 €","0,33 €","0,29 €","0,38 €","0,40 €"
"Mendicant Core, Guidelight",,Rare,213,Aetherdrift,https://product-images.s3.cardmarket.com/1/DFT/807203/807203.jpg,2169,"0,20 €","0,64 €","0,62 €","0,63 €","0,62 €"
Midnight Mangler,,Common,50,Aetherdrift,https://product-images.s3.cardmarket.com/1/DFT/809150/809150.jpg,13714,"0,02 €","0,02 €","0,03 €","0,02 €","0,02 €"
Migrating Ketradon,,Common,170,Aetherdrift,https://product-images.s3.cardmarket.com/1/DFT/807967/807967.jpg,12945,"0,02 €","0,12 €","0,09 €","0,15 €","0,02 €"
"Mimeoplasm, Revered One",,Mythic,214,Aetherdrift,https://product-images.s3.cardmarket.com/1/DFT/807204/807204.jpg,2514,"0,09 €","0,24 €","0,28 €","0,21 €","0,08 €"
Mindspring Merfolk,,Rare,51,Aetherdrift,https://product-images.s3.cardmarket.com/1/DFT/807176/807176.jpg,2551,£0.10,"0,38 €","0,38 €","0,33 €","0,20 €"
Molt Tender,,Uncommon,171,Aetherdrift,https://product-images.s3.cardmarket.com/1/DFT/809193/809193.jpg,4157,"0,02 €","0,28 €","0,27 €","0,28 €","0,15 €"
Momentum Breaker,,Uncommon,97,Aetherdrift,https://product-images.s3.cardmarket.com/1/DFT/809064/809064.jpg,3948,"0,05 €","0,37 €","0,47 €","0,42 €","0,28 €"
Monument to Endurance,,Rare,237,Aetherdrift,https://product-images.s3.cardmarket.com/1/DFT/807998/807998.jpg,524,"11,80 €","12,82 €","9,61 €","12,48 €","12,73 €"
Mountain,V.1,Land,275,Aetherdrift,https://product-images.s3.cardmarket.com/1/DFT/807261/807261.jpg,6609,"0,09 €","0,17 €","0,21 €","0,20 €","0,49 €"
Mountain,V.2,Land,286,Aetherdrift,https://product-images.s3.cardmarket.com/1/DFT/806120/806120.jpg,2730,"0,06 €","0,14 €","0,13 €","0,14 €","0,18 €"
Mountain,V.3,Land,287,Aetherdrift,https://product-images.s3.cardmarket.com/1/DFT/806121/806121.jpg,2731,"0,02 €","0,07 €","0,15 €","0,09 €","0,10 €"
Mountain,V.4,Land,288,Aetherdrift,https://product-images.s3.cardmarket.com/1/DFT/806122/806122.jpg,4507,"0,03 €","0,03 €","0,19 €","0,07 €","0,10 €"
"Mu Yanling, Wind Rider",,Mythic,52,Aetherdrift,https://product-images.s3.cardmarket.com/1/DFT/807899/807899.jpg,2106,"0,25 €","0,50 €","0,58 €","0,59 €","0,29 €"
Muraganda Raceway,,Rare,257,Aetherdrift,https://product-images.s3.cardmarket.com/1/DFT/807223/807223.jpg,2592,"0,20 €","0,56 €","0,65 €","0,60 €","0,70 €"
Mutant Surveyor,,Common,98,Aetherdrift,https://product-images.s3.cardmarket.com/1/DFT/807835/807835.jpg,13705,"0,02 €","0,06 €","0,03 €","0,04 €","0,02 €"
Nesting Bot,,Uncommon,22,Aetherdrift,https://product-images.s3.cardmarket.com/1/DFT/809148/809148.jpg,5220,"0,02 €","0,17 €","0,18 €","0,23 €","0,10 €"
Night Market,,Common,258,Aetherdrift,https://product-images.s3.cardmarket.com/1/DFT/807224/807224.jpg,12165,"0,02 €","0,09 €","0,08 €","0,08 €","0,14 €"
Nimble Thopterist,,Common,53,Aetherdrift,https://product-images.s3.cardmarket.com/1/DFT/808222/808222.jpg,13716,"0,02 €","0,08 €","0,04 €","0,05 €","0,02 €"
Oildeep Gearhulk,,Mythic,215,Aetherdrift,https://product-images.s3.cardmarket.com/1/DFT/808818/808818.jpg,1483,"0,20 €","1,47 €","1,43 €","1,30 €","2,99 €"
Ooze Patrol,,Uncommon,172,Aetherdrift,https://product-images.s3.cardmarket.com/1/DFT/807968/807968.jpg,7612,"0,02 €","0,05 €","0,07 €","0,06 €","0,02 €"
Outpace Oblivion,,Uncommon,139,Aetherdrift,https://product-images.s3.cardmarket.com/1/DFT/807380/807380.jpg,7459,"0,02 €","0,06 €","0,08 €","0,10 €","0,02 €"
"Oviya, Automech Artisan",,Rare,173,Aetherdrift,https://product-images.s3.cardmarket.com/1/DFT/809213/809213.jpg,3194,"0,20 €","0,40 €","0,43 €","0,44 €","0,34 €"
Pacesetter Paragon,,Uncommon,140,Aetherdrift,https://product-images.s3.cardmarket.com/1/DFT/809118/809118.jpg,8000,"0,02 €","0,04 €","0,03 €","0,04 €","0,02 €"
Pactdoll Terror,,Common,99,Aetherdrift,https://product-images.s3.cardmarket.com/1/DFT/809200/809200.jpg,5768,"0,02 €","0,21 €","0,20 €","0,14 €","0,13 €"
Pedal to the Metal,,Common,141,Aetherdrift,https://product-images.s3.cardmarket.com/1/DFT/808210/808210.jpg,13457,"0,02 €","0,06 €","0,07 €","0,02 €","0,05 €"
Perilous Snare,,Rare,23,Aetherdrift,https://product-images.s3.cardmarket.com/1/DFT/808220/808220.jpg,3430,"0,09 €","0,25 €","0,32 €","0,28 €","0,21 €"
Pit Automaton,,Uncommon,238,Aetherdrift,https://product-images.s3.cardmarket.com/1/DFT/809077/809077.jpg,7090,"0,02 €","0,18 €","0,13 €","0,12 €","0,15 €"
Plains,V.1,Land,272,Aetherdrift,https://product-images.s3.cardmarket.com/1/DFT/807246/807246.jpg,7784,£0.03,"0,24 €","0,19 €","0,27 €","0,63 €"
Plains,V.2,Land,277,Aetherdrift,https://product-images.s3.cardmarket.com/1/DFT/807263/807263.jpg,3073,"0,02 €","0,10 €","0,16 €","0,13 €","0,24 €"
Plains,V.3,Land,278,Aetherdrift,https://product-images.s3.cardmarket.com/1/DFT/806112/806112.jpg,4663,"0,02 €","0,08 €","0,14 €","0,08 €","0,06 €"
Plains,V.4,Land,279,Aetherdrift,https://product-images.s3.cardmarket.com/1/DFT/806113/806113.jpg,2945,"0,05 €","0,05 €","0,16 €","0,09 €","0,08 €"
Plow Through,,Uncommon,174,Aetherdrift,https://product-images.s3.cardmarket.com/1/DFT/809072/809072.jpg,7639,"0,02 €","0,08 €","0,07 €","0,07 €","0,04 €"
Point the Way,,Uncommon,175,Aetherdrift,https://product-images.s3.cardmarket.com/1/DFT/809195/809195.jpg,7176,"0,02 €","0,06 €","0,10 €","0,06 €","0,05 €"
Possession Engine,,Rare,54,Aetherdrift,https://product-images.s3.cardmarket.com/1/DFT/809162/809162.jpg,5018,"0,05 €","0,13 €","0,15 €","0,14 €","0,05 €"
Pothole Mole,,Common,176,Aetherdrift,https://product-images.s3.cardmarket.com/1/DFT/809073/809073.jpg,13383,"0,02 €","0,09 €","0,06 €","0,06 €","0,02 €"
Pride of the Road,,Uncommon,24,Aetherdrift,https://product-images.s3.cardmarket.com/1/DFT/808221/808221.jpg,7614,"0,02 €","0,07 €","0,06 €","0,04 €","0,15 €"
Prowcatcher Specialist,,Common,142,Aetherdrift,https://product-images.s3.cardmarket.com/1/DFT/807961/807961.jpg,13521,"0,02 €","0,06 €","0,05 €","0,06 €","0,02 €"
Push the Limit,,Uncommon,143,Aetherdrift,https://product-images.s3.cardmarket.com/1/DFT/807188/807188.jpg,7188,"0,02 €","0,07 €","0,08 €","0,12 €","0,05 €"
Pyrewood Gearhulk,,Mythic,216,Aetherdrift,https://product-images.s3.cardmarket.com/1/DFT/807205/807205.jpg,1599,"0,44 €","0,69 €","0,73 €","0,72 €","0,65 €"
Quag Feast,,Rare,100,Aetherdrift,https://product-images.s3.cardmarket.com/1/DFT/808808/808808.jpg,4329,"0,02 €","0,33 €","0,22 €","0,24 €","0,30 €"
Racers' Scoreboard,,Uncommon,239,Aetherdrift,https://product-images.s3.cardmarket.com/1/DFT/808820/808820.jpg,7067,"0,02 €","0,13 €","0,09 €","0,09 €","0,07 €"
Radiant Lotus,,Mythic,240,Aetherdrift,https://product-images.s3.cardmarket.com/1/DFT/808434/808434.jpg,2520,"0,95 €","1,30 €","1,53 €","1,44 €","1,80 €"
Rangers' Aetherhive,,Uncommon,217,Aetherdrift,https://product-images.s3.cardmarket.com/1/DFT/807206/807206.jpg,7937,"0,02 €","0,05 €","0,04 €","0,04 €","0,12 €"
Rangers' Refueler,,Uncommon,55,Aetherdrift,https://product-images.s3.cardmarket.com/1/DFT/807901/807901.jpg,7684,"0,02 €","0,03 €","0,04 €","0,04 €","0,02 €"
Reckless Velocitaur,,Uncommon,144,Aetherdrift,https://product-images.s3.cardmarket.com/1/DFT/809119/809119.jpg,7730,"0,02 €","0,08 €","0,06 €","0,06 €","0,02 €"
"Redshift, Rocketeer Chief",,Rare,218,Aetherdrift,https://product-images.s3.cardmarket.com/1/DFT/807207/807207.jpg,4441,"0,07 €","0,18 €","0,17 €","0,15 €","0,14 €"
Reef Roads,,Uncommon,259,Aetherdrift,https://product-images.s3.cardmarket.com/1/DFT/807226/807226.jpg,7326,"0,02 €","0,06 €","0,11 €","0,06 €","0,05 €"
Regal Imperiosaur,,Rare,177,Aetherdrift,https://product-images.s3.cardmarket.com/1/DFT/809170/809170.jpg,3484,£0.10,"0,33 €","0,41 €","0,36 €","0,31 €"
Repurposing Bay,,Rare,56,Aetherdrift,https://product-images.s3.cardmarket.com/1/DFT/808203/808203.jpg,2816,"0,28 €","0,77 €","0,79 €","0,87 €","0,88 €"
Ride's End,,Common,25,Aetherdrift,https://product-images.s3.cardmarket.com/1/DFT/808404/808404.jpg,11419,"0,02 €","0,03 €","0,14 €","0,06 €","0,02 €"
Ripclaw Wrangler,,Common,101,Aetherdrift,https://product-images.s3.cardmarket.com/1/DFT/807182/807182.jpg,13656,"0,02 €","0,13 €","0,06 €","0,06 €","0,02 €"
Riptide Gearhulk,,Mythic,219,Aetherdrift,https://product-images.s3.cardmarket.com/1/DFT/807208/807208.jpg,1345,"3,15 €","3,88 €","3,97 €","3,89 €","3,88 €"
Rise from the Wreck,,Uncommon,178,Aetherdrift,https://product-images.s3.cardmarket.com/1/DFT/808815/808815.jpg,7602,"0,02 €","0,06 €","0,05 €","0,06 €","0,05 €"
Risen Necroregent,,Uncommon,102,Aetherdrift,https://product-images.s3.cardmarket.com/1/DFT/808809/808809.jpg,7575,"0,02 €","0,12 €","0,07 €","0,10 €","0,07 €"
Risky Shortcut,,Common,103,Aetherdrift,https://product-images.s3.cardmarket.com/1/DFT/808413/808413.jpg,11038,"0,02 €","0,17 €","0,14 €","0,12 €","0,12 €"
Riverchurn Monument,,Rare,57,Aetherdrift,https://product-images.s3.cardmarket.com/1/DFT/807177/807177.jpg,1969,"0,15 €","0,58 €","0,68 €","0,57 €","0,44 €"
Riverpyre Verge,,Rare,260,Aetherdrift,https://product-images.s3.cardmarket.com/1/DFT/807227/807227.jpg,216,"15,99 €","16,90 €","15,01 €","16,61 €","16,68 €"
Road Rage,,Uncommon,145,Aetherdrift,https://product-images.s3.cardmarket.com/1/DFT/808416/808416.jpg,7449,"0,02 €","0,10 €","0,12 €","0,12 €","0,05 €"
Roadside Assistance,,Uncommon,26,Aetherdrift,https://product-images.s3.cardmarket.com/1/DFT/808802/808802.jpg,7625,"0,02 €","0,05 €","0,06 €","0,04 €","0,05 €"
Roadside Blowout,,Uncommon,58,Aetherdrift,https://product-images.s3.cardmarket.com/1/DFT/808406/808406.jpg,7703,"0,02 €","0,07 €","0,04 €","0,06 €","0,02 €"
Rocketeer Boostbuggy,,Uncommon,220,Aetherdrift,https://product-images.s3.cardmarket.com/1/DFT/808421/808421.jpg,7560,"0,02 €","0,05 €","0,07 €","0,05 €","0,10 €"
Rocky Roads,,Uncommon,261,Aetherdrift,https://product-images.s3.cardmarket.com/1/DFT/807228/807228.jpg,7216,"0,02 €","0,10 €","0,12 €","0,13 €","0,06 €"
Rover Blades,,Uncommon,241,Aetherdrift,https://product-images.s3.cardmarket.com/1/DFT/808821/808821.jpg,7520,"0,02 €","0,09 €","0,07 €","0,07 €","0,03 €"
Rugged Highlands,,Common,262,Aetherdrift,https://product-images.s3.cardmarket.com/1/DFT/807229/807229.jpg,9170,"0,02 €","0,04 €","0,08 €","0,04 €","0,02 €"
Run Over,,Common,179,Aetherdrift,https://product-images.s3.cardmarket.com/1/DFT/808816/808816.jpg,13357,"0,02 €","0,08 €","0,10 €","0,05 €","0,02 €"
"Sab-Sunen, Luxa Embodied",,Mythic,221,Aetherdrift,https://product-images.s3.cardmarket.com/1/DFT/807209/807209.jpg,1291,"1,40 €","1,98 €","1,98 €","2,03 €","1,90 €"
Sabotage Strategist,,Uncommon,59,Aetherdrift,https://product-images.s3.cardmarket.com/1/DFT/808223/808223.jpg,7835,"0,02 €","0,08 €","0,05 €","0,05 €","0,02 €"
Salvation Engine,,Mythic,27,Aetherdrift,https://product-images.s3.cardmarket.com/1/DFT/808201/808201.jpg,1229,"0,99 €","1,90 €","1,75 €","1,76 €","1,83 €"
"Samut, the Driving Force",,Rare,222,Aetherdrift,https://product-images.s3.cardmarket.com/1/DFT/807381/807381.jpg,5117,"0,02 €","0,18 €","0,13 €","0,16 €","0,28 €"
Scoured Barrens,,Common,263,Aetherdrift,https://product-images.s3.cardmarket.com/1/DFT/807230/807230.jpg,8671,"0,02 €","0,07 €","0,07 €","0,11 €","0,10 €"
Scrap Compactor,,Common,242,Aetherdrift,https://product-images.s3.cardmarket.com/1/DFT/809078/809078.jpg,13691,"0,02 €","0,09 €","0,06 €","0,06 €","0,02 €"
Scrounging Skyray,,Uncommon,60,Aetherdrift,https://product-images.s3.cardmarket.com/1/DFT/809196/809196.jpg,6276,"0,02 €","0,24 €","0,20 €","0,27 €","0,42 €"
Shefet Archfiend,,Uncommon,104,Aetherdrift,https://product-images.s3.cardmarket.com/1/DFT/809152/809152.jpg,7126,"0,02 €","0,17 €","0,12 €","0,13 €","0,20 €"
Silken Strength,,Common,180,Aetherdrift,https://product-images.s3.cardmarket.com/1/DFT/809154/809154.jpg,13486,"0,02 €","0,07 €","0,06 €","0,05 €","0,02 €"
"Sita Varma, Masked Racer",,Rare,223,Aetherdrift,https://product-images.s3.cardmarket.com/1/DFT/807406/807406.jpg,5244,"0,02 €","0,15 €","0,11 €","0,09 €","0,06 €"
Skybox Ferry,,Common,243,Aetherdrift,https://product-images.s3.cardmarket.com/1/DFT/808436/808436.jpg,13683,"0,02 €","0,08 €","0,04 €","0,07 €","0,02 €"
Skycrash,,Uncommon,146,Aetherdrift,https://product-images.s3.cardmarket.com/1/DFT/809165/809165.jpg,7044,"0,02 €","0,15 €","0,11 €","0,14 €","0,15 €"
Skyseer's Chariot,,Rare,28,Aetherdrift,https://product-images.s3.cardmarket.com/1/DFT/809061/809061.jpg,5060,"0,02 €","0,10 €","0,12 €","0,10 €","0,10 €"
Skyserpent Seeker,,Uncommon,224,Aetherdrift,https://product-images.s3.cardmarket.com/1/DFT/807210/807210.jpg,5729,£0.02,"0,21 €","0,20 €","0,22 €","0,21 €"
Skystreak Engineer,,Common,61,Aetherdrift,https://product-images.s3.cardmarket.com/1/DFT/809163/809163.jpg,13610,"0,02 €","0,07 €","0,03 €","0,07 €","0,25 €"
Slick Imitator,,Uncommon,62,Aetherdrift,https://product-images.s3.cardmarket.com/1/DFT/809160/809160.jpg,7588,"0,02 €","0,10 €","0,08 €","0,10 €","0,08 €"
Spectacular Pileup,,Rare,29,Aetherdrift,https://product-images.s3.cardmarket.com/1/DFT/809062/809062.jpg,4419,£0.08,"0,18 €","0,19 €","0,18 €","0,13 €"
Spectral Interference,,Common,63,Aetherdrift,https://product-images.s3.cardmarket.com/1/DFT/808407/808407.jpg,13220,"0,02 €","0,10 €","0,08 €","0,07 €","0,03 €"
Spell Pierce,,Uncommon,64,Aetherdrift,https://product-images.s3.cardmarket.com/1/DFT/809192/809192.jpg,4955,"0,05 €","0,19 €","0,21 €","0,23 €","0,18 €"
Spikeshell Harrier,,Uncommon,65,Aetherdrift,https://product-images.s3.cardmarket.com/1/DFT/809113/809113.jpg,7682,"0,02 €","0,06 €","0,04 €","0,04 €","0,03 €"
Spin Out,,Common,106,Aetherdrift,https://product-images.s3.cardmarket.com/1/DFT/808414/808414.jpg,13505,"0,02 €","0,12 €","0,07 €","0,04 €","0,10 €"
Spire Mechcycle,,Uncommon,147,Aetherdrift,https://product-images.s3.cardmarket.com/1/DFT/809146/809146.jpg,7706,"0,02 €","0,10 €","0,05 €","0,07 €","0,10 €"
Spotcycle Scouter,,Common,30,Aetherdrift,https://product-images.s3.cardmarket.com/1/DFT/809210/809210.jpg,13548,"0,02 €","0,05 €","0,04 €","0,06 €","0,02 €"
Stall Out,,Common,66,Aetherdrift,https://product-images.s3.cardmarket.com/1/DFT/808408/808408.jpg,13227,"0,02 €","0,04 €","0,06 €","0,05 €","0,02 €"
Stampeding Scurryfoot,,Common,181,Aetherdrift,https://product-images.s3.cardmarket.com/1/DFT/809188/809188.jpg,13287,"0,02 €","0,10 €","0,06 €","0,09 €","0,04 €"
Starting Column,,Common,244,Aetherdrift,https://product-images.s3.cardmarket.com/1/DFT/809172/809172.jpg,10600,"0,02 €","0,05 €","0,09 €","0,07 €","0,04 €"
Stock Up,,Uncommon,67,Aetherdrift,https://product-images.s3.cardmarket.com/1/DFT/809197/809197.jpg,1312,"7,04 €","8,06 €","7,90 €","7,98 €","8,76 €"
Streaking Oilgorger,,Common,107,Aetherdrift,https://product-images.s3.cardmarket.com/1/DFT/809194/809194.jpg,13652,"0,02 €","0,03 €","0,04 €","0,04 €","0,02 €"
Sunbillow Verge,,Rare,264,Aetherdrift,https://product-images.s3.cardmarket.com/1/DFT/807231/807231.jpg,782,"6,00 €","7,11 €","6,90 €","6,94 €","7,68 €"
"Sundial, Dawn Tyrant",,Uncommon,31,Aetherdrift,https://product-images.s3.cardmarket.com/1/DFT/807868/807868.jpg,7514,"0,02 €","0,08 €","0,10 €","0,08 €","0,06 €"
Swamp,V.1,Land,274,Aetherdrift,https://product-images.s3.cardmarket.com/1/DFT/807260/807260.jpg,7087,"0,04 €","0,13 €","0,19 €","0,15 €","0,15 €"
Swamp,V.2,Land,283,Aetherdrift,https://product-images.s3.cardmarket.com/1/DFT/806117/806117.jpg,2666,"0,07 €","0,10 €","0,17 €","0,10 €","0,13 €"
Swamp,V.3,Land,284,Aetherdrift,https://product-images.s3.cardmarket.com/1/DFT/806118/806118.jpg,3974,"0,04 €","0,10 €","0,17 €","0,15 €","0,05 €"
Swamp,V.4,Land,285,Aetherdrift,https://product-images.s3.cardmarket.com/1/DFT/806119/806119.jpg,2587,"0,09 €","0,14 €","0,16 €","0,15 €","0,10 €"
Swiftwater Cliffs,,Common,265,Aetherdrift,https://product-images.s3.cardmarket.com/1/DFT/807233/807233.jpg,8829,"0,02 €","0,04 €","0,05 €","0,05 €","0,02 €"
Swiftwing Assailant,,Common,32,Aetherdrift,https://product-images.s3.cardmarket.com/1/DFT/809145/809145.jpg,13678,"0,02 €","0,02 €","0,04 €","0,03 €","0,02 €"
Syphon Fuel,,Common,108,Aetherdrift,https://product-images.s3.cardmarket.com/1/DFT/807183/807183.jpg,13615,"0,02 €","0,04 €","0,04 €","0,07 €","0,05 €"
"Terrian, World Tyrant",,Uncommon,182,Aetherdrift,https://product-images.s3.cardmarket.com/1/DFT/809074/809074.jpg,6702,"0,02 €","0,22 €","0,17 €","0,19 €","0,28 €"
The Aetherspark,,Mythic,231,Aetherdrift,https://product-images.s3.cardmarket.com/1/DFT/808431/808431.jpg,1262,"11,95 €","14,31 €","13,78 €","14,18 €","14,40 €"
The Last Ride,,Mythic,94,Aetherdrift,https://product-images.s3.cardmarket.com/1/DFT/808807/808807.jpg,2103,"0,25 €","0,44 €","0,44 €","0,37 €","0,17 €"
The Speed Demon,,Mythic,105,Aetherdrift,https://product-images.s3.cardmarket.com/1/DFT/809065/809065.jpg,1413,"0,95 €","1,75 €","1,64 €","1,75 €","2,11 €"
Thopter Fabricator,,Rare,68,Aetherdrift,https://product-images.s3.cardmarket.com/1/DFT/808204/808204.jpg,3335,"0,06 €","0,27 €","0,26 €","0,27 €","0,27 €"
Thornwood Falls,,Common,266,Aetherdrift,https://product-images.s3.cardmarket.com/1/DFT/807235/807235.jpg,9041,"0,02 €","0,02 €","0,06 €","0,02 €","0,02 €"
Thunderhead Gunner,,Common,148,Aetherdrift,https://product-images.s3.cardmarket.com/1/DFT/808417/808417.jpg,13209,"0,02 €","0,13 €","0,09 €","0,13 €","0,02 €"
Thundering Broodwagon,,Uncommon,225,Aetherdrift,https://product-images.s3.cardmarket.com/1/DFT/808819/808819.jpg,7391,"0,02 €","0,05 €","0,08 €","0,06 €","0,05 €"
Thunderous Velocipede,,Mythic,183,Aetherdrift,https://product-images.s3.cardmarket.com/1/DFT/808817/808817.jpg,1461,"0,49 €","1,07 €","1,00 €","1,01 €","1,00 €"
Ticket Tortoise,,Common,245,Aetherdrift,https://product-images.s3.cardmarket.com/1/DFT/809176/809176.jpg,13412,"0,02 €","0,08 €","0,10 €","0,11 €","0,04 €"
Trade the Helm,,Uncommon,69,Aetherdrift,https://product-images.s3.cardmarket.com/1/DFT/807834/807834.jpg,7391,"0,02 €","0,07 €","0,09 €","0,06 €","0,03 €"
Tranquil Cove,,Common,267,Aetherdrift,https://product-images.s3.cardmarket.com/1/DFT/807236/807236.jpg,8897,"0,02 €","0,07 €","0,06 €","0,06 €","0,04 €"
Transit Mage,,Uncommon,70,Aetherdrift,https://product-images.s3.cardmarket.com/1/DFT/808409/808409.jpg,6102,£0.02,"0,17 €","0,19 €","0,19 €","0,18 €"
Trip Up,,Common,71,Aetherdrift,https://product-images.s3.cardmarket.com/1/DFT/808410/808410.jpg,13624,"0,02 €","0,05 €","0,04 €","0,06 €","0,02 €"
Tune Up,,Uncommon,33,Aetherdrift,https://product-images.s3.cardmarket.com/1/DFT/809190/809190.jpg,7325,"0,02 €","0,11 €","0,12 €","0,07 €","0,09 €"
"Tyrox, Saurid Tyrant",,Uncommon,149,Aetherdrift,https://product-images.s3.cardmarket.com/1/DFT/809157/809157.jpg,7144,"0,02 €","0,14 €","0,08 €","0,16 €","0,02 €"
Unstoppable Plan,,Rare,72,Aetherdrift,https://product-images.s3.cardmarket.com/1/DFT/809178/809178.jpg,2302,"0,95 €","1,63 €","1,65 €","1,62 €","1,81 €"
Unswerving Sloth,,Uncommon,34,Aetherdrift,https://product-images.s3.cardmarket.com/1/DFT/808202/808202.jpg,7522,"0,02 €","0,08 €","0,07 €","0,09 €","0,08 €"
Valor's Flagship,,Mythic,35,Aetherdrift,https://product-images.s3.cardmarket.com/1/DFT/807889/807889.jpg,1860,£0.28,"0,81 €","0,72 €","0,77 €","0,40 €"
Veloheart Bike,,Common,184,Aetherdrift,https://product-images.s3.cardmarket.com/1/DFT/807191/807191.jpg,13660,"0,02 €","0,04 €","0,04 €","0,03 €","0,02 €"
Venomsac Lagac,,Common,185,Aetherdrift,https://product-images.s3.cardmarket.com/1/DFT/808214/808214.jpg,13408,"0,02 €","0,07 €","0,05 €","0,05 €","0,02 €"
Veteran Beastrider,,Uncommon,226,Aetherdrift,https://product-images.s3.cardmarket.com/1/DFT/808423/808423.jpg,6903,"0,02 €","0,17 €","0,14 €","0,15 €","0,05 €"
"Vnwxt, Verbose Host",,Rare,73,Aetherdrift,https://product-images.s3.cardmarket.com/1/DFT/808805/808805.jpg,3754,"0,10 €","0,30 €","0,30 €","0,28 €","0,18 €"
Voyage Home,,Uncommon,227,Aetherdrift,https://product-images.s3.cardmarket.com/1/DFT/808426/808426.jpg,4647,"0,05 €","0,30 €","0,30 €","0,31 €","0,30 €"
Voyager Glidecar,,Rare,36,Aetherdrift,https://product-images.s3.cardmarket.com/1/DFT/807400/807400.jpg,4614,"0,04 €","0,16 €","0,13 €","0,18 €","0,10 €"
Voyager Quickwelder,,Common,37,Aetherdrift,https://product-images.s3.cardmarket.com/1/DFT/809494/809494.jpg,11321,"0,02 €","0,14 €","0,14 €","0,15 €","0,11 €"
Walking Sarcophagus,,Common,246,Aetherdrift,https://product-images.s3.cardmarket.com/1/DFT/807214/807214.jpg,13521,"0,02 €","0,08 €","0,08 €","0,10 €","0,02 €"
Wastewood Verge,,Rare,268,Aetherdrift,https://product-images.s3.cardmarket.com/1/DFT/807237/807237.jpg,1139,"5,99 €","7,59 €","7,24 €","7,33 €","6,81 €"
Waxen Shapethief,,Rare,74,Aetherdrift,https://product-images.s3.cardmarket.com/1/DFT/807178/807178.jpg,3232,"0,10 €","0,29 €","0,30 €","0,35 €","0,58 €"
Webstrike Elite,,Rare,186,Aetherdrift,https://product-images.s3.cardmarket.com/1/DFT/807192/807192.jpg,4120,£0.02,"0,24 €","0,30 €","0,22 €","0,17 €"
Wickerfolk Indomitable,,Uncommon,109,Aetherdrift,https://product-images.s3.cardmarket.com/1/DFT/809159/809159.jpg,7541,"0,02 €","0,06 €","0,07 €","0,07 €","0,05 €"
Wild Roads,,Uncommon,269,Aetherdrift,https://product-images.s3.cardmarket.com/1/DFT/807239/807239.jpg,7422,"0,02 €","0,04 €","0,08 €","0,05 €","0,10 €"
Willowrush Verge,,Rare,270,Aetherdrift,https://product-images.s3.cardmarket.com/1/DFT/807241/807241.jpg,1135,"3,99 €","5,41 €","5,50 €","5,61 €","5,16 €"
Wind-Scarred Crag,,Common,271,Aetherdrift,https://product-images.s3.cardmarket.com/1/DFT/807243/807243.jpg,8846,"0,02 €","0,05 €","0,04 €","0,05 €","0,02 €"
"Winter, Cursed Rider",,Rare,228,Aetherdrift,https://product-images.s3.cardmarket.com/1/DFT/808428/808428.jpg,4845,£0.02,"0,17 €","0,13 €","0,14 €","0,15 €"
Wreck Remover,,Common,247,Aetherdrift,https://product-images.s3.cardmarket.com/1/DFT/809149/809149.jpg,13425,"0,02 €","0,06 €","0,05 €","0,04 €","0,02 €"
Wreckage Wickerfolk,,Common,110,Aetherdrift,https://product-images.s3.cardmarket.com/1/DFT/807956/807956.jpg,12671,"0,02 €","0,07 €","0,07 €","0,10 €","0,02 €"
Wretched Doll,,Uncommon,111,Aetherdrift,https://product-images.s3.cardmarket.com/1/DFT/809186/809186.jpg,7654,"0,02 €","0,05 €","0,05 €","0,03 €","0,08 €"
"Zahur, Glory's Past",,Rare,229,Aetherdrift,https://product-images.s3.cardmarket.com/1/DFT/807211/807211.jpg,4082,"0,09 €","0,27 €","0,21 €","0,26 €","0,39 €"
Agate Assault,,Common,122,Bloomburrow,https://product-images.s3.cardmarket.com/1/BLB/778130/778130.jpg,14411,"0,02 €","0,09 €","0,09 €","0,08 €","0,12 €"
Agate-Blade Assassin,,Common,82,Bloomburrow,https://product-images.s3.cardmarket.com/1/BLB/778350/778350.jpg,14232,"0,02 €","0,11 €","0,10 €","0,09 €","0,06 €"
"Alania, Divergent Storm",,Rare,204,Bloomburrow,https://product-images.s3.cardmarket.com/1/BLB/777654/777654.jpg,5087,"0,02 €","0,23 €","0,20 €","0,19 €","0,25 €"
Alania's Pathmaker,,Common,123,Bloomburrow,https://product-images.s3.cardmarket.com/1/BLB/778435/778435.jpg,17662,"0,02 €","0,05 €","0,07 €","0,03 €","0,02 €"
Artist's Talent,,Rare,124,Bloomburrow,https://product-images.s3.cardmarket.com/1/BLB/778487/778487.jpg,765,"13,98 €","12,75 €","14,30 €","13,81 €","13,77 €"
Azure Beastbinder,,Rare,41,Bloomburrow,https://product-images.s3.cardmarket.com/1/BLB/778329/778329.jpg,478,"3,40 €","3,54 €","4,01 €","3,85 €","4,25 €"
Bakersbane Duo,,Common,163,Bloomburrow,https://product-images.s3.cardmarket.com/1/BLB/778936/778936.jpg,13694,£0.02,"0,05 €","0,06 €","0,04 €","0,05 €"
Bandit's Talent,,Uncommon,83,Bloomburrow,https://product-images.s3.cardmarket.com/1/BLB/778511/778511.jpg,7506,"0,02 €","0,23 €","0,21 €","0,16 €","0,13 €"
Banishing Light,,Common,1,Bloomburrow,https://product-images.s3.cardmarket.com/1/BLB/777726/777726.jpg,14303,"0,02 €","0,08 €","0,06 €","0,06 €","0,02 €"
Bark-Knuckle Boxer,,Uncommon,164,Bloomburrow,https://product-images.s3.cardmarket.com/1/BLB/778488/778488.jpg,5699,"0,02 €","0,09 €","0,10 €","0,12 €","0,11 €"
Barkform Harvester,,Common,243,Bloomburrow,https://product-images.s3.cardmarket.com/1/BLB/777794/777794.jpg,13569,"0,02 €","0,10 €","0,11 €","0,11 €","0,04 €"
"Baylen, the Haymaker",,Rare,205,Bloomburrow,https://product-images.s3.cardmarket.com/1/BLB/777656/777656.jpg,1723,"0,20 €","0,70 €","0,66 €","0,63 €","0,63 €"
Bellowing Crier,,Common,42,Bloomburrow,https://product-images.s3.cardmarket.com/1/BLB/778925/778925.jpg,17109,"0,02 €","0,04 €","0,08 €","0,06 €","0,02 €"
"Beza, the Bounding Spring",,Mythic,2,Bloomburrow,https://product-images.s3.cardmarket.com/1/BLB/778509/778509.jpg,861,"9,41 €","10,47 €","10,54 €","10,34 €","10,06 €"
Blacksmith's Talent,,Uncommon,125,Bloomburrow,https://product-images.s3.cardmarket.com/1/BLB/777607/777607.jpg,9836,"0,02 €","0,13 €","0,13 €","0,14 €","0,12 €"
Blooming Blast,,Uncommon,126,Bloomburrow,https://product-images.s3.cardmarket.com/1/BLB/778490/778490.jpg,5469,"0,02 €","0,10 €","0,14 €","0,12 €","0,10 €"
Bonebind Orator,,Common,84,Bloomburrow,https://product-images.s3.cardmarket.com/1/BLB/778343/778343.jpg,14458,"0,02 €","0,05 €","0,06 €","0,04 €","0,08 €"
Bonecache Overseer,,Uncommon,85,Bloomburrow,https://product-images.s3.cardmarket.com/1/BLB/778929/778929.jpg,4663,£0.04,"0,21 €","0,18 €","0,21 €","0,10 €"
Brambleguard Captain,,Uncommon,127,Bloomburrow,https://product-images.s3.cardmarket.com/1/BLB/778526/778526.jpg,5436,"0,02 €","0,20 €","0,17 €","0,18 €","0,04 €"
Brambleguard Veteran,,Uncommon,165,Bloomburrow,https://product-images.s3.cardmarket.com/1/BLB/778111/778111.jpg,5531,"0,02 €","0,12 €","0,10 €","0,11 €","0,20 €"
Brave-Kin Duo,,Common,3,Bloomburrow,https://product-images.s3.cardmarket.com/1/BLB/777543/777543.jpg,14324,"0,02 €","0,05 €","0,07 €","0,05 €","0,02 €"
Brazen Collector,,Uncommon,128,Bloomburrow,https://product-images.s3.cardmarket.com/1/BLB/777776/777776.jpg,5200,"0,02 €","0,13 €","0,14 €","0,15 €","0,11 €"
Brightblade Stoat,,Uncommon,4,Bloomburrow,https://product-images.s3.cardmarket.com/1/BLB/777544/777544.jpg,4790,"0,02 €","0,21 €","0,16 €","0,13 €","0,08 €"
Builder's Talent,,Uncommon,5,Bloomburrow,https://product-images.s3.cardmarket.com/1/BLB/777771/777771.jpg,10883,"0,02 €","0,06 €","0,09 €","0,07 €","0,13 €"
Bumbleflower's Sharepot,,Common,244,Bloomburrow,https://product-images.s3.cardmarket.com/1/BLB/777764/777764.jpg,10195,"0,02 €","0,06 €","0,11 €","0,08 €","0,11 €"
Burrowguard Mentor,,Uncommon,206,Bloomburrow,https://product-images.s3.cardmarket.com/1/BLB/778356/778356.jpg,12036,"0,02 €","0,11 €","0,09 €","0,10 €","0,15 €"
Bushy Bodyguard,,Uncommon,166,Bloomburrow,https://product-images.s3.cardmarket.com/1/BLB/779412/779412.jpg,5340,"0,02 €","0,14 €","0,13 €","0,14 €","0,12 €"
Byway Barterer,,Rare,129,Bloomburrow,https://product-images.s3.cardmarket.com/1/BLB/777772/777772.jpg,4988,£0.02,"0,16 €","0,16 €","0,17 €","0,11 €"
Cache Grab,,Common,167,Bloomburrow,https://product-images.s3.cardmarket.com/1/BLB/778342/778342.jpg,11688,£0.02,"0,16 €","0,16 €","0,16 €","0,26 €"
Calamitous Tide,,Uncommon,43,Bloomburrow,https://product-images.s3.cardmarket.com/1/BLB/778506/778506.jpg,5909,"0,02 €","0,10 €","0,11 €","0,10 €","0,20 €"
"Camellia, the Seedmiser",,Rare,207,Bloomburrow,https://product-images.s3.cardmarket.com/1/BLB/778101/778101.jpg,1647,"0,34 €","0,89 €","0,87 €","0,92 €","0,77 €"
Caretaker's Talent,,Rare,6,Bloomburrow,https://product-images.s3.cardmarket.com/1/BLB/778523/778523.jpg,1621,"7,00 €","7,99 €","8,39 €","8,09 €","8,26 €"
Carrot Cake,,Common,7,Bloomburrow,https://product-images.s3.cardmarket.com/1/BLB/778525/778525.jpg,14845,"0,02 €","0,10 €","0,10 €","0,08 €","0,07 €"
Cindering Cutthroat,,Common,208,Bloomburrow,https://product-images.s3.cardmarket.com/1/BLB/777659/777659.jpg,14885,"0,02 €","0,08 €","0,08 €","0,09 €","0,11 €"
"Clement, the Worrywort",,Rare,209,Bloomburrow,https://product-images.s3.cardmarket.com/1/BLB/777682/777682.jpg,2811,"0,05 €","0,24 €","0,25 €","0,25 €","0,25 €"
Clifftop Lookout,,Uncommon,168,Bloomburrow,https://product-images.s3.cardmarket.com/1/BLB/777613/777613.jpg,10265,"0,02 €","0,16 €","0,16 €","0,19 €","0,21 €"
Coiling Rebirth,,Rare,86,Bloomburrow,https://product-images.s3.cardmarket.com/1/BLB/777762/777762.jpg,2609,"0,15 €","0,28 €","0,28 €","0,26 €","0,33 €"
Conduct Electricity,,Common,130,Bloomburrow,https://product-images.s3.cardmarket.com/1/BLB/778102/778102.jpg,15218,"0,02 €","0,03 €","0,06 €","0,04 €","0,02 €"
Consumed by Greed,,Uncommon,87,Bloomburrow,https://product-images.s3.cardmarket.com/1/BLB/778519/778519.jpg,5025,"0,02 €","0,18 €","0,18 €","0,14 €","0,11 €"
Corpseberry Cultivator,,Common,210,Bloomburrow,https://product-images.s3.cardmarket.com/1/BLB/777683/777683.jpg,14862,"0,02 €","0,06 €","0,07 €","0,05 €","0,20 €"
Coruscation Mage,,Uncommon,131,Bloomburrow,https://product-images.s3.cardmarket.com/1/BLB/777792/777792.jpg,1740,"0,30 €","1,10 €","1,08 €","1,00 €","0,90 €"
Cruelclaw's Heist,,Rare,88,Bloomburrow,https://product-images.s3.cardmarket.com/1/BLB/777760/777760.jpg,1906,"0,08 €","0,58 €","0,56 €","0,55 €","0,61 €"
Crumb and Get It,,Common,8,Bloomburrow,https://product-images.s3.cardmarket.com/1/BLB/776453/776453.jpg,14207,"0,02 €","0,13 €","0,11 €","0,11 €","0,02 €"
Curious Forager,,Uncommon,169,Bloomburrow,https://product-images.s3.cardmarket.com/1/BLB/778120/778120.jpg,4959,"0,02 €","0,16 €","0,16 €","0,17 €","0,09 €"
Daggerfang Duo,,Common,89,Bloomburrow,https://product-images.s3.cardmarket.com/1/BLB/778517/778517.jpg,14073,"0,02 €","0,04 €","0,07 €","0,06 €","0,03 €"
Daring Waverider,,Uncommon,44,Bloomburrow,https://product-images.s3.cardmarket.com/1/BLB/778489/778489.jpg,4908,"0,02 €","0,16 €","0,15 €","0,15 €","0,23 €"
Darkstar Augur,,Rare,90,Bloomburrow,https://product-images.s3.cardmarket.com/1/BLB/778930/778930.jpg,2379,"0,10 €","0,69 €","0,68 €","0,68 €","0,59 €"
Dawn's Truce,,Rare,9,Bloomburrow,https://product-images.s3.cardmarket.com/1/BLB/778932/778932.jpg,583,"4,94 €","8,45 €","8,01 €","8,28 €","9,99 €"
Dazzling Denial,,Common,45,Bloomburrow,https://product-images.s3.cardmarket.com/1/BLB/778349/778349.jpg,13749,"0,02 €","0,08 €","0,14 €","0,21 €","0,02 €"
Dewdrop Cure,,Uncommon,10,Bloomburrow,https://product-images.s3.cardmarket.com/1/BLB/778134/778134.jpg,9535,"0,02 €","0,11 €","0,14 €","0,10 €","0,09 €"
Dire Downdraft,,Common,46,Bloomburrow,https://product-images.s3.cardmarket.com/1/BLB/778935/778935.jpg,15242,"0,02 €","0,05 €","0,06 €","0,06 €","0,02 €"
Diresight,,Common,91,Bloomburrow,https://product-images.s3.cardmarket.com/1/BLB/778122/778122.jpg,12535,"0,02 €","0,09 €","0,11 €","0,08 €","0,10 €"
Dour Port-Mage,,Rare,47,Bloomburrow,https://product-images.s3.cardmarket.com/1/BLB/778933/778933.jpg,596,"1,97 €","2,55 €","2,61 €","2,49 €","2,12 €"
Downwind Ambusher,,Uncommon,92,Bloomburrow,https://product-images.s3.cardmarket.com/1/BLB/777778/777778.jpg,6304,"0,02 €","0,08 €","0,10 €","0,10 €","0,28 €"
"Dragonhawk, Fate's Tempest",,Mythic,132,Bloomburrow,https://product-images.s3.cardmarket.com/1/BLB/778105/778105.jpg,357,"5,00 €","6,77 €","6,59 €","6,78 €","7,81 €"
Dreamdew Entrancer,,Rare,211,Bloomburrow,https://product-images.s3.cardmarket.com/1/BLB/777684/777684.jpg,3442,"0,10 €","0,26 €","0,24 €","0,31 €","0,30 €"
Driftgloom Coyote,,Uncommon,11,Bloomburrow,https://product-images.s3.cardmarket.com/1/BLB/777761/777761.jpg,6089,"0,02 €","0,06 €","0,08 €","0,04 €","0,02 €"
Druid of the Spade,,Common,170,Bloomburrow,https://product-images.s3.cardmarket.com/1/BLB/778336/778336.jpg,17773,"0,02 €","0,04 €","0,06 €","0,04 €","0,04 €"
Early Winter,,Common,93,Bloomburrow,https://product-images.s3.cardmarket.com/1/BLB/778123/778123.jpg,14920,"0,02 €","0,04 €","0,04 €","0,02 €","0,02 €"
Eddymurk Crab,,Uncommon,48,Bloomburrow,https://product-images.s3.cardmarket.com/1/BLB/778439/778439.jpg,2353,"0,09 €","0,29 €","0,33 €","0,31 €","0,34 €"
"Eluge, the Shoreless Sea",,Mythic,49,Bloomburrow,https://product-images.s3.cardmarket.com/1/BLB/778527/778527.jpg,810,"0,98 €","2,50 €","2,46 €","2,64 €","3,20 €"
Emberheart Challenger,,Rare,133,Bloomburrow,https://product-images.s3.cardmarket.com/1/BLB/778918/778918.jpg,1105,"1,48 €","2,64 €","2,79 €","2,84 €","1,86 €"
Essence Channeler,,Rare,12,Bloomburrow,https://product-images.s3.cardmarket.com/1/BLB/778119/778119.jpg,715,"0,74 €","1,68 €","1,52 €","1,54 €","1,24 €"
Fabled Passage,,Rare,252,Bloomburrow,https://product-images.s3.cardmarket.com/1/BLB/778501/778501.jpg,728,"3,95 €","4,99 €","4,76 €","4,74 €","5,39 €"
Feather of Flight,,Uncommon,13,Bloomburrow,https://product-images.s3.cardmarket.com/1/BLB/778510/778510.jpg,8454,"0,02 €","0,16 €","0,15 €","0,15 €","0,14 €"
Fecund Greenshell,,Rare,171,Bloomburrow,https://product-images.s3.cardmarket.com/1/BLB/778441/778441.jpg,2933,"0,10 €","0,41 €","0,39 €","0,44 €","0,31 €"
Feed the Cycle,,Uncommon,94,Bloomburrow,https://product-images.s3.cardmarket.com/1/BLB/776456/776456.jpg,3687,£0.02,"0,30 €","0,31 €","0,37 €","0,26 €"
Fell,,Uncommon,95,Bloomburrow,https://product-images.s3.cardmarket.com/1/BLB/778442/778442.jpg,2497,"0,15 €","0,56 €","0,57 €","0,50 €","0,53 €"
Festival of Embers,,Rare,134,Bloomburrow,https://product-images.s3.cardmarket.com/1/BLB/778135/778135.jpg,4534,"0,05 €","0,19 €","0,18 €","0,21 €","0,12 €"
Finch Formation,,Common,50,Bloomburrow,https://product-images.s3.cardmarket.com/1/BLB/778536/778536.jpg,15228,"0,02 €","0,07 €","0,05 €","0,08 €","0,05 €"
"Finneas, Ace Archer",,Rare,212,Bloomburrow,https://product-images.s3.cardmarket.com/1/BLB/777685/777685.jpg,4056,"0,08 €","0,27 €","0,26 €","0,27 €","0,25 €"
Fireglass Mentor,,Uncommon,213,Bloomburrow,https://product-images.s3.cardmarket.com/1/BLB/777686/777686.jpg,4118,"0,05 €","0,21 €","0,21 €","0,20 €","0,16 €"
Flamecache Gecko,,Uncommon,135,Bloomburrow,https://product-images.s3.cardmarket.com/1/BLB/778528/778528.jpg,4175,£0.02,"0,18 €","0,17 €","0,19 €","0,25 €"
Flowerfoot Swordmaster,,Uncommon,14,Bloomburrow,https://product-images.s3.cardmarket.com/1/BLB/778107/778107.jpg,3400,£0.02,"0,22 €","0,23 €","0,25 €","0,40 €"
For the Common Good,,Rare,172,Bloomburrow,https://product-images.s3.cardmarket.com/1/BLB/778521/778521.jpg,1446,"0,20 €","0,76 €","0,68 €","0,73 €","0,82 €"
Forest,V.1,Land,278,Bloomburrow,https://product-images.s3.cardmarket.com/1/BLB/776468/776468.jpg,4293,"0,04 €","0,39 €","0,38 €","0,77 €","0,21 €"
Forest,V.2,Land,279,Bloomburrow,https://product-images.s3.cardmarket.com/1/BLB/777723/777723.jpg,5704,"0,05 €","0,22 €","0,22 €","0,28 €","0,18 €"
Forest,V.3,Land,280,Bloomburrow,https://product-images.s3.cardmarket.com/1/BLB/777724/777724.jpg,3943,"0,05 €","0,25 €","0,22 €","0,26 €","0,19 €"
Forest,V.4,Land,281,Bloomburrow,https://product-images.s3.cardmarket.com/1/BLB/777725/777725.jpg,1074,"0,20 €","0,76 €","0,77 €","0,76 €","0,55 €"
Fountainport,,Rare,253,Bloomburrow,https://product-images.s3.cardmarket.com/1/BLB/778502/778502.jpg,1347,"3,77 €","4,55 €","4,52 €","4,53 €","4,45 €"
Fountainport Bell,,Common,245,Bloomburrow,https://product-images.s3.cardmarket.com/1/BLB/778129/778129.jpg,14091,"0,02 €","0,08 €","0,08 €","0,05 €","0,05 €"
Frilled Sparkshooter,,Common,136,Bloomburrow,https://product-images.s3.cardmarket.com/1/BLB/778522/778522.jpg,15275,"0,02 €","0,05 €","0,05 €","0,03 €","0,02 €"
Galewind Moose,,Uncommon,173,Bloomburrow,https://product-images.s3.cardmarket.com/1/BLB/778353/778353.jpg,5506,"0,02 €","0,10 €","0,11 €","0,10 €","0,11 €"
"Gev, Scaled Scorch",,Rare,214,Bloomburrow,https://product-images.s3.cardmarket.com/1/BLB/777687/777687.jpg,2158,"0,04 €","0,43 €","0,43 €","0,38 €","0,43 €"
"Glarb, Calamity's Augur",,Mythic,215,Bloomburrow,https://product-images.s3.cardmarket.com/1/BLB/778530/778530.jpg,256,"2,45 €","5,19 €","4,86 €","4,75 €","4,86 €"
Glidedive Duo,,Common,96,Bloomburrow,https://product-images.s3.cardmarket.com/1/BLB/777572/777572.jpg,14800,"0,02 €","0,07 €","0,09 €","0,08 €","0,11 €"
Gossip's Talent,,Uncommon,51,Bloomburrow,https://product-images.s3.cardmarket.com/1/BLB/777773/777773.jpg,10266,"0,02 €","0,16 €","0,14 €","0,16 €","0,12 €"
Harnesser of Storms,,Uncommon,137,Bloomburrow,https://product-images.s3.cardmarket.com/1/BLB/778106/778106.jpg,4814,"0,02 €","0,15 €","0,15 €","0,17 €","0,24 €"
Harvestrite Host,,Uncommon,15,Bloomburrow,https://product-images.s3.cardmarket.com/1/BLB/777546/777546.jpg,5131,"0,02 €","0,16 €","0,16 €","0,19 €","0,20 €"
Hazardroot Herbalist,,Uncommon,174,Bloomburrow,https://product-images.s3.cardmarket.com/1/BLB/777777/777777.jpg,11328,"0,02 €","0,05 €","0,07 €","0,07 €","0,11 €"
Hazel's Nocturne,,Uncommon,97,Bloomburrow,https://product-images.s3.cardmarket.com/1/BLB/778332/778332.jpg,4999,"0,02 €","0,15 €","0,15 €","0,16 €","0,10 €"
Head of the Homestead,,Common,216,Bloomburrow,https://product-images.s3.cardmarket.com/1/BLB/777688/777688.jpg,14467,"0,02 €","0,05 €","0,06 €","0,06 €","0,02 €"
Heaped Harvest,,Common,175,Bloomburrow,https://product-images.s3.cardmarket.com/1/BLB/778508/778508.jpg,10430,£0.02,"0,17 €","0,16 €","0,16 €","0,13 €"
Heartfire Hero,,Uncommon,138,Bloomburrow,https://product-images.s3.cardmarket.com/1/BLB/778115/778115.jpg,3634,"0,23 €","0,57 €","0,72 €","0,74 €","0,77 €"
Hearthborn Battler,,Rare,139,Bloomburrow,https://product-images.s3.cardmarket.com/1/BLB/777769/777769.jpg,3717,"0,05 €","0,25 €","0,27 €","0,24 €","0,26 €"
Heirloom Epic,,Uncommon,246,Bloomburrow,https://product-images.s3.cardmarket.com/1/BLB/778328/778328.jpg,11259,"0,02 €","0,11 €","0,08 €","0,09 €","0,08 €"
"Helga, Skittish Seer",,Mythic,217,Bloomburrow,https://product-images.s3.cardmarket.com/1/BLB/777689/777689.jpg,615,"2,00 €","2,70 €","2,77 €","2,80 €","2,25 €"
Hidden Grotto,,Common,254,Bloomburrow,https://product-images.s3.cardmarket.com/1/BLB/778531/778531.jpg,11436,£0.02,"0,11 €","0,14 €","0,14 €","0,05 €"
High Stride,,Common,176,Bloomburrow,https://product-images.s3.cardmarket.com/1/BLB/778922/778922.jpg,14814,"0,02 €","0,09 €","0,06 €","0,08 €","0,08 €"
Hired Claw,,Rare,140,Bloomburrow,https://product-images.s3.cardmarket.com/1/BLB/778338/778338.jpg,890,"0,99 €","1,82 €","2,00 €","1,82 €","1,16 €"
Hivespine Wolverine,,Uncommon,177,Bloomburrow,https://product-images.s3.cardmarket.com/1/BLB/778923/778923.jpg,5647,"0,02 €","0,12 €","0,12 €","0,16 €","0,08 €"
Hoarder's Overflow,,Uncommon,141,Bloomburrow,https://product-images.s3.cardmarket.com/1/BLB/778125/778125.jpg,11845,"0,02 €","0,06 €","0,08 €","0,07 €","0,11 €"
Honored Dreyleader,,Uncommon,178,Bloomburrow,https://product-images.s3.cardmarket.com/1/BLB/778136/778136.jpg,11778,"0,02 €","0,16 €","0,15 €","0,13 €","0,26 €"
Hop to It,,Uncommon,16,Bloomburrow,https://product-images.s3.cardmarket.com/1/BLB/778352/778352.jpg,5927,"0,02 €","0,16 €","0,16 €","0,20 €","0,02 €"
"Hugs, Grisly Guardian",,Mythic,218,Bloomburrow,https://product-images.s3.cardmarket.com/1/BLB/778138/778138.jpg,875,"0,70 €","1,50 €","1,26 €","1,36 €","1,75 €"
Hunter's Talent,,Uncommon,179,Bloomburrow,https://product-images.s3.cardmarket.com/1/BLB/778512/778512.jpg,2020,"0,10 €","0,34 €","0,35 €","0,41 €","0,31 €"
Huskburster Swarm,,Uncommon,98,Bloomburrow,https://product-images.s3.cardmarket.com/1/BLB/778493/778493.jpg,10216,"0,02 €","0,05 €","0,13 €","0,08 €","0,04 €"
Innkeeper's Talent,,Rare,180,Bloomburrow,https://product-images.s3.cardmarket.com/1/BLB/777614/777614.jpg,1096,"10,00 €","10,39 €","10,73 €","10,79 €","10,63 €"
Into the Flood Maw,,Uncommon,52,Bloomburrow,https://product-images.s3.cardmarket.com/1/BLB/778325/778325.jpg,1548,"1,22 €","2,51 €","2,61 €","2,56 €","2,64 €"
Intrepid Rabbit,,Common,17,Bloomburrow,https://product-images.s3.cardmarket.com/1/BLB/777548/777548.jpg,15001,"0,02 €","0,04 €","0,05 €","0,04 €","0,02 €"
Iridescent Vinelasher,,Rare,99,Bloomburrow,https://product-images.s3.cardmarket.com/1/BLB/778124/778124.jpg,1962,"0,70 €","1,67 €","1,50 €","1,66 €","0,99 €"
Island,V.1,Land,266,Bloomburrow,https://product-images.s3.cardmarket.com/1/BLB/777714/777714.jpg,8483,"0,05 €","0,24 €","0,21 €","0,29 €","0,18 €"
Island,V.2,Land,267,Bloomburrow,https://product-images.s3.cardmarket.com/1/BLB/777715/777715.jpg,6224,"0,05 €","0,23 €","0,23 €","0,33 €","0,19 €"
Island,V.3,Land,268,Bloomburrow,https://product-images.s3.cardmarket.com/1/BLB/777716/777716.jpg,4059,"0,05 €","0,23 €","0,23 €","0,21 €","0,20 €"
Island,V.4,Land,269,Bloomburrow,https://product-images.s3.cardmarket.com/1/BLB/777717/777717.jpg,1630,"0,15 €","0,59 €","0,50 €","0,60 €","0,61 €"
Jackdaw Savior,,Rare,18,Bloomburrow,https://product-images.s3.cardmarket.com/1/BLB/778915/778915.jpg,2444,"0,10 €","0,43 €","0,37 €","0,42 €","0,26 €"
Jolly Gerbils,,Uncommon,19,Bloomburrow,https://product-images.s3.cardmarket.com/1/BLB/778429/778429.jpg,7936,"0,02 €","0,08 €","0,09 €","0,07 €","0,02 €"
Junkblade Bruiser,,Common,220,Bloomburrow,https://product-images.s3.cardmarket.com/1/BLB/778137/778137.jpg,15154,"0,02 €","0,06 €","0,07 €","0,07 €","0,02 €"
"Kastral, the Windcrested",,Rare,221,Bloomburrow,https://product-images.s3.cardmarket.com/1/BLB/777691/777691.jpg,3024,"0,08 €","0,28 €","0,27 €","0,28 €","0,30 €"
Keen-Eyed Curator,,Rare,181,Bloomburrow,https://product-images.s3.cardmarket.com/1/BLB/777759/777759.jpg,478,"0,50 €","2,13 €","1,89 €","2,12 €","2,35 €"
Kindlespark Duo,,Common,142,Bloomburrow,https://product-images.s3.cardmarket.com/1/BLB/778507/778507.jpg,13445,"0,02 €","0,06 €","0,08 €","0,07 €","0,15 €"
Kitnap,,Rare,53,Bloomburrow,https://product-images.s3.cardmarket.com/1/BLB/778345/778345.jpg,4114,"0,02 €","0,25 €","0,21 €","0,25 €","0,36 €"
"Kitsa, Otterball Elite",,Mythic,54,Bloomburrow,https://product-images.s3.cardmarket.com/1/BLB/777556/777556.jpg,585,"4,94 €","6,26 €","5,90 €","6,21 €","6,24 €"
Knightfisher,,Uncommon,55,Bloomburrow,https://product-images.s3.cardmarket.com/1/BLB/778503/778503.jpg,5738,"0,02 €","0,12 €","0,12 €","0,12 €","0,17 €"
Lifecreed Duo,,Common,20,Bloomburrow,https://product-images.s3.cardmarket.com/1/BLB/779260/779260.jpg,12893,"0,02 €","0,11 €","0,10 €","0,10 €","0,14 €"
Lightshell Duo,,Common,56,Bloomburrow,https://product-images.s3.cardmarket.com/1/BLB/778330/778330.jpg,14814,"0,02 €","0,06 €","0,06 €","0,07 €","0,02 €"
Lilypad Village,,Uncommon,255,Bloomburrow,https://product-images.s3.cardmarket.com/1/BLB/778110/778110.jpg,10667,"0,02 €","0,10 €","0,14 €","0,14 €","0,08 €"
Lilysplash Mentor,,Uncommon,222,Bloomburrow,https://product-images.s3.cardmarket.com/1/BLB/777692/777692.jpg,10054,"0,02 €","0,16 €","0,12 €","0,11 €","0,11 €"
Long River Lurker,,Uncommon,57,Bloomburrow,https://product-images.s3.cardmarket.com/1/BLB/778133/778133.jpg,10689,"0,02 €","0,13 €","0,11 €","0,15 €","0,21 €"
Long River's Pull,,Uncommon,58,Bloomburrow,https://product-images.s3.cardmarket.com/1/BLB/778118/778118.jpg,3522,"0,05 €","0,31 €","0,31 €","0,31 €","0,19 €"
Longstalk Brawl,,Common,182,Bloomburrow,https://product-images.s3.cardmarket.com/1/BLB/778497/778497.jpg,14341,"0,02 €","0,11 €","0,08 €","0,07 €","0,05 €"
"Lumra, Bellow of the Woods",,Mythic,183,Bloomburrow,https://product-images.s3.cardmarket.com/1/BLB/777757/777757.jpg,364,"24,97 €","29,06 €","27,56 €","28,11 €","34,00 €"
Lunar Convocation,,Rare,223,Bloomburrow,https://product-images.s3.cardmarket.com/1/BLB/777693/777693.jpg,1366,"0,29 €","0,94 €","0,74 €","0,83 €","0,85 €"
Lupinflower Village,,Uncommon,256,Bloomburrow,https://product-images.s3.cardmarket.com/1/BLB/776460/776460.jpg,10631,"0,02 €","0,07 €","0,11 €","0,07 €","0,05 €"
"Mabel, Heir to Cragflame",,Rare,224,Bloomburrow,https://product-images.s3.cardmarket.com/1/BLB/778438/778438.jpg,2117,"0,10 €","0,38 €","0,37 €","0,37 €","0,42 €"
Mabel's Mettle,,Uncommon,21,Bloomburrow,https://product-images.s3.cardmarket.com/1/BLB/777768/777768.jpg,5270,"0,02 €","0,12 €","0,13 €","0,11 €","0,12 €"
"Maha, Its Feathers Night",,Mythic,100,Bloomburrow,https://product-images.s3.cardmarket.com/1/BLB/777758/777758.jpg,1091,"4,99 €","7,28 €","7,16 €","7,38 €","7,70 €"
Manifold Mouse,,Rare,143,Bloomburrow,https://product-images.s3.cardmarket.com/1/BLB/778331/778331.jpg,1872,"0,49 €","1,09 €","1,32 €","1,46 €","0,40 €"
Might of the Meek,,Common,144,Bloomburrow,https://product-images.s3.cardmarket.com/1/BLB/777775/777775.jpg,11208,"0,02 €","0,09 €","0,13 €","0,11 €","0,04 €"
Mind Drill Assailant,,Common,225,Bloomburrow,https://product-images.s3.cardmarket.com/1/BLB/778139/778139.jpg,15105,"0,02 €","0,06 €","0,06 €","0,03 €","0,02 €"
Mind Spiral,,Common,59,Bloomburrow,https://product-images.s3.cardmarket.com/1/BLB/778344/778344.jpg,15092,"0,02 €","0,06 €","0,06 €","0,08 €","0,11 €"
Mindwhisker,,Uncommon,60,Bloomburrow,https://product-images.s3.cardmarket.com/1/BLB/778334/778334.jpg,10773,"0,02 €","0,11 €","0,09 €","0,12 €","0,08 €"
Mistbreath Elder,,Rare,184,Bloomburrow,https://product-images.s3.cardmarket.com/1/BLB/776458/776458.jpg,2828,£0.10,"0,25 €","0,32 €","0,27 €","0,37 €"
Mockingbird,,Rare,61,Bloomburrow,https://product-images.s3.cardmarket.com/1/BLB/778486/778486.jpg,1480,"2,98 €","3,77 €","3,79 €","3,90 €","3,36 €"
Moonrise Cleric,,Common,226,Bloomburrow,https://product-images.s3.cardmarket.com/1/BLB/777694/777694.jpg,14289,"0,02 €","0,10 €","0,08 €","0,09 €","0,20 €"
Moonstone Harbinger,,Uncommon,101,Bloomburrow,https://product-images.s3.cardmarket.com/1/BLB/777574/777574.jpg,5027,£0.02,"0,13 €","0,14 €","0,10 €","0,04 €"
Mountain,V.1,Land,274,Bloomburrow,https://product-images.s3.cardmarket.com/1/BLB/777722/777722.jpg,8448,"0,05 €","0,21 €","0,21 €","0,28 €","0,18 €"
Mountain,V.2,Land,275,Bloomburrow,https://product-images.s3.cardmarket.com/1/BLB/776465/776465.jpg,5497,"0,08 €","0,23 €","0,23 €","0,32 €","0,15 €"
Mountain,V.3,Land,276,Bloomburrow,https://product-images.s3.cardmarket.com/1/BLB/776466/776466.jpg,4196,£0.07,"0,22 €","0,22 €","0,24 €","0,25 €"
Mountain,V.4,Land,277,Bloomburrow,https://product-images.s3.cardmarket.com/1/BLB/776467/776467.jpg,1805,"0,19 €","0,46 €","0,45 €","0,46 €","0,40 €"
Mouse Trapper,,Uncommon,22,Bloomburrow,https://product-images.s3.cardmarket.com/1/BLB/777763/777763.jpg,11549,"0,02 €","0,08 €","0,08 €","0,06 €","0,03 €"
Mudflat Village,,Uncommon,257,Bloomburrow,https://product-images.s3.cardmarket.com/1/BLB/776461/776461.jpg,8529,"0,02 €","0,14 €","0,15 €","0,16 €","0,06 €"
"Muerra, Trash Tactician",,Rare,227,Bloomburrow,https://product-images.s3.cardmarket.com/1/BLB/777695/777695.jpg,3650,"0,05 €","0,24 €","0,21 €","0,23 €","0,25 €"
Nettle Guard,,Common,23,Bloomburrow,https://product-images.s3.cardmarket.com/1/BLB/778347/778347.jpg,14425,"0,02 €","0,05 €","0,06 €","0,06 €","0,07 €"
Nightwhorl Hermit,,Common,62,Bloomburrow,https://product-images.s3.cardmarket.com/1/BLB/778346/778346.jpg,14841,"0,02 €","0,06 €","0,06 €","0,07 €","0,08 €"
Nocturnal Hunger,,Common,102,Bloomburrow,https://product-images.s3.cardmarket.com/1/BLB/778109/778109.jpg,14777,"0,02 €","0,07 €","0,07 €","0,06 €","0,05 €"
Oakhollow Village,,Uncommon,258,Bloomburrow,https://product-images.s3.cardmarket.com/1/BLB/776462/776462.jpg,2067,"0,05 €","0,51 €","0,45 €","0,49 €","0,38 €"
Osteomancer Adept,,Rare,103,Bloomburrow,https://product-images.s3.cardmarket.com/1/BLB/778500/778500.jpg,2194,"0,10 €","0,40 €","0,48 €","0,45 €","0,42 €"
Otterball Antics,,Uncommon,63,Bloomburrow,https://product-images.s3.cardmarket.com/1/BLB/778430/778430.jpg,4248,"0,02 €","0,13 €","0,16 €","0,15 €","0,14 €"
Overprotect,,Uncommon,185,Bloomburrow,https://product-images.s3.cardmarket.com/1/BLB/778112/778112.jpg,1279,"2,20 €","2,98 €","3,20 €","3,31 €","2,97 €"
Parting Gust,,Uncommon,24,Bloomburrow,https://product-images.s3.cardmarket.com/1/BLB/778113/778113.jpg,697,"0,50 €","1,31 €","1,25 €","1,41 €","1,32 €"
Patchwork Banner,,Uncommon,247,Bloomburrow,https://product-images.s3.cardmarket.com/1/BLB/778514/778514.jpg,1493,"2,50 €","3,67 €","3,55 €","3,67 €","3,71 €"
Pawpatch Formation,,Uncommon,186,Bloomburrow,https://product-images.s3.cardmarket.com/1/BLB/778341/778341.jpg,3488,£0.10,"0,67 €","0,70 €","0,75 €","0,93 €"
Pawpatch Recruit,,Rare,187,Bloomburrow,https://product-images.s3.cardmarket.com/1/BLB/778326/778326.jpg,861,"0,99 €","1,86 €","1,86 €","1,78 €","1,38 €"
Pearl of Wisdom,,Common,64,Bloomburrow,https://product-images.s3.cardmarket.com/1/BLB/778354/778354.jpg,16651,"0,02 €","0,05 €","0,08 €","0,06 €","0,04 €"
Peerless Recycling,,Uncommon,188,Bloomburrow,https://product-images.s3.cardmarket.com/1/BLB/778495/778495.jpg,11669,"0,02 €","0,09 €","0,12 €","0,12 €","0,05 €"
Persistent Marshstalker,,Uncommon,104,Bloomburrow,https://product-images.s3.cardmarket.com/1/BLB/777584/777584.jpg,9963,"0,02 €","0,15 €","0,14 €","0,12 €","0,04 €"
Pileated Provisioner,,Common,25,Bloomburrow,https://product-images.s3.cardmarket.com/1/BLB/777550/777550.jpg,18054,"0,02 €","0,04 €","0,04 €","0,03 €","0,08 €"
Plains,V.1,Land,262,Bloomburrow,https://product-images.s3.cardmarket.com/1/BLB/778337/778337.jpg,8479,"0,05 €","0,20 €","0,21 €","0,24 €","0,17 €"
Plains,V.2,Land,263,Bloomburrow,https://product-images.s3.cardmarket.com/1/BLB/777710/777710.jpg,4108,"0,04 €","0,21 €","0,24 €","0,32 €","0,14 €"
Plains,V.3,Land,264,Bloomburrow,https://product-images.s3.cardmarket.com/1/BLB/777711/777711.jpg,4532,"0,05 €","0,22 €","0,23 €","0,24 €","0,24 €"
Plains,V.4,Land,265,Bloomburrow,https://product-images.s3.cardmarket.com/1/BLB/777713/777713.jpg,1265,£0.15,"0,51 €","0,59 €","0,53 €","0,48 €"
Playful Shove,,Uncommon,145,Bloomburrow,https://product-images.s3.cardmarket.com/1/BLB/776457/776457.jpg,4699,"0,04 €","0,13 €","0,16 €","0,17 €","0,20 €"
Plumecreed Escort,,Uncommon,65,Bloomburrow,https://product-images.s3.cardmarket.com/1/BLB/776455/776455.jpg,5322,"0,05 €","0,21 €","0,18 €","0,18 €","0,12 €"
Plumecreed Mentor,,Uncommon,228,Bloomburrow,https://product-images.s3.cardmarket.com/1/BLB/777696/777696.jpg,5895,"0,02 €","0,14 €","0,16 €","0,18 €","0,11 €"
Polliwallop,,Common,189,Bloomburrow,https://product-images.s3.cardmarket.com/1/BLB/778132/778132.jpg,14264,"0,02 €","0,11 €","0,29 €","0,17 €","0,07 €"
Pond Prophet,,Common,229,Bloomburrow,https://product-images.s3.cardmarket.com/1/BLB/777697/777697.jpg,12407,"0,02 €","0,08 €","0,09 €","0,10 €","0,13 €"
Portent of Calamity,,Rare,66,Bloomburrow,https://product-images.s3.cardmarket.com/1/BLB/778335/778335.jpg,2708,"0,05 €","0,26 €","0,31 €","0,29 €","0,35 €"
Psychic Whorl,,Common,105,Bloomburrow,https://product-images.s3.cardmarket.com/1/BLB/778324/778324.jpg,14967,"0,02 €","0,05 €","0,06 €","0,07 €","0,15 €"
Quaketusk Boar,,Uncommon,146,Bloomburrow,https://product-images.s3.cardmarket.com/1/BLB/778534/778534.jpg,8221,"0,02 €","0,07 €","0,09 €","0,04 €","0,20 €"
Rabbit Response,,Common,26,Bloomburrow,https://product-images.s3.cardmarket.com/1/BLB/778333/778333.jpg,17196,"0,02 €","0,03 €","0,04 €","0,03 €","0,02 €"
Rabid Gnaw,,Uncommon,147,Bloomburrow,https://product-images.s3.cardmarket.com/1/BLB/777765/777765.jpg,6733,"0,02 €","0,19 €","0,15 €","0,20 €","0,17 €"
Raccoon Rallier,,Common,148,Bloomburrow,https://product-images.s3.cardmarket.com/1/BLB/778533/778533.jpg,14792,"0,02 €","0,02 €","0,07 €","0,04 €","0,04 €"
"Ral, Crackling Wit",,Mythic,230,Bloomburrow,https://product-images.s3.cardmarket.com/1/BLB/777698/777698.jpg,183,"12,00 €","14,06 €","13,66 €","14,08 €","14,43 €"
Ravine Raider,,Common,106,Bloomburrow,https://product-images.s3.cardmarket.com/1/BLB/778516/778516.jpg,14886,"0,02 €","0,07 €","0,07 €","0,04 €","0,02 €"
Repel Calamity,,Uncommon,27,Bloomburrow,https://product-images.s3.cardmarket.com/1/BLB/778437/778437.jpg,7578,£0.02,"0,13 €","0,13 €","0,12 €","0,12 €"
Reptilian Recruiter,,Uncommon,149,Bloomburrow,https://product-images.s3.cardmarket.com/1/BLB/778535/778535.jpg,12049,"0,02 €","0,04 €","0,07 €","0,04 €","0,02 €"
Rockface Village,,Uncommon,259,Bloomburrow,https://product-images.s3.cardmarket.com/1/BLB/776463/776463.jpg,5974,"0,02 €","0,23 €","0,26 €","0,24 €","0,11 €"
Rottenmouth Viper,,Mythic,107,Bloomburrow,https://product-images.s3.cardmarket.com/1/BLB/778921/778921.jpg,868,"4,94 €","6,31 €","6,37 €","6,40 €","5,87 €"
Roughshod Duo,,Common,150,Bloomburrow,https://product-images.s3.cardmarket.com/1/BLB/778339/778339.jpg,14622,"0,02 €","0,05 €","0,08 €","0,08 €","0,11 €"
Run Away Together,,Common,67,Bloomburrow,https://product-images.s3.cardmarket.com/1/BLB/778518/778518.jpg,13708,"0,02 €","0,06 €","0,08 €","0,07 €","0,03 €"
Rust-Shield Rampager,,Common,190,Bloomburrow,https://product-images.s3.cardmarket.com/1/BLB/778103/778103.jpg,15012,"0,02 €","0,04 €","0,05 €","0,04 €","0,02 €"
Ruthless Negotiation,,Uncommon,108,Bloomburrow,https://product-images.s3.cardmarket.com/1/BLB/778433/778433.jpg,11106,"0,02 €","0,09 €","0,11 €","0,14 €","0,14 €"
Salvation Swan,,Rare,28,Bloomburrow,https://product-images.s3.cardmarket.com/1/BLB/777552/777552.jpg,3554,"0,08 €","0,26 €","0,26 €","0,25 €","0,35 €"
Savor,,Common,109,Bloomburrow,https://product-images.s3.cardmarket.com/1/BLB/777587/777587.jpg,13984,"0,02 €","0,04 €","0,07 €","0,05 €","0,04 €"
Sazacap's Brew,,Common,151,Bloomburrow,https://product-images.s3.cardmarket.com/1/BLB/778927/778927.jpg,11697,"0,02 €","0,13 €","0,12 €","0,11 €","0,19 €"
Scales of Shale,,Common,110,Bloomburrow,https://product-images.s3.cardmarket.com/1/BLB/778920/778920.jpg,14701,"0,02 €","0,06 €","0,07 €","0,03 €","0,02 €"
Scavenger's Talent,,Rare,111,Bloomburrow,https://product-images.s3.cardmarket.com/1/BLB/777766/777766.jpg,2240,"0,45 €","1,37 €","1,17 €","1,23 €","1,18 €"
Scrapshooter,,Rare,191,Bloomburrow,https://product-images.s3.cardmarket.com/1/BLB/778357/778357.jpg,1490,"0,20 €","0,55 €","0,51 €","0,53 €","0,57 €"
Season of Gathering,,Mythic,192,Bloomburrow,https://product-images.s3.cardmarket.com/1/BLB/778924/778924.jpg,841,"3,99 €","5,63 €","5,30 €","5,42 €","5,66 €"
Season of Loss,,Mythic,112,Bloomburrow,https://product-images.s3.cardmarket.com/1/BLB/778520/778520.jpg,1257,"1,00 €","2,42 €","2,34 €","2,31 €","2,31 €"
Season of the Bold,,Mythic,152,Bloomburrow,https://product-images.s3.cardmarket.com/1/BLB/778917/778917.jpg,1308,"0,25 €","1,11 €","0,89 €","0,89 €","0,97 €"
Season of the Burrow,,Mythic,29,Bloomburrow,https://product-images.s3.cardmarket.com/1/BLB/776454/776454.jpg,1167,"1,45 €","2,88 €","2,56 €","2,66 €","3,00 €"
Season of Weaving,,Mythic,68,Bloomburrow,https://product-images.s3.cardmarket.com/1/BLB/777557/777557.jpg,736,"3,25 €","3,78 €","3,72 €","3,95 €","3,78 €"
Seasoned Warrenguard,,Uncommon,30,Bloomburrow,https://product-images.s3.cardmarket.com/1/BLB/778114/778114.jpg,10254,"0,02 €","0,09 €","0,09 €","0,07 €","0,04 €"
Seedglaive Mentor,,Uncommon,231,Bloomburrow,https://product-images.s3.cardmarket.com/1/BLB/777699/777699.jpg,4707,"0,02 €","0,14 €","0,17 €","0,15 €","0,12 €"
Seedpod Squire,,Common,232,Bloomburrow,https://product-images.s3.cardmarket.com/1/BLB/777700/777700.jpg,15297,"0,02 €","0,08 €","0,05 €","0,05 €","0,20 €"
Shore Up,,Common,69,Bloomburrow,https://product-images.s3.cardmarket.com/1/BLB/777558/777558.jpg,11324,"0,02 €","0,15 €","0,12 €","0,15 €","0,26 €"
Shoreline Looter,,Uncommon,70,Bloomburrow,https://product-images.s3.cardmarket.com/1/BLB/778926/778926.jpg,3062,"0,04 €","0,33 €","0,30 €","0,31 €","0,28 €"
Short Bow,,Uncommon,248,Bloomburrow,https://product-images.s3.cardmarket.com/1/BLB/778436/778436.jpg,10270,"0,02 €","0,12 €","0,10 €","0,09 €","0,07 €"
Shrike Force,,Uncommon,31,Bloomburrow,https://product-images.s3.cardmarket.com/1/BLB/778440/778440.jpg,4261,"0,02 €","0,22 €","0,19 €","0,17 €","0,16 €"
Sinister Monolith,,Uncommon,113,Bloomburrow,https://product-images.s3.cardmarket.com/1/BLB/777601/777601.jpg,10975,"0,02 €","0,14 €","0,11 €","0,10 €","0,04 €"
Skyskipper Duo,,Common,71,Bloomburrow,https://product-images.s3.cardmarket.com/1/BLB/777559/777559.jpg,14761,"0,02 €","0,08 €","0,07 €","0,07 €","0,05 €"
Sonar Strike,,Common,32,Bloomburrow,https://product-images.s3.cardmarket.com/1/BLB/777553/777553.jpg,14435,"0,02 €","0,03 €","0,06 €","0,04 €","0,02 €"
Spellgyre,,Uncommon,72,Bloomburrow,https://product-images.s3.cardmarket.com/1/BLB/778916/778916.jpg,4762,£0.02,"0,19 €","0,20 €","0,23 €","0,14 €"
Splash Lasher,,Uncommon,73,Bloomburrow,https://product-images.s3.cardmarket.com/1/BLB/778919/778919.jpg,5250,"0,02 €","0,17 €","0,14 €","0,20 €","0,23 €"
Splash Portal,,Uncommon,74,Bloomburrow,https://product-images.s3.cardmarket.com/1/BLB/778108/778108.jpg,511,"0,15 €","1,45 €","1,03 €","1,44 €","0,29 €"
Star Charter,,Uncommon,33,Bloomburrow,https://product-images.s3.cardmarket.com/1/BLB/778513/778513.jpg,11012,"0,02 €","0,07 €","0,09 €","0,09 €","0,02 €"
Starfall Invocation,,Rare,34,Bloomburrow,https://product-images.s3.cardmarket.com/1/BLB/778128/778128.jpg,1328,"0,30 €","0,95 €","0,82 €","0,85 €","0,96 €"
Starforged Sword,,Uncommon,249,Bloomburrow,https://product-images.s3.cardmarket.com/1/BLB/779241/779241.jpg,11871,"0,02 €","0,09 €","0,07 €","0,07 €","0,02 €"
Stargaze,,Uncommon,114,Bloomburrow,https://product-images.s3.cardmarket.com/1/BLB/778485/778485.jpg,10440,"0,02 €","0,13 €","0,14 €","0,14 €","0,07 €"
Starlit Soothsayer,,Common,115,Bloomburrow,https://product-images.s3.cardmarket.com/1/BLB/778117/778117.jpg,14739,"0,02 €","0,05 €","0,06 €","0,04 €","0,11 €"
Starscape Cleric,,Uncommon,116,Bloomburrow,https://product-images.s3.cardmarket.com/1/BLB/778131/778131.jpg,1100,"1,00 €","1,55 €","1,52 €","1,56 €","1,87 €"
Starseer Mentor,,Uncommon,233,Bloomburrow,https://product-images.s3.cardmarket.com/1/BLB/777701/777701.jpg,4934,"0,02 €","0,17 €","0,15 €","0,15 €","0,10 €"
Steampath Charger,,Common,153,Bloomburrow,https://product-images.s3.cardmarket.com/1/BLB/777611/777611.jpg,15008,"0,02 €","0,05 €","0,06 €","0,04 €","0,02 €"
Stickytongue Sentinel,,Common,193,Bloomburrow,https://product-images.s3.cardmarket.com/1/BLB/778359/778359.jpg,13731,"0,02 €","0,15 €","0,09 €","0,10 €","0,09 €"
Stocking the Pantry,,Uncommon,194,Bloomburrow,https://product-images.s3.cardmarket.com/1/BLB/778499/778499.jpg,10336,"0,02 €","0,22 €","0,18 €","0,18 €","0,22 €"
Stormcatch Mentor,,Uncommon,234,Bloomburrow,https://product-images.s3.cardmarket.com/1/BLB/777702/777702.jpg,8814,£0.02,"0,32 €","0,22 €","0,27 €","0,24 €"
Stormchaser's Talent,,Rare,75,Bloomburrow,https://product-images.s3.cardmarket.com/1/BLB/778351/778351.jpg,627,"9,95 €","11,12 €","8,87 €","10,64 €","10,62 €"
Stormsplitter,,Mythic,154,Bloomburrow,https://product-images.s3.cardmarket.com/1/BLB/777774/777774.jpg,1295,"1,95 €","2,68 €","2,66 €","2,62 €","2,00 €"
Sugar Coat,,Uncommon,76,Bloomburrow,https://product-images.s3.cardmarket.com/1/BLB/778931/778931.jpg,11609,"0,02 €","0,11 €","0,09 €","0,09 €","0,06 €"
Sunshower Druid,,Common,195,Bloomburrow,https://product-images.s3.cardmarket.com/1/BLB/778928/778928.jpg,13026,"0,02 €","0,10 €","0,10 €","0,11 €","0,12 €"
Sunspine Lynx,,Rare,155,Bloomburrow,https://product-images.s3.cardmarket.com/1/BLB/778428/778428.jpg,695,"1,90 €","3,17 €","3,16 €","3,17 €","2,63 €"
Swamp,V.1,Land,270,Bloomburrow,https://product-images.s3.cardmarket.com/1/BLB/777718/777718.jpg,9279,"0,04 €","0,19 €","0,20 €","0,23 €","0,20 €"
Swamp,V.2,Land,271,Bloomburrow,https://product-images.s3.cardmarket.com/1/BLB/777719/777719.jpg,6587,"0,08 €","0,20 €","0,21 €","0,19 €","0,23 €"
Swamp,V.3,Land,272,Bloomburrow,https://product-images.s3.cardmarket.com/1/BLB/777720/777720.jpg,3893,"0,09 €","0,21 €","0,23 €","0,24 €","0,24 €"
Swamp,V.4,Land,273,Bloomburrow,https://product-images.s3.cardmarket.com/1/BLB/777721/777721.jpg,1298,"0,18 €","0,54 €","0,57 €","0,61 €","0,67 €"
Take Out the Trash,,Common,156,Bloomburrow,https://product-images.s3.cardmarket.com/1/BLB/777793/777793.jpg,14678,"0,02 €","0,05 €","0,08 €","0,07 €","0,08 €"
Tangle Tumbler,,Uncommon,250,Bloomburrow,https://product-images.s3.cardmarket.com/1/BLB/778532/778532.jpg,11917,"0,02 €","0,08 €","0,05 €","0,07 €","0,20 €"
Teapot Slinger,,Uncommon,157,Bloomburrow,https://product-images.s3.cardmarket.com/1/BLB/778121/778121.jpg,7229,"0,02 €","0,09 €","0,09 €","0,09 €","0,11 €"
Tempest Angler,,Common,235,Bloomburrow,https://product-images.s3.cardmarket.com/1/BLB/777703/777703.jpg,13442,"0,02 €","0,05 €","0,07 €","0,06 €","0,02 €"
Tender Wildguide,,Rare,196,Bloomburrow,https://product-images.s3.cardmarket.com/1/BLB/776459/776459.jpg,1921,"0,15 €","0,56 €","0,49 €","0,55 €","0,56 €"
The Infamous Cruelclaw,,Mythic,219,Bloomburrow,https://product-images.s3.cardmarket.com/1/BLB/777690/777690.jpg,1225,"0,88 €","1,69 €","1,76 €","1,73 €","1,52 €"
Thistledown Players,,Common,35,Bloomburrow,https://product-images.s3.cardmarket.com/1/BLB/778126/778126.jpg,14948,"0,02 €","0,04 €","0,06 €","0,05 €","0,09 €"
Thornplate Intimidator,,Common,117,Bloomburrow,https://product-images.s3.cardmarket.com/1/BLB/778529/778529.jpg,14782,"0,02 €","0,10 €","0,07 €","0,10 €","0,02 €"
Thornvault Forager,,Rare,197,Bloomburrow,https://product-images.s3.cardmarket.com/1/BLB/777651/777651.jpg,2634,"0,29 €","0,63 €","0,56 €","0,68 €","0,48 €"
Thought Shucker,,Common,77,Bloomburrow,https://product-images.s3.cardmarket.com/1/BLB/777779/777779.jpg,14802,"0,02 €","0,06 €","0,06 €","0,03 €","0,02 €"
Thought-Stalker Warlock,,Uncommon,118,Bloomburrow,https://product-images.s3.cardmarket.com/1/BLB/778340/778340.jpg,3988,"0,02 €","0,19 €","0,17 €","0,18 €","0,16 €"
Three Tree City,,Rare,260,Bloomburrow,https://product-images.s3.cardmarket.com/1/BLB/776464/776464.jpg,1174,"12,99 €","17,40 €","17,22 €","17,23 €","16,56 €"
Three Tree Mascot,,Common,251,Bloomburrow,https://product-images.s3.cardmarket.com/1/BLB/778524/778524.jpg,13358,"0,02 €","0,10 €","0,09 €","0,09 €","0,07 €"
Three Tree Rootweaver,,Common,198,Bloomburrow,https://product-images.s3.cardmarket.com/1/BLB/779413/779413.jpg,14269,"0,02 €","0,07 €","0,06 €","0,05 €","0,05 €"
Three Tree Scribe,,Uncommon,199,Bloomburrow,https://product-images.s3.cardmarket.com/1/BLB/778934/778934.jpg,4077,"0,02 €","0,13 €","0,21 €","0,22 €","0,09 €"
Thundertrap Trainer,,Rare,78,Bloomburrow,https://product-images.s3.cardmarket.com/1/BLB/777770/777770.jpg,634,£1.50,"3,24 €","3,84 €","3,45 €","2,49 €"
Tidecaller Mentor,,Uncommon,236,Bloomburrow,https://product-images.s3.cardmarket.com/1/BLB/777704/777704.jpg,5574,"0,02 €","0,10 €","0,15 €","0,11 €","0,19 €"
Treeguard Duo,,Common,200,Bloomburrow,https://product-images.s3.cardmarket.com/1/BLB/778327/778327.jpg,16993,"0,02 €","0,05 €","0,06 €","0,05 €","0,06 €"
Treetop Sentries,,Common,201,Bloomburrow,https://product-images.s3.cardmarket.com/1/BLB/778505/778505.jpg,14881,"0,02 €","0,05 €","0,07 €","0,04 €","0,02 €"
Uncharted Haven,,Common,261,Bloomburrow,https://product-images.s3.cardmarket.com/1/BLB/777709/777709.jpg,13161,"0,02 €","0,11 €","0,08 €","0,07 €","0,02 €"
Valley Flamecaller,,Rare,158,Bloomburrow,https://product-images.s3.cardmarket.com/1/BLB/778515/778515.jpg,3484,"0,05 €","0,20 €","0,25 €","0,17 €","0,28 €"
Valley Floodcaller,,Rare,79,Bloomburrow,https://product-images.s3.cardmarket.com/1/BLB/777569/777569.jpg,290,"3,00 €","5,00 €","4,08 €","5,09 €","3,65 €"
Valley Mightcaller,,Rare,202,Bloomburrow,https://product-images.s3.cardmarket.com/1/BLB/777780/777780.jpg,1154,"0,10 €","0,66 €","0,77 €","0,63 €","0,72 €"
Valley Questcaller,,Rare,36,Bloomburrow,https://product-images.s3.cardmarket.com/1/BLB/777767/777767.jpg,986,"0,50 €","1,06 €","1,06 €","0,89 €","0,60 €"
Valley Rally,,Uncommon,159,Bloomburrow,https://product-images.s3.cardmarket.com/1/BLB/778937/778937.jpg,11589,"0,02 €","0,07 €","0,07 €","0,06 €","0,02 €"
Valley Rotcaller,,Rare,119,Bloomburrow,https://product-images.s3.cardmarket.com/1/BLB/778434/778434.jpg,1414,"0,75 €","1,44 €","1,38 €","1,46 €","1,33 €"
Veteran Guardmouse,,Common,237,Bloomburrow,https://product-images.s3.cardmarket.com/1/BLB/777705/777705.jpg,15191,"0,02 €","0,04 €","0,05 €","0,03 €","0,02 €"
Vinereap Mentor,,Uncommon,238,Bloomburrow,https://product-images.s3.cardmarket.com/1/BLB/777706/777706.jpg,3038,"0,04 €","0,29 €","0,27 €","0,33 €","0,20 €"
"Vren, the Relentless",,Rare,239,Bloomburrow,https://product-images.s3.cardmarket.com/1/BLB/778127/778127.jpg,1960,"0,19 €","0,53 €","0,48 €","0,56 €","0,53 €"
Wandertale Mentor,,Uncommon,240,Bloomburrow,https://product-images.s3.cardmarket.com/1/BLB/777791/777791.jpg,6196,"0,02 €","0,24 €","0,18 €","0,22 €","0,62 €"
War Squeak,,Common,160,Bloomburrow,https://product-images.s3.cardmarket.com/1/BLB/777786/777786.jpg,14454,"0,02 €","0,04 €","0,05 €","0,04 €","0,05 €"
Warren Elder,,Common,37,Bloomburrow,https://product-images.s3.cardmarket.com/1/BLB/777554/777554.jpg,17468,"0,02 €","0,05 €","0,06 €","0,06 €","0,02 €"
Warren Warleader,,Mythic,38,Bloomburrow,https://product-images.s3.cardmarket.com/1/BLB/778358/778358.jpg,911,"1,75 €","3,02 €","3,04 €","3,00 €","2,96 €"
Waterspout Warden,,Common,80,Bloomburrow,https://product-images.s3.cardmarket.com/1/BLB/778360/778360.jpg,17782,"0,02 €","0,05 €","0,06 €","0,07 €","0,08 €"
Wax-Wane Witness,,Common,39,Bloomburrow,https://product-images.s3.cardmarket.com/1/BLB/777555/777555.jpg,14913,"0,02 €","0,06 €","0,06 €","0,04 €","0,02 €"
Wear Down,,Uncommon,203,Bloomburrow,https://product-images.s3.cardmarket.com/1/BLB/778491/778491.jpg,11195,"0,02 €","0,16 €","0,15 €","0,15 €","0,15 €"
Whiskerquill Scribe,,Common,161,Bloomburrow,https://product-images.s3.cardmarket.com/1/BLB/778348/778348.jpg,14801,"0,02 €","0,02 €","0,05 €","0,04 €","0,02 €"
Whiskervale Forerunner,,Rare,40,Bloomburrow,https://product-images.s3.cardmarket.com/1/BLB/778104/778104.jpg,3382,"0,09 €","0,17 €","0,21 €","0,17 €","0,27 €"
"Wick, the Whorled Mind",,Rare,120,Bloomburrow,https://product-images.s3.cardmarket.com/1/BLB/777605/777605.jpg,3874,"0,05 €","0,20 €","0,16 €","0,17 €","0,23 €"
Wick's Patrol,,Uncommon,121,Bloomburrow,https://product-images.s3.cardmarket.com/1/BLB/778355/778355.jpg,5681,"0,02 €","0,17 €","0,11 €","0,13 €","0,20 €"
Wildfire Howl,,Uncommon,162,Bloomburrow,https://product-images.s3.cardmarket.com/1/BLB/778431/778431.jpg,11958,"0,02 €","0,09 €","0,07 €","0,06 €","0,04 €"
Wishing Well,,Rare,81,Bloomburrow,https://product-images.s3.cardmarket.com/1/BLB/778116/778116.jpg,5028,"0,04 €","0,15 €","0,16 €","0,17 €","0,17 €"
"Ygra, Eater of All",,Mythic,241,Bloomburrow,https://product-images.s3.cardmarket.com/1/BLB/777707/777707.jpg,1137,"6,45 €","7,76 €","7,82 €","8,04 €","7,90 €"
"Zoraline, Cosmos Caller",,Rare,242,Bloomburrow,https://product-images.s3.cardmarket.com/1/BLB/777708/777708.jpg,2581,"0,15 €","0,58 €","0,57 €","0,56 €","0,63 €"
Abandoned Campground,,Common,255,Duskmourn: House of Horror,https://product-images.s3.cardmarket.com/1/DSK/786863/786863.jpg,9795,"0,02 €","0,07 €","0,11 €","0,08 €","0,02 €"
Abhorrent Oculus,,Mythic,42,Duskmourn: House of Horror,https://product-images.s3.cardmarket.com/1/DSK/786382/786382.jpg,947,"15,49 €","17,87 €","18,81 €","17,98 €","18,00 €"
Acrobatic Cheerleader,,Common,1,Duskmourn: House of Horror,https://product-images.s3.cardmarket.com/1/DSK/788302/788302.jpg,16754,"0,02 €","0,08 €","0,05 €","0,08 €","0,02 €"
"Altanak, the Thrice-Called",,Uncommon,166,Duskmourn: House of Horror,https://product-images.s3.cardmarket.com/1/DSK/788287/788287.jpg,7122,£0.02,"0,14 €","0,16 €","0,14 €","0,25 €"
Anthropede,,Common,167,Duskmourn: House of Horror,https://product-images.s3.cardmarket.com/1/DSK/786557/786557.jpg,16758,"0,02 €","0,05 €","0,04 €","0,03 €","0,02 €"
Appendage Amalgam,,Common,83,Duskmourn: House of Horror,https://product-images.s3.cardmarket.com/1/DSK/788305/788305.jpg,16261,"0,02 €","0,05 €","0,06 €","0,03 €","0,02 €"
"Arabella, Abandoned Doll",,Uncommon,208,Duskmourn: House of Horror,https://product-images.s3.cardmarket.com/1/DSK/788292/788292.jpg,4477,"0,08 €","0,29 €","0,30 €","0,26 €","0,24 €"
Attack-in-the-Box,,Uncommon,242,Duskmourn: House of Horror,https://product-images.s3.cardmarket.com/1/DSK/786614/786614.jpg,9475,"0,02 €","0,04 €","0,07 €","0,03 €","0,02 €"
Balemurk Leech,,Common,84,Duskmourn: House of Horror,https://product-images.s3.cardmarket.com/1/DSK/788134/788134.jpg,15756,"0,02 €","0,11 €","0,08 €","0,13 €","0,02 €"
Balustrade Wurm,,Rare,168,Duskmourn: House of Horror,https://product-images.s3.cardmarket.com/1/DSK/786878/786878.jpg,4845,"0,07 €","0,13 €","0,19 €","0,16 €","0,21 €"
Baseball Bat,,Uncommon,209,Duskmourn: House of Horror,https://product-images.s3.cardmarket.com/1/DSK/788304/788304.jpg,9739,"0,02 €","0,07 €","0,07 €","0,15 €","0,02 €"
Bashful Beastie,,Common,169,Duskmourn: House of Horror,https://product-images.s3.cardmarket.com/1/DSK/786852/786852.jpg,16384,"0,02 €","0,03 €","0,03 €","0,03 €","0,02 €"
Bear Trap,,Common,243,Duskmourn: House of Horror,https://product-images.s3.cardmarket.com/1/DSK/786833/786833.jpg,16526,"0,02 €","0,03 €","0,05 €","0,03 €","0,02 €"
Beastie Beatdown,,Uncommon,210,Duskmourn: House of Horror,https://product-images.s3.cardmarket.com/1/DSK/788180/788180.jpg,9292,"0,02 €","0,08 €","0,10 €","0,08 €","0,10 €"
Bedhead Beastie,,Common,125,Duskmourn: House of Horror,https://product-images.s3.cardmarket.com/1/DSK/788175/788175.jpg,16570,"0,02 €","0,05 €","0,05 €","0,02 €","0,02 €"
Betrayer's Bargain,,Uncommon,126,Duskmourn: House of Horror,https://product-images.s3.cardmarket.com/1/DSK/788236/788236.jpg,9288,£0.02,"0,06 €","0,06 €","0,05 €","0,04 €"
Blazemire Verge,,Rare,256,Duskmourn: House of Horror,https://product-images.s3.cardmarket.com/1/DSK/786616/786616.jpg,1076,"6,00 €","6,63 €","6,63 €","6,54 €","6,19 €"
Bleeding Woods,,Common,257,Duskmourn: House of Horror,https://product-images.s3.cardmarket.com/1/DSK/786880/786880.jpg,9751,"0,02 €","0,12 €","0,11 €","0,09 €","0,40 €"
Boilerbilges Ripper,,Common,127,Duskmourn: House of Horror,https://product-images.s3.cardmarket.com/1/DSK/786814/786814.jpg,16638,"0,02 €","0,08 €","0,03 €","0,07 €","0,02 €"
Bottomless Pool // Locker Room,,Uncommon,43,Duskmourn: House of Horror,https://product-images.s3.cardmarket.com/1/DSK/788264/788264.jpg,9208,"0,02 €","0,12 €","0,12 €","0,13 €","0,02 €"
Break Down the Door,,Uncommon,170,Duskmourn: House of Horror,https://product-images.s3.cardmarket.com/1/DSK/786832/786832.jpg,8772,"0,02 €","0,09 €","0,10 €","0,06 €","0,02 €"
Broodspinner,,Uncommon,211,Duskmourn: House of Horror,https://product-images.s3.cardmarket.com/1/DSK/788291/788291.jpg,7490,"0,02 €","0,13 €","0,15 €","0,10 €","0,09 €"
Cackling Slasher,,Common,85,Duskmourn: House of Horror,https://product-images.s3.cardmarket.com/1/DSK/788274/788274.jpg,16537,"0,02 €","0,03 €","0,04 €","0,04 €","0,02 €"
Cathartic Parting,,Uncommon,171,Duskmourn: House of Horror,https://product-images.s3.cardmarket.com/1/DSK/788234/788234.jpg,9286,"0,02 €","0,05 €","0,06 €","0,05 €","0,16 €"
Cautious Survivor,,Common,172,Duskmourn: House of Horror,https://product-images.s3.cardmarket.com/1/DSK/788241/788241.jpg,16658,"0,02 €","0,07 €","0,06 €","0,08 €","0,02 €"
Central Elevator // Promising Stairs,,Rare,44,Duskmourn: House of Horror,https://product-images.s3.cardmarket.com/1/DSK/786849/786849.jpg,5498,£0.02,"0,11 €","0,12 €","0,13 €","0,12 €"
Chainsaw,,Rare,128,Duskmourn: House of Horror,https://product-images.s3.cardmarket.com/1/DSK/788424/788424.jpg,2584,"0,10 €","0,34 €","0,34 €","0,37 €","0,20 €"
Charred Foyer // Warped Space,,Mythic,129,Duskmourn: House of Horror,https://product-images.s3.cardmarket.com/1/DSK/786503/786503.jpg,1182,"0,50 €","1,26 €","1,34 €","1,34 €","0,90 €"
Clammy Prowler,,Common,45,Duskmourn: House of Horror,https://product-images.s3.cardmarket.com/1/DSK/786831/786831.jpg,16314,"0,02 €","0,08 €","0,05 €","0,11 €","0,09 €"
Clockwork Percussionist,,Common,130,Duskmourn: House of Horror,https://product-images.s3.cardmarket.com/1/DSK/788295/788295.jpg,9114,"0,02 €","0,12 €","0,15 €","0,11 €","0,05 €"
Come Back Wrong,,Rare,86,Duskmourn: House of Horror,https://product-images.s3.cardmarket.com/1/DSK/788129/788129.jpg,3329,"0,10 €","0,32 €","0,31 €","0,30 €","0,33 €"
Commune with Evil,,Uncommon,87,Duskmourn: House of Horror,https://product-images.s3.cardmarket.com/1/DSK/786366/786366.jpg,8811,"0,02 €","0,10 €","0,07 €","0,09 €","0,11 €"
Conductive Machete,,Uncommon,244,Duskmourn: House of Horror,https://product-images.s3.cardmarket.com/1/DSK/786874/786874.jpg,9644,"0,02 €","0,08 €","0,05 €","0,05 €","0,09 €"
Coordinated Clobbering,,Uncommon,173,Duskmourn: House of Horror,https://product-images.s3.cardmarket.com/1/DSK/788275/788275.jpg,8944,"0,02 €","0,07 €","0,08 €","0,06 €","0,05 €"
Cracked Skull,,Common,88,Duskmourn: House of Horror,https://product-images.s3.cardmarket.com/1/DSK/786869/786869.jpg,15935,"0,02 €","0,03 €","0,04 €","0,03 €","0,02 €"
Creeping Peeper,,Common,46,Duskmourn: House of Horror,https://product-images.s3.cardmarket.com/1/DSK/786823/786823.jpg,16390,"0,02 €","0,06 €","0,05 €","0,03 €","0,02 €"
Cryptid Inspector,,Common,174,Duskmourn: House of Horror,https://product-images.s3.cardmarket.com/1/DSK/788225/788225.jpg,16388,"0,02 €","0,04 €","0,04 €","0,03 €","0,04 €"
Cult Healer,,Common,2,Duskmourn: House of Horror,https://product-images.s3.cardmarket.com/1/DSK/786367/786367.jpg,16746,"0,02 €","0,03 €","0,03 €","0,02 €","0,02 €"
Cursed Recording,,Rare,131,Duskmourn: House of Horror,https://product-images.s3.cardmarket.com/1/DSK/786504/786504.jpg,5025,"0,02 €","0,16 €","0,16 €","0,13 €","0,17 €"
Cursed Windbreaker,,Uncommon,47,Duskmourn: House of Horror,https://product-images.s3.cardmarket.com/1/DSK/788251/788251.jpg,9330,"0,02 €","0,06 €","0,04 €","0,06 €","0,05 €"
Cynical Loner,,Uncommon,89,Duskmourn: House of Horror,https://product-images.s3.cardmarket.com/1/DSK/788248/788248.jpg,8824,"0,02 €","0,13 €","0,13 €","0,11 €","0,05 €"
Daggermaw Megalodon,,Common,48,Duskmourn: House of Horror,https://product-images.s3.cardmarket.com/1/DSK/786873/786873.jpg,16291,"0,02 €","0,07 €","0,07 €","0,04 €","0,02 €"
Dashing Bloodsucker,,Uncommon,90,Duskmourn: House of Horror,https://product-images.s3.cardmarket.com/1/DSK/786838/786838.jpg,9336,"0,02 €","0,02 €","0,04 €","0,02 €","0,02 €"
Dazzling Theater // Prop Room,,Rare,3,Duskmourn: House of Horror,https://product-images.s3.cardmarket.com/1/DSK/786858/786858.jpg,2247,"0,19 €","0,73 €","0,59 €","0,64 €","0,58 €"
Defiant Survivor,,Uncommon,175,Duskmourn: House of Horror,https://product-images.s3.cardmarket.com/1/DSK/788307/788307.jpg,8924,"0,02 €","0,14 €","0,08 €","0,11 €","0,08 €"
Defiled Crypt // Cadaver Lab,,Uncommon,91,Duskmourn: House of Horror,https://product-images.s3.cardmarket.com/1/DSK/786826/786826.jpg,7084,£0.02,"0,11 €","0,16 €","0,11 €","0,10 €"
Demonic Counsel,,Rare,92,Duskmourn: House of Horror,https://product-images.s3.cardmarket.com/1/DSK/788422/788422.jpg,2274,"0,62 €","1,18 €","1,23 €","1,26 €","1,68 €"
Derelict Attic // Widow's Walk,,Common,93,Duskmourn: House of Horror,https://product-images.s3.cardmarket.com/1/DSK/786441/786441.jpg,15695,"0,02 €","0,16 €","0,09 €","0,16 €","0,02 €"
Dissection Tools,,Rare,245,Duskmourn: House of Horror,https://product-images.s3.cardmarket.com/1/DSK/788229/788229.jpg,5643,"0,02 €","0,19 €","0,19 €","0,19 €","0,05 €"
Disturbing Mirth,,Uncommon,212,Duskmourn: House of Horror,https://product-images.s3.cardmarket.com/1/DSK/788122/788122.jpg,8914,"0,02 €","0,08 €","0,08 €","0,12 €","0,10 €"
Diversion Specialist,,Uncommon,132,Duskmourn: House of Horror,https://product-images.s3.cardmarket.com/1/DSK/786509/786509.jpg,9459,"0,02 €","0,06 €","0,05 €","0,06 €","0,02 €"
Dollmaker's Shop // Porcelain Gallery,,Mythic,4,Duskmourn: House of Horror,https://product-images.s3.cardmarket.com/1/DSK/788414/788414.jpg,1051,"2,85 €","3,52 €","3,49 €","3,58 €","3,52 €"
Don't Make a Sound,,Common,49,Duskmourn: House of Horror,https://product-images.s3.cardmarket.com/1/DSK/788309/788309.jpg,15838,"0,02 €","0,15 €","0,10 €","0,10 €","0,08 €"
Doomsday Excruciator,,Rare,94,Duskmourn: House of Horror,https://product-images.s3.cardmarket.com/1/DSK/788423/788423.jpg,3631,"0,10 €","0,28 €","0,28 €","0,24 €","0,21 €"
Drag to the Roots,,Uncommon,213,Duskmourn: House of Horror,https://product-images.s3.cardmarket.com/1/DSK/786597/786597.jpg,7675,"0,02 €","0,15 €","0,15 €","0,14 €","0,11 €"
Duskmourn's Domination,,Uncommon,50,Duskmourn: House of Horror,https://product-images.s3.cardmarket.com/1/DSK/788431/788431.jpg,9401,"0,02 €","0,04 €","0,03 €","0,02 €","0,02 €"
Emerge from the Cocoon,,Common,5,Duskmourn: House of Horror,https://product-images.s3.cardmarket.com/1/DSK/786368/786368.jpg,16677,"0,02 €","0,06 €","0,06 €","0,05 €","0,05 €"
Enduring Courage,,Rare,133,Duskmourn: House of Horror,https://product-images.s3.cardmarket.com/1/DSK/788173/788173.jpg,1001,"1,00 €","1,75 €","1,78 €","1,78 €","2,04 €"
Enduring Curiosity,,Rare,51,Duskmourn: House of Horror,https://product-images.s3.cardmarket.com/1/DSK/788263/788263.jpg,570,"4,49 €","7,42 €","7,01 €","7,26 €","8,98 €"
Enduring Innocence,,Rare,6,Duskmourn: House of Horror,https://product-images.s3.cardmarket.com/1/DSK/786861/786861.jpg,1784,"3,49 €","4,70 €","4,78 €","4,75 €","4,86 €"
Enduring Tenacity,,Rare,95,Duskmourn: House of Horror,https://product-images.s3.cardmarket.com/1/DSK/786442/786442.jpg,999,£1.89,"3,81 €","3,66 €","3,70 €","3,66 €"
Enduring Vitality,,Rare,176,Duskmourn: House of Horror,https://product-images.s3.cardmarket.com/1/DSK/788124/788124.jpg,1258,£2.49,"4,06 €","4,01 €","3,95 €","3,58 €"
Enter the Enigma,,Common,52,Duskmourn: House of Horror,https://product-images.s3.cardmarket.com/1/DSK/786383/786383.jpg,11298,"0,02 €","0,15 €","0,15 €","0,13 €","0,15 €"
Entity Tracker,,Rare,53,Duskmourn: House of Horror,https://product-images.s3.cardmarket.com/1/DSK/788294/788294.jpg,1539,"0,25 €","0,64 €","0,86 €","0,63 €","0,49 €"
Erratic Apparition,,Common,54,Duskmourn: House of Horror,https://product-images.s3.cardmarket.com/1/DSK/788171/788171.jpg,16764,"0,02 €","0,02 €","0,05 €","0,02 €","0,02 €"
Etched Cornfield,,Common,258,Duskmourn: House of Horror,https://product-images.s3.cardmarket.com/1/DSK/786617/786617.jpg,10147,"0,02 €","0,07 €","0,09 €","0,08 €","0,02 €"
Ethereal Armor,,Uncommon,7,Duskmourn: House of Horror,https://product-images.s3.cardmarket.com/1/DSK/786369/786369.jpg,3687,"0,02 €","0,29 €","0,28 €","0,31 €","0,28 €"
Exorcise,,Uncommon,8,Duskmourn: House of Horror,https://product-images.s3.cardmarket.com/1/DSK/786370/786370.jpg,4200,"0,05 €","0,34 €","0,35 €","0,33 €","0,30 €"
Fanatic of the Harrowing,,Common,96,Duskmourn: House of Horror,https://product-images.s3.cardmarket.com/1/DSK/786448/786448.jpg,16324,"0,02 €","0,07 €","0,08 €","0,12 €","0,02 €"
Fear of Abduction,,Uncommon,9,Duskmourn: House of Horror,https://product-images.s3.cardmarket.com/1/DSK/788228/788228.jpg,9264,"0,02 €","0,07 €","0,08 €","0,06 €","0,15 €"
Fear of Being Hunted,,Uncommon,134,Duskmourn: House of Horror,https://product-images.s3.cardmarket.com/1/DSK/788150/788150.jpg,9042,"0,02 €","0,09 €","0,07 €","0,09 €","0,04 €"
Fear of Burning Alive,,Uncommon,135,Duskmourn: House of Horror,https://product-images.s3.cardmarket.com/1/DSK/788256/788256.jpg,10114,"0,02 €","0,10 €","0,11 €","0,08 €","0,04 €"
Fear of Exposure,,Uncommon,177,Duskmourn: House of Horror,https://product-images.s3.cardmarket.com/1/DSK/788259/788259.jpg,9135,"0,02 €","0,05 €","0,07 €","0,04 €","0,02 €"
Fear of Failed Tests,,Uncommon,55,Duskmourn: House of Horror,https://product-images.s3.cardmarket.com/1/DSK/788298/788298.jpg,8910,"0,02 €","0,08 €","0,09 €","0,07 €","0,02 €"
Fear of Falling,,Uncommon,56,Duskmourn: House of Horror,https://product-images.s3.cardmarket.com/1/DSK/786387/786387.jpg,9364,"0,02 €","0,05 €","0,08 €","0,06 €","0,06 €"
Fear of Immobility,,Common,10,Duskmourn: House of Horror,https://product-images.s3.cardmarket.com/1/DSK/788300/788300.jpg,16462,"0,02 €","0,05 €","0,04 €","0,03 €","0,02 €"
Fear of Impostors,,Uncommon,57,Duskmourn: House of Horror,https://product-images.s3.cardmarket.com/1/DSK/788231/788231.jpg,7508,"0,02 €","0,15 €","0,15 €","0,16 €","0,09 €"
Fear of Infinity,,Uncommon,214,Duskmourn: House of Horror,https://product-images.s3.cardmarket.com/1/DSK/786598/786598.jpg,9033,"0,02 €","0,06 €","0,08 €","0,09 €","0,05 €"
Fear of Isolation,,Uncommon,58,Duskmourn: House of Horror,https://product-images.s3.cardmarket.com/1/DSK/786392/786392.jpg,6009,£0.02,"0,17 €","0,26 €","0,21 €","0,05 €"
Fear of Lost Teeth,,Common,97,Duskmourn: House of Horror,https://product-images.s3.cardmarket.com/1/DSK/786495/786495.jpg,15206,"0,02 €","0,02 €","0,09 €","0,02 €","0,02 €"
Fear of Missing Out,,Rare,136,Duskmourn: House of Horror,https://product-images.s3.cardmarket.com/1/DSK/786822/786822.jpg,1215,"4,40 €","5,00 €","5,14 €","5,07 €","5,66 €"
Fear of Surveillance,,Common,11,Duskmourn: House of Horror,https://product-images.s3.cardmarket.com/1/DSK/786371/786371.jpg,16243,"0,02 €","0,03 €","0,05 €","0,04 €","0,02 €"
Fear of the Dark,,Common,98,Duskmourn: House of Horror,https://product-images.s3.cardmarket.com/1/DSK/786496/786496.jpg,16517,"0,02 €","0,06 €","0,07 €","0,07 €","0,03 €"
Final Vengeance,,Common,99,Duskmourn: House of Horror,https://product-images.s3.cardmarket.com/1/DSK/786819/786819.jpg,14899,"0,02 €","0,09 €","0,07 €","0,07 €","0,27 €"
Flesh Burrower,,Common,178,Duskmourn: House of Horror,https://product-images.s3.cardmarket.com/1/DSK/788227/788227.jpg,15622,"0,02 €","0,11 €","0,08 €","0,07 €","0,04 €"
Floodfarm Verge,,Rare,259,Duskmourn: House of Horror,https://product-images.s3.cardmarket.com/1/DSK/786618/786618.jpg,810,"6,94 €","8,43 €","8,42 €","8,55 €","8,98 €"
Floodpits Drowner,,Uncommon,59,Duskmourn: House of Horror,https://product-images.s3.cardmarket.com/1/DSK/786394/786394.jpg,2500,"0,10 €","0,79 €","0,63 €","0,66 €","1,30 €"
Forest,V.1,Land,276,Duskmourn: House of Horror,https://product-images.s3.cardmarket.com/1/DSK/786630/786630.jpg,6556,£0.06,"0,29 €","0,37 €","0,31 €","0,20 €"
Forest,V.2,Land,285,Duskmourn: House of Horror,https://product-images.s3.cardmarket.com/1/DSK/788237/788237.jpg,5628,"0,04 €","0,12 €","0,11 €","0,11 €","0,24 €"
Forest,V.3,Land,286,Duskmourn: House of Horror,https://product-images.s3.cardmarket.com/1/DSK/788172/788172.jpg,5186,"0,05 €","0,13 €","0,13 €","0,13 €","0,08 €"
Found Footage,,Common,246,Duskmourn: House of Horror,https://product-images.s3.cardmarket.com/1/DSK/788290/788290.jpg,16581,"0,02 €","0,04 €","0,05 €","0,04 €","0,10 €"
Frantic Strength,,Common,179,Duskmourn: House of Horror,https://product-images.s3.cardmarket.com/1/DSK/788266/788266.jpg,15950,"0,02 €","0,12 €","0,07 €","0,07 €","0,02 €"
Friendly Ghost,,Common,12,Duskmourn: House of Horror,https://product-images.s3.cardmarket.com/1/DSK/786870/786870.jpg,16523,"0,02 €","0,02 €","0,03 €","0,02 €","0,02 €"
Friendly Teddy,,Common,247,Duskmourn: House of Horror,https://product-images.s3.cardmarket.com/1/DSK/788269/788269.jpg,7471,"0,02 €","0,16 €","0,10 €","0,11 €","0,35 €"
Funeral Room // Awakening Hall,,Mythic,100,Duskmourn: House of Horror,https://product-images.s3.cardmarket.com/1/DSK/786857/786857.jpg,1166,"1,99 €","4,29 €","3,95 €","4,19 €","3,83 €"
Get Out,,Uncommon,60,Duskmourn: House of Horror,https://product-images.s3.cardmarket.com/1/DSK/786867/786867.jpg,6109,£0.02,"0,17 €","0,22 €","0,20 €","0,08 €"
Ghost Vacuum,,Rare,248,Duskmourn: House of Horror,https://product-images.s3.cardmarket.com/1/DSK/788130/788130.jpg,1441,£2.24,"4,21 €","4,17 €","4,22 €","3,86 €"
Ghostly Dancers,,Rare,13,Duskmourn: House of Horror,https://product-images.s3.cardmarket.com/1/DSK/788255/788255.jpg,3961,"0,02 €","0,28 €","0,25 €","0,31 €","0,30 €"
Ghostly Keybearer,,Uncommon,61,Duskmourn: House of Horror,https://product-images.s3.cardmarket.com/1/DSK/788232/788232.jpg,9175,"0,02 €","0,04 €","0,09 €","0,06 €","0,02 €"
Give In to Violence,,Common,101,Duskmourn: House of Horror,https://product-images.s3.cardmarket.com/1/DSK/786877/786877.jpg,16455,"0,02 €","0,07 €","0,04 €","0,04 €","0,03 €"
Glassworks // Shattered Yard,,Common,137,Duskmourn: House of Horror,https://product-images.s3.cardmarket.com/1/DSK/786516/786516.jpg,15932,"0,02 €","0,10 €","0,08 €","0,09 €","0,02 €"
Glimmer Seeker,,Uncommon,14,Duskmourn: House of Horror,https://product-images.s3.cardmarket.com/1/DSK/788415/788415.jpg,9190,"0,02 €","0,11 €","0,07 €","0,10 €","0,08 €"
Glimmerburst,,Common,62,Duskmourn: House of Horror,https://product-images.s3.cardmarket.com/1/DSK/786859/786859.jpg,16152,"0,02 €","0,07 €","0,06 €","0,02 €","0,02 €"
Glimmerlight,,Common,249,Duskmourn: House of Horror,https://product-images.s3.cardmarket.com/1/DSK/786615/786615.jpg,16031,"0,02 €","0,09 €","0,08 €","0,07 €","0,02 €"
Gloomlake Verge,,Rare,260,Duskmourn: House of Horror,https://product-images.s3.cardmarket.com/1/DSK/786872/786872.jpg,959,"8,99 €","10,95 €","10,74 €","11,04 €","10,94 €"
Grab the Prize,,Common,138,Duskmourn: House of Horror,https://product-images.s3.cardmarket.com/1/DSK/786876/786876.jpg,4987,"0,02 €","0,28 €","0,33 €","0,31 €","0,35 €"
Grand Entryway // Elegant Rotunda,,Common,15,Duskmourn: House of Horror,https://product-images.s3.cardmarket.com/1/DSK/786372/786372.jpg,15116,"0,02 €","0,04 €","0,09 €","0,04 €","0,03 €"
Grasping Longneck,,Common,180,Duskmourn: House of Horror,https://product-images.s3.cardmarket.com/1/DSK/788246/788246.jpg,16478,"0,02 €","0,05 €","0,06 €","0,05 €","0,02 €"
Greenhouse // Rickety Gazebo,,Uncommon,181,Duskmourn: House of Horror,https://product-images.s3.cardmarket.com/1/DSK/786558/786558.jpg,8295,"0,02 €","0,20 €","0,13 €","0,22 €","0,50 €"
Gremlin Tamer,,Uncommon,215,Duskmourn: House of Horror,https://product-images.s3.cardmarket.com/1/DSK/786846/786846.jpg,7809,"0,02 €","0,14 €","0,13 €","0,14 €","0,12 €"
Grievous Wound,,Rare,102,Duskmourn: House of Horror,https://product-images.s3.cardmarket.com/1/DSK/786824/786824.jpg,4631,"0,08 €","0,25 €","0,24 €","0,19 €","0,17 €"
Growing Dread,,Uncommon,216,Duskmourn: House of Horror,https://product-images.s3.cardmarket.com/1/DSK/788296/788296.jpg,10865,"0,02 €","0,12 €","0,09 €","0,12 €","0,16 €"
Hand That Feeds,,Common,139,Duskmourn: House of Horror,https://product-images.s3.cardmarket.com/1/DSK/786851/786851.jpg,16405,"0,02 €","0,05 €","0,04 €","0,10 €","0,02 €"
Hardened Escort,,Common,16,Duskmourn: House of Horror,https://product-images.s3.cardmarket.com/1/DSK/788258/788258.jpg,16307,"0,02 €","0,05 €","0,07 €","0,03 €","0,02 €"
Haunted Screen,,Uncommon,250,Duskmourn: House of Horror,https://product-images.s3.cardmarket.com/1/DSK/788260/788260.jpg,9463,"0,02 €","0,08 €","0,05 €","0,04 €","0,03 €"
Hauntwoods Shrieker,,Mythic,182,Duskmourn: House of Horror,https://product-images.s3.cardmarket.com/1/DSK/788282/788282.jpg,1721,"0,69 €","1,32 €","1,29 €","1,26 €","1,23 €"
Hedge Shredder,,Rare,183,Duskmourn: House of Horror,https://product-images.s3.cardmarket.com/1/DSK/786559/786559.jpg,1269,"0,50 €","1,53 €","1,57 €","1,64 €","1,48 €"
Horrid Vigor,,Common,184,Duskmourn: House of Horror,https://product-images.s3.cardmarket.com/1/DSK/788289/788289.jpg,15011,"0,02 €","0,07 €","0,08 €","0,08 €","0,12 €"
House Cartographer,,Uncommon,185,Duskmourn: House of Horror,https://product-images.s3.cardmarket.com/1/DSK/788293/788293.jpg,8838,"0,02 €","0,12 €","0,09 €","0,10 €","0,08 €"
Hushwood Verge,,Rare,261,Duskmourn: House of Horror,https://product-images.s3.cardmarket.com/1/DSK/786847/786847.jpg,1062,"3,97 €","5,07 €","4,77 €","4,82 €","3,73 €"
Impossible Inferno,,Common,140,Duskmourn: House of Horror,https://product-images.s3.cardmarket.com/1/DSK/786818/786818.jpg,16343,"0,02 €","0,09 €","0,05 €","0,03 €","0,02 €"
Infernal Phantom,,Uncommon,141,Duskmourn: House of Horror,https://product-images.s3.cardmarket.com/1/DSK/788272/788272.jpg,9545,"0,02 €","0,03 €","0,04 €","0,03 €","0,02 €"
Innocuous Rat,,Common,103,Duskmourn: House of Horror,https://product-images.s3.cardmarket.com/1/DSK/786497/786497.jpg,15851,"0,02 €","0,14 €","0,05 €","0,03 €","0,02 €"
Inquisitive Glimmer,,Uncommon,217,Duskmourn: House of Horror,https://product-images.s3.cardmarket.com/1/DSK/786811/786811.jpg,6028,£0.02,"0,20 €","0,20 €","0,19 €","0,12 €"
Insidious Fungus,,Uncommon,186,Duskmourn: House of Horror,https://product-images.s3.cardmarket.com/1/DSK/788247/788247.jpg,3584,"0,05 €","0,37 €","0,39 €","0,38 €","0,35 €"
Intruding Soulrager,,Uncommon,218,Duskmourn: House of Horror,https://product-images.s3.cardmarket.com/1/DSK/786602/786602.jpg,9776,"0,02 €","0,05 €","0,04 €","0,04 €","0,02 €"
Irreverent Gremlin,,Uncommon,142,Duskmourn: House of Horror,https://product-images.s3.cardmarket.com/1/DSK/786519/786519.jpg,8147,"0,02 €","0,08 €","0,12 €","0,09 €","0,15 €"
Island,V.1,Land,273,Duskmourn: House of Horror,https://product-images.s3.cardmarket.com/1/DSK/786627/786627.jpg,6230,"0,05 €","0,39 €","0,37 €","0,37 €","0,71 €"
Island,V.2,Land,279,Duskmourn: House of Horror,https://product-images.s3.cardmarket.com/1/DSK/788178/788178.jpg,5379,"0,02 €","0,09 €","0,12 €","0,11 €","0,02 €"
Island,V.3,Land,280,Duskmourn: House of Horror,https://product-images.s3.cardmarket.com/1/DSK/788285/788285.jpg,4959,"0,02 €","0,12 €","0,13 €","0,16 €","0,25 €"
Jump Scare,,Common,17,Duskmourn: House of Horror,https://product-images.s3.cardmarket.com/1/DSK/788222/788222.jpg,16519,"0,02 €","0,07 €","0,09 €","0,04 €","0,02 €"
"Kaito, Bane of Nightmares",,Mythic,220,Duskmourn: House of Horror,https://product-images.s3.cardmarket.com/1/DSK/786604/786604.jpg,706,£13.00,"21,14 €","20,12 €","20,63 €","23,79 €"
Keys to the House,,Uncommon,251,Duskmourn: House of Horror,https://product-images.s3.cardmarket.com/1/DSK/786817/786817.jpg,9428,"0,02 €","0,16 €","0,09 €","0,14 €","0,05 €"
Killer's Mask,,Uncommon,104,Duskmourn: House of Horror,https://product-images.s3.cardmarket.com/1/DSK/788135/788135.jpg,9536,"0,02 €","0,06 €","0,04 €","0,04 €","0,15 €"
"Kona, Rescue Beastie",,Rare,187,Duskmourn: House of Horror,https://product-images.s3.cardmarket.com/1/DSK/786828/786828.jpg,1886,"0,30 €","0,80 €","0,80 €","0,78 €","0,66 €"
Lakeside Shack,,Common,262,Duskmourn: House of Horror,https://product-images.s3.cardmarket.com/1/DSK/786836/786836.jpg,9898,"0,02 €","0,09 €","0,10 €","0,07 €","0,12 €"
Let's Play a Game,,Uncommon,105,Duskmourn: House of Horror,https://product-images.s3.cardmarket.com/1/DSK/788243/788243.jpg,8614,"0,02 €","0,10 €","0,09 €","0,13 €","0,02 €"
Leyline of Hope,,Rare,18,Duskmourn: House of Horror,https://product-images.s3.cardmarket.com/1/DSK/788217/788217.jpg,3545,"0,10 €","0,39 €","0,35 €","0,38 €","0,43 €"
Leyline of Mutation,,Rare,188,Duskmourn: House of Horror,https://product-images.s3.cardmarket.com/1/DSK/788245/788245.jpg,5841,"0,05 €","0,16 €","0,20 €","0,15 €","0,09 €"
Leyline of Resonance,,Rare,143,Duskmourn: House of Horror,https://product-images.s3.cardmarket.com/1/DSK/786854/786854.jpg,3605,"0,09 €","0,37 €","0,47 €","0,48 €","0,42 €"
Leyline of the Void,,Rare,106,Duskmourn: House of Horror,https://product-images.s3.cardmarket.com/1/DSK/788254/788254.jpg,3128,"0,10 €","0,36 €","0,46 €","0,44 €","0,28 €"
Leyline of Transformation,,Rare,63,Duskmourn: House of Horror,https://product-images.s3.cardmarket.com/1/DSK/788126/788126.jpg,4656,"0,04 €","0,26 €","0,26 €","0,25 €","0,34 €"
Lionheart Glimmer,,Uncommon,19,Duskmourn: House of Horror,https://product-images.s3.cardmarket.com/1/DSK/786373/786373.jpg,8993,"0,02 €","0,08 €","0,07 €","0,10 €","0,12 €"
Live or Die,,Uncommon,107,Duskmourn: House of Horror,https://product-images.s3.cardmarket.com/1/DSK/786498/786498.jpg,8271,"0,02 €","0,10 €","0,10 €","0,12 €","0,14 €"
Living Phone,,Common,20,Duskmourn: House of Horror,https://product-images.s3.cardmarket.com/1/DSK/788174/788174.jpg,16561,"0,02 €","0,08 €","0,08 €","0,04 €","0,05 €"
Malevolent Chandelier,,Common,252,Duskmourn: House of Horror,https://product-images.s3.cardmarket.com/1/DSK/788297/788297.jpg,16426,"0,02 €","0,05 €","0,04 €","0,03 €","0,02 €"
Manifest Dread,,Common,189,Duskmourn: House of Horror,https://product-images.s3.cardmarket.com/1/DSK/786879/786879.jpg,16070,"0,02 €","0,06 €","0,08 €","0,08 €","0,02 €"
Marina Vendrell,,Rare,221,Duskmourn: House of Horror,https://product-images.s3.cardmarket.com/1/DSK/786606/786606.jpg,5445,"0,05 €","0,14 €","0,14 €","0,15 €","0,05 €"
Marina Vendrell's Grimoire,,Rare,64,Duskmourn: House of Horror,https://product-images.s3.cardmarket.com/1/DSK/786398/786398.jpg,5436,"0,05 €","0,18 €","0,12 €","0,08 €","0,20 €"
"Marvin, Murderous Mimic",,Rare,253,Duskmourn: House of Horror,https://product-images.s3.cardmarket.com/1/DSK/788283/788283.jpg,1480,"0,46 €","1,20 €","1,20 €","1,25 €","1,00 €"
Meat Locker // Drowned Diner,,Common,65,Duskmourn: House of Horror,https://product-images.s3.cardmarket.com/1/DSK/788419/788419.jpg,15426,"0,02 €","0,12 €","0,09 €","0,14 €","0,02 €"
Meathook Massacre II,,Mythic,108,Duskmourn: House of Horror,https://product-images.s3.cardmarket.com/1/DSK/788268/788268.jpg,1927,"1,30 €","2,26 €","2,16 €","2,29 €","2,73 €"
Miasma Demon,,Uncommon,109,Duskmourn: House of Horror,https://product-images.s3.cardmarket.com/1/DSK/786499/786499.jpg,9293,"0,02 €","0,16 €","0,09 €","0,13 €","0,02 €"
Midnight Mayhem,,Uncommon,222,Duskmourn: House of Horror,https://product-images.s3.cardmarket.com/1/DSK/788270/788270.jpg,9335,"0,02 €","0,06 €","0,08 €","0,06 €","0,02 €"
Mirror Room // Fractured Realm,,Mythic,67,Duskmourn: House of Horror,https://product-images.s3.cardmarket.com/1/DSK/788244/788244.jpg,1360,"0,90 €","1,76 €","1,87 €","1,83 €","1,78 €"
Moldering Gym // Weight Room,,Common,190,Duskmourn: House of Horror,https://product-images.s3.cardmarket.com/1/DSK/788220/788220.jpg,16051,"0,02 €","0,14 €","0,08 €","0,16 €","0,14 €"
Monstrous Emergence,,Common,191,Duskmourn: House of Horror,https://product-images.s3.cardmarket.com/1/DSK/788281/788281.jpg,14946,"0,02 €","0,11 €","0,10 €","0,13 €","0,41 €"
Most Valuable Slayer,,Common,144,Duskmourn: House of Horror,https://product-images.s3.cardmarket.com/1/DSK/786521/786521.jpg,16347,"0,02 €","0,02 €","0,05 €","0,02 €","0,03 €"
Mountain,V.1,Land,275,Duskmourn: House of Horror,https://product-images.s3.cardmarket.com/1/DSK/786629/786629.jpg,6305,"0,10 €","0,31 €","0,37 €","0,34 €","0,20 €"
Mountain,V.2,Land,283,Duskmourn: House of Horror,https://product-images.s3.cardmarket.com/1/DSK/788131/788131.jpg,4100,"0,02 €","0,10 €","0,12 €","0,11 €","0,05 €"
Mountain,V.3,Land,284,Duskmourn: House of Horror,https://product-images.s3.cardmarket.com/1/DSK/788303/788303.jpg,3606,"0,04 €","0,17 €","0,14 €","0,24 €","0,15 €"
Murder,,Common,110,Duskmourn: House of Horror,https://product-images.s3.cardmarket.com/1/DSK/788267/788267.jpg,15727,"0,02 €","0,07 €","0,05 €","0,07 €","0,05 €"
Murky Sewer,,Common,263,Duskmourn: House of Horror,https://product-images.s3.cardmarket.com/1/DSK/786619/786619.jpg,9643,"0,02 €","0,10 €","0,11 €","0,13 €","0,19 €"
"Nashi, Searcher in the Dark",,Rare,223,Duskmourn: House of Horror,https://product-images.s3.cardmarket.com/1/DSK/788242/788242.jpg,4969,"0,05 €","0,14 €","0,26 €","0,19 €","0,11 €"
Neglected Manor,,Common,264,Duskmourn: House of Horror,https://product-images.s3.cardmarket.com/1/DSK/786620/786620.jpg,9583,"0,02 €","0,02 €","0,14 €","0,08 €","0,02 €"
"Niko, Light of Hope",,Mythic,224,Duskmourn: House of Horror,https://product-images.s3.cardmarket.com/1/DSK/788132/788132.jpg,2378,"0,15 €","0,38 €","0,34 €","0,42 €","0,22 €"
"Norin, Swift Survivalist",,Uncommon,145,Duskmourn: House of Horror,https://product-images.s3.cardmarket.com/1/DSK/788133/788133.jpg,7925,"0,02 €","0,12 €","0,13 €","0,12 €","0,02 €"
Nowhere to Run,,Uncommon,111,Duskmourn: House of Horror,https://product-images.s3.cardmarket.com/1/DSK/788238/788238.jpg,3491,"0,20 €","0,96 €","0,95 €","0,92 €","0,43 €"
Oblivious Bookworm,,Uncommon,225,Duskmourn: House of Horror,https://product-images.s3.cardmarket.com/1/DSK/786607/786607.jpg,7541,"0,02 €","0,11 €","0,14 €","0,07 €","0,13 €"
Omnivorous Flytrap,,Rare,192,Duskmourn: House of Horror,https://product-images.s3.cardmarket.com/1/DSK/788426/788426.jpg,4060,£0.02,"0,13 €","0,15 €","0,13 €","0,09 €"
Optimistic Scavenger,,Uncommon,21,Duskmourn: House of Horror,https://product-images.s3.cardmarket.com/1/DSK/788224/788224.jpg,5225,£0.02,"0,11 €","0,17 €","0,15 €","0,19 €"
Orphans of the Wheat,,Uncommon,22,Duskmourn: House of Horror,https://product-images.s3.cardmarket.com/1/DSK/788239/788239.jpg,9241,"0,02 €","0,03 €","0,04 €","0,03 €","0,02 €"
Osseous Sticktwister,,Uncommon,112,Duskmourn: House of Horror,https://product-images.s3.cardmarket.com/1/DSK/786500/786500.jpg,7829,"0,02 €","0,17 €","0,13 €","0,14 €","0,08 €"
Overgrown Zealot,,Uncommon,193,Duskmourn: House of Horror,https://product-images.s3.cardmarket.com/1/DSK/786875/786875.jpg,10244,"0,02 €","0,15 €","0,12 €","0,11 €","0,11 €"
Overlord of the Balemurk,,Mythic,113,Duskmourn: House of Horror,https://product-images.s3.cardmarket.com/1/DSK/788257/788257.jpg,621,£18.75,"25,95 €","26,07 €","25,59 €","22,45 €"
Overlord of the Boilerbilges,,Mythic,146,Duskmourn: House of Horror,https://product-images.s3.cardmarket.com/1/DSK/786526/786526.jpg,1190,"1,99 €","2,61 €","2,96 €","2,71 €","2,78 €"
Overlord of the Floodpits,,Mythic,68,Duskmourn: House of Horror,https://product-images.s3.cardmarket.com/1/DSK/786407/786407.jpg,1197,"2,20 €","3,62 €","3,46 €","3,57 €","4,02 €"
Overlord of the Hauntwoods,,Mythic,194,Duskmourn: House of Horror,https://product-images.s3.cardmarket.com/1/DSK/786809/786809.jpg,1505,"10,00 €","10,96 €","11,12 €","11,07 €","11,00 €"
Overlord of the Mistmoors,,Mythic,23,Duskmourn: House of Horror,https://product-images.s3.cardmarket.com/1/DSK/786821/786821.jpg,1118,£4.15,"6,04 €","6,60 €","6,41 €","5,76 €"
Painter's Studio // Defaced Gallery,,Uncommon,147,Duskmourn: House of Horror,https://product-images.s3.cardmarket.com/1/DSK/786871/786871.jpg,7807,"0,02 €","0,10 €","0,11 €","0,11 €","0,19 €"
Paranormal Analyst,,Uncommon,69,Duskmourn: House of Horror,https://product-images.s3.cardmarket.com/1/DSK/786845/786845.jpg,8355,"0,02 €","0,08 €","0,12 €","0,12 €","0,02 €"
Patched Plaything,,Uncommon,24,Duskmourn: House of Horror,https://product-images.s3.cardmarket.com/1/DSK/786374/786374.jpg,9050,"0,02 €","0,06 €","0,06 €","0,08 €","0,05 €"
Patchwork Beastie,,Uncommon,195,Duskmourn: House of Horror,https://product-images.s3.cardmarket.com/1/DSK/786560/786560.jpg,6983,£0.02,"0,17 €","0,17 €","0,20 €","0,02 €"
Peculiar Lighthouse,,Common,265,Duskmourn: House of Horror,https://product-images.s3.cardmarket.com/1/DSK/786621/786621.jpg,9444,"0,02 €","0,16 €","0,15 €","0,13 €","0,23 €"
Peer Past the Veil,,Rare,226,Duskmourn: House of Horror,https://product-images.s3.cardmarket.com/1/DSK/788299/788299.jpg,5709,"0,05 €","0,11 €","0,17 €","0,15 €","0,16 €"
Piggy Bank,,Uncommon,148,Duskmourn: House of Horror,https://product-images.s3.cardmarket.com/1/DSK/788240/788240.jpg,8189,"0,02 €","0,13 €","0,13 €","0,13 €","0,07 €"
Piranha Fly,,Common,70,Duskmourn: House of Horror,https://product-images.s3.cardmarket.com/1/DSK/788280/788280.jpg,16878,"0,02 €","0,04 €","0,03 €","0,03 €","0,02 €"
Plains,V.1,Land,272,Duskmourn: House of Horror,https://product-images.s3.cardmarket.com/1/DSK/786626/786626.jpg,8357,"0,02 €","0,24 €","0,36 €","0,28 €","0,32 €"
Plains,V.2,Land,277,Duskmourn: House of Horror,https://product-images.s3.cardmarket.com/1/DSK/786631/786631.jpg,4030,"0,02 €","0,12 €","0,14 €","0,17 €","0,10 €"
Plains,V.3,Land,278,Duskmourn: House of Horror,https://product-images.s3.cardmarket.com/1/DSK/788284/788284.jpg,4030,"0,02 €","0,11 €","0,15 €","0,12 €","0,15 €"
Popular Egotist,,Uncommon,114,Duskmourn: House of Horror,https://product-images.s3.cardmarket.com/1/DSK/788301/788301.jpg,8865,"0,02 €","0,26 €","0,13 €","0,23 €","0,49 €"
Possessed Goat,,Common,25,Duskmourn: House of Horror,https://product-images.s3.cardmarket.com/1/DSK/786375/786375.jpg,16626,"0,02 €","0,05 €","0,04 €","0,05 €","0,02 €"
Pyroclasm,,Uncommon,149,Duskmourn: House of Horror,https://product-images.s3.cardmarket.com/1/DSK/788226/788226.jpg,6130,"0,02 €","0,24 €","0,25 €","0,22 €","0,10 €"
Ragged Playmate,,Common,150,Duskmourn: House of Horror,https://product-images.s3.cardmarket.com/1/DSK/786529/786529.jpg,16013,"0,02 €","0,09 €","0,10 €","0,09 €","0,10 €"
Rampaging Soulrager,,Common,151,Duskmourn: House of Horror,https://product-images.s3.cardmarket.com/1/DSK/788223/788223.jpg,16741,"0,02 €","0,03 €","0,03 €","0,02 €","0,02 €"
Raucous Carnival,,Common,266,Duskmourn: House of Horror,https://product-images.s3.cardmarket.com/1/DSK/786622/786622.jpg,9538,"0,02 €","0,09 €","0,12 €","0,05 €","0,09 €"
Razorkin Hordecaller,,Uncommon,152,Duskmourn: House of Horror,https://product-images.s3.cardmarket.com/1/DSK/788219/788219.jpg,9272,"0,02 €","0,06 €","0,05 €","0,06 €","0,06 €"
Razorkin Needlehead,,Rare,153,Duskmourn: House of Horror,https://product-images.s3.cardmarket.com/1/DSK/788310/788310.jpg,1091,"3,50 €","4,54 €","4,67 €","4,49 €","4,07 €"
Razortrap Gorge,,Common,267,Duskmourn: House of Horror,https://product-images.s3.cardmarket.com/1/DSK/786623/786623.jpg,5092,"0,02 €","0,21 €","0,20 €","0,23 €","0,20 €"
Reluctant Role Model,,Rare,26,Duskmourn: House of Horror,https://product-images.s3.cardmarket.com/1/DSK/788416/788416.jpg,3219,"0,10 €","0,27 €","0,26 €","0,26 €","0,25 €"
Restricted Office // Lecture Hall,,Rare,227,Duskmourn: House of Horror,https://product-images.s3.cardmarket.com/1/DSK/786608/786608.jpg,4978,"0,07 €","0,32 €","0,21 €","0,27 €","0,05 €"
Resurrected Cultist,,Common,115,Duskmourn: House of Horror,https://product-images.s3.cardmarket.com/1/DSK/786812/786812.jpg,16542,"0,02 €","0,02 €","0,03 €","0,02 €","0,02 €"
"Rip, Spawn Hunter",,Rare,228,Duskmourn: House of Horror,https://product-images.s3.cardmarket.com/1/DSK/788187/788187.jpg,5552,"0,04 €","0,15 €","0,13 €","0,14 €","0,17 €"
Ripchain Razorkin,,Common,154,Duskmourn: House of Horror,https://product-images.s3.cardmarket.com/1/DSK/786534/786534.jpg,16671,"0,02 €","0,07 €","0,04 €","0,07 €","0,02 €"
Rite of the Moth,,Uncommon,229,Duskmourn: House of Horror,https://product-images.s3.cardmarket.com/1/DSK/788428/788428.jpg,9121,"0,02 €","0,05 €","0,07 €","0,06 €","0,02 €"
Roaring Furnace // Steaming Sauna,,Rare,230,Duskmourn: House of Horror,https://product-images.s3.cardmarket.com/1/DSK/788233/788233.jpg,2795,"0,08 €","0,41 €","0,40 €","0,38 €","0,37 €"
Rootwise Survivor,,Uncommon,196,Duskmourn: House of Horror,https://product-images.s3.cardmarket.com/1/DSK/786561/786561.jpg,9590,"0,02 €","0,08 €","0,06 €","0,07 €","0,02 €"
Savior of the Small,,Uncommon,27,Duskmourn: House of Horror,https://product-images.s3.cardmarket.com/1/DSK/788279/788279.jpg,9182,"0,02 €","0,08 €","0,07 €","0,12 €","0,02 €"
Saw,,Uncommon,254,Duskmourn: House of Horror,https://product-images.s3.cardmarket.com/1/DSK/788181/788181.jpg,9551,"0,02 €","0,09 €","0,08 €","0,07 €","0,02 €"
Sawblade Skinripper,,Uncommon,231,Duskmourn: House of Horror,https://product-images.s3.cardmarket.com/1/DSK/788429/788429.jpg,8938,"0,02 €","0,13 €","0,09 €","0,11 €","0,35 €"
Say Its Name,,Common,197,Duskmourn: House of Horror,https://product-images.s3.cardmarket.com/1/DSK/788250/788250.jpg,15893,"0,02 €","0,08 €","0,09 €","0,11 €","0,05 €"
Scorching Dragonfire,,Common,156,Duskmourn: House of Horror,https://product-images.s3.cardmarket.com/1/DSK/788432/788432.jpg,16270,"0,02 €","0,04 €","0,06 €","0,08 €","0,02 €"
Scrabbling Skullcrab,,Uncommon,71,Duskmourn: House of Horror,https://product-images.s3.cardmarket.com/1/DSK/786410/786410.jpg,8939,"0,02 €","0,08 €","0,11 €","0,14 €","0,10 €"
Screaming Nemesis,,Mythic,157,Duskmourn: House of Horror,https://product-images.s3.cardmarket.com/1/DSK/788177/788177.jpg,872,£6.45,"11,40 €","10,53 €","10,79 €","10,62 €"
Seized from Slumber,,Common,28,Duskmourn: House of Horror,https://product-images.s3.cardmarket.com/1/DSK/786815/786815.jpg,16216,"0,02 €","0,06 €","0,05 €","0,05 €","0,06 €"
Shardmage's Rescue,,Uncommon,29,Duskmourn: House of Horror,https://product-images.s3.cardmarket.com/1/DSK/788417/788417.jpg,5806,"0,02 €","0,20 €","0,22 €","0,21 €","0,27 €"
Sheltered by Ghosts,,Uncommon,30,Duskmourn: House of Horror,https://product-images.s3.cardmarket.com/1/DSK/786376/786376.jpg,1575,"2,49 €","3,40 €","3,37 €","3,45 €","3,73 €"
Shepherding Spirits,,Common,31,Duskmourn: House of Horror,https://product-images.s3.cardmarket.com/1/DSK/788121/788121.jpg,16562,"0,02 €","0,04 €","0,05 €","0,05 €","0,02 €"
Shrewd Storyteller,,Uncommon,232,Duskmourn: House of Horror,https://product-images.s3.cardmarket.com/1/DSK/788262/788262.jpg,9494,£0.02,"0,09 €","0,08 €","0,12 €","0,02 €"
Shroudstomper,,Uncommon,233,Duskmourn: House of Horror,https://product-images.s3.cardmarket.com/1/DSK/786829/786829.jpg,9235,"0,02 €","0,07 €","0,07 €","0,10 €","0,02 €"
Silent Hallcreeper,,Rare,72,Duskmourn: House of Horror,https://product-images.s3.cardmarket.com/1/DSK/786414/786414.jpg,1663,"0,50 €","1,22 €","1,27 €","1,32 €","1,17 €"
Skullsnap Nuisance,,Uncommon,234,Duskmourn: House of Horror,https://product-images.s3.cardmarket.com/1/DSK/788430/788430.jpg,9523,"0,02 €","0,11 €","0,09 €","0,21 €","0,02 €"
Slavering Branchsnapper,,Common,198,Duskmourn: House of Horror,https://product-images.s3.cardmarket.com/1/DSK/786562/786562.jpg,16009,"0,02 €","0,06 €","0,09 €","0,05 €","0,02 €"
Smoky Lounge // Misty Salon,,Uncommon,235,Duskmourn: House of Horror,https://product-images.s3.cardmarket.com/1/DSK/786830/786830.jpg,9192,"0,02 €","0,05 €","0,08 €","0,09 €","0,02 €"
Spectral Snatcher,,Common,116,Duskmourn: House of Horror,https://product-images.s3.cardmarket.com/1/DSK/788306/788306.jpg,16197,"0,02 €","0,07 €","0,08 €","0,08 €","0,04 €"
Spineseeker Centipede,,Common,199,Duskmourn: House of Horror,https://product-images.s3.cardmarket.com/1/DSK/786594/786594.jpg,16377,"0,02 €","0,03 €","0,05 €","0,03 €","0,04 €"
Split Up,,Rare,32,Duskmourn: House of Horror,https://product-images.s3.cardmarket.com/1/DSK/786377/786377.jpg,958,£1.00,"2,27 €","2,36 €","2,31 €","2,31 €"
Splitskin Doll,,Uncommon,33,Duskmourn: House of Horror,https://product-images.s3.cardmarket.com/1/DSK/786378/786378.jpg,7380,"0,02 €","0,18 €","0,16 €","0,20 €","0,28 €"
Sporogenic Infection,,Uncommon,117,Duskmourn: House of Horror,https://product-images.s3.cardmarket.com/1/DSK/788278/788278.jpg,8587,"0,02 €","0,08 €","0,10 €","0,10 €","0,03 €"
Stalked Researcher,,Common,73,Duskmourn: House of Horror,https://product-images.s3.cardmarket.com/1/DSK/788165/788165.jpg,16704,"0,02 €","0,05 €","0,04 €","0,09 €","0,02 €"
"Stay Hidden, Stay Silent",,Uncommon,74,Duskmourn: House of Horror,https://product-images.s3.cardmarket.com/1/DSK/786825/786825.jpg,8588,"0,02 €","0,02 €","0,07 €","0,04 €","0,02 €"
Strangled Cemetery,,Common,268,Duskmourn: House of Horror,https://product-images.s3.cardmarket.com/1/DSK/786624/786624.jpg,9345,"0,02 €","0,08 €","0,11 €","0,08 €","0,06 €"
Surgical Suite // Hospital Room,,Uncommon,34,Duskmourn: House of Horror,https://product-images.s3.cardmarket.com/1/DSK/786840/786840.jpg,7919,"0,02 €","0,16 €","0,11 €","0,16 €","0,06 €"
Swamp,V.1,Land,274,Duskmourn: House of Horror,https://product-images.s3.cardmarket.com/1/DSK/786628/786628.jpg,3272,£0.15,"0,62 €","0,60 €","0,66 €","0,85 €"
Swamp,V.2,Land,281,Duskmourn: House of Horror,https://product-images.s3.cardmarket.com/1/DSK/788276/788276.jpg,5744,"0,02 €","0,13 €","0,13 €","0,17 €","0,25 €"
Swamp,V.3,Land,282,Duskmourn: House of Horror,https://product-images.s3.cardmarket.com/1/DSK/788273/788273.jpg,5046,"0,04 €","0,11 €","0,14 €","0,18 €","0,08 €"
Terramorphic Expanse,,Common,269,Duskmourn: House of Horror,https://product-images.s3.cardmarket.com/1/DSK/786625/786625.jpg,13341,"0,03 €","0,10 €","0,09 €","0,09 €","0,12 €"
The Jolly Balloon Man,,Rare,219,Duskmourn: House of Horror,https://product-images.s3.cardmarket.com/1/DSK/788286/788286.jpg,2770,"0,09 €","0,35 €","0,38 €","0,36 €","0,24 €"
The Mindskinner,,Rare,66,Duskmourn: House of Horror,https://product-images.s3.cardmarket.com/1/DSK/788420/788420.jpg,2027,"0,25 €","0,60 €","0,61 €","0,62 €","0,48 €"
The Rollercrusher Ride,,Mythic,155,Duskmourn: House of Horror,https://product-images.s3.cardmarket.com/1/DSK/788221/788221.jpg,2014,"0,30 €","0,62 €","0,62 €","0,63 €","0,99 €"
The Swarmweaver,,Rare,236,Duskmourn: House of Horror,https://product-images.s3.cardmarket.com/1/DSK/786609/786609.jpg,3699,"0,05 €","0,25 €","0,24 €","0,28 €","0,57 €"
The Tale of Tamiyo,,Rare,75,Duskmourn: House of Horror,https://product-images.s3.cardmarket.com/1/DSK/786417/786417.jpg,6208,"0,05 €","0,22 €","0,15 €","0,22 €","0,08 €"
The Wandering Rescuer,,Mythic,41,Duskmourn: House of Horror,https://product-images.s3.cardmarket.com/1/DSK/786381/786381.jpg,1622,"0,90 €","1,46 €","1,44 €","1,46 €","1,21 €"
Thornspire Verge,,Rare,270,Duskmourn: House of Horror,https://product-images.s3.cardmarket.com/1/DSK/786820/786820.jpg,1430,"4,60 €","5,13 €","4,91 €","5,19 €","4,81 €"
Threats Around Every Corner,,Uncommon,200,Duskmourn: House of Horror,https://product-images.s3.cardmarket.com/1/DSK/786843/786843.jpg,7392,"0,02 €","0,13 €","0,14 €","0,11 €","0,13 €"
Ticket Booth // Tunnel of Hate,,Common,158,Duskmourn: House of Horror,https://product-images.s3.cardmarket.com/1/DSK/786550/786550.jpg,16604,"0,02 €","0,17 €","0,11 €","0,16 €","0,02 €"
"Toby, Beastie Befriender",,Rare,35,Duskmourn: House of Horror,https://product-images.s3.cardmarket.com/1/DSK/788271/788271.jpg,3886,"0,02 €","0,20 €","0,22 €","0,19 €","0,21 €"
Trapped in the Screen,,Common,36,Duskmourn: House of Horror,https://product-images.s3.cardmarket.com/1/DSK/786379/786379.jpg,15933,"0,02 €","0,07 €","0,10 €","0,08 €","0,16 €"
Trial of Agony,,Uncommon,159,Duskmourn: House of Horror,https://product-images.s3.cardmarket.com/1/DSK/788425/788425.jpg,9031,"0,02 €","0,06 €","0,08 €","0,05 €","0,04 €"
Tunnel Surveyor,,Common,76,Duskmourn: House of Horror,https://product-images.s3.cardmarket.com/1/DSK/788176/788176.jpg,16878,"0,02 €","0,02 €","0,03 €","0,02 €","0,02 €"
Turn Inside Out,,Common,160,Duskmourn: House of Horror,https://product-images.s3.cardmarket.com/1/DSK/788252/788252.jpg,14414,"0,02 €","0,08 €","0,11 €","0,11 €","0,14 €"
Twist Reality,,Common,77,Duskmourn: House of Horror,https://product-images.s3.cardmarket.com/1/DSK/786860/786860.jpg,16202,"0,02 €","0,06 €","0,07 €","0,07 €","0,04 €"
Twitching Doll,,Rare,201,Duskmourn: House of Horror,https://product-images.s3.cardmarket.com/1/DSK/786835/786835.jpg,2753,"0,05 €","0,46 €","0,40 €","0,41 €","0,49 €"
"Tyvar, the Pummeler",,Mythic,202,Duskmourn: House of Horror,https://product-images.s3.cardmarket.com/1/DSK/786595/786595.jpg,926,"1,75 €","3,17 €","3,37 €","3,19 €","3,00 €"
Unable to Scream,,Common,78,Duskmourn: House of Horror,https://product-images.s3.cardmarket.com/1/DSK/786813/786813.jpg,8142,"0,02 €","0,30 €","0,23 €","0,25 €","0,16 €"
Undead Sprinter,,Rare,237,Duskmourn: House of Horror,https://product-images.s3.cardmarket.com/1/DSK/786610/786610.jpg,5103,"0,04 €","0,16 €","0,14 €","0,15 €","0,25 €"
Under the Skin,,Uncommon,203,Duskmourn: House of Horror,https://product-images.s3.cardmarket.com/1/DSK/786596/786596.jpg,7153,"0,02 €","0,14 €","0,13 €","0,13 €","0,05 €"
Underwater Tunnel // Slimy Aquarium,,Common,79,Duskmourn: House of Horror,https://product-images.s3.cardmarket.com/1/DSK/788277/788277.jpg,16450,"0,02 €","0,14 €","0,07 €","0,10 €","0,08 €"
Unholy Annex // Ritual Chamber,,Rare,118,Duskmourn: House of Horror,https://product-images.s3.cardmarket.com/1/DSK/788235/788235.jpg,2056,"1,50 €","2,51 €","2,46 €","2,52 €","2,19 €"
Unidentified Hovership,,Rare,37,Duskmourn: House of Horror,https://product-images.s3.cardmarket.com/1/DSK/786834/786834.jpg,4802,"0,02 €","0,16 €","0,14 €","0,15 €","0,20 €"
Unnerving Grasp,,Uncommon,80,Duskmourn: House of Horror,https://product-images.s3.cardmarket.com/1/DSK/788421/788421.jpg,9203,"0,02 €","0,10 €","0,07 €","0,13 €","0,02 €"
Unsettling Twins,,Common,38,Duskmourn: House of Horror,https://product-images.s3.cardmarket.com/1/DSK/788418/788418.jpg,16596,"0,02 €","0,08 €","0,05 €","0,08 €","0,03 €"
Unstoppable Slasher,,Rare,119,Duskmourn: House of Horror,https://product-images.s3.cardmarket.com/1/DSK/788120/788120.jpg,1175,"1,95 €","2,91 €","2,79 €","2,94 €","2,74 €"
Untimely Malfunction,,Uncommon,161,Duskmourn: House of Horror,https://product-images.s3.cardmarket.com/1/DSK/786556/786556.jpg,530,"2,50 €","4,72 €","4,59 €","4,66 €","4,26 €"
Unwanted Remake,,Uncommon,39,Duskmourn: House of Horror,https://product-images.s3.cardmarket.com/1/DSK/786816/786816.jpg,6437,£0.02,"0,14 €","0,15 €","0,15 €","0,04 €"
Unwilling Vessel,,Uncommon,81,Duskmourn: House of Horror,https://product-images.s3.cardmarket.com/1/DSK/788308/788308.jpg,9399,"0,02 €","0,02 €","0,04 €","0,02 €","0,02 €"
"Valgavoth, Terror Eater",,Mythic,120,Duskmourn: House of Horror,https://product-images.s3.cardmarket.com/1/DSK/786827/786827.jpg,1073,"12,93 €","14,86 €","14,88 €","14,62 €","13,17 €"
Valgavoth's Faithful,,Uncommon,121,Duskmourn: House of Horror,https://product-images.s3.cardmarket.com/1/DSK/786501/786501.jpg,7678,£0.02,"0,20 €","0,15 €","0,18 €","0,49 €"
Valgavoth's Lair,,Rare,271,Duskmourn: House of Horror,https://product-images.s3.cardmarket.com/1/DSK/786864/786864.jpg,2410,"0,39 €","0,83 €","0,86 €","0,86 €","0,55 €"
Valgavoth's Onslaught,,Rare,204,Duskmourn: House of Horror,https://product-images.s3.cardmarket.com/1/DSK/788137/788137.jpg,4903,"0,02 €","0,14 €","0,20 €","0,19 €","0,17 €"
Vanish from Sight,,Common,82,Duskmourn: House of Horror,https://product-images.s3.cardmarket.com/1/DSK/786425/786425.jpg,16853,"0,02 €","0,11 €","0,07 €","0,08 €","0,02 €"
Vengeful Possession,,Uncommon,162,Duskmourn: House of Horror,https://product-images.s3.cardmarket.com/1/DSK/786810/786810.jpg,7643,"0,02 €","0,15 €","0,15 €","0,18 €","0,20 €"
Veteran Survivor,,Uncommon,40,Duskmourn: House of Horror,https://product-images.s3.cardmarket.com/1/DSK/786380/786380.jpg,8363,"0,02 €","0,08 €","0,13 €","0,09 €","0,13 €"
Vicious Clown,,Common,163,Duskmourn: House of Horror,https://product-images.s3.cardmarket.com/1/DSK/788253/788253.jpg,16834,"0,02 €","0,04 €","0,05 €","0,03 €","0,02 €"
"Victor, Valgavoth's Seneschal",,Rare,238,Duskmourn: House of Horror,https://product-images.s3.cardmarket.com/1/DSK/786611/786611.jpg,4860,"0,02 €","0,12 €","0,16 €","0,16 €","0,10 €"
Vile Mutilator,,Uncommon,122,Duskmourn: House of Horror,https://product-images.s3.cardmarket.com/1/DSK/786502/786502.jpg,9764,"0,02 €","0,10 €","0,13 €","0,13 €","0,23 €"
Violent Urge,,Uncommon,164,Duskmourn: House of Horror,https://product-images.s3.cardmarket.com/1/DSK/786848/786848.jpg,3485,"0,02 €","0,35 €","0,35 €","0,36 €","0,45 €"
Walk-In Closet // Forgotten Cellar,,Mythic,205,Duskmourn: House of Horror,https://product-images.s3.cardmarket.com/1/DSK/788127/788127.jpg,517,"4,59 €","6,73 €","6,45 €","6,64 €","6,54 €"
Waltz of Rage,,Rare,165,Duskmourn: House of Horror,https://product-images.s3.cardmarket.com/1/DSK/788249/788249.jpg,5174,"0,02 €","0,18 €","0,18 €","0,16 €","0,16 €"
Wary Watchdog,,Common,206,Duskmourn: House of Horror,https://product-images.s3.cardmarket.com/1/DSK/788427/788427.jpg,16139,"0,02 €","0,05 €","0,06 €","0,04 €","0,02 €"
Wickerfolk Thresher,,Uncommon,207,Duskmourn: House of Horror,https://product-images.s3.cardmarket.com/1/DSK/786856/786856.jpg,8619,"0,02 €","0,27 €","0,11 €","0,24 €","0,49 €"
Wildfire Wickerfolk,,Uncommon,239,Duskmourn: House of Horror,https://product-images.s3.cardmarket.com/1/DSK/786612/786612.jpg,7962,"0,02 €","0,13 €","0,14 €","0,12 €","0,05 €"
"Winter, Misanthropic Guide",,Rare,240,Duskmourn: House of Horror,https://product-images.s3.cardmarket.com/1/DSK/788288/788288.jpg,5492,"0,02 €","0,14 €","0,15 €","0,19 €","0,02 €"
Winter's Intervention,,Common,123,Duskmourn: House of Horror,https://product-images.s3.cardmarket.com/1/DSK/786850/786850.jpg,16538,"0,02 €","0,02 €","0,07 €","0,03 €","0,02 €"
Withering Torment,,Uncommon,124,Duskmourn: House of Horror,https://product-images.s3.cardmarket.com/1/DSK/788139/788139.jpg,1295,"1,20 €","2,14 €","2,13 €","2,03 €","2,07 €"
"Zimone, All-Questioning",,Rare,241,Duskmourn: House of Horror,https://product-images.s3.cardmarket.com/1/DSK/786613/786613.jpg,5798,"0,02 €","0,11 €","0,11 €","0,12 €","0,09 €"
"Adagia, Windswept Bastion",,Mythic,250,Edge of Eternities,https://product-images.s3.cardmarket.com/1/EOE/834032/834032.jpg,849,"3,90 €","5,20 €","5,02 €","5,11 €","4,89 €"
All-Fates Scroll,,Uncommon,234,Edge of Eternities,https://product-images.s3.cardmarket.com/1/EOE/830491/830491.jpg,6824,"0,02 €","0,21 €","0,15 €","0,12 €","0,21 €"
All-Fates Stalker,,Uncommon,3,Edge of Eternities,https://product-images.s3.cardmarket.com/1/EOE/830487/830487.jpg,7188,"0,02 €","0,14 €","0,11 €","0,13 €","0,35 €"
"Alpharael, Dreaming Acolyte",,Uncommon,212,Edge of Eternities,https://product-images.s3.cardmarket.com/1/EOE/836839/836839.jpg,7993,"0,02 €","0,06 €","0,05 €","0,04 €","0,09 €"
"Alpharael, Stonechosen",,Mythic,87,Edge of Eternities,https://product-images.s3.cardmarket.com/1/EOE/835355/835355.jpg,1879,"0,30 €","0,50 €","0,55 €","0,44 €","0,36 €"
Annul,,Uncommon,46,Edge of Eternities,https://product-images.s3.cardmarket.com/1/EOE/836778/836778.jpg,5224,"0,02 €","0,24 €","0,21 €","0,25 €","0,28 €"
Anticausal Vestige,,Rare,1,Edge of Eternities,https://product-images.s3.cardmarket.com/1/EOE/834060/834060.jpg,1428,"0,55 €","1,39 €","1,42 €","1,48 €","1,37 €"
Archenemy's Charm,,Rare,88,Edge of Eternities,https://product-images.s3.cardmarket.com/1/EOE/834677/834677.jpg,1745,"0,20 €","0,88 €","0,94 €","0,86 €","0,83 €"
Astelli Reclaimer,,Rare,4,Edge of Eternities,https://product-images.s3.cardmarket.com/1/EOE/835020/835020.jpg,3468,"0,10 €","0,34 €","0,32 €","0,32 €","0,38 €"
Atmospheric Greenhouse,,Uncommon,171,Edge of Eternities,https://product-images.s3.cardmarket.com/1/EOE/836826/836826.jpg,7656,"0,02 €","0,11 €","0,08 €","0,12 €","0,07 €"
Atomic Microsizer,,Uncommon,47,Edge of Eternities,https://product-images.s3.cardmarket.com/1/EOE/834648/834648.jpg,7949,"0,02 €","0,10 €","0,06 €","0,07 €","0,05 €"
Auxiliary Boosters,,Common,5,Edge of Eternities,https://product-images.s3.cardmarket.com/1/EOE/833833/833833.jpg,14849,"0,02 €","0,04 €","0,04 €","0,04 €","0,02 €"
Banishing Light,,Common,6,Edge of Eternities,https://product-images.s3.cardmarket.com/1/EOE/836764/836764.jpg,14706,"0,02 €","0,06 €","0,05 €","0,04 €","0,03 €"
Beamsaw Prospector,,Common,89,Edge of Eternities,https://product-images.s3.cardmarket.com/1/EOE/833845/833845.jpg,14395,"0,02 €","0,05 €","0,05 €","0,03 €","0,02 €"
Beyond the Quiet,,Rare,7,Edge of Eternities,https://product-images.s3.cardmarket.com/1/EOE/833834/833834.jpg,3959,"0,02 €","0,31 €","0,26 €","0,25 €","0,19 €"
Bioengineered Future,,Rare,172,Edge of Eternities,https://product-images.s3.cardmarket.com/1/EOE/835360/835360.jpg,4561,"0,05 €","0,27 €","0,22 €","0,23 €","0,45 €"
Biomechan Engineer,,Uncommon,213,Edge of Eternities,https://product-images.s3.cardmarket.com/1/EOE/834015/834015.jpg,7646,"0,02 €","0,12 €","0,11 €","0,14 €","0,15 €"
Biosynthic Burst,,Common,173,Edge of Eternities,https://product-images.s3.cardmarket.com/1/EOE/835036/835036.jpg,13174,"0,02 €","0,13 €","0,08 €","0,09 €","0,06 €"
Biotech Specialist,,Rare,214,Edge of Eternities,https://product-images.s3.cardmarket.com/1/EOE/835040/835040.jpg,3617,£0.05,"0,28 €","0,30 €","0,26 €","0,27 €"
Blade of the Swarm,,Uncommon,90,Edge of Eternities,https://product-images.s3.cardmarket.com/1/EOE/836796/836796.jpg,8127,"0,02 €","0,15 €","0,06 €","0,14 €","0,10 €"
Blooming Stinger,,Common,174,Edge of Eternities,https://product-images.s3.cardmarket.com/1/EOE/836827/836827.jpg,14581,"0,02 €","0,05 €","0,05 €","0,03 €","0,02 €"
Bombard,,Common,129,Edge of Eternities,https://product-images.s3.cardmarket.com/1/EOE/836809/836809.jpg,14395,"0,02 €","0,03 €","0,05 €","0,02 €","0,02 €"
Breeding Pool,,Rare,251,Edge of Eternities,https://product-images.s3.cardmarket.com/1/EOE/834899/834899.jpg,1612,"7,98 €","8,55 €","8,59 €","8,68 €","7,94 €"
Brightspear Zealot,,Common,8,Edge of Eternities,https://product-images.s3.cardmarket.com/1/EOE/835348/835348.jpg,14736,"0,02 €","0,06 €","0,04 €","0,05 €","0,02 €"
Broodguard Elite,,Uncommon,175,Edge of Eternities,https://product-images.s3.cardmarket.com/1/EOE/836828/836828.jpg,7262,"0,02 €","0,11 €","0,10 €","0,09 €","0,08 €"
Bygone Colossus,,Uncommon,235,Edge of Eternities,https://product-images.s3.cardmarket.com/1/EOE/835043/835043.jpg,6388,"0,02 €","0,15 €","0,15 €","0,16 €","0,08 €"
Cerebral Download,,Uncommon,48,Edge of Eternities,https://product-images.s3.cardmarket.com/1/EOE/836301/836301.jpg,7808,"0,02 €","0,12 €","0,10 €","0,11 €","0,18 €"
Chorale of the Void,,Rare,91,Edge of Eternities,https://product-images.s3.cardmarket.com/1/EOE/836692/836692.jpg,4984,"0,02 €","0,22 €","0,19 €","0,20 €","0,22 €"
Chrome Companion,,Common,236,Edge of Eternities,https://product-images.s3.cardmarket.com/1/EOE/834025/834025.jpg,14067,"0,02 €","0,07 €","0,09 €","0,06 €","0,14 €"
Close Encounter,,Uncommon,176,Edge of Eternities,https://product-images.s3.cardmarket.com/1/EOE/834880/834880.jpg,8060,"0,02 €","0,11 €","0,09 €","0,12 €","0,02 €"
Cloudsculpt Technician,,Common,49,Edge of Eternities,https://product-images.s3.cardmarket.com/1/EOE/836686/836686.jpg,14733,"0,02 €","0,06 €","0,03 €","0,05 €","0,02 €"
Codecracker Hound,,Uncommon,50,Edge of Eternities,https://product-images.s3.cardmarket.com/1/EOE/836780/836780.jpg,7816,"0,02 €","0,09 €","0,07 €","0,09 €","0,02 €"
Comet Crawler,,Common,92,Edge of Eternities,https://product-images.s3.cardmarket.com/1/EOE/835028/835028.jpg,14401,"0,02 €","0,02 €","0,07 €","0,02 €","0,02 €"
Command Bridge,,Common,252,Edge of Eternities,https://product-images.s3.cardmarket.com/1/EOE/830492/830492.jpg,12812,"0,02 €","0,10 €","0,11 €","0,10 €","0,13 €"
Consult the Star Charts,,Rare,51,Edge of Eternities,https://product-images.s3.cardmarket.com/1/EOE/836687/836687.jpg,1744,"4,50 €","5,41 €","5,58 €","5,35 €","5,65 €"
Cosmogoyf,,Rare,215,Edge of Eternities,https://product-images.s3.cardmarket.com/1/EOE/834016/834016.jpg,3155,"0,02 €","0,52 €","0,43 €","0,47 €","0,79 €"
Cosmogrand Zenith,,Mythic,9,Edge of Eternities,https://product-images.s3.cardmarket.com/1/EOE/836765/836765.jpg,1339,"7,98 €","9,83 €","10,10 €","9,90 €","9,55 €"
Cryogen Relic,,Common,52,Edge of Eternities,https://product-images.s3.cardmarket.com/1/EOE/834649/834649.jpg,7107,"0,02 €","0,47 €","0,51 €","0,53 €","0,51 €"
Cryoshatter,,Common,53,Edge of Eternities,https://product-images.s3.cardmarket.com/1/EOE/835354/835354.jpg,12655,"0,02 €","0,03 €","0,07 €","0,04 €","0,02 €"
Cut Propulsion,,Uncommon,130,Edge of Eternities,https://product-images.s3.cardmarket.com/1/EOE/836810/836810.jpg,7385,"0,02 €","0,11 €","0,18 €","0,17 €","0,24 €"
Dark Endurance,,Common,93,Edge of Eternities,https://product-images.s3.cardmarket.com/1/EOE/836797/836797.jpg,14355,"0,02 €","0,06 €","0,05 €","0,03 €","0,02 €"
Dauntless Scrapbot,,Uncommon,237,Edge of Eternities,https://product-images.s3.cardmarket.com/1/EOE/834026/834026.jpg,6079,"0,02 €","0,17 €","0,19 €","0,17 €","0,15 €"
"Dawnsire, Sunstar Dreadnought",,Mythic,238,Edge of Eternities,https://product-images.s3.cardmarket.com/1/EOE/835365/835365.jpg,1278,"2,63 €","3,08 €","3,22 €","3,19 €","3,06 €"
Dawnstrike Vanguard,,Uncommon,10,Edge of Eternities,https://product-images.s3.cardmarket.com/1/EOE/834643/834643.jpg,8076,"0,02 €","0,11 €","0,10 €","0,11 €","0,15 €"
Debris Field Crusher,,Uncommon,131,Edge of Eternities,https://product-images.s3.cardmarket.com/1/EOE/835358/835358.jpg,8017,"0,02 €","0,07 €","0,06 €","0,08 €","0,02 €"
Decode Transmissions,,Common,94,Edge of Eternities,https://product-images.s3.cardmarket.com/1/EOE/836798/836798.jpg,14057,"0,02 €","0,06 €","0,06 €","0,03 €","0,02 €"
Depressurize,,Common,95,Edge of Eternities,https://product-images.s3.cardmarket.com/1/EOE/833846/833846.jpg,14278,"0,02 €","0,05 €","0,07 €","0,05 €","0,02 €"
Desculpting Blast,,Uncommon,54,Edge of Eternities,https://product-images.s3.cardmarket.com/1/EOE/836781/836781.jpg,7193,"0,02 €","0,13 €","0,11 €","0,09 €","0,03 €"
Devastating Onslaught,,Mythic,132,Edge of Eternities,https://product-images.s3.cardmarket.com/1/EOE/834853/834853.jpg,829,"0,99 €","1,96 €","2,03 €","1,89 €","1,95 €"
Diplomatic Relations,,Common,177,Edge of Eternities,https://product-images.s3.cardmarket.com/1/EOE/835361/835361.jpg,14464,"0,02 €","0,07 €","0,07 €","0,04 €","0,02 €"
Divert Disaster,,Common,55,Edge of Eternities,https://product-images.s3.cardmarket.com/1/EOE/835718/835718.jpg,13900,"0,02 €","0,07 €","0,08 €","0,09 €","0,02 €"
Dockworker Drone,,Common,11,Edge of Eternities,https://product-images.s3.cardmarket.com/1/EOE/836766/836766.jpg,14488,"0,02 €","0,05 €","0,06 €","0,04 €","0,02 €"
Drill Too Deep,,Common,133,Edge of Eternities,https://product-images.s3.cardmarket.com/1/EOE/835723/835723.jpg,14997,"0,02 €","0,06 €","0,07 €","0,04 €","0,02 €"
Drix Fatemaker,,Common,178,Edge of Eternities,https://product-images.s3.cardmarket.com/1/EOE/836829/836829.jpg,14062,"0,02 €","0,06 €","0,07 €","0,05 €","0,02 €"
Dual-Sun Adepts,,Uncommon,12,Edge of Eternities,https://product-images.s3.cardmarket.com/1/EOE/836767/836767.jpg,8206,"0,02 €","0,06 €","0,05 €","0,07 €","0,02 €"
Dual-Sun Technique,,Uncommon,13,Edge of Eternities,https://product-images.s3.cardmarket.com/1/EOE/836768/836768.jpg,7465,"0,02 €","0,14 €","0,13 €","0,17 €","0,15 €"
Dubious Delicacy,,Uncommon,96,Edge of Eternities,https://product-images.s3.cardmarket.com/1/EOE/836799/836799.jpg,7763,£0.02,"0,17 €","0,12 €","0,15 €","0,02 €"
"Dyadrine, Synthesis Amalgam",,Rare,216,Edge of Eternities,https://product-images.s3.cardmarket.com/1/EOE/834017/834017.jpg,4259,"0,02 €","0,17 €","0,17 €","0,15 €","0,15 €"
Edge Rover,,Uncommon,179,Edge of Eternities,https://product-images.s3.cardmarket.com/1/EOE/835362/835362.jpg,7009,"0,02 €","0,15 €","0,12 €","0,14 €","0,16 €"
Elegy Acolyte,,Rare,97,Edge of Eternities,https://product-images.s3.cardmarket.com/1/EOE/835722/835722.jpg,1342,"0,30 €","0,91 €","0,85 €","0,88 €","1,07 €"
Embrace Oblivion,,Common,98,Edge of Eternities,https://product-images.s3.cardmarket.com/1/EOE/833847/833847.jpg,14014,"0,02 €","0,11 €","0,07 €","0,11 €","0,03 €"
Emergency Eject,,Uncommon,14,Edge of Eternities,https://product-images.s3.cardmarket.com/1/EOE/836293/836293.jpg,6753,"0,02 €","0,11 €","0,19 €","0,11 €","0,04 €"
Emissary Escort,,Rare,56,Edge of Eternities,https://product-images.s3.cardmarket.com/1/EOE/836782/836782.jpg,5044,"0,03 €","0,23 €","0,18 €","0,23 €","0,17 €"
Entropic Battlecruiser,,Rare,99,Edge of Eternities,https://product-images.s3.cardmarket.com/1/EOE/833848/833848.jpg,4066,"0,02 €","0,26 €","0,23 €","0,25 €","0,27 €"
Eumidian Terrabotanist,,Uncommon,180,Edge of Eternities,https://product-images.s3.cardmarket.com/1/EOE/836330/836330.jpg,7339,"0,02 €","0,14 €","0,14 €","0,09 €","0,03 €"
Eusocial Engineering,,Uncommon,181,Edge of Eternities,https://product-images.s3.cardmarket.com/1/EOE/836830/836830.jpg,6725,"0,02 €","0,20 €","0,16 €","0,15 €","0,24 €"
"Evendo, Waking Haven",,Mythic,253,Edge of Eternities,https://product-images.s3.cardmarket.com/1/EOE/834033/834033.jpg,1317,"11,98 €","13,36 €","13,03 €","12,74 €","12,22 €"
Exalted Sunborn,,Mythic,15,Edge of Eternities,https://product-images.s3.cardmarket.com/1/EOE/833835/833835.jpg,1332,"11,99 €","12,91 €","12,76 €","12,93 €","12,50 €"
Exosuit Savior,,Common,16,Edge of Eternities,https://product-images.s3.cardmarket.com/1/EOE/833836/833836.jpg,14512,"0,02 €","0,09 €","0,04 €","0,04 €","0,02 €"
Extinguisher Battleship,,Rare,242,Edge of Eternities,https://product-images.s3.cardmarket.com/1/EOE/834028/834028.jpg,2208,"0,10 €","0,42 €","0,40 €","0,38 €","0,38 €"
Faller's Faithful,,Uncommon,100,Edge of Eternities,https://product-images.s3.cardmarket.com/1/EOE/836316/836316.jpg,7114,"0,02 €","0,16 €","0,13 €","0,16 €","0,15 €"
Famished Worldsire,,Mythic,182,Edge of Eternities,https://product-images.s3.cardmarket.com/1/EOE/833861/833861.jpg,1143,"2,45 €","2,83 €","2,97 €","2,93 €","3,17 €"
Fell Gravship,,Uncommon,101,Edge of Eternities,https://product-images.s3.cardmarket.com/1/EOE/836693/836693.jpg,7713,"0,02 €","0,09 €","0,08 €","0,08 €","0,10 €"
Flight-Deck Coordinator,,Common,17,Edge of Eternities,https://product-images.s3.cardmarket.com/1/EOE/836769/836769.jpg,14620,"0,02 €","0,04 €","0,05 €","0,02 €","0,02 €"
Focus Fire,,Common,18,Edge of Eternities,https://product-images.s3.cardmarket.com/1/EOE/836770/836770.jpg,14284,"0,02 €","0,07 €","0,06 €","0,06 €","0,03 €"
Forest,V.1,Land,266,Edge of Eternities,https://product-images.s3.cardmarket.com/1/EOE/830500/830500.jpg,3701,"0,20 €","0,71 €","0,83 €","0,85 €","0,80 €"
Forest,V.2,Land,275,Edge of Eternities,https://product-images.s3.cardmarket.com/1/EOE/834058/834058.jpg,6060,"0,02 €","0,14 €","0,13 €","0,12 €","0,06 €"
Forest,V.3,Land,276,Edge of Eternities,https://product-images.s3.cardmarket.com/1/EOE/834059/834059.jpg,6259,"0,02 €","0,13 €","0,17 €","0,17 €","0,09 €"
Frenzied Baloth,,Rare,183,Edge of Eternities,https://product-images.s3.cardmarket.com/1/EOE/834882/834882.jpg,2043,"1,49 €","2,30 €","2,38 €","2,32 €","2,05 €"
Frontline War-Rager,,Common,134,Edge of Eternities,https://product-images.s3.cardmarket.com/1/EOE/836811/836811.jpg,14389,"0,02 €","0,07 €","0,05 €","0,07 €","0,02 €"
Full Bore,,Uncommon,135,Edge of Eternities,https://product-images.s3.cardmarket.com/1/EOE/836812/836812.jpg,6180,"0,02 €","0,14 €","0,18 €","0,17 €","0,07 €"
Fungal Colossus,,Common,184,Edge of Eternities,https://product-images.s3.cardmarket.com/1/EOE/833862/833862.jpg,14313,"0,02 €","0,13 €","0,09 €","0,08 €","0,02 €"
Galactic Wayfarer,,Common,185,Edge of Eternities,https://product-images.s3.cardmarket.com/1/EOE/835037/835037.jpg,14403,"0,02 €","0,06 €","0,05 €","0,06 €","0,02 €"
Galvanizing Sawship,,Uncommon,136,Edge of Eternities,https://product-images.s3.cardmarket.com/1/EOE/836325/836325.jpg,7925,"0,02 €","0,09 €","0,08 €","0,09 €","0,02 €"
Gene Pollinator,,Common,186,Edge of Eternities,https://product-images.s3.cardmarket.com/1/EOE/833863/833863.jpg,12019,"0,02 €","0,10 €","0,10 €","0,10 €","0,12 €"
Genemorph Imago,,Rare,217,Edge of Eternities,https://product-images.s3.cardmarket.com/1/EOE/835041/835041.jpg,3255,£0.02,"0,21 €","0,21 €","0,22 €","0,23 €"
Germinating Wurm,,Common,187,Edge of Eternities,https://product-images.s3.cardmarket.com/1/EOE/836831/836831.jpg,14092,"0,02 €","0,11 €","0,07 €","0,07 €","0,05 €"
Gigastorm Titan,,Uncommon,57,Edge of Eternities,https://product-images.s3.cardmarket.com/1/EOE/833840/833840.jpg,7979,"0,02 €","0,12 €","0,06 €","0,11 €","0,08 €"
Glacier Godmaw,,Uncommon,188,Edge of Eternities,https://product-images.s3.cardmarket.com/1/EOE/836832/836832.jpg,6656,"0,02 €","0,14 €","0,15 €","0,15 €","0,07 €"
Godless Shrine,,Rare,254,Edge of Eternities,https://product-images.s3.cardmarket.com/1/EOE/835045/835045.jpg,1762,"6,90 €","7,91 €","7,90 €","7,84 €","8,23 €"
Gravblade Heavy,,Common,102,Edge of Eternities,https://product-images.s3.cardmarket.com/1/EOE/834679/834679.jpg,14549,"0,02 €","0,03 €","0,04 €","0,02 €","0,02 €"
Gravkill,,Common,103,Edge of Eternities,https://product-images.s3.cardmarket.com/1/EOE/836800/836800.jpg,14455,"0,02 €","0,10 €","0,06 €","0,06 €","0,02 €"
Gravpack Monoist,,Common,104,Edge of Eternities,https://product-images.s3.cardmarket.com/1/EOE/834682/834682.jpg,14641,"0,02 €","0,09 €","0,04 €","0,03 €","0,02 €"
"Haliya, Ascendant Cadet",,Uncommon,218,Edge of Eternities,https://product-images.s3.cardmarket.com/1/EOE/834018/834018.jpg,7539,"0,02 €","0,11 €","0,10 €","0,12 €","0,14 €"
"Haliya, Guided by Light",,Rare,19,Edge of Eternities,https://product-images.s3.cardmarket.com/1/EOE/835714/835714.jpg,1345,"2,39 €","2,64 €","2,78 €","2,67 €","2,68 €"
Hardlight Containment,,Rare,20,Edge of Eternities,https://product-images.s3.cardmarket.com/1/EOE/833837/833837.jpg,4425,"0,05 €","0,33 €","0,25 €","0,26 €","0,18 €"
Harmonious Grovestrider,,Uncommon,189,Edge of Eternities,https://product-images.s3.cardmarket.com/1/EOE/836694/836694.jpg,7945,"0,02 €","0,07 €","0,06 €","0,08 €","0,02 €"
Hemosymbic Mite,,Uncommon,190,Edge of Eternities,https://product-images.s3.cardmarket.com/1/EOE/830490/830490.jpg,6558,"0,02 €","0,16 €","0,13 €","0,14 €","0,11 €"
Honor,,Uncommon,21,Edge of Eternities,https://product-images.s3.cardmarket.com/1/EOE/835349/835349.jpg,6862,"0,02 €","0,12 €","0,15 €","0,15 €","0,14 €"
Honored Knight-Captain,,Uncommon,22,Edge of Eternities,https://product-images.s3.cardmarket.com/1/EOE/835715/835715.jpg,7843,"0,02 €","0,08 €","0,11 €","0,07 €","0,02 €"
Hullcarver,,Common,105,Edge of Eternities,https://product-images.s3.cardmarket.com/1/EOE/836801/836801.jpg,14124,"0,02 €","0,12 €","0,10 €","0,09 €","0,02 €"
Hylderblade,,Uncommon,106,Edge of Eternities,https://product-images.s3.cardmarket.com/1/EOE/834851/834851.jpg,7535,"0,02 €","0,07 €","0,09 €","0,06 €","0,04 €"
Hymn of the Faller,,Uncommon,107,Edge of Eternities,https://product-images.s3.cardmarket.com/1/EOE/835356/835356.jpg,7371,"0,02 €","0,13 €","0,12 €","0,13 €","0,17 €"
Icecave Crasher,,Common,191,Edge of Eternities,https://product-images.s3.cardmarket.com/1/EOE/834886/834886.jpg,14615,"0,02 €","0,07 €","0,05 €","0,05 €","0,02 €"
Icetill Explorer,,Rare,192,Edge of Eternities,https://product-images.s3.cardmarket.com/1/EOE/836833/836833.jpg,422,"14,95 €","13,58 €","13,41 €","13,57 €","12,74 €"
Illvoi Galeblade,,Common,58,Edge of Eternities,https://product-images.s3.cardmarket.com/1/EOE/836688/836688.jpg,11013,"0,02 €","0,14 €","0,15 €","0,13 €","0,16 €"
Illvoi Infiltrator,,Uncommon,59,Edge of Eternities,https://product-images.s3.cardmarket.com/1/EOE/834651/834651.jpg,7844,"0,02 €","0,12 €","0,07 €","0,08 €","0,06 €"
Illvoi Light Jammer,,Common,60,Edge of Eternities,https://product-images.s3.cardmarket.com/1/EOE/836783/836783.jpg,14295,"0,02 €","0,04 €","0,06 €","0,03 €","0,03 €"
Illvoi Operative,,Common,61,Edge of Eternities,https://product-images.s3.cardmarket.com/1/EOE/836785/836785.jpg,14381,"0,02 €","0,09 €","0,06 €","0,12 €","0,03 €"
Infinite Guideline Station,,Rare,219,Edge of Eternities,https://product-images.s3.cardmarket.com/1/EOE/835726/835726.jpg,4822,"0,05 €","0,19 €","0,18 €","0,19 €","0,13 €"
Insatiable Skittermaw,,Common,108,Edge of Eternities,https://product-images.s3.cardmarket.com/1/EOE/836319/836319.jpg,14321,"0,02 €","0,07 €","0,06 €","0,05 €","0,02 €"
Interceptor Mechan,,Uncommon,220,Edge of Eternities,https://product-images.s3.cardmarket.com/1/EOE/834019/834019.jpg,7818,"0,02 €","0,15 €","0,09 €","0,13 €","0,13 €"
Intrepid Tenderfoot,,Common,193,Edge of Eternities,https://product-images.s3.cardmarket.com/1/EOE/836695/836695.jpg,14560,"0,02 €","0,09 €","0,05 €","0,10 €","0,02 €"
Invasive Maneuvers,,Uncommon,137,Edge of Eternities,https://product-images.s3.cardmarket.com/1/EOE/834857/834857.jpg,8017,"0,02 €","0,08 €","0,06 €","0,09 €","0,02 €"
Island,V.1,Land,263,Edge of Eternities,https://product-images.s3.cardmarket.com/1/EOE/830497/830497.jpg,3575,"0,34 €","0,92 €","0,83 €","0,99 €","1,00 €"
Island,V.2,Land,269,Edge of Eternities,https://product-images.s3.cardmarket.com/1/EOE/834047/834047.jpg,5974,"0,02 €","0,16 €","0,14 €","0,15 €","0,17 €"
Island,V.3,Land,270,Edge of Eternities,https://product-images.s3.cardmarket.com/1/EOE/834048/834048.jpg,5815,"0,02 €","0,17 €","0,17 €","0,21 €","0,23 €"
Kav Landseeker,,Common,138,Edge of Eternities,https://product-images.s3.cardmarket.com/1/EOE/835724/835724.jpg,14544,"0,02 €","0,04 €","0,05 €","0,04 €","0,02 €"
Kavaron Harrier,,Uncommon,139,Edge of Eternities,https://product-images.s3.cardmarket.com/1/EOE/833855/833855.jpg,7999,"0,02 €","0,10 €","0,11 €","0,16 €","0,24 €"
"Kavaron, Memorial World",,Mythic,255,Edge of Eternities,https://product-images.s3.cardmarket.com/1/EOE/830493/830493.jpg,1690,"0,79 €","1,36 €","1,18 €","1,30 €","0,88 €"
Kavaron Skywarden,,Common,140,Edge of Eternities,https://product-images.s3.cardmarket.com/1/EOE/835031/835031.jpg,14512,"0,02 €","0,07 €","0,06 €","0,06 €","0,02 €"
Kavaron Turbodrone,,Common,141,Edge of Eternities,https://product-images.s3.cardmarket.com/1/EOE/836813/836813.jpg,14586,"0,02 €","0,06 €","0,05 €","0,04 €","0,02 €"
Knight Luminary,,Common,23,Edge of Eternities,https://product-images.s3.cardmarket.com/1/EOE/835350/835350.jpg,14605,"0,02 €","0,09 €","0,05 €","0,04 €","0,02 €"
Larval Scoutlander,,Uncommon,194,Edge of Eternities,https://product-images.s3.cardmarket.com/1/EOE/836834/836834.jpg,6897,"0,02 €","0,13 €","0,14 €","0,13 €","0,10 €"
Lashwhip Predator,,Uncommon,195,Edge of Eternities,https://product-images.s3.cardmarket.com/1/EOE/836696/836696.jpg,7834,"0,02 €","0,08 €","0,07 €","0,07 €","0,02 €"
Lightless Evangel,,Uncommon,109,Edge of Eternities,https://product-images.s3.cardmarket.com/1/EOE/833849/833849.jpg,7539,"0,02 €","0,11 €","0,10 €","0,14 €","0,04 €"
Lightstall Inquisitor,,Rare,24,Edge of Eternities,https://product-images.s3.cardmarket.com/1/EOE/836771/836771.jpg,2946,"0,20 €","0,56 €","0,55 €","0,59 €","0,69 €"
Lithobraking,,Uncommon,142,Edge of Eternities,https://product-images.s3.cardmarket.com/1/EOE/836814/836814.jpg,7591,"0,02 €","0,12 €","0,11 €","0,16 €","0,14 €"
Loading Zone,,Rare,196,Edge of Eternities,https://product-images.s3.cardmarket.com/1/EOE/836697/836697.jpg,2572,"0,31 €","0,93 €","0,83 €","0,91 €","0,94 €"
Lost in Space,,Common,62,Edge of Eternities,https://product-images.s3.cardmarket.com/1/EOE/836786/836786.jpg,14673,"0,02 €","0,02 €","0,04 €","0,02 €","0,02 €"
Lumen-Class Frigate,,Rare,25,Edge of Eternities,https://product-images.s3.cardmarket.com/1/EOE/836296/836296.jpg,4092,"0,02 €","0,19 €","0,22 €","0,17 €","0,11 €"
Luxknight Breacher,,Common,26,Edge of Eternities,https://product-images.s3.cardmarket.com/1/EOE/835351/835351.jpg,12621,"0,02 €","0,09 €","0,09 €","0,09 €","0,02 €"
Mechan Assembler,,Uncommon,63,Edge of Eternities,https://product-images.s3.cardmarket.com/1/EOE/836787/836787.jpg,7735,"0,02 €","0,11 €","0,09 €","0,11 €","0,07 €"
Mechan Navigator,,Uncommon,64,Edge of Eternities,https://product-images.s3.cardmarket.com/1/EOE/836303/836303.jpg,8015,"0,02 €","0,09 €","0,07 €","0,06 €","0,02 €"
Mechan Shieldmate,,Common,65,Edge of Eternities,https://product-images.s3.cardmarket.com/1/EOE/836690/836690.jpg,14602,"0,02 €","0,10 €","0,04 €","0,06 €","0,03 €"
Mechanozoa,,Common,66,Edge of Eternities,https://product-images.s3.cardmarket.com/1/EOE/836789/836789.jpg,14417,"0,02 €","0,10 €","0,07 €","0,05 €","0,02 €"
Melded Moxite,,Common,143,Edge of Eternities,https://product-images.s3.cardmarket.com/1/EOE/836328/836328.jpg,12529,"0,02 €","0,07 €","0,11 €","0,11 €","0,08 €"
Meltstrider Eulogist,,Uncommon,197,Edge of Eternities,https://product-images.s3.cardmarket.com/1/EOE/835363/835363.jpg,7144,"0,02 €","0,14 €","0,13 €","0,16 €","0,17 €"
Meltstrider's Gear,,Common,198,Edge of Eternities,https://product-images.s3.cardmarket.com/1/EOE/835725/835725.jpg,14287,"0,02 €","0,09 €","0,06 €","0,06 €","0,05 €"
Meltstrider's Resolve,,Uncommon,199,Edge of Eternities,https://product-images.s3.cardmarket.com/1/EOE/836835/836835.jpg,7011,"0,02 €","0,19 €","0,15 €","0,17 €","0,23 €"
Memorial Team Leader,,Uncommon,144,Edge of Eternities,https://product-images.s3.cardmarket.com/1/EOE/835359/835359.jpg,7916,"0,02 €","0,06 €","0,06 €","0,07 €","0,02 €"
Memorial Vault,,Rare,145,Edge of Eternities,https://product-images.s3.cardmarket.com/1/EOE/835032/835032.jpg,5759,"0,02 €","0,19 €","0,14 €","0,14 €","0,09 €"
Mental Modulation,,Common,67,Edge of Eternities,https://product-images.s3.cardmarket.com/1/EOE/833841/833841.jpg,14021,"0,02 €","0,08 €","0,08 €","0,09 €","0,02 €"
Mightform Harmonizer,,Rare,200,Edge of Eternities,https://product-images.s3.cardmarket.com/1/EOE/836836/836836.jpg,925,"0,19 €","0,71 €","0,62 €","0,70 €","0,55 €"
"Mm'menon, the Right Hand",,Rare,68,Edge of Eternities,https://product-images.s3.cardmarket.com/1/EOE/836790/836790.jpg,3109,"0,05 €","0,28 €","0,28 €","0,28 €","0,44 €"
"Mm'menon, Uthros Exile",,Uncommon,221,Edge of Eternities,https://product-images.s3.cardmarket.com/1/EOE/834891/834891.jpg,7377,"0,02 €","0,16 €","0,12 €","0,15 €","0,13 €"
Molecular Modifier,,Uncommon,146,Edge of Eternities,https://product-images.s3.cardmarket.com/1/EOE/836815/836815.jpg,8117,"0,02 €","0,09 €","0,07 €","0,07 €","0,02 €"
Monoist Circuit-Feeder,,Uncommon,110,Edge of Eternities,https://product-images.s3.cardmarket.com/1/EOE/835357/835357.jpg,8070,"0,02 €","0,04 €","0,06 €","0,04 €","0,02 €"
Monoist Sentry,,Uncommon,111,Edge of Eternities,https://product-images.s3.cardmarket.com/1/EOE/835029/835029.jpg,8027,"0,02 €","0,14 €","0,11 €","0,12 €","0,02 €"
Moonlit Meditation,,Rare,69,Edge of Eternities,https://product-images.s3.cardmarket.com/1/EOE/835026/835026.jpg,2814,"0,09 €","0,41 €","0,40 €","0,40 €","0,46 €"
Mountain,V.1,Land,265,Edge of Eternities,https://product-images.s3.cardmarket.com/1/EOE/830499/830499.jpg,1677,"0,39 €","1,19 €","1,20 €","1,30 €","0,75 €"
Mountain,V.2,Land,273,Edge of Eternities,https://product-images.s3.cardmarket.com/1/EOE/834056/834056.jpg,5996,"0,02 €","0,18 €","0,19 €","0,18 €","0,11 €"
Mountain,V.3,Land,274,Edge of Eternities,https://product-images.s3.cardmarket.com/1/EOE/834057/834057.jpg,5689,"0,04 €","0,20 €","0,21 €","0,21 €","0,13 €"
Mouth of the Storm,,Uncommon,70,Edge of Eternities,https://product-images.s3.cardmarket.com/1/EOE/836304/836304.jpg,8207,"0,02 €","0,08 €","0,07 €","0,07 €","0,02 €"
Mutinous Massacre,,Rare,222,Edge of Eternities,https://product-images.s3.cardmarket.com/1/EOE/836700/836700.jpg,4100,"0,02 €","0,26 €","0,21 €","0,24 €","0,16 €"
Nanoform Sentinel,,Common,71,Edge of Eternities,https://product-images.s3.cardmarket.com/1/EOE/834652/834652.jpg,14548,"0,02 €","0,02 €","0,06 €","0,03 €","0,02 €"
Nebula Dragon,,Common,147,Edge of Eternities,https://product-images.s3.cardmarket.com/1/EOE/836816/836816.jpg,14429,"0,02 €","0,08 €","0,05 €","0,05 €","0,04 €"
Nova Hellkite,,Rare,148,Edge of Eternities,https://product-images.s3.cardmarket.com/1/EOE/836817/836817.jpg,1602,"0,40 €","1,41 €","1,33 €","1,28 €","1,21 €"
Nutrient Block,,Common,243,Edge of Eternities,https://product-images.s3.cardmarket.com/1/EOE/834029/834029.jpg,7277,"0,02 €","0,17 €","0,17 €","0,17 €","0,17 €"
Orbital Plunge,,Common,149,Edge of Eternities,https://product-images.s3.cardmarket.com/1/EOE/833856/833856.jpg,14498,"0,02 €","0,06 €","0,05 €","0,03 €","0,02 €"
Oreplate Pangolin,,Common,150,Edge of Eternities,https://product-images.s3.cardmarket.com/1/EOE/836818/836818.jpg,14222,"0,02 €","0,04 €","0,05 €","0,04 €","0,02 €"
Ouroboroid,,Mythic,201,Edge of Eternities,https://product-images.s3.cardmarket.com/1/EOE/835038/835038.jpg,254,"24,06 €","25,65 €","23,54 €","25,23 €","25,08 €"
Pain for All,,Rare,151,Edge of Eternities,https://product-images.s3.cardmarket.com/1/EOE/836819/836819.jpg,2666,"0,15 €","0,48 €","0,47 €","0,52 €","0,52 €"
Perigee Beckoner,,Common,112,Edge of Eternities,https://product-images.s3.cardmarket.com/1/EOE/836802/836802.jpg,10900,"0,02 €","0,11 €","0,11 €","0,13 €","0,05 €"
Pinnacle Emissary,,Rare,223,Edge of Eternities,https://product-images.s3.cardmarket.com/1/EOE/834020/834020.jpg,1825,"1,85 €","2,93 €","2,85 €","2,99 €","3,10 €"
Pinnacle Kill-Ship,,Common,244,Edge of Eternities,https://product-images.s3.cardmarket.com/1/EOE/834898/834898.jpg,13848,"0,02 €","0,09 €","0,10 €","0,09 €","0,06 €"
Pinnacle Starcage,,Rare,27,Edge of Eternities,https://product-images.s3.cardmarket.com/1/EOE/835352/835352.jpg,2943,"0,05 €","0,48 €","0,47 €","0,47 €","0,17 €"
Plains,V.1,Land,262,Edge of Eternities,https://product-images.s3.cardmarket.com/1/EOE/830496/830496.jpg,4515,"0,24 €","0,87 €","0,84 €","0,92 €","1,05 €"
Plains,V.2,Land,267,Edge of Eternities,https://product-images.s3.cardmarket.com/1/EOE/830501/830501.jpg,6418,"0,02 €","0,17 €","0,17 €","0,20 €","0,10 €"
Plains,V.3,Land,268,Edge of Eternities,https://product-images.s3.cardmarket.com/1/EOE/834045/834045.jpg,5786,"0,02 €","0,20 €","0,17 €","0,21 €","0,08 €"
Plasma Bolt,,Common,152,Edge of Eternities,https://product-images.s3.cardmarket.com/1/EOE/835033/835033.jpg,14327,"0,02 €","0,07 €","0,08 €","0,09 €","0,02 €"
Possibility Technician,,Rare,153,Edge of Eternities,https://product-images.s3.cardmarket.com/1/EOE/834859/834859.jpg,4737,"0,02 €","0,17 €","0,12 €","0,13 €","0,06 €"
Pull Through the Weft,,Uncommon,202,Edge of Eternities,https://product-images.s3.cardmarket.com/1/EOE/833864/833864.jpg,7527,"0,02 €","0,12 €","0,11 €","0,13 €","0,24 €"
Pulsar Squadron Ace,,Uncommon,28,Edge of Eternities,https://product-images.s3.cardmarket.com/1/EOE/836298/836298.jpg,8191,"0,02 €","0,04 €","0,08 €","0,07 €","0,02 €"
Quantum Riddler,,Mythic,72,Edge of Eternities,https://product-images.s3.cardmarket.com/1/EOE/836791/836791.jpg,231,£35.00,"52,67 €","51,03 €","51,80 €","48,74 €"
Radiant Strike,,Common,29,Edge of Eternities,https://product-images.s3.cardmarket.com/1/EOE/835021/835021.jpg,14742,"0,02 €","0,10 €","0,05 €","0,05 €","0,02 €"
"Ragost, Deft Gastronaut",,Rare,224,Edge of Eternities,https://product-images.s3.cardmarket.com/1/EOE/835727/835727.jpg,2628,"0,07 €","0,31 €","0,30 €","0,34 €","0,24 €"
Rayblade Trooper,,Uncommon,30,Edge of Eternities,https://product-images.s3.cardmarket.com/1/EOE/835353/835353.jpg,7892,"0,02 €","0,06 €","0,09 €","0,06 €","0,05 €"
Red Tiger Mechan,,Common,154,Edge of Eternities,https://product-images.s3.cardmarket.com/1/EOE/834863/834863.jpg,14206,"0,02 €","0,04 €","0,04 €","0,05 €","0,02 €"
Remnant Elemental,,Uncommon,155,Edge of Eternities,https://product-images.s3.cardmarket.com/1/EOE/833857/833857.jpg,8025,"0,02 €","0,09 €","0,06 €","0,07 €","0,10 €"
Requiem Monolith,,Rare,113,Edge of Eternities,https://product-images.s3.cardmarket.com/1/EOE/836803/836803.jpg,4319,"0,02 €","0,20 €","0,22 €","0,21 €","0,16 €"
Reroute Systems,,Uncommon,31,Edge of Eternities,https://product-images.s3.cardmarket.com/1/EOE/835716/835716.jpg,7770,"0,02 €","0,10 €","0,11 €","0,06 €","0,05 €"
Rescue Skiff,,Uncommon,32,Edge of Eternities,https://product-images.s3.cardmarket.com/1/EOE/835022/835022.jpg,7786,"0,02 €","0,08 €","0,09 €","0,09 €","0,02 €"
Rig for War,,Common,156,Edge of Eternities,https://product-images.s3.cardmarket.com/1/EOE/835034/835034.jpg,14468,"0,02 €","0,04 €","0,07 €","0,04 €","0,02 €"
Roving Actuator,,Uncommon,157,Edge of Eternities,https://product-images.s3.cardmarket.com/1/EOE/836820/836820.jpg,8030,"0,02 €","0,07 €","0,05 €","0,07 €","0,08 €"
Ruinous Rampage,,Uncommon,158,Edge of Eternities,https://product-images.s3.cardmarket.com/1/EOE/835035/835035.jpg,6943,"0,02 €","0,17 €","0,17 €","0,14 €","0,09 €"
Rust Harvester,,Rare,159,Edge of Eternities,https://product-images.s3.cardmarket.com/1/EOE/834865/834865.jpg,3958,"0,05 €","0,23 €","0,20 €","0,20 €","0,13 €"
Sacred Foundry,,Rare,256,Edge of Eternities,https://product-images.s3.cardmarket.com/1/EOE/834900/834900.jpg,1729,"7,35 €","8,61 €","8,22 €","8,53 €","8,79 €"
"Sami, Ship's Engineer",,Uncommon,225,Edge of Eternities,https://product-images.s3.cardmarket.com/1/EOE/834021/834021.jpg,7959,"0,02 €","0,06 €","0,06 €","0,05 €","0,04 €"
"Sami, Wildcat Captain",,Mythic,226,Edge of Eternities,https://product-images.s3.cardmarket.com/1/EOE/830502/830502.jpg,1073,"0,70 €","1,13 €","1,07 €","1,12 €","1,53 €"
Sami's Curiosity,,Common,203,Edge of Eternities,https://product-images.s3.cardmarket.com/1/EOE/836698/836698.jpg,14035,"0,02 €","0,08 €","0,07 €","0,06 €","0,02 €"
Scour for Scrap,,Uncommon,73,Edge of Eternities,https://product-images.s3.cardmarket.com/1/EOE/833842/833842.jpg,5622,"0,02 €","0,24 €","0,25 €","0,21 €","0,25 €"
Scout for Survivors,,Uncommon,33,Edge of Eternities,https://product-images.s3.cardmarket.com/1/EOE/835023/835023.jpg,7030,£0.02,"0,13 €","0,16 €","0,17 €","0,08 €"
Scrounge for Eternity,,Uncommon,114,Edge of Eternities,https://product-images.s3.cardmarket.com/1/EOE/836320/836320.jpg,7402,"0,02 €","0,15 €","0,13 €","0,13 €","0,07 €"
Seam Rip,,Uncommon,34,Edge of Eternities,https://product-images.s3.cardmarket.com/1/EOE/834644/834644.jpg,3799,"0,08 €","0,72 €","0,67 €","0,70 €","0,55 €"
Secluded Starforge,,Rare,257,Edge of Eternities,https://product-images.s3.cardmarket.com/1/EOE/830494/830494.jpg,3566,"0,02 €","0,25 €","0,24 €","0,25 €","0,24 €"
Seedship Agrarian,,Uncommon,204,Edge of Eternities,https://product-images.s3.cardmarket.com/1/EOE/835039/835039.jpg,7482,"0,02 €","0,12 €","0,11 €","0,10 €","0,09 €"
Seedship Broodtender,,Uncommon,227,Edge of Eternities,https://product-images.s3.cardmarket.com/1/EOE/834022/834022.jpg,6893,"0,02 €","0,15 €","0,14 €","0,14 €","0,10 €"
Seedship Impact,,Uncommon,205,Edge of Eternities,https://product-images.s3.cardmarket.com/1/EOE/836837/836837.jpg,6643,"0,02 €","0,12 €","0,15 €","0,18 €","0,16 €"
Selfcraft Mechan,,Common,74,Edge of Eternities,https://product-images.s3.cardmarket.com/1/EOE/836793/836793.jpg,14309,"0,02 €","0,05 €","0,05 €","0,04 €","0,02 €"
Shattered Wings,,Common,206,Edge of Eternities,https://product-images.s3.cardmarket.com/1/EOE/833865/833865.jpg,14658,"0,02 €","0,05 €","0,03 €","0,05 €","0,03 €"
Singularity Rupture,,Rare,228,Edge of Eternities,https://product-images.s3.cardmarket.com/1/EOE/835042/835042.jpg,2610,"0,13 €","0,41 €","0,38 €","0,40 €","0,60 €"
Sinister Cryologist,,Common,75,Edge of Eternities,https://product-images.s3.cardmarket.com/1/EOE/836794/836794.jpg,14799,"0,02 €","0,06 €","0,03 €","0,04 €","0,02 €"
Skystinger,,Common,207,Edge of Eternities,https://product-images.s3.cardmarket.com/1/EOE/834013/834013.jpg,14459,"0,02 €","0,07 €","0,04 €","0,07 €","0,03 €"
Slagdrill Scrapper,,Common,160,Edge of Eternities,https://product-images.s3.cardmarket.com/1/EOE/833858/833858.jpg,14248,"0,02 €","0,07 €","0,04 €","0,06 €","0,02 €"
Sledge-Class Seedship,,Rare,208,Edge of Eternities,https://product-images.s3.cardmarket.com/1/EOE/836838/836838.jpg,4643,"0,05 €","0,20 €","0,19 €","0,19 €","0,15 €"
"Sothera, the Supervoid",,Mythic,115,Edge of Eternities,https://product-images.s3.cardmarket.com/1/EOE/836804/836804.jpg,1819,£2.65,"3,82 €","3,87 €","3,87 €","4,27 €"
Space-Time Anomaly,,Rare,229,Edge of Eternities,https://product-images.s3.cardmarket.com/1/EOE/834023/834023.jpg,3517,"0,10 €","0,23 €","0,29 €","0,27 €","0,22 €"
Specimen Freighter,,Uncommon,76,Edge of Eternities,https://product-images.s3.cardmarket.com/1/EOE/836795/836795.jpg,7938,"0,02 €","0,10 €","0,07 €","0,09 €","0,02 €"
Squire's Lightblade,,Common,36,Edge of Eternities,https://product-images.s3.cardmarket.com/1/EOE/830488/830488.jpg,14473,"0,02 €","0,09 €","0,04 €","0,04 €","0,02 €"
Starbreach Whale,,Common,77,Edge of Eternities,https://product-images.s3.cardmarket.com/1/EOE/835027/835027.jpg,14320,"0,02 €","0,06 €","0,08 €","0,04 €","0,02 €"
Starfield Shepherd,,Uncommon,37,Edge of Eternities,https://product-images.s3.cardmarket.com/1/EOE/836775/836775.jpg,4208,£0.02,"0,26 €","0,24 €","0,26 €","0,21 €"
Starfield Vocalist,,Rare,78,Edge of Eternities,https://product-images.s3.cardmarket.com/1/EOE/833843/833843.jpg,1990,£0.40,"1,19 €","1,14 €","1,08 €","1,25 €"
Starfighter Pilot,,Common,38,Edge of Eternities,https://product-images.s3.cardmarket.com/1/EOE/833838/833838.jpg,14570,"0,02 €","0,06 €","0,06 €","0,05 €","0,02 €"
Starport Security,,Common,39,Edge of Eternities,https://product-images.s3.cardmarket.com/1/EOE/833839/833839.jpg,14576,"0,02 €","0,06 €","0,04 €","0,04 €","0,02 €"
Starwinder,,Rare,79,Edge of Eternities,https://product-images.s3.cardmarket.com/1/EOE/833844/833844.jpg,1851,"0,10 €","0,60 €","0,59 €","0,57 €","0,60 €"
Station Monitor,,Uncommon,230,Edge of Eternities,https://product-images.s3.cardmarket.com/1/EOE/835728/835728.jpg,8177,"0,02 €","0,09 €","0,09 €","0,09 €","0,15 €"
Steelswarm Operator,,Uncommon,80,Edge of Eternities,https://product-images.s3.cardmarket.com/1/EOE/836307/836307.jpg,7600,"0,02 €","0,10 €","0,13 €","0,10 €","0,10 €"
Stomping Ground,,Rare,258,Edge of Eternities,https://product-images.s3.cardmarket.com/1/EOE/836332/836332.jpg,1933,"5,79 €","6,88 €","6,86 €","6,83 €","6,42 €"
Sunset Saboteur,,Rare,116,Edge of Eternities,https://product-images.s3.cardmarket.com/1/EOE/830489/830489.jpg,3057,"0,05 €","0,29 €","0,25 €","0,27 €","0,29 €"
Sunstar Chaplain,,Rare,40,Edge of Eternities,https://product-images.s3.cardmarket.com/1/EOE/834645/834645.jpg,5359,"0,02 €","0,18 €","0,15 €","0,19 €","0,15 €"
Sunstar Expansionist,,Uncommon,41,Edge of Eternities,https://product-images.s3.cardmarket.com/1/EOE/835024/835024.jpg,8022,"0,02 €","0,08 €","0,09 €","0,06 €","0,07 €"
Sunstar Lightsmith,,Uncommon,42,Edge of Eternities,https://product-images.s3.cardmarket.com/1/EOE/835025/835025.jpg,7945,"0,02 €","0,13 €","0,10 €","0,10 €","0,15 €"
Survey Mechan,,Uncommon,245,Edge of Eternities,https://product-images.s3.cardmarket.com/1/EOE/836331/836331.jpg,7501,"0,02 €","0,15 €","0,13 €","0,17 €","0,12 €"
"Susur Secundi, Void Altar",,Mythic,259,Edge of Eternities,https://product-images.s3.cardmarket.com/1/EOE/830495/830495.jpg,1236,"3,95 €","5,04 €","4,89 €","5,14 €","4,68 €"
Susurian Dirgecraft,,Uncommon,117,Edge of Eternities,https://product-images.s3.cardmarket.com/1/EOE/833850/833850.jpg,8048,"0,02 €","0,12 €","0,08 €","0,11 €","0,25 €"
Susurian Voidborn,,Uncommon,118,Edge of Eternities,https://product-images.s3.cardmarket.com/1/EOE/836805/836805.jpg,6157,"0,02 €","0,19 €","0,18 €","0,20 €","0,12 €"
Swamp,V.1,Land,264,Edge of Eternities,https://product-images.s3.cardmarket.com/1/EOE/830498/830498.jpg,2623,"0,44 €","0,80 €","0,83 €","1,06 €","0,74 €"
Swamp,V.2,Land,271,Edge of Eternities,https://product-images.s3.cardmarket.com/1/EOE/834049/834049.jpg,6197,"0,02 €","0,12 €","0,17 €","0,15 €","0,09 €"
Swamp,V.3,Land,272,Edge of Eternities,https://product-images.s3.cardmarket.com/1/EOE/834055/834055.jpg,5467,"0,02 €","0,14 €","0,16 €","0,14 €","0,10 €"
Swarm Culler,,Common,119,Edge of Eternities,https://product-images.s3.cardmarket.com/1/EOE/836806/836806.jpg,14316,"0,02 €","0,03 €","0,07 €","0,03 €","0,02 €"
Synthesizer Labship,,Rare,81,Edge of Eternities,https://product-images.s3.cardmarket.com/1/EOE/836311/836311.jpg,4591,"0,05 €","0,19 €","0,19 €","0,20 €","0,28 €"
"Syr Vondam, Sunstar Exemplar",,Rare,231,Edge of Eternities,https://product-images.s3.cardmarket.com/1/EOE/835729/835729.jpg,2105,"0,20 €","0,64 €","0,64 €","0,61 €","0,68 €"
"Syr Vondam, the Lucent",,Uncommon,232,Edge of Eternities,https://product-images.s3.cardmarket.com/1/EOE/835364/835364.jpg,7822,"0,02 €","0,08 €","0,11 €","0,12 €","0,05 €"
Systems Override,,Uncommon,161,Edge of Eternities,https://product-images.s3.cardmarket.com/1/EOE/836821/836821.jpg,7826,"0,02 €","0,11 €","0,08 €","0,13 €","0,02 €"
"Tannuk, Memorial Ensign",,Uncommon,233,Edge of Eternities,https://product-images.s3.cardmarket.com/1/EOE/834024/834024.jpg,3883,"0,02 €","0,46 €","0,40 €","0,44 €","0,33 €"
"Tannuk, Steadfast Second",,Mythic,162,Edge of Eternities,https://product-images.s3.cardmarket.com/1/EOE/834866/834866.jpg,1670,"1,99 €","3,09 €","3,06 €","2,97 €","2,94 €"
Tapestry Warden,,Uncommon,209,Edge of Eternities,https://product-images.s3.cardmarket.com/1/EOE/836699/836699.jpg,7705,"0,02 €","0,10 €","0,11 €","0,09 €","0,09 €"
Temporal Intervention,,Common,120,Edge of Eternities,https://product-images.s3.cardmarket.com/1/EOE/836807/836807.jpg,11928,"0,02 €","0,10 €","0,15 €","0,12 €","0,09 €"
Terminal Velocity,,Rare,163,Edge of Eternities,https://product-images.s3.cardmarket.com/1/EOE/836822/836822.jpg,5399,£0.02,"0,15 €","0,14 €","0,15 €","0,13 €"
Terrapact Intimidator,,Uncommon,164,Edge of Eternities,https://product-images.s3.cardmarket.com/1/EOE/836823/836823.jpg,7595,"0,02 €","0,07 €","0,09 €","0,13 €","0,02 €"
Terrasymbiosis,,Rare,210,Edge of Eternities,https://product-images.s3.cardmarket.com/1/EOE/834890/834890.jpg,1091,"3,50 €","5,06 €","4,78 €","5,01 €","4,85 €"
Territorial Bruntar,,Uncommon,165,Edge of Eternities,https://product-images.s3.cardmarket.com/1/EOE/834868/834868.jpg,7828,"0,02 €","0,09 €","0,08 €","0,06 €","0,02 €"
"Tezzeret, Cruel Captain",,Mythic,2,Edge of Eternities,https://product-images.s3.cardmarket.com/1/EOE/833832/833832.jpg,1134,"18,99 €","20,38 €","20,20 €","20,70 €","19,78 €"
Thaumaton Torpedo,,Common,246,Edge of Eternities,https://product-images.s3.cardmarket.com/1/EOE/835044/835044.jpg,14382,"0,02 €","0,07 €","0,05 €","0,04 €","0,05 €"
Thawbringer,,Common,211,Edge of Eternities,https://product-images.s3.cardmarket.com/1/EOE/834014/834014.jpg,14303,"0,02 €","0,06 €","0,04 €","0,08 €","0,03 €"
The Dominion Bracelet,,Mythic,239,Edge of Eternities,https://product-images.s3.cardmarket.com/1/EOE/834893/834893.jpg,2392,£0.20,"0,66 €","0,63 €","0,60 €","0,62 €"
The Endstone,,Mythic,240,Edge of Eternities,https://product-images.s3.cardmarket.com/1/EOE/834894/834894.jpg,1760,"2,50 €","3,97 €","3,86 €","3,92 €","3,71 €"
The Eternity Elevator,,Rare,241,Edge of Eternities,https://product-images.s3.cardmarket.com/1/EOE/834027/834027.jpg,2141,"0,18 €","0,94 €","0,95 €","0,92 €","1,07 €"
The Seriema,,Rare,35,Edge of Eternities,https://product-images.s3.cardmarket.com/1/EOE/836773/836773.jpg,2225,"0,05 €","0,71 €","0,64 €","0,63 €","0,46 €"
Thrumming Hivepool,,Rare,247,Edge of Eternities,https://product-images.s3.cardmarket.com/1/EOE/836840/836840.jpg,3919,£0.30,"1,35 €","1,29 €","1,34 €","1,25 €"
Timeline Culler,,Uncommon,121,Edge of Eternities,https://product-images.s3.cardmarket.com/1/EOE/833852/833852.jpg,4649,"0,05 €","0,50 €","0,41 €","0,45 €","0,36 €"
Tractor Beam,,Uncommon,82,Edge of Eternities,https://product-images.s3.cardmarket.com/1/EOE/835719/835719.jpg,8225,"0,02 €","0,14 €","0,09 €","0,11 €","0,02 €"
Tragic Trajectory,,Uncommon,122,Edge of Eternities,https://product-images.s3.cardmarket.com/1/EOE/833851/833851.jpg,4199,£0.02,"0,32 €","0,36 €","0,30 €","0,30 €"
Umbral Collar Zealot,,Uncommon,123,Edge of Eternities,https://product-images.s3.cardmarket.com/1/EOE/833853/833853.jpg,4886,"0,25 €","0,97 €","0,90 €","0,99 €","0,99 €"
Unravel,,Uncommon,83,Edge of Eternities,https://product-images.s3.cardmarket.com/1/EOE/836313/836313.jpg,7711,"0,02 €","0,06 €","0,08 €","0,06 €","0,02 €"
Uthros Psionicist,,Uncommon,84,Edge of Eternities,https://product-images.s3.cardmarket.com/1/EOE/834676/834676.jpg,7205,"0,02 €","0,12 €","0,14 €","0,09 €","0,10 €"
Uthros Scanship,,Uncommon,85,Edge of Eternities,https://product-images.s3.cardmarket.com/1/EOE/835720/835720.jpg,7841,"0,02 €","0,12 €","0,11 €","0,11 €","0,02 €"
"Uthros, Titanic Godcore",,Mythic,260,Edge of Eternities,https://product-images.s3.cardmarket.com/1/EOE/834034/834034.jpg,1483,"9,95 €","11,68 €","11,33 €","11,67 €","11,21 €"
Vaultguard Trooper,,Uncommon,166,Edge of Eternities,https://product-images.s3.cardmarket.com/1/EOE/836824/836824.jpg,8135,"0,02 €","0,08 €","0,05 €","0,09 €","0,02 €"
Virulent Silencer,,Uncommon,248,Edge of Eternities,https://product-images.s3.cardmarket.com/1/EOE/834030/834030.jpg,6670,"0,02 €","0,18 €","0,19 €","0,17 €","0,16 €"
Virus Beetle,,Common,124,Edge of Eternities,https://product-images.s3.cardmarket.com/1/EOE/834852/834852.jpg,13597,"0,02 €","0,08 €","0,08 €","0,09 €","0,04 €"
Voidforged Titan,,Uncommon,125,Edge of Eternities,https://product-images.s3.cardmarket.com/1/EOE/835030/835030.jpg,7988,"0,02 €","0,09 €","0,06 €","0,09 €","0,02 €"
Vote Out,,Uncommon,126,Edge of Eternities,https://product-images.s3.cardmarket.com/1/EOE/833854/833854.jpg,7902,£0.02,"0,05 €","0,07 €","0,06 €","0,02 €"
Warmaker Gunship,,Rare,167,Edge of Eternities,https://product-images.s3.cardmarket.com/1/EOE/836825/836825.jpg,4993,"0,04 €","0,19 €","0,17 €","0,19 €","0,13 €"
Watery Grave,,Rare,261,Edge of Eternities,https://product-images.s3.cardmarket.com/1/EOE/834035/834035.jpg,1630,"7,48 €","9,18 €","9,17 €","9,31 €","9,20 €"
Weapons Manufacturing,,Rare,168,Edge of Eternities,https://product-images.s3.cardmarket.com/1/EOE/834871/834871.jpg,1012,"1,50 €","2,36 €","2,39 €","2,43 €","2,66 €"
Wedgelight Rammer,,Uncommon,43,Edge of Eternities,https://product-images.s3.cardmarket.com/1/EOE/836776/836776.jpg,7952,"0,02 €","0,08 €","0,07 €","0,08 €","0,02 €"
Weftblade Enhancer,,Common,44,Edge of Eternities,https://product-images.s3.cardmarket.com/1/EOE/835717/835717.jpg,14555,"0,02 €","0,04 €","0,03 €","0,03 €","0,03 €"
Weftstalker Ardent,,Uncommon,169,Edge of Eternities,https://product-images.s3.cardmarket.com/1/EOE/833859/833859.jpg,2091,"0,15 €","0,60 €","0,51 €","0,57 €","0,65 €"
Weftwalking,,Mythic,86,Edge of Eternities,https://product-images.s3.cardmarket.com/1/EOE/835721/835721.jpg,2485,"0,10 €","0,42 €","0,39 €","0,44 €","0,45 €"
Wurmwall Sweeper,,Common,249,Edge of Eternities,https://product-images.s3.cardmarket.com/1/EOE/834031/834031.jpg,13869,"0,02 €","0,09 €","0,05 €","0,07 €","0,02 €"
"Xu-Ifit, Osteoharmonist",,Rare,127,Edge of Eternities,https://product-images.s3.cardmarket.com/1/EOE/836808/836808.jpg,3674,"0,05 €","0,32 €","0,33 €","0,33 €","0,11 €"
Zealous Display,,Common,45,Edge of Eternities,https://product-images.s3.cardmarket.com/1/EOE/836777/836777.jpg,14272,"0,02 €","0,05 €","0,05 €","0,04 €","0,02 €"
Zero Point Ballad,,Rare,128,Edge of Eternities,https://product-images.s3.cardmarket.com/1/EOE/836323/836323.jpg,3005,"0,09 €","0,36 €","0,43 €","0,37 €","0,35 €"
Zookeeper Mechan,,Common,170,Edge of Eternities,https://product-images.s3.cardmarket.com/1/EOE/833860/833860.jpg,13500,"0,02 €","0,11 €","0,08 €","0,14 €","0,14 €"
"Aang, at the Crossroads // Aang, Destined Savior",,Rare,203,Magic: The Gathering | Avatar: The Last Airbender,https://product-images.s3.cardmarket.com/1/TLA/857838/857838.jpg,1627,"0,29 €","0,69 €","0,74 €","0,67 €","0,78 €"
"Aang, Swift Savior // Aang and La, Ocean's Fury",,Rare,204,Magic: The Gathering | Avatar: The Last Airbender,https://product-images.s3.cardmarket.com/1/TLA/855726/855726.jpg,1155,"3,00 €","4,65 €","4,60 €","4,64 €","3,70 €"
"Aang, the Last Airbender",,Uncommon,4,Magic: The Gathering | Avatar: The Last Airbender,https://product-images.s3.cardmarket.com/1/TLA/855696/855696.jpg,7124,£0.02,"0,10 €","0,10 €","0,10 €","0,12 €"
Aang's Iceberg,,Rare,5,Magic: The Gathering | Avatar: The Last Airbender,https://product-images.s3.cardmarket.com/1/TLA/844403/844403.jpg,1799,"0,10 €","0,45 €","0,42 €","0,46 €","0,48 €"
Aang's Journey,,Common,1,Magic: The Gathering | Avatar: The Last Airbender,https://product-images.s3.cardmarket.com/1/TLA/855747/855747.jpg,10563,"0,02 €","0,10 €","0,09 €","0,08 €","0,13 €"
Abandon Attachments,,Common,205,Magic: The Gathering | Avatar: The Last Airbender,https://product-images.s3.cardmarket.com/1/TLA/857480/857480.jpg,6034,£0.02,"0,22 €","0,20 €","0,21 €","0,28 €"
Abandoned Air Temple,,Rare,263,Magic: The Gathering | Avatar: The Last Airbender,https://product-images.s3.cardmarket.com/1/TLA/855742/855742.jpg,1041,"1,55 €","3,04 €","2,64 €","3,04 €","2,98 €"
Accumulate Wisdom,,Uncommon,44,Magic: The Gathering | Avatar: The Last Airbender,https://product-images.s3.cardmarket.com/1/TLA/855700/855700.jpg,3259,"0,29 €","1,41 €","1,29 €","1,24 €","1,49 €"
Agna Qel'a,,Rare,264,Magic: The Gathering | Avatar: The Last Airbender,https://product-images.s3.cardmarket.com/1/TLA/858230/858230.jpg,2288,"0,86 €","1,24 €","1,07 €","1,24 €","1,34 €"
Air Nomad Legacy,,Uncommon,206,Magic: The Gathering | Avatar: The Last Airbender,https://product-images.s3.cardmarket.com/1/TLA/844433/844433.jpg,5283,£0.02,"0,12 €","0,13 €","0,14 €","0,12 €"
Airbender Ascension,,Rare,6,Magic: The Gathering | Avatar: The Last Airbender,https://product-images.s3.cardmarket.com/1/TLA/842844/842844.jpg,1584,"0,47 €","1,12 €","1,07 €","1,10 €","1,19 €"
Airbender's Reversal,,Uncommon,7,Magic: The Gathering | Avatar: The Last Airbender,https://product-images.s3.cardmarket.com/1/TLA/855697/855697.jpg,5518,"0,02 €","0,15 €","0,15 €","0,15 €","0,10 €"
Airbending Lesson,,Common,8,Magic: The Gathering | Avatar: The Last Airbender,https://product-images.s3.cardmarket.com/1/TLA/857824/857824.jpg,11304,"0,02 €","0,09 €","0,07 €","0,08 €","0,18 €"
Airship Engine Room,,Common,265,Magic: The Gathering | Avatar: The Last Airbender,https://product-images.s3.cardmarket.com/1/TLA/857791/857791.jpg,6759,"0,02 €","0,07 €","0,07 €","0,06 €","0,07 €"
Allies at Last,,Uncommon,164,Magic: The Gathering | Avatar: The Last Airbender,https://product-images.s3.cardmarket.com/1/TLA/857466/857466.jpg,6205,"0,02 €","0,13 €","0,12 €","0,14 €","0,13 €"
"Appa, Loyal Sky Bison",,Uncommon,9,Magic: The Gathering | Avatar: The Last Airbender,https://product-images.s3.cardmarket.com/1/TLA/844405/844405.jpg,6716,"0,02 €","0,10 €","0,11 €","0,10 €","0,15 €"
"Appa, Steadfast Guardian",,Mythic,10,Magic: The Gathering | Avatar: The Last Airbender,https://product-images.s3.cardmarket.com/1/TLA/857404/857404.jpg,1071,"13,98 €","13,93 €","15,31 €","14,39 €","15,04 €"
"Avatar Aang // Aang, Master of Elements",,Mythic,207,Magic: The Gathering | Avatar: The Last Airbender,https://product-images.s3.cardmarket.com/1/TLA/858188/858188.jpg,964,"3,50 €","4,58 €","4,77 €","4,62 €","4,34 €"
Avatar Destiny,,Rare,165,Magic: The Gathering | Avatar: The Last Airbender,https://product-images.s3.cardmarket.com/1/TLA/855719/855719.jpg,3727,"0,03 €","0,22 €","0,19 €","0,23 €","0,24 €"
Avatar Enthusiasts,,Common,11,Magic: The Gathering | Avatar: The Last Airbender,https://product-images.s3.cardmarket.com/1/TLA/842845/842845.jpg,11480,"0,02 €","0,04 €","0,07 €","0,07 €","0,02 €"
Avatar's Wrath,,Rare,12,Magic: The Gathering | Avatar: The Last Airbender,https://product-images.s3.cardmarket.com/1/TLA/842846/842846.jpg,972,"2,95 €","3,76 €","3,54 €","3,91 €","3,90 €"
Azula Always Lies,,Common,84,Magic: The Gathering | Avatar: The Last Airbender,https://product-images.s3.cardmarket.com/1/TLA/842850/842850.jpg,11968,"0,02 €","0,10 €","0,06 €","0,09 €","0,19 €"
"Azula, Cunning Usurper",,Rare,208,Magic: The Gathering | Avatar: The Last Airbender,https://product-images.s3.cardmarket.com/1/TLA/842856/842856.jpg,3046,"0,09 €","0,27 €","0,29 €","0,29 €","0,33 €"
"Azula, On the Hunt",,Uncommon,85,Magic: The Gathering | Avatar: The Last Airbender,https://product-images.s3.cardmarket.com/1/TLA/844407/844407.jpg,7099,"0,02 €","0,09 €","0,10 €","0,11 €","0,17 €"
Ba Sing Se,,Rare,266,Magic: The Gathering | Avatar: The Last Airbender,https://product-images.s3.cardmarket.com/1/TLA/857750/857750.jpg,796,"1,40 €","2,44 €","2,04 €","2,35 €","2,32 €"
Badgermole,,Common,166,Magic: The Gathering | Avatar: The Last Airbender,https://product-images.s3.cardmarket.com/1/TLA/857737/857737.jpg,11147,"0,02 €","0,08 €","0,07 €","0,07 €","0,05 €"
Badgermole Cub,,Mythic,167,Magic: The Gathering | Avatar: The Last Airbender,https://product-images.s3.cardmarket.com/1/TLA/844427/844427.jpg,610,"39,95 €","45,21 €","49,39 €","46,85 €","46,63 €"
Barrels of Blasting Jelly,,Common,254,Magic: The Gathering | Avatar: The Last Airbender,https://product-images.s3.cardmarket.com/1/TLA/857492/857492.jpg,11020,"0,02 €","0,08 €","0,05 €","0,07 €","0,13 €"
Beetle-Headed Merchants,,Common,86,Magic: The Gathering | Avatar: The Last Airbender,https://product-images.s3.cardmarket.com/1/TLA/855707/855707.jpg,12393,"0,02 €","0,04 €","0,04 €","0,04 €","0,02 €"
Beifong's Bounty Hunters,,Rare,209,Magic: The Gathering | Avatar: The Last Airbender,https://product-images.s3.cardmarket.com/1/TLA/855727/855727.jpg,2846,"0,08 €","0,27 €","0,32 €","0,30 €","0,30 €"
Bender's Waterskin,,Common,255,Magic: The Gathering | Avatar: The Last Airbender,https://product-images.s3.cardmarket.com/1/TLA/844439/844439.jpg,6689,"0,10 €","0,34 €","0,32 €","0,35 €","0,38 €"
Benevolent River Spirit,,Uncommon,45,Magic: The Gathering | Avatar: The Last Airbender,https://product-images.s3.cardmarket.com/1/TLA/858209/858209.jpg,6095,"0,02 €","0,07 €","0,07 €","0,06 €","0,12 €"
Bitter Work,,Uncommon,210,Magic: The Gathering | Avatar: The Last Airbender,https://product-images.s3.cardmarket.com/1/TLA/857744/857744.jpg,4901,"0,02 €","0,16 €","0,16 €","0,16 €","0,15 €"
Boar-q-pine,,Common,124,Magic: The Gathering | Avatar: The Last Airbender,https://product-images.s3.cardmarket.com/1/TLA/858173/858173.jpg,11364,"0,02 €","0,08 €","0,05 €","0,07 €","0,15 €"
Boiling Rock Prison,,Common,267,Magic: The Gathering | Avatar: The Last Airbender,https://product-images.s3.cardmarket.com/1/TLA/857843/857843.jpg,6603,"0,02 €","0,09 €","0,09 €","0,09 €","0,10 €"
Boiling Rock Rioter,,Rare,87,Magic: The Gathering | Avatar: The Last Airbender,https://product-images.s3.cardmarket.com/1/TLA/844409/844409.jpg,3857,"0,02 €","0,20 €","0,20 €","0,25 €","0,33 €"
Boomerang Basics,,Uncommon,46,Magic: The Gathering | Avatar: The Last Airbender,https://product-images.s3.cardmarket.com/1/TLA/857827/857827.jpg,4104,"0,70 €","1,48 €","2,28 €","1,68 €","1,59 €"
Bumi Bash,,Common,125,Magic: The Gathering | Avatar: The Last Airbender,https://product-images.s3.cardmarket.com/1/TLA/858199/858199.jpg,11338,"0,02 €","0,07 €","0,04 €","0,04 €","0,03 €"
"Bumi, King of Three Trials",,Uncommon,169,Magic: The Gathering | Avatar: The Last Airbender,https://product-images.s3.cardmarket.com/1/TLA/857787/857787.jpg,5862,"0,02 €","0,09 €","0,10 €","0,09 €","0,05 €"
"Bumi, Unleashed",,Mythic,211,Magic: The Gathering | Avatar: The Last Airbender,https://product-images.s3.cardmarket.com/1/TLA/857745/857745.jpg,761,"3,44 €","4,57 €","4,33 €","4,55 €","4,37 €"
Buzzard-Wasp Colony,,Uncommon,88,Magic: The Gathering | Avatar: The Last Airbender,https://product-images.s3.cardmarket.com/1/TLA/855708/855708.jpg,7071,"0,02 €","0,06 €","0,07 €","0,07 €","0,08 €"
Callous Inspector,,Common,89,Magic: The Gathering | Avatar: The Last Airbender,https://product-images.s3.cardmarket.com/1/TLA/844411/844411.jpg,12105,"0,02 €","0,09 €","0,07 €","0,07 €","0,06 €"
Canyon Crawler,,Common,90,Magic: The Gathering | Avatar: The Last Airbender,https://product-images.s3.cardmarket.com/1/TLA/857731/857731.jpg,11857,"0,02 €","0,05 €","0,05 €","0,04 €","0,08 €"
Cat-Gator,,Uncommon,91,Magic: The Gathering | Avatar: The Last Airbender,https://product-images.s3.cardmarket.com/1/TLA/858231/858231.jpg,6257,"0,02 €","0,06 €","0,08 €","0,06 €","0,09 €"
Cat-Owl,,Common,212,Magic: The Gathering | Avatar: The Last Airbender,https://product-images.s3.cardmarket.com/1/TLA/857481/857481.jpg,11560,"0,02 €","0,03 €","0,04 €","0,03 €","0,02 €"
Combustion Man,,Uncommon,127,Magic: The Gathering | Avatar: The Last Airbender,https://product-images.s3.cardmarket.com/1/TLA/855698/855698.jpg,6109,£0.02,"0,12 €","0,14 €","0,12 €","0,11 €"
Combustion Technique,,Uncommon,128,Magic: The Gathering | Avatar: The Last Airbender,https://product-images.s3.cardmarket.com/1/TLA/857783/857783.jpg,2651,"0,07 €","0,31 €","0,24 €","0,30 €","0,38 €"
Compassionate Healer,,Common,13,Magic: The Gathering | Avatar: The Last Airbender,https://product-images.s3.cardmarket.com/1/TLA/858171/858171.jpg,10979,"0,02 €","0,05 €","0,05 €","0,05 €","0,05 €"
Corrupt Court Official,,Common,92,Magic: The Gathering | Avatar: The Last Airbender,https://product-images.s3.cardmarket.com/1/TLA/844413/844413.jpg,11937,"0,02 €","0,03 €","0,04 €","0,03 €","0,02 €"
Crashing Wave,,Uncommon,47,Magic: The Gathering | Avatar: The Last Airbender,https://product-images.s3.cardmarket.com/1/TLA/857777/857777.jpg,4620,£0.02,"0,12 €","0,12 €","0,12 €","0,15 €"
Crescent Island Temple,,Uncommon,129,Magic: The Gathering | Avatar: The Last Airbender,https://product-images.s3.cardmarket.com/1/TLA/857784/857784.jpg,5849,£0.02,"0,18 €","0,18 €","0,20 €","0,20 €"
Cruel Administrator,,Uncommon,213,Magic: The Gathering | Avatar: The Last Airbender,https://product-images.s3.cardmarket.com/1/TLA/844436/844436.jpg,5889,"0,02 €","0,10 €","0,11 €","0,11 €","0,10 €"
Cunning Maneuver,,Common,130,Magic: The Gathering | Avatar: The Last Airbender,https://product-images.s3.cardmarket.com/1/TLA/855711/855711.jpg,11416,"0,02 €","0,06 €","0,06 €","0,06 €","0,13 €"
Curious Farm Animals,,Common,14,Magic: The Gathering | Avatar: The Last Airbender,https://product-images.s3.cardmarket.com/1/TLA/857405/857405.jpg,10945,"0,02 €","0,12 €","0,09 €","0,09 €","0,08 €"
Cycle of Renewal,,Common,170,Magic: The Gathering | Avatar: The Last Airbender,https://product-images.s3.cardmarket.com/1/TLA/857738/857738.jpg,9863,"0,02 €","0,12 €","0,11 €","0,11 €","0,13 €"
Dai Li Agents,,Uncommon,214,Magic: The Gathering | Avatar: The Last Airbender,https://product-images.s3.cardmarket.com/1/TLA/857746/857746.jpg,4466,£0.02,"0,08 €","0,11 €","0,10 €","0,10 €"
Dai Li Indoctrination,,Common,93,Magic: The Gathering | Avatar: The Last Airbender,https://product-images.s3.cardmarket.com/1/TLA/844415/844415.jpg,12428,"0,02 €","0,07 €","0,09 €","0,10 €","0,09 €"
Day of Black Sun,,Rare,94,Magic: The Gathering | Avatar: The Last Airbender,https://product-images.s3.cardmarket.com/1/TLA/844417/844417.jpg,1821,"0,19 €","0,90 €","0,91 €","0,92 €","1,08 €"
Deadly Precision,,Common,95,Magic: The Gathering | Avatar: The Last Airbender,https://product-images.s3.cardmarket.com/1/TLA/855709/855709.jpg,12069,"0,02 €","0,07 €","0,06 €","0,07 €","0,17 €"
Deserter's Disciple,,Common,131,Magic: The Gathering | Avatar: The Last Airbender,https://product-images.s3.cardmarket.com/1/TLA/855712/855712.jpg,11809,"0,02 €","0,05 €","0,06 €","0,04 €","0,04 €"
Destined Confrontation,,Uncommon,15,Magic: The Gathering | Avatar: The Last Airbender,https://product-images.s3.cardmarket.com/1/TLA/858207/858207.jpg,5618,"0,02 €","0,17 €","0,14 €","0,17 €","0,22 €"
Diligent Zookeeper,,Rare,171,Magic: The Gathering | Avatar: The Last Airbender,https://product-images.s3.cardmarket.com/1/TLA/855721/855721.jpg,4473,"0,02 €","0,16 €","0,19 €","0,18 €","0,14 €"
Dragonfly Swarm,,Uncommon,215,Magic: The Gathering | Avatar: The Last Airbender,https://product-images.s3.cardmarket.com/1/TLA/855728/855728.jpg,4730,"0,02 €","0,15 €","0,17 €","0,15 €","0,14 €"
Earth Kingdom General,,Uncommon,173,Magic: The Gathering | Avatar: The Last Airbender,https://product-images.s3.cardmarket.com/1/TLA/857740/857740.jpg,6338,"0,02 €","0,14 €","0,12 €","0,14 €","0,12 €"
Earth Kingdom Jailer,,Uncommon,16,Magic: The Gathering | Avatar: The Last Airbender,https://product-images.s3.cardmarket.com/1/TLA/857774/857774.jpg,5793,"0,02 €","0,12 €","0,13 €","0,16 €","0,08 €"
Earth Kingdom Protectors,,Uncommon,17,Magic: The Gathering | Avatar: The Last Airbender,https://product-images.s3.cardmarket.com/1/TLA/857712/857712.jpg,5498,£0.02,"0,17 €","0,16 €","0,18 €","0,18 €"
Earth Kingdom Soldier,,Common,216,Magic: The Gathering | Avatar: The Last Airbender,https://product-images.s3.cardmarket.com/1/TLA/855729/855729.jpg,12218,"0,02 €","0,04 €","0,04 €","0,05 €","0,05 €"
Earth King's Lieutenant,,Rare,217,Magic: The Gathering | Avatar: The Last Airbender,https://product-images.s3.cardmarket.com/1/TLA/844437/844437.jpg,2872,"0,02 €","0,34 €","0,34 €","0,37 €","0,39 €"
Earth Rumble,,Uncommon,174,Magic: The Gathering | Avatar: The Last Airbender,https://product-images.s3.cardmarket.com/1/TLA/857741/857741.jpg,6207,"0,02 €","0,13 €","0,12 €","0,13 €","0,20 €"
Earth Rumble Wrestlers,,Common,218,Magic: The Gathering | Avatar: The Last Airbender,https://product-images.s3.cardmarket.com/1/TLA/855730/855730.jpg,11838,"0,02 €","0,04 €","0,04 €","0,04 €","0,02 €"
Earth Village Ruffians,,Common,219,Magic: The Gathering | Avatar: The Last Airbender,https://product-images.s3.cardmarket.com/1/TLA/857482/857482.jpg,11711,"0,02 €","0,05 €","0,05 €","0,06 €","0,05 €"
Earthbender Ascension,,Rare,175,Magic: The Gathering | Avatar: The Last Airbender,https://product-images.s3.cardmarket.com/1/TLA/844429/844429.jpg,748,"0,50 €","1,25 €","1,10 €","1,29 €","1,58 €"
Earthbending Lesson,,Common,176,Magic: The Gathering | Avatar: The Last Airbender,https://product-images.s3.cardmarket.com/1/TLA/857788/857788.jpg,10986,"0,02 €","0,09 €","0,07 €","0,09 €","0,07 €"
Earthen Ally,,Rare,177,Magic: The Gathering | Avatar: The Last Airbender,https://product-images.s3.cardmarket.com/1/TLA/842855/842855.jpg,3813,"0,06 €","0,27 €","0,21 €","0,30 €","0,42 €"
Elemental Teachings,,Rare,178,Magic: The Gathering | Avatar: The Last Airbender,https://product-images.s3.cardmarket.com/1/TLA/857835/857835.jpg,3194,"0,09 €","0,34 €","0,38 €","0,36 €","0,47 €"
Ember Island Production,,Uncommon,48,Magic: The Gathering | Avatar: The Last Airbender,https://product-images.s3.cardmarket.com/1/TLA/857828/857828.jpg,5313,"0,02 €","0,15 €","0,14 €","0,14 €","0,12 €"
Energybending,,Uncommon,2,Magic: The Gathering | Avatar: The Last Airbender,https://product-images.s3.cardmarket.com/1/TLA/842843/842843.jpg,5316,"0,02 €","0,16 €","0,15 €","0,14 €","0,18 €"
Enter the Avatar State,,Uncommon,18,Magic: The Gathering | Avatar: The Last Airbender,https://product-images.s3.cardmarket.com/1/TLA/857775/857775.jpg,4661,"0,04 €","0,22 €","0,23 €","0,23 €","0,20 €"
Epic Downfall,,Uncommon,96,Magic: The Gathering | Avatar: The Last Airbender,https://product-images.s3.cardmarket.com/1/TLA/857440/857440.jpg,6581,"0,02 €","0,08 €","0,10 €","0,09 €","0,17 €"
Fancy Footwork,,Uncommon,19,Magic: The Gathering | Avatar: The Last Airbender,https://product-images.s3.cardmarket.com/1/TLA/857729/857729.jpg,6542,"0,02 €","0,06 €","0,07 €","0,06 €","0,08 €"
Fatal Fissure,,Uncommon,97,Magic: The Gathering | Avatar: The Last Airbender,https://product-images.s3.cardmarket.com/1/TLA/844419/844419.jpg,6163,"0,02 €","0,07 €","0,07 €","0,08 €","0,08 €"
Fated Firepower,,Mythic,132,Magic: The Gathering | Avatar: The Last Airbender,https://product-images.s3.cardmarket.com/1/TLA/844425/844425.jpg,865,"4,20 €","5,73 €","5,60 €","5,69 €","5,63 €"
Fire Lord Azula,,Rare,220,Magic: The Gathering | Avatar: The Last Airbender,https://product-images.s3.cardmarket.com/1/TLA/844438/844438.jpg,1692,"1,28 €","1,98 €","2,11 €","2,11 €","1,91 €"
Fire Lord Zuko,,Rare,221,Magic: The Gathering | Avatar: The Last Airbender,https://product-images.s3.cardmarket.com/1/TLA/855731/855731.jpg,2806,"0,09 €","0,29 €","0,31 €","0,30 €","0,30 €"
Fire Nation Attacks,,Uncommon,133,Magic: The Gathering | Avatar: The Last Airbender,https://product-images.s3.cardmarket.com/1/TLA/842852/842852.jpg,5222,"0,02 €","0,09 €","0,11 €","0,09 €","0,12 €"
Fire Nation Cadets,,Common,134,Magic: The Gathering | Avatar: The Last Airbender,https://product-images.s3.cardmarket.com/1/TLA/842853/842853.jpg,10977,"0,02 €","0,04 €","0,06 €","0,06 €","0,08 €"
Fire Nation Engineer,,Uncommon,99,Magic: The Gathering | Avatar: The Last Airbender,https://product-images.s3.cardmarket.com/1/TLA/855710/855710.jpg,6656,"0,02 €","0,06 €","0,07 €","0,05 €","0,06 €"
Fire Nation Palace,,Rare,268,Magic: The Gathering | Avatar: The Last Airbender,https://product-images.s3.cardmarket.com/1/TLA/857751/857751.jpg,1323,"0,50 €","1,32 €","1,11 €","1,31 €","1,40 €"
Fire Nation Raider,,Common,135,Magic: The Gathering | Avatar: The Last Airbender,https://product-images.s3.cardmarket.com/1/TLA/857450/857450.jpg,11468,"0,02 €","0,08 €","0,04 €","0,05 €","0,03 €"
Fire Nation Warship,,Uncommon,256,Magic: The Gathering | Avatar: The Last Airbender,https://product-images.s3.cardmarket.com/1/TLA/844441/844441.jpg,6305,"0,02 €","0,07 €","0,08 €","0,08 €","0,10 €"
Fire Navy Trebuchet,,Uncommon,100,Magic: The Gathering | Avatar: The Last Airbender,https://product-images.s3.cardmarket.com/1/TLA/844421/844421.jpg,6398,"0,02 €","0,13 €","0,12 €","0,11 €","0,10 €"
Fire Sages,,Uncommon,136,Magic: The Gathering | Avatar: The Last Airbender,https://product-images.s3.cardmarket.com/1/TLA/857785/857785.jpg,6623,"0,02 €","0,06 €","0,09 €","0,07 €","0,11 €"
Firebender Ascension,,Rare,137,Magic: The Gathering | Avatar: The Last Airbender,https://product-images.s3.cardmarket.com/1/TLA/857451/857451.jpg,1614,"0,30 €","1,17 €","1,22 €","1,18 €","1,34 €"
Firebending Lesson,,Common,138,Magic: The Gathering | Avatar: The Last Airbender,https://product-images.s3.cardmarket.com/1/TLA/857734/857734.jpg,9815,"0,02 €","0,15 €","0,14 €","0,15 €","0,29 €"
Firebending Student,,Rare,139,Magic: The Gathering | Avatar: The Last Airbender,https://product-images.s3.cardmarket.com/1/TLA/858175/858175.jpg,2362,"0,47 €","1,11 €","1,26 €","1,15 €","1,30 €"
First-Time Flyer,,Common,49,Magic: The Gathering | Avatar: The Last Airbender,https://product-images.s3.cardmarket.com/1/TLA/858184/858184.jpg,11571,"0,02 €","0,06 €","0,04 €","0,05 €","0,02 €"
Flexible Waterbender,,Common,50,Magic: The Gathering | Avatar: The Last Airbender,https://product-images.s3.cardmarket.com/1/TLA/857418/857418.jpg,11805,"0,02 €","0,05 €","0,05 €","0,04 €","0,03 €"
"Flopsie, Bumi's Buddy",,Uncommon,179,Magic: The Gathering | Avatar: The Last Airbender,https://product-images.s3.cardmarket.com/1/TLA/857742/857742.jpg,6198,"0,02 €","0,11 €","0,10 €","0,11 €","0,13 €"
Foggy Bottom Swamp,,Common,269,Magic: The Gathering | Avatar: The Last Airbender,https://product-images.s3.cardmarket.com/1/TLA/857752/857752.jpg,6776,"0,02 €","0,07 €","0,09 €","0,08 €","0,08 €"
Foggy Swamp Hunters,,Common,101,Magic: The Gathering | Avatar: The Last Airbender,https://product-images.s3.cardmarket.com/1/TLA/857780/857780.jpg,11441,"0,02 €","0,04 €","0,03 €","0,04 €","0,03 €"
Foggy Swamp Spirit Keeper,,Uncommon,222,Magic: The Gathering | Avatar: The Last Airbender,https://product-images.s3.cardmarket.com/1/TLA/842857/842857.jpg,5817,"0,02 €","0,09 €","0,07 €","0,08 €","0,16 €"
Foggy Swamp Vinebender,,Common,180,Magic: The Gathering | Avatar: The Last Airbender,https://product-images.s3.cardmarket.com/1/TLA/857468/857468.jpg,11335,"0,02 €","0,04 €","0,03 €","0,03 €","0,02 €"
Foggy Swamp Visions,,Rare,102,Magic: The Gathering | Avatar: The Last Airbender,https://product-images.s3.cardmarket.com/1/TLA/857830/857830.jpg,2866,"0,10 €","0,29 €","0,36 €","0,35 €","0,31 €"
Forecasting Fortune Teller,,Common,51,Magic: The Gathering | Avatar: The Last Airbender,https://product-images.s3.cardmarket.com/1/TLA/857419/857419.jpg,11215,"0,02 €","0,08 €","0,08 €","0,09 €","0,20 €"
Forest,V.1,Land,286,Magic: The Gathering | Avatar: The Last Airbender,https://product-images.s3.cardmarket.com/1/TLA/857500/857500.jpg,7896,"0,02 €","0,09 €","0,09 €","0,10 €","0,08 €"
Forest,V.2,Land,291,Magic: The Gathering | Avatar: The Last Airbender,https://product-images.s3.cardmarket.com/1/TLA/842865/842865.jpg,5795,£0.02,"0,26 €","0,26 €","0,28 €","0,22 €"
Forest,V.3,Land,296,Magic: The Gathering | Avatar: The Last Airbender,https://product-images.s3.cardmarket.com/1/TLA/855746/855746.jpg,2423,"0,12 €","0,37 €","0,37 €","0,38 €","0,37 €"
Gather the White Lotus,,Uncommon,20,Magic: The Gathering | Avatar: The Last Airbender,https://product-images.s3.cardmarket.com/1/TLA/857406/857406.jpg,6048,"0,02 €","0,11 €","0,07 €","0,10 €","0,19 €"
Geyser Leaper,,Common,52,Magic: The Gathering | Avatar: The Last Airbender,https://product-images.s3.cardmarket.com/1/TLA/857420/857420.jpg,12078,"0,02 €","0,05 €","0,04 €","0,03 €","0,05 €"
Giant Koi,,Common,53,Magic: The Gathering | Avatar: The Last Airbender,https://product-images.s3.cardmarket.com/1/TLA/857421/857421.jpg,12475,"0,02 €","0,08 €","0,07 €","0,05 €","0,15 €"
Glider Kids,,Common,21,Magic: The Gathering | Avatar: The Last Airbender,https://product-images.s3.cardmarket.com/1/TLA/857730/857730.jpg,12936,"0,02 €","0,03 €","0,04 €","0,03 €","0,04 €"
Glider Staff,,Uncommon,22,Magic: The Gathering | Avatar: The Last Airbender,https://product-images.s3.cardmarket.com/1/TLA/857407/857407.jpg,6205,"0,02 €","0,07 €","0,10 €","0,07 €","0,12 €"
Gran-Gran,,Uncommon,54,Magic: The Gathering | Avatar: The Last Airbender,https://product-images.s3.cardmarket.com/1/TLA/857422/857422.jpg,3458,"0,04 €","0,32 €","0,24 €","0,28 €","0,37 €"
Great Divide Guide,,Rare,181,Magic: The Gathering | Avatar: The Last Airbender,https://product-images.s3.cardmarket.com/1/TLA/858213/858213.jpg,2728,"0,38 €","1,46 €","1,65 €","1,57 €","1,55 €"
Guru Pathik,,Uncommon,223,Magic: The Gathering | Avatar: The Last Airbender,https://product-images.s3.cardmarket.com/1/TLA/857483/857483.jpg,5876,"0,02 €","0,13 €","0,12 €","0,13 €","0,14 €"
"Hakoda, Selfless Commander",,Rare,23,Magic: The Gathering | Avatar: The Last Airbender,https://product-images.s3.cardmarket.com/1/TLA/857408/857408.jpg,3358,"0,04 €","0,26 €","0,29 €","0,29 €","0,29 €"
"Hama, the Bloodbender",,Uncommon,224,Magic: The Gathering | Avatar: The Last Airbender,https://product-images.s3.cardmarket.com/1/TLA/855732/855732.jpg,6107,"0,02 €","0,08 €","0,08 €","0,08 €","0,05 €"
"Haru, Hidden Talent",,Uncommon,182,Magic: The Gathering | Avatar: The Last Airbender,https://product-images.s3.cardmarket.com/1/TLA/857836/857836.jpg,6123,"0,02 €","0,11 €","0,12 €","0,12 €","0,09 €"
Heartless Act,,Uncommon,103,Magic: The Gathering | Avatar: The Last Airbender,https://product-images.s3.cardmarket.com/1/TLA/856077/856077.jpg,6615,£0.02,"0,12 €","0,12 €","0,12 €","0,12 €"
"Hei Bai, Spirit of Balance",,Uncommon,225,Magic: The Gathering | Avatar: The Last Airbender,https://product-images.s3.cardmarket.com/1/TLA/855733/855733.jpg,6900,"0,02 €","0,07 €","0,08 €","0,06 €","0,08 €"
Hermitic Herbalist,,Uncommon,226,Magic: The Gathering | Avatar: The Last Airbender,https://product-images.s3.cardmarket.com/1/TLA/857484/857484.jpg,5229,"0,02 €","0,12 €","0,15 €","0,12 €","0,12 €"
Hog-Monkey,,Common,104,Magic: The Gathering | Avatar: The Last Airbender,https://product-images.s3.cardmarket.com/1/TLA/857441/857441.jpg,11785,"0,02 €","0,04 €","0,03 €","0,04 €","0,02 €"
Honest Work,,Uncommon,55,Magic: The Gathering | Avatar: The Last Airbender,https://product-images.s3.cardmarket.com/1/TLA/855701/855701.jpg,5707,"0,02 €","0,10 €","0,11 €","0,12 €","0,08 €"
How to Start a Riot,,Common,140,Magic: The Gathering | Avatar: The Last Airbender,https://product-images.s3.cardmarket.com/1/TLA/855713/855713.jpg,11648,"0,02 €","0,07 €","0,06 €","0,08 €","0,05 €"
Iguana Parrot,,Common,56,Magic: The Gathering | Avatar: The Last Airbender,https://product-images.s3.cardmarket.com/1/TLA/855702/855702.jpg,11964,"0,02 €","0,06 €","0,05 €","0,08 €","0,04 €"
Invasion Reinforcements,,Uncommon,24,Magic: The Gathering | Avatar: The Last Airbender,https://product-images.s3.cardmarket.com/1/TLA/858227/858227.jpg,6201,£0.02,"0,10 €","0,14 €","0,12 €","0,12 €"
Invasion Submersible,,Uncommon,57,Magic: The Gathering | Avatar: The Last Airbender,https://product-images.s3.cardmarket.com/1/TLA/857423/857423.jpg,6272,"0,02 €","0,10 €","0,08 €","0,10 €","0,14 €"
Invasion Tactics,,Uncommon,183,Magic: The Gathering | Avatar: The Last Airbender,https://product-images.s3.cardmarket.com/1/TLA/857469/857469.jpg,5824,"0,02 €","0,07 €","0,09 €","0,07 €","0,10 €"
"Iroh, Grand Lotus",,Rare,227,Magic: The Gathering | Avatar: The Last Airbender,https://product-images.s3.cardmarket.com/1/TLA/857839/857839.jpg,2699,"0,07 €","0,33 €","0,27 €","0,33 €","0,30 €"
"Iroh, Tea Master",,Rare,228,Magic: The Gathering | Avatar: The Last Airbender,https://product-images.s3.cardmarket.com/1/TLA/855734/855734.jpg,3724,£0.02,"0,21 €","0,21 €","0,21 €","0,20 €"
Iroh's Demonstration,,Uncommon,141,Magic: The Gathering | Avatar: The Last Airbender,https://product-images.s3.cardmarket.com/1/TLA/857452/857452.jpg,3100,"0,05 €","0,31 €","0,25 €","0,30 €","0,38 €"
Island,V.1,Land,283,Magic: The Gathering | Avatar: The Last Airbender,https://product-images.s3.cardmarket.com/1/TLA/857497/857497.jpg,8514,"0,02 €","0,09 €","0,08 €","0,09 €","0,09 €"
Island,V.2,Land,288,Magic: The Gathering | Avatar: The Last Airbender,https://product-images.s3.cardmarket.com/1/TLA/842862/842862.jpg,5896,£0.08,"0,23 €","0,28 €","0,26 €","0,39 €"
Island,V.3,Land,293,Magic: The Gathering | Avatar: The Last Airbender,https://product-images.s3.cardmarket.com/1/TLA/855743/855743.jpg,2483,"0,16 €","0,34 €","0,35 €","0,37 €","0,44 €"
It'll Quench Ya!,,Common,58,Magic: The Gathering | Avatar: The Last Airbender,https://product-images.s3.cardmarket.com/1/TLA/857424/857424.jpg,10017,"0,02 €","0,12 €","0,13 €","0,11 €","0,15 €"
Jasmine Dragon Tea Shop,,Rare,270,Magic: The Gathering | Avatar: The Last Airbender,https://product-images.s3.cardmarket.com/1/TLA/857753/857753.jpg,2671,"0,11 €","0,47 €","0,38 €","0,51 €","0,47 €"
"Jeong Jeong, the Deserter",,Uncommon,142,Magic: The Gathering | Avatar: The Last Airbender,https://product-images.s3.cardmarket.com/1/TLA/857786/857786.jpg,6585,"0,02 €","0,08 €","0,08 €","0,08 €","0,10 €"
Jeong Jeong's Deserters,,Common,25,Magic: The Gathering | Avatar: The Last Airbender,https://product-images.s3.cardmarket.com/1/TLA/857825/857825.jpg,12194,"0,02 €","0,04 €","0,05 €","0,07 €","0,04 €"
"Jet, Freedom Fighter",,Uncommon,229,Magic: The Gathering | Avatar: The Last Airbender,https://product-images.s3.cardmarket.com/1/TLA/857747/857747.jpg,6465,"0,02 €","0,08 €","0,08 €","0,08 €","0,13 €"
Jet's Brainwashing,,Uncommon,143,Magic: The Gathering | Avatar: The Last Airbender,https://product-images.s3.cardmarket.com/1/TLA/858222/858222.jpg,5925,"0,02 €","0,07 €","0,07 €","0,07 €","0,06 €"
"Joo Dee, One of Many",,Uncommon,105,Magic: The Gathering | Avatar: The Last Airbender,https://product-images.s3.cardmarket.com/1/TLA/857442/857442.jpg,5953,£0.02,"0,13 €","0,14 €","0,14 €","0,17 €"
"June, Bounty Hunter",,Uncommon,106,Magic: The Gathering | Avatar: The Last Airbender,https://product-images.s3.cardmarket.com/1/TLA/857831/857831.jpg,6607,"0,02 €","0,09 €","0,09 €","0,08 €","0,12 €"
"Katara, Bending Prodigy",,Uncommon,59,Magic: The Gathering | Avatar: The Last Airbender,https://product-images.s3.cardmarket.com/1/TLA/857425/857425.jpg,7250,"0,02 €","0,10 €","0,09 €","0,10 €","0,13 €"
"Katara, the Fearless",,Rare,230,Magic: The Gathering | Avatar: The Last Airbender,https://product-images.s3.cardmarket.com/1/TLA/857485/857485.jpg,1931,"0,20 €","0,54 €","0,49 €","0,57 €","0,58 €"
"Katara, Water Tribe's Hope",,Rare,231,Magic: The Gathering | Avatar: The Last Airbender,https://product-images.s3.cardmarket.com/1/TLA/842858/842858.jpg,2844,"0,05 €","0,26 €","0,30 €","0,26 €","0,23 €"
Knowledge Seeker,,Uncommon,60,Magic: The Gathering | Avatar: The Last Airbender,https://product-images.s3.cardmarket.com/1/TLA/857426/857426.jpg,6591,"0,02 €","0,08 €","0,08 €","0,08 €","0,12 €"
"Koh, the Face Stealer",,Mythic,107,Magic: The Gathering | Avatar: The Last Airbender,https://product-images.s3.cardmarket.com/1/TLA/857443/857443.jpg,2262,"0,95 €","1,58 €","1,85 €","1,67 €","2,13 €"
Kyoshi Battle Fan,,Common,257,Magic: The Gathering | Avatar: The Last Airbender,https://product-images.s3.cardmarket.com/1/TLA/857493/857493.jpg,11753,"0,02 €","0,06 €","0,06 €","0,05 €","0,03 €"
Kyoshi Island Plaza,,Uncommon,184,Magic: The Gathering | Avatar: The Last Airbender,https://product-images.s3.cardmarket.com/1/TLA/855722/855722.jpg,5361,"0,02 €","0,20 €","0,17 €","0,20 €","0,19 €"
Kyoshi Village,,Common,271,Magic: The Gathering | Avatar: The Last Airbender,https://product-images.s3.cardmarket.com/1/TLA/857754/857754.jpg,6613,"0,02 €","0,10 €","0,09 €","0,09 €","0,12 €"
Kyoshi Warriors,,Common,26,Magic: The Gathering | Avatar: The Last Airbender,https://product-images.s3.cardmarket.com/1/TLA/857409/857409.jpg,11913,"0,02 €","0,03 €","0,05 €","0,03 €","0,09 €"
Leaves from the Vine,,Uncommon,185,Magic: The Gathering | Avatar: The Last Airbender,https://product-images.s3.cardmarket.com/1/TLA/857789/857789.jpg,5897,"0,02 €","0,09 €","0,09 €","0,09 €","0,14 €"
Lightning Strike,,Common,146,Magic: The Gathering | Avatar: The Last Airbender,https://product-images.s3.cardmarket.com/1/TLA/855715/855715.jpg,11265,"0,02 €","0,08 €","0,08 €","0,08 €","0,13 €"
"Lo and Li, Twin Tutors",,Uncommon,108,Magic: The Gathering | Avatar: The Last Airbender,https://product-images.s3.cardmarket.com/1/TLA/858220/858220.jpg,6119,"0,02 €","0,07 €","0,07 €","0,08 €","0,12 €"
"Long Feng, Grand Secretariat",,Uncommon,233,Magic: The Gathering | Avatar: The Last Airbender,https://product-images.s3.cardmarket.com/1/TLA/855735/855735.jpg,6429,"0,02 €","0,12 €","0,10 €","0,11 €","0,18 €"
Lost Days,,Common,62,Magic: The Gathering | Avatar: The Last Airbender,https://product-images.s3.cardmarket.com/1/TLA/855703/855703.jpg,11403,"0,02 €","0,07 €","0,05 €","0,06 €","0,04 €"
"Mai, Jaded Edge",,Uncommon,147,Magic: The Gathering | Avatar: The Last Airbender,https://product-images.s3.cardmarket.com/1/TLA/857454/857454.jpg,5895,£0.02,"0,12 €","0,10 €","0,11 €","0,16 €"
"Mai, Scornful Striker",,Rare,109,Magic: The Gathering | Avatar: The Last Airbender,https://product-images.s3.cardmarket.com/1/TLA/858226/858226.jpg,1707,"1,50 €","2,65 €","2,80 €","2,73 €","2,96 €"
Master Pakku,,Uncommon,63,Magic: The Gathering | Avatar: The Last Airbender,https://product-images.s3.cardmarket.com/1/TLA/857427/857427.jpg,7124,"0,02 €","0,10 €","0,09 €","0,09 €","0,17 €"
Master Piandao,,Uncommon,28,Magic: The Gathering | Avatar: The Last Airbender,https://product-images.s3.cardmarket.com/1/TLA/857410/857410.jpg,6260,"0,02 €","0,08 €","0,08 €","0,09 €","0,13 €"
Meditation Pools,,Common,272,Magic: The Gathering | Avatar: The Last Airbender,https://product-images.s3.cardmarket.com/1/TLA/857755/857755.jpg,6625,"0,02 €","0,07 €","0,08 €","0,05 €","0,03 €"
Merchant of Many Hats,,Common,110,Magic: The Gathering | Avatar: The Last Airbender,https://product-images.s3.cardmarket.com/1/TLA/857732/857732.jpg,11777,"0,02 €","0,03 €","0,04 €","0,04 €","0,04 €"
Messenger Hawk,,Common,234,Magic: The Gathering | Avatar: The Last Airbender,https://product-images.s3.cardmarket.com/1/TLA/857486/857486.jpg,11464,"0,02 €","0,04 €","0,03 €","0,02 €","0,05 €"
Meteor Sword,,Uncommon,258,Magic: The Gathering | Avatar: The Last Airbender,https://product-images.s3.cardmarket.com/1/TLA/857841/857841.jpg,5431,"0,02 €","0,15 €","0,14 €","0,15 €","0,13 €"
Misty Palms Oasis,,Common,273,Magic: The Gathering | Avatar: The Last Airbender,https://product-images.s3.cardmarket.com/1/TLA/857756/857756.jpg,6764,"0,02 €","0,06 €","0,08 €","0,06 €","0,06 €"
"Momo, Friendly Flier",,Rare,29,Magic: The Gathering | Avatar: The Last Airbender,https://product-images.s3.cardmarket.com/1/TLA/857411/857411.jpg,2960,£0.06,"0,34 €","0,41 €","0,37 €","0,36 €"
"Momo, Playful Pet",,Uncommon,30,Magic: The Gathering | Avatar: The Last Airbender,https://product-images.s3.cardmarket.com/1/TLA/842847/842847.jpg,5352,"0,02 €","0,15 €","0,17 €","0,15 €","0,11 €"
Mongoose Lizard,,Common,148,Magic: The Gathering | Avatar: The Last Airbender,https://product-images.s3.cardmarket.com/1/TLA/857455/857455.jpg,12129,"0,02 €","0,03 €","0,05 €","0,03 €","0,02 €"
Mountain,V.1,Land,285,Magic: The Gathering | Avatar: The Last Airbender,https://product-images.s3.cardmarket.com/1/TLA/857499/857499.jpg,7276,"0,02 €","0,09 €","0,08 €","0,08 €","0,08 €"
Mountain,V.2,Land,290,Magic: The Gathering | Avatar: The Last Airbender,https://product-images.s3.cardmarket.com/1/TLA/842864/842864.jpg,5534,£0.02,"0,25 €","0,28 €","0,26 €","0,19 €"
Mountain,V.3,Land,295,Magic: The Gathering | Avatar: The Last Airbender,https://product-images.s3.cardmarket.com/1/TLA/855745/855745.jpg,2477,"0,09 €","0,38 €","0,35 €","0,41 €","0,21 €"
North Pole Gates,,Common,274,Magic: The Gathering | Avatar: The Last Airbender,https://product-images.s3.cardmarket.com/1/TLA/857757/857757.jpg,6645,"0,02 €","0,07 €","0,08 €","0,07 €","0,06 €"
North Pole Patrol,,Uncommon,65,Magic: The Gathering | Avatar: The Last Airbender,https://product-images.s3.cardmarket.com/1/TLA/857429/857429.jpg,5622,"0,02 €","0,10 €","0,09 €","0,10 €","0,12 €"
Northern Air Temple,,Uncommon,111,Magic: The Gathering | Avatar: The Last Airbender,https://product-images.s3.cardmarket.com/1/TLA/857444/857444.jpg,5524,£0.02,"0,19 €","0,20 €","0,20 €","0,24 €"
Obsessive Pursuit,,Rare,112,Magic: The Gathering | Avatar: The Last Airbender,https://product-images.s3.cardmarket.com/1/TLA/857530/857530.jpg,3191,"0,10 €","0,51 €","0,57 €","0,54 €","0,58 €"
Octopus Form,,Common,66,Magic: The Gathering | Avatar: The Last Airbender,https://product-images.s3.cardmarket.com/1/TLA/857430/857430.jpg,10852,"0,02 €","0,12 €","0,10 €","0,11 €","0,22 €"
Omashu City,,Common,275,Magic: The Gathering | Avatar: The Last Airbender,https://product-images.s3.cardmarket.com/1/TLA/857758/857758.jpg,6596,"0,02 €","0,08 €","0,09 €","0,07 €","0,10 €"
Origin of Metalbending,,Common,187,Magic: The Gathering | Avatar: The Last Airbender,https://product-images.s3.cardmarket.com/1/TLA/857850/857850.jpg,8810,"0,02 €","0,16 €","0,13 €","0,16 €","0,20 €"
Ostrich-Horse,,Common,188,Magic: The Gathering | Avatar: The Last Airbender,https://product-images.s3.cardmarket.com/1/TLA/857470/857470.jpg,11415,"0,02 €","0,05 €","0,04 €","0,04 €","0,05 €"
Otter-Penguin,,Common,67,Magic: The Gathering | Avatar: The Last Airbender,https://product-images.s3.cardmarket.com/1/TLA/857431/857431.jpg,11751,"0,02 €","0,09 €","0,06 €","0,09 €","0,02 €"
"Ozai, the Phoenix King",,Mythic,235,Magic: The Gathering | Avatar: The Last Airbender,https://product-images.s3.cardmarket.com/1/TLA/857840/857840.jpg,765,"2,87 €","4,40 €","4,14 €","4,30 €","4,45 €"
Ozai's Cruelty,,Uncommon,113,Magic: The Gathering | Avatar: The Last Airbender,https://product-images.s3.cardmarket.com/1/TLA/857832/857832.jpg,6590,"0,02 €","0,07 €","0,09 €","0,07 €","0,07 €"
Path to Redemption,,Common,31,Magic: The Gathering | Avatar: The Last Airbender,https://product-images.s3.cardmarket.com/1/TLA/857412/857412.jpg,12664,"0,02 €","0,06 €","0,05 €","0,05 €","0,04 €"
Phoenix Fleet Airship,,Mythic,114,Magic: The Gathering | Avatar: The Last Airbender,https://product-images.s3.cardmarket.com/1/TLA/857445/857445.jpg,1026,"3,49 €","4,40 €","4,68 €","4,47 €","4,48 €"
Pillar Launch,,Common,189,Magic: The Gathering | Avatar: The Last Airbender,https://product-images.s3.cardmarket.com/1/TLA/857471/857471.jpg,11250,"0,02 €","0,07 €","0,05 €","0,06 €","0,02 €"
Pirate Peddlers,,Common,115,Magic: The Gathering | Avatar: The Last Airbender,https://product-images.s3.cardmarket.com/1/TLA/858192/858192.jpg,11514,"0,02 €","0,05 €","0,05 €","0,04 €","0,09 €"
Plains,V.1,Land,282,Magic: The Gathering | Avatar: The Last Airbender,https://product-images.s3.cardmarket.com/1/TLA/857496/857496.jpg,8489,"0,02 €","0,08 €","0,08 €","0,08 €","0,06 €"
Plains,V.2,Land,287,Magic: The Gathering | Avatar: The Last Airbender,https://product-images.s3.cardmarket.com/1/TLA/857501/857501.jpg,5378,"0,05 €","0,23 €","0,27 €","0,25 €","0,28 €"
Plains,V.3,Land,292,Magic: The Gathering | Avatar: The Last Airbender,https://product-images.s3.cardmarket.com/1/TLA/842866/842866.jpg,2646,"0,10 €","0,35 €","0,38 €","0,42 €","0,36 €"
Planetarium of Wan Shi Tong,,Mythic,259,Magic: The Gathering | Avatar: The Last Airbender,https://product-images.s3.cardmarket.com/1/TLA/858217/858217.jpg,1467,"5,45 €","6,45 €","6,42 €","6,52 €","6,39 €"
Platypus-Bear,,Common,236,Magic: The Gathering | Avatar: The Last Airbender,https://product-images.s3.cardmarket.com/1/TLA/855736/855736.jpg,11534,"0,02 €","0,06 €","0,04 €","0,03 €","0,02 €"
Pretending Poxbearers,,Common,237,Magic: The Gathering | Avatar: The Last Airbender,https://product-images.s3.cardmarket.com/1/TLA/857748/857748.jpg,12256,"0,02 €","0,03 €","0,06 €","0,03 €","0,04 €"
Price of Freedom,,Uncommon,149,Magic: The Gathering | Avatar: The Last Airbender,https://product-images.s3.cardmarket.com/1/TLA/857456/857456.jpg,4689,"0,02 €","0,23 €","0,29 €","0,24 €","0,36 €"
"Professor Zei, Anthropologist",,Uncommon,238,Magic: The Gathering | Avatar: The Last Airbender,https://product-images.s3.cardmarket.com/1/TLA/857487/857487.jpg,6292,"0,02 €","0,10 €","0,10 €","0,10 €","0,13 €"
Rabaroo Troop,,Common,32,Magic: The Gathering | Avatar: The Last Airbender,https://product-images.s3.cardmarket.com/1/TLA/857413/857413.jpg,12148,"0,02 €","0,05 €","0,06 €","0,03 €","0,04 €"
Ran and Shaw,,Rare,150,Magic: The Gathering | Avatar: The Last Airbender,https://product-images.s3.cardmarket.com/1/TLA/857457/857457.jpg,4120,"0,04 €","0,20 €","0,23 €","0,21 €","0,17 €"
Raucous Audience,,Common,190,Magic: The Gathering | Avatar: The Last Airbender,https://product-images.s3.cardmarket.com/1/TLA/857472/857472.jpg,11597,"0,02 €","0,08 €","0,07 €","0,07 €","0,17 €"
Raven Eagle,,Rare,116,Magic: The Gathering | Avatar: The Last Airbender,https://product-images.s3.cardmarket.com/1/TLA/858176/858176.jpg,3420,"0,05 €","0,27 €","0,27 €","0,25 €","0,21 €"
Razor Rings,,Common,33,Magic: The Gathering | Avatar: The Last Airbender,https://product-images.s3.cardmarket.com/1/TLA/857414/857414.jpg,11631,"0,02 €","0,03 €","0,03 €","0,03 €","0,04 €"
Realm of Koh,,Rare,276,Magic: The Gathering | Avatar: The Last Airbender,https://product-images.s3.cardmarket.com/1/TLA/857759/857759.jpg,3252,£0.05,"0,33 €","0,28 €","0,33 €","0,32 €"
Rebellious Captives,,Common,191,Magic: The Gathering | Avatar: The Last Airbender,https://product-images.s3.cardmarket.com/1/TLA/857473/857473.jpg,11864,"0,02 €","0,05 €","0,04 €","0,03 €","0,02 €"
Redirect Lightning,,Rare,151,Magic: The Gathering | Avatar: The Last Airbender,https://product-images.s3.cardmarket.com/1/TLA/857459/857459.jpg,1381,"7,00 €","7,89 €","7,77 €","7,86 €","7,85 €"
Rockalanche,,Uncommon,192,Magic: The Gathering | Avatar: The Last Airbender,https://product-images.s3.cardmarket.com/1/TLA/857474/857474.jpg,5145,"0,02 €","0,13 €","0,14 €","0,13 €","0,09 €"
Rocky Rebuke,,Common,193,Magic: The Gathering | Avatar: The Last Airbender,https://product-images.s3.cardmarket.com/1/TLA/857837/857837.jpg,11818,"0,02 €","0,12 €","0,08 €","0,10 €","0,17 €"
Rough Rhino Cavalry,,Common,152,Magic: The Gathering | Avatar: The Last Airbender,https://product-images.s3.cardmarket.com/1/TLA/842854/842854.jpg,11843,"0,02 €","0,02 €","0,04 €","0,02 €","0,04 €"
Rowdy Snowballers,,Common,68,Magic: The Gathering | Avatar: The Last Airbender,https://product-images.s3.cardmarket.com/1/TLA/857432/857432.jpg,12300,"0,02 €","0,02 €","0,04 €","0,03 €","0,02 €"
Ruinous Waterbending,,Uncommon,118,Magic: The Gathering | Avatar: The Last Airbender,https://product-images.s3.cardmarket.com/1/TLA/842851/842851.jpg,5982,"0,02 €","0,07 €","0,10 €","0,09 €","0,11 €"
Rumble Arena,,Common,277,Magic: The Gathering | Avatar: The Last Airbender,https://product-images.s3.cardmarket.com/1/TLA/858208/858208.jpg,7241,"0,02 €","0,08 €","0,10 €","0,08 €","0,09 €"
Saber-Tooth Moose-Lion,,Common,194,Magic: The Gathering | Avatar: The Last Airbender,https://product-images.s3.cardmarket.com/1/TLA/857475/857475.jpg,11993,"0,02 €","0,03 €","0,06 €","0,04 €","0,02 €"
Sandbender Scavengers,,Rare,239,Magic: The Gathering | Avatar: The Last Airbender,https://product-images.s3.cardmarket.com/1/TLA/857790/857790.jpg,3846,"0,02 €","0,18 €","0,20 €","0,20 €","0,21 €"
Sandbenders' Storm,,Common,34,Magic: The Gathering | Avatar: The Last Airbender,https://product-images.s3.cardmarket.com/1/TLA/857415/857415.jpg,11244,"0,02 €","0,08 €","0,05 €","0,06 €","0,16 €"
Secret of Bloodbending,,Mythic,69,Magic: The Gathering | Avatar: The Last Airbender,https://product-images.s3.cardmarket.com/1/TLA/857433/857433.jpg,1530,"0,49 €","1,36 €","0,92 €","1,43 €","1,55 €"
Secret Tunnel,,Rare,278,Magic: The Gathering | Avatar: The Last Airbender,https://product-images.s3.cardmarket.com/1/TLA/858197/858197.jpg,1626,"0,40 €","1,23 €","1,11 €","1,20 €","1,27 €"
Seismic Sense,,Uncommon,195,Magic: The Gathering | Avatar: The Last Airbender,https://product-images.s3.cardmarket.com/1/TLA/857476/857476.jpg,4933,"0,02 €","0,21 €","0,20 €","0,20 €","0,30 €"
Serpent of the Pass,,Uncommon,70,Magic: The Gathering | Avatar: The Last Airbender,https://product-images.s3.cardmarket.com/1/TLA/856453/856453.jpg,6504,£0.02,"0,10 €","0,14 €","0,11 €","0,18 €"
Serpent's Pass,,Common,279,Magic: The Gathering | Avatar: The Last Airbender,https://product-images.s3.cardmarket.com/1/TLA/857495/857495.jpg,6835,"0,02 €","0,07 €","0,09 €","0,07 €","0,07 €"
Shared Roots,,Uncommon,196,Magic: The Gathering | Avatar: The Last Airbender,https://product-images.s3.cardmarket.com/1/TLA/855724/855724.jpg,3341,"0,20 €","0,88 €","0,89 €","0,91 €","0,91 €"
"Sokka, Bold Boomeranger",,Rare,240,Magic: The Gathering | Avatar: The Last Airbender,https://product-images.s3.cardmarket.com/1/TLA/858174/858174.jpg,2877,"0,09 €","0,30 €","0,29 €","0,29 €","0,27 €"
"Sokka, Lateral Strategist",,Uncommon,241,Magic: The Gathering | Avatar: The Last Airbender,https://product-images.s3.cardmarket.com/1/TLA/842860/842860.jpg,7475,"0,02 €","0,06 €","0,11 €","0,08 €","0,07 €"
"Sokka, Tenacious Tactician",,Rare,242,Magic: The Gathering | Avatar: The Last Airbender,https://product-images.s3.cardmarket.com/1/TLA/857488/857488.jpg,2479,"0,14 €","0,32 €","0,29 €","0,34 €","0,33 €"
Sokka's Haiku,,Uncommon,71,Magic: The Gathering | Avatar: The Last Airbender,https://product-images.s3.cardmarket.com/1/TLA/857434/857434.jpg,6256,"0,02 €","0,11 €","0,11 €","0,09 €","0,15 €"
Sold Out,,Common,119,Magic: The Gathering | Avatar: The Last Airbender,https://product-images.s3.cardmarket.com/1/TLA/858245/858245.jpg,11806,"0,02 €","0,07 €","0,05 €","0,03 €","0,05 €"
Solstice Revelations,,Uncommon,153,Magic: The Gathering | Avatar: The Last Airbender,https://product-images.s3.cardmarket.com/1/TLA/857458/857458.jpg,5370,"0,02 €","0,14 €","0,14 €","0,14 €","0,20 €"
South Pole Voyager,,Rare,35,Magic: The Gathering | Avatar: The Last Airbender,https://product-images.s3.cardmarket.com/1/TLA/857776/857776.jpg,3814,"0,10 €","0,32 €","0,37 €","0,39 €","0,43 €"
Southern Air Temple,,Uncommon,36,Magic: The Gathering | Avatar: The Last Airbender,https://product-images.s3.cardmarket.com/1/TLA/858191/858191.jpg,5713,"0,02 €","0,18 €","0,19 €","0,18 €","0,19 €"
Sozin's Comet,,Mythic,154,Magic: The Gathering | Avatar: The Last Airbender,https://product-images.s3.cardmarket.com/1/TLA/857460/857460.jpg,861,"2,90 €","3,88 €","3,97 €","3,94 €","4,36 €"
Sparring Dummy,,Uncommon,197,Magic: The Gathering | Avatar: The Last Airbender,https://product-images.s3.cardmarket.com/1/TLA/857743/857743.jpg,6483,"0,02 €","0,06 €","0,07 €","0,05 €","0,09 €"
Spirit Water Revival,,Rare,73,Magic: The Gathering | Avatar: The Last Airbender,https://product-images.s3.cardmarket.com/1/TLA/857435/857435.jpg,3004,"0,20 €","0,74 €","0,80 €","0,81 €","0,94 €"
"Suki, Courageous Rescuer",,Rare,37,Magic: The Gathering | Avatar: The Last Airbender,https://product-images.s3.cardmarket.com/1/TLA/842848/842848.jpg,3898,"0,03 €","0,23 €","0,28 €","0,27 €","0,24 €"
"Suki, Kyoshi Warrior",,Uncommon,243,Magic: The Gathering | Avatar: The Last Airbender,https://product-images.s3.cardmarket.com/1/TLA/855737/855737.jpg,7012,"0,02 €","0,10 €","0,11 €","0,11 €","0,14 €"
Sun-Blessed Peak,,Common,280,Magic: The Gathering | Avatar: The Last Airbender,https://product-images.s3.cardmarket.com/1/TLA/857760/857760.jpg,6624,"0,02 €","0,04 €","0,08 €","0,05 €","0,04 €"
Sun Warriors,,Uncommon,244,Magic: The Gathering | Avatar: The Last Airbender,https://product-images.s3.cardmarket.com/1/TLA/857489/857489.jpg,5571,"0,02 €","0,14 €","0,12 €","0,12 €","0,12 €"
Swamp,V.1,Land,284,Magic: The Gathering | Avatar: The Last Airbender,https://product-images.s3.cardmarket.com/1/TLA/857498/857498.jpg,8139,"0,02 €","0,08 €","0,08 €","0,08 €","0,10 €"
Swamp,V.2,Land,289,Magic: The Gathering | Avatar: The Last Airbender,https://product-images.s3.cardmarket.com/1/TLA/842863/842863.jpg,6160,£0.04,"0,26 €","0,24 €","0,25 €","0,38 €"
Swamp,V.3,Land,294,Magic: The Gathering | Avatar: The Last Airbender,https://product-images.s3.cardmarket.com/1/TLA/855744/855744.jpg,3182,£0.08,"0,25 €","0,29 €","0,23 €","0,28 €"
Swampsnare Trap,,Common,120,Magic: The Gathering | Avatar: The Last Airbender,https://product-images.s3.cardmarket.com/1/TLA/857733/857733.jpg,11352,"0,02 €","0,04 €","0,04 €","0,03 €","0,04 €"
Team Avatar,,Uncommon,38,Magic: The Gathering | Avatar: The Last Airbender,https://product-images.s3.cardmarket.com/1/TLA/857416/857416.jpg,5871,"0,02 €","0,09 €","0,09 €","0,08 €","0,07 €"
"Teo, Spirited Glider",,Uncommon,74,Magic: The Gathering | Avatar: The Last Airbender,https://product-images.s3.cardmarket.com/1/TLA/857436/857436.jpg,6904,"0,02 €","0,05 €","0,06 €","0,07 €","0,11 €"
"The Boulder, Ready to Rumble",,Uncommon,168,Magic: The Gathering | Avatar: The Last Airbender,https://product-images.s3.cardmarket.com/1/TLA/855720/855720.jpg,5930,"0,02 €","0,11 €","0,13 €","0,11 €","0,12 €"
The Cave of Two Lovers,,Uncommon,126,Magic: The Gathering | Avatar: The Last Airbender,https://product-images.s3.cardmarket.com/1/TLA/857448/857448.jpg,5992,£0.02,"0,09 €","0,10 €","0,08 €","0,07 €"
The Earth King,,Rare,172,Magic: The Gathering | Avatar: The Last Airbender,https://product-images.s3.cardmarket.com/1/TLA/857467/857467.jpg,2002,"0,20 €","0,59 €","0,58 €","0,60 €","0,70 €"
The Fire Nation Drill,,Rare,98,Magic: The Gathering | Avatar: The Last Airbender,https://product-images.s3.cardmarket.com/1/TLA/857779/857779.jpg,3805,"0,02 €","0,22 €","0,18 €","0,21 €","0,19 €"
The Last Agni Kai,,Rare,144,Magic: The Gathering | Avatar: The Last Airbender,https://product-images.s3.cardmarket.com/1/TLA/857453/857453.jpg,1182,"0,70 €","1,60 €","1,52 €","1,61 €","1,90 €"
The Legend of Kuruk // Avatar Kuruk,,Mythic,61,Magic: The Gathering | Avatar: The Last Airbender,https://product-images.s3.cardmarket.com/1/TLA/857829/857829.jpg,776,"6,72 €","9,31 €","6,52 €","8,26 €","6,47 €"
The Legend of Kyoshi // Avatar Kyoshi,,Mythic,186,Magic: The Gathering | Avatar: The Last Airbender,https://product-images.s3.cardmarket.com/1/TLA/855723/855723.jpg,990,"3,95 €","5,42 €","5,41 €","5,44 €","5,66 €"
The Legend of Roku // Avatar Roku,,Mythic,145,Magic: The Gathering | Avatar: The Last Airbender,https://product-images.s3.cardmarket.com/1/TLA/855714/855714.jpg,591,"9,90 €","10,22 €","9,93 €","10,38 €","9,95 €"
The Legend of Yangchen // Avatar Yangchen,,Mythic,27,Magic: The Gathering | Avatar: The Last Airbender,https://product-images.s3.cardmarket.com/1/TLA/857826/857826.jpg,1253,"2,00 €","3,00 €","3,11 €","2,99 €","2,80 €"
The Lion-Turtle,,Rare,232,Magic: The Gathering | Avatar: The Last Airbender,https://product-images.s3.cardmarket.com/1/TLA/842859/842859.jpg,3637,"0,02 €","0,20 €","0,21 €","0,21 €","0,20 €"
"The Mechanist, Aerial Artisan",,Rare,64,Magic: The Gathering | Avatar: The Last Airbender,https://product-images.s3.cardmarket.com/1/TLA/857428/857428.jpg,4214,"0,05 €","0,22 €","0,24 €","0,24 €","0,25 €"
The Rise of Sozin // Fire Lord Sozin,,Mythic,117,Magic: The Gathering | Avatar: The Last Airbender,https://product-images.s3.cardmarket.com/1/TLA/857781/857781.jpg,1333,"1,50 €","2,84 €","2,89 €","2,93 €","3,07 €"
The Spirit Oasis,,Uncommon,72,Magic: The Gathering | Avatar: The Last Airbender,https://product-images.s3.cardmarket.com/1/TLA/842849/842849.jpg,5869,"0,02 €","0,20 €","0,21 €","0,22 €","0,27 €"
The Unagi of Kyoshi Island,,Rare,77,Magic: The Gathering | Avatar: The Last Airbender,https://product-images.s3.cardmarket.com/1/TLA/857437/857437.jpg,1454,"0,97 €","1,68 €","1,70 €","1,71 €","1,86 €"
The Walls of Ba Sing Se,,Mythic,261,Magic: The Gathering | Avatar: The Last Airbender,https://product-images.s3.cardmarket.com/1/TLA/855741/855741.jpg,413,£7.99,"10,99 €","10,18 €","10,94 €","11,01 €"
Tiger-Dillo,,Uncommon,155,Magic: The Gathering | Avatar: The Last Airbender,https://product-images.s3.cardmarket.com/1/TLA/855717/855717.jpg,6622,"0,02 €","0,09 €","0,09 €","0,11 €","0,10 €"
Tiger-Seal,,Rare,75,Magic: The Gathering | Avatar: The Last Airbender,https://product-images.s3.cardmarket.com/1/TLA/857529/857529.jpg,2640,"0,02 €","0,32 €","0,30 €","0,33 €","0,34 €"
Tolls of War,,Uncommon,245,Magic: The Gathering | Avatar: The Last Airbender,https://product-images.s3.cardmarket.com/1/TLA/855738/855738.jpg,5556,"0,02 €","0,08 €","0,11 €","0,09 €","0,06 €"
"Toph, Hardheaded Teacher",,Rare,246,Magic: The Gathering | Avatar: The Last Airbender,https://product-images.s3.cardmarket.com/1/TLA/857749/857749.jpg,2352,"0,15 €","0,51 €","0,46 €","0,50 €","0,46 €"
"Toph, the Blind Bandit",,Uncommon,198,Magic: The Gathering | Avatar: The Last Airbender,https://product-images.s3.cardmarket.com/1/TLA/855725/855725.jpg,6835,"0,02 €","0,12 €","0,14 €","0,13 €","0,14 €"
"Toph, the First Metalbender",,Rare,247,Magic: The Gathering | Avatar: The Last Airbender,https://product-images.s3.cardmarket.com/1/TLA/858214/858214.jpg,2555,"0,90 €","1,38 €","1,56 €","1,51 €","1,50 €"
Treetop Freedom Fighters,,Common,156,Magic: The Gathering | Avatar: The Last Airbender,https://product-images.s3.cardmarket.com/1/TLA/857735/857735.jpg,11397,"0,02 €","0,04 €","0,04 €","0,04 €","0,06 €"
True Ancestry,,Uncommon,199,Magic: The Gathering | Avatar: The Last Airbender,https://product-images.s3.cardmarket.com/1/TLA/857477/857477.jpg,5224,"0,02 €","0,14 €","0,13 €","0,14 €","0,17 €"
Trusty Boomerang,,Uncommon,260,Magic: The Gathering | Avatar: The Last Airbender,https://product-images.s3.cardmarket.com/1/TLA/857494/857494.jpg,6173,"0,02 €","0,07 €","0,08 €","0,08 €","0,10 €"
Tundra Tank,,Uncommon,121,Magic: The Gathering | Avatar: The Last Airbender,https://product-images.s3.cardmarket.com/1/TLA/857833/857833.jpg,6226,"0,02 €","0,06 €","0,06 €","0,06 €","0,09 €"
Turtle-Duck,,Common,200,Magic: The Gathering | Avatar: The Last Airbender,https://product-images.s3.cardmarket.com/1/TLA/857478/857478.jpg,10968,"0,02 €","0,06 €","0,07 €","0,06 €","0,02 €"
Twin Blades,,Uncommon,157,Magic: The Gathering | Avatar: The Last Airbender,https://product-images.s3.cardmarket.com/1/TLA/857463/857463.jpg,5897,"0,02 €","0,09 €","0,10 €","0,11 €","0,09 €"
"Ty Lee, Artful Acrobat",,Uncommon,158,Magic: The Gathering | Avatar: The Last Airbender,https://product-images.s3.cardmarket.com/1/TLA/857736/857736.jpg,5990,"0,02 €","0,10 €","0,10 €","0,10 €","0,14 €"
"Ty Lee, Chi Blocker",,Rare,76,Magic: The Gathering | Avatar: The Last Airbender,https://product-images.s3.cardmarket.com/1/TLA/855705/855705.jpg,3072,"0,15 €","0,39 €","0,41 €","0,39 €","0,39 €"
Uncle Iroh,,Uncommon,248,Magic: The Gathering | Avatar: The Last Airbender,https://product-images.s3.cardmarket.com/1/TLA/842861/842861.jpg,6446,"0,02 €","0,11 €","0,12 €","0,11 €","0,11 €"
United Front,,Mythic,39,Magic: The Gathering | Avatar: The Last Airbender,https://product-images.s3.cardmarket.com/1/TLA/858224/858224.jpg,901,"1,13 €","2,31 €","2,29 €","2,35 €","2,39 €"
Unlucky Cabbage Merchant,,Uncommon,201,Magic: The Gathering | Avatar: The Last Airbender,https://product-images.s3.cardmarket.com/1/TLA/857479/857479.jpg,5525,£0.02,"0,14 €","0,13 €","0,13 €","0,14 €"
Vengeful Villagers,,Uncommon,40,Magic: The Gathering | Avatar: The Last Airbender,https://product-images.s3.cardmarket.com/1/TLA/857417/857417.jpg,6486,"0,02 €","0,05 €","0,05 €","0,06 €","0,13 €"
Vindictive Warden,,Common,249,Magic: The Gathering | Avatar: The Last Airbender,https://product-images.s3.cardmarket.com/1/TLA/855739/855739.jpg,11122,"0,02 €","0,04 €","0,05 €","0,04 €","0,05 €"
Walltop Sentries,,Common,202,Magic: The Gathering | Avatar: The Last Airbender,https://product-images.s3.cardmarket.com/1/TLA/856076/856076.jpg,11502,"0,02 €","0,03 €","0,05 €","0,04 €","0,04 €"
"Wan Shi Tong, Librarian",,Mythic,78,Magic: The Gathering | Avatar: The Last Airbender,https://product-images.s3.cardmarket.com/1/TLA/858172/858172.jpg,970,£29.98,"37,85 €","41,66 €","39,78 €","38,46 €"
Wandering Musicians,,Common,250,Magic: The Gathering | Avatar: The Last Airbender,https://product-images.s3.cardmarket.com/1/TLA/857490/857490.jpg,11282,"0,02 €","0,04 €","0,04 €","0,06 €","0,02 €"
War Balloon,,Uncommon,159,Magic: The Gathering | Avatar: The Last Airbender,https://product-images.s3.cardmarket.com/1/TLA/857464/857464.jpg,6818,"0,02 €","0,07 €","0,07 €","0,07 €","0,11 €"
Wartime Protestors,,Rare,160,Magic: The Gathering | Avatar: The Last Airbender,https://product-images.s3.cardmarket.com/1/TLA/855718/855718.jpg,3857,"0,02 €","0,18 €","0,16 €","0,19 €","0,14 €"
Water Tribe Captain,,Common,41,Magic: The Gathering | Avatar: The Last Airbender,https://product-images.s3.cardmarket.com/1/TLA/858177/858177.jpg,11554,"0,02 €","0,05 €","0,04 €","0,05 €","0,04 €"
Water Tribe Rallier,,Uncommon,42,Magic: The Gathering | Avatar: The Last Airbender,https://product-images.s3.cardmarket.com/1/TLA/858189/858189.jpg,5855,"0,02 €","0,08 €","0,10 €","0,08 €","0,15 €"
Waterbender Ascension,,Rare,79,Magic: The Gathering | Avatar: The Last Airbender,https://product-images.s3.cardmarket.com/1/TLA/855706/855706.jpg,2673,"0,20 €","0,64 €","0,64 €","0,65 €","0,71 €"
Waterbending Lesson,,Common,80,Magic: The Gathering | Avatar: The Last Airbender,https://product-images.s3.cardmarket.com/1/TLA/857778/857778.jpg,11594,"0,02 €","0,10 €","0,07 €","0,10 €","0,08 €"
Waterbending Scroll,,Uncommon,81,Magic: The Gathering | Avatar: The Last Airbender,https://product-images.s3.cardmarket.com/1/TLA/857438/857438.jpg,5273,£0.02,"0,19 €","0,15 €","0,18 €","0,24 €"
Watery Grasp,,Common,82,Magic: The Gathering | Avatar: The Last Airbender,https://product-images.s3.cardmarket.com/1/TLA/858195/858195.jpg,11792,"0,02 €","0,07 €","0,05 €","0,05 €","0,14 €"
White Lotus Hideout,,Uncommon,281,Magic: The Gathering | Avatar: The Last Airbender,https://product-images.s3.cardmarket.com/1/TLA/857761/857761.jpg,5304,£0.02,"0,14 €","0,15 €","0,14 €","0,20 €"
White Lotus Reinforcements,,Uncommon,251,Magic: The Gathering | Avatar: The Last Airbender,https://product-images.s3.cardmarket.com/1/TLA/858180/858180.jpg,5410,£0.02,"0,10 €","0,11 €","0,10 €","0,11 €"
White Lotus Tile,,Mythic,262,Magic: The Gathering | Avatar: The Last Airbender,https://product-images.s3.cardmarket.com/1/TLA/857842/857842.jpg,1164,"4,00 €","4,70 €","4,82 €","4,67 €","5,14 €"
Wolfbat,,Uncommon,122,Magic: The Gathering | Avatar: The Last Airbender,https://product-images.s3.cardmarket.com/1/TLA/857447/857447.jpg,6153,"0,02 €","0,06 €","0,06 €","0,05 €","0,07 €"
Yip Yip!,,Common,43,Magic: The Gathering | Avatar: The Last Airbender,https://product-images.s3.cardmarket.com/1/TLA/855699/855699.jpg,11349,"0,02 €","0,04 €","0,05 €","0,05 €","0,02 €"
"Yue, the Moon Spirit",,Rare,83,Magic: The Gathering | Avatar: The Last Airbender,https://product-images.s3.cardmarket.com/1/TLA/857439/857439.jpg,3531,"0,07 €","0,24 €","0,23 €","0,25 €","0,26 €"
Yuyan Archers,,Common,161,Magic: The Gathering | Avatar: The Last Airbender,https://product-images.s3.cardmarket.com/1/TLA/858182/858182.jpg,11926,"0,02 €","0,07 €","0,04 €","0,06 €","0,24 €"
"Zhao, Ruthless Admiral",,Uncommon,252,Magic: The Gathering | Avatar: The Last Airbender,https://product-images.s3.cardmarket.com/1/TLA/855740/855740.jpg,6363,"0,02 €","0,06 €","0,07 €","0,06 €","0,08 €"
"Zhao, the Moon Slayer",,Rare,162,Magic: The Gathering | Avatar: The Last Airbender,https://product-images.s3.cardmarket.com/1/TLA/857465/857465.jpg,3434,"0,11 €","0,61 €","0,76 €","0,71 €","0,75 €"
"Zuko, Conflicted",,Rare,253,Magic: The Gathering | Avatar: The Last Airbender,https://product-images.s3.cardmarket.com/1/TLA/857491/857491.jpg,3757,"0,06 €","0,23 €","0,28 €","0,25 €","0,28 €"
"Zuko, Exiled Prince",,Uncommon,163,Magic: The Gathering | Avatar: The Last Airbender,https://product-images.s3.cardmarket.com/1/TLA/857834/857834.jpg,7004,"0,02 €","0,12 €","0,12 €","0,12 €","0,12 €"
Zuko's Conviction,,Uncommon,123,Magic: The Gathering | Avatar: The Last Airbender,https://product-images.s3.cardmarket.com/1/TLA/857782/857782.jpg,5668,"0,02 €","0,12 €","0,15 €","0,10 €","0,08 €"
Zuko's Exile,,Common,3,Magic: The Gathering | Avatar: The Last Airbender,https://product-images.s3.cardmarket.com/1/TLA/855695/855695.jpg,10555,"0,02 €","0,09 €","0,09 €","0,10 €","0,11 €"
A Realm Reborn,,Rare,196,Magic: The Gathering - FINAL FANTASY,https://product-images.s3.cardmarket.com/1/FIN/826888/826888.jpg,3064,"0,03 €","0,22 €","0,24 €","0,21 €","0,18 €"
Absolute Virtue,,Mythic,212,Magic: The Gathering - FINAL FANTASY,https://product-images.s3.cardmarket.com/1/FIN/824155/824155.jpg,985,"1,60 €","1,98 €","2,25 €","2,04 €","1,76 €"
Adelbert Steiner,,Uncommon,3,Magic: The Gathering - FINAL FANTASY,https://product-images.s3.cardmarket.com/1/FIN/824968/824968.jpg,7671,"0,02 €","0,08 €","0,09 €","0,07 €","0,09 €"
Adventurer's Airship,,Common,252,Magic: The Gathering - FINAL FANTASY,https://product-images.s3.cardmarket.com/1/FIN/826135/826135.jpg,16497,"0,02 €","0,04 €","0,04 €","0,03 €","0,05 €"
Adventurer's Inn,,Common,271,Magic: The Gathering - FINAL FANTASY,https://product-images.s3.cardmarket.com/1/FIN/826894/826894.jpg,13540,"0,02 €","0,09 €","0,10 €","0,11 €","0,04 €"
Aerith Gainsborough,,Rare,4,Magic: The Gathering - FINAL FANTASY,https://product-images.s3.cardmarket.com/1/FIN/826593/826593.jpg,1145,"0,40 €","1,44 €","1,52 €","1,60 €","1,85 €"
Aerith Rescue Mission,,Common,5,Magic: The Gathering - FINAL FANTASY,https://product-images.s3.cardmarket.com/1/FIN/824124/824124.jpg,16402,"0,02 €","0,07 €","0,05 €","0,07 €","0,03 €"
Aettir and Priwen,,Mythic,253,Magic: The Gathering - FINAL FANTASY,https://product-images.s3.cardmarket.com/1/FIN/827784/827784.jpg,699,"1,69 €","4,03 €","4,19 €","4,06 €","3,70 €"
Ahriman,,Common,87,Magic: The Gathering - FINAL FANTASY,https://product-images.s3.cardmarket.com/1/FIN/824132/824132.jpg,15510,"0,02 €","0,06 €","0,06 €","0,05 €","0,03 €"
Airship Crash,,Common,171,Magic: The Gathering - FINAL FANTASY,https://product-images.s3.cardmarket.com/1/FIN/824114/824114.jpg,16072,"0,02 €","0,04 €","0,06 €","0,03 €","0,04 €"
Al Bhed Salvagers,,Uncommon,88,Magic: The Gathering - FINAL FANTASY,https://product-images.s3.cardmarket.com/1/FIN/827733/827733.jpg,10152,"0,02 €","0,13 €","0,12 €","0,13 €","0,12 €"
Ambrosia Whiteheart,,Uncommon,6,Magic: The Gathering - FINAL FANTASY,https://product-images.s3.cardmarket.com/1/FIN/827710/827710.jpg,6519,£0.02,"0,10 €","0,12 €","0,12 €","0,10 €"
Ancient Adamantoise,,Mythic,172,Magic: The Gathering - FINAL FANTASY,https://product-images.s3.cardmarket.com/1/FIN/827761/827761.jpg,852,"1,49 €","2,50 €","2,65 €","2,62 €","2,15 €"
"Ardyn, the Usurper",,Rare,89,Magic: The Gathering - FINAL FANTASY,https://product-images.s3.cardmarket.com/1/FIN/825649/825649.jpg,891,"0,29 €","0,66 €","0,86 €","0,72 €","0,94 €"
"Ashe, Princess of Dalmasca",,Uncommon,7,Magic: The Gathering - FINAL FANTASY,https://product-images.s3.cardmarket.com/1/FIN/826595/826595.jpg,7394,"0,02 €","0,14 €","0,10 €","0,12 €","0,09 €"
Astrologian's Planisphere,,Rare,46,Magic: The Gathering - FINAL FANTASY,https://product-images.s3.cardmarket.com/1/FIN/826131/826131.jpg,5053,"0,09 €","0,36 €","0,53 €","0,41 €","0,30 €"
Auron's Inspiration,,Uncommon,8,Magic: The Gathering - FINAL FANTASY,https://product-images.s3.cardmarket.com/1/FIN/827711/827711.jpg,7535,"0,02 €","0,06 €","0,06 €","0,06 €","0,06 €"
"Balamb Garden, SeeD Academy // Balamb Garden, Airborne",,Rare,272,Magic: The Gathering - FINAL FANTASY,https://product-images.s3.cardmarket.com/1/FIN/824169/824169.jpg,2485,"0,10 €","0,28 €","0,28 €","0,29 €","0,26 €"
Balamb T-Rexaur,,Common,173,Magic: The Gathering - FINAL FANTASY,https://product-images.s3.cardmarket.com/1/FIN/826887/826887.jpg,15281,"0,02 €","0,07 €","0,05 €","0,06 €","0,09 €"
Balthier and Fran,,Rare,213,Magic: The Gathering - FINAL FANTASY,https://product-images.s3.cardmarket.com/1/FIN/824156/824156.jpg,3547,"0,08 €","0,18 €","0,17 €","0,16 €","0,17 €"
Bard's Bow,,Common,174,Magic: The Gathering - FINAL FANTASY,https://product-images.s3.cardmarket.com/1/FIN/826605/826605.jpg,16453,"0,02 €","0,05 €","0,03 €","0,06 €","0,02 €"
"Baron, Airship Kingdom",,Land,273,Magic: The Gathering - FINAL FANTASY,https://product-images.s3.cardmarket.com/1/FIN/827001/827001.jpg,9017,"0,02 €","0,10 €","0,08 €","0,07 €","0,03 €"
Barret Wallace,,Uncommon,129,Magic: The Gathering - FINAL FANTASY,https://product-images.s3.cardmarket.com/1/FIN/824142/824142.jpg,10896,"0,02 €","0,05 €","0,05 €","0,06 €","0,05 €"
Bartz and Boko,,Rare,175,Magic: The Gathering - FINAL FANTASY,https://product-images.s3.cardmarket.com/1/FIN/827762/827762.jpg,2648,"0,02 €","0,22 €","0,25 €","0,22 €","0,16 €"
Battle Menu,,Uncommon,9,Magic: The Gathering - FINAL FANTASY,https://product-images.s3.cardmarket.com/1/FIN/825620/825620.jpg,6116,"0,02 €","0,16 €","0,14 €","0,11 €","0,06 €"
Black Mage's Rod,,Common,90,Magic: The Gathering - FINAL FANTASY,https://product-images.s3.cardmarket.com/1/FIN/824133/824133.jpg,8459,"0,02 €","0,29 €","0,27 €","0,25 €","0,28 €"
Black Waltz No. 3,,Uncommon,214,Magic: The Gathering - FINAL FANTASY,https://product-images.s3.cardmarket.com/1/FIN/824157/824157.jpg,5537,"0,02 €","0,19 €","0,16 €","0,16 €","0,22 €"
Blazing Bomb,,Common,130,Magic: The Gathering - FINAL FANTASY,https://product-images.s3.cardmarket.com/1/FIN/824948/824948.jpg,16332,"0,02 €","0,05 €","0,04 €","0,04 €","0,09 €"
Blitzball,,Common,254,Magic: The Gathering - FINAL FANTASY,https://product-images.s3.cardmarket.com/1/FIN/826826/826826.jpg,15855,"0,02 €","0,07 €","0,08 €","0,08 €","0,08 €"
Blitzball Shot,,Common,176,Magic: The Gathering - FINAL FANTASY,https://product-images.s3.cardmarket.com/1/FIN/824147/824147.jpg,15978,"0,02 €","0,08 €","0,04 €","0,06 €","0,19 €"
Buster Sword,,Mythic,255,Magic: The Gathering - FINAL FANTASY,https://product-images.s3.cardmarket.com/1/FIN/828183/828183.jpg,745,"18,50 €","23,61 €","24,46 €","24,88 €","22,31 €"
Cactuar,,Uncommon,177,Magic: The Gathering - FINAL FANTASY,https://product-images.s3.cardmarket.com/1/FIN/826316/826316.jpg,7349,"0,02 €","0,02 €","0,12 €","0,06 €","0,06 €"
Call the Mountain Chocobo,,Common,131,Magic: The Gathering - FINAL FANTASY,https://product-images.s3.cardmarket.com/1/FIN/827743/827743.jpg,16130,"0,02 €","0,10 €","0,07 €","0,08 €","0,13 €"
Capital City,,Uncommon,274,Magic: The Gathering - FINAL FANTASY,https://product-images.s3.cardmarket.com/1/FIN/826895/826895.jpg,6314,"0,02 €","0,12 €","0,14 €","0,13 €","0,12 €"
Cargo Ship,,Uncommon,47,Magic: The Gathering - FINAL FANTASY,https://product-images.s3.cardmarket.com/1/FIN/824943/824943.jpg,7514,"0,02 €","0,09 €","0,12 €","0,06 €","0,10 €"
"Cecil, Dark Knight // Cecil, Redeemed Paladin",,Rare,91,Magic: The Gathering - FINAL FANTASY,https://product-images.s3.cardmarket.com/1/FIN/824134/824134.jpg,1764,"0,75 €","2,17 €","2,12 €","2,38 €","2,61 €"
Choco-Comet,,Uncommon,132,Magic: The Gathering - FINAL FANTASY,https://product-images.s3.cardmarket.com/1/FIN/827744/827744.jpg,7400,"0,02 €","0,14 €","0,12 €","0,16 €","0,23 €"
"Choco, Seeker of Paradise",,Rare,215,Magic: The Gathering - FINAL FANTASY,https://product-images.s3.cardmarket.com/1/FIN/826995/826995.jpg,2763,"0,05 €","0,32 €","0,30 €","0,27 €","0,18 €"
Chocobo Kick,,Common,178,Magic: The Gathering - FINAL FANTASY,https://product-images.s3.cardmarket.com/1/FIN/827763/827763.jpg,14984,"0,02 €","0,11 €","0,08 €","0,10 €","0,02 €"
Chocobo Racetrack,,Uncommon,179,Magic: The Gathering - FINAL FANTASY,https://product-images.s3.cardmarket.com/1/FIN/827764/827764.jpg,5996,"0,02 €","0,21 €","0,17 €","0,19 €","0,09 €"
"Cid, Timeless Artificer",,Uncommon,216,Magic: The Gathering - FINAL FANTASY,https://product-images.s3.cardmarket.com/1/FIN/825776/825776.jpg,250,"6,49 €","10,48 €","9,35 €","8,72 €","9,62 €"
Circle of Power,,Uncommon,92,Magic: The Gathering - FINAL FANTASY,https://product-images.s3.cardmarket.com/1/FIN/824111/824111.jpg,8157,"0,02 €","0,16 €","0,13 €","0,14 €","0,12 €"
Clash of the Eikons,,Uncommon,180,Magic: The Gathering - FINAL FANTASY,https://product-images.s3.cardmarket.com/1/FIN/827765/827765.jpg,7638,"0,02 €","0,06 €","0,09 €","0,11 €","0,15 €"
"Clive, Ifrit's Dominant // Ifrit, Warden of Inferno",,Mythic,133,Magic: The Gathering - FINAL FANTASY,https://product-images.s3.cardmarket.com/1/FIN/827745/827745.jpg,648,"2,50 €","3,46 €","3,60 €","3,54 €","3,67 €"
Clive's Hideaway,,Rare,275,Magic: The Gathering - FINAL FANTASY,https://product-images.s3.cardmarket.com/1/FIN/825778/825778.jpg,2765,"0,02 €","0,36 €","0,28 €","0,31 €","0,45 €"
"Cloud, Midgar Mercenary",,Mythic,10,Magic: The Gathering - FINAL FANTASY,https://product-images.s3.cardmarket.com/1/FIN/827712/827712.jpg,805,"18,80 €","20,47 €","21,61 €","21,09 €","20,67 €"
Cloud of Darkness,,Uncommon,217,Magic: The Gathering - FINAL FANTASY,https://product-images.s3.cardmarket.com/1/FIN/824208/824208.jpg,8027,"0,02 €","0,06 €","0,07 €","0,06 €","0,06 €"
Cloudbound Moogle,,Common,11,Magic: The Gathering - FINAL FANTASY,https://product-images.s3.cardmarket.com/1/FIN/824125/824125.jpg,19321,"0,02 €","0,05 €","0,04 €","0,04 €","0,02 €"
Coeurl,,Common,12,Magic: The Gathering - FINAL FANTASY,https://product-images.s3.cardmarket.com/1/FIN/826128/826128.jpg,18419,"0,02 €","0,04 €","0,03 €","0,05 €","0,05 €"
Coliseum Behemoth,,Uncommon,181,Magic: The Gathering - FINAL FANTASY,https://product-images.s3.cardmarket.com/1/FIN/826823/826823.jpg,7687,"0,02 €","0,06 €","0,07 €","0,06 €","0,02 €"
Combat Tutorial,,Common,48,Magic: The Gathering - FINAL FANTASY,https://product-images.s3.cardmarket.com/1/FIN/826977/826977.jpg,15555,"0,02 €","0,07 €","0,07 €","0,06 €","0,05 €"
Commune with Beavers,,Common,182,Magic: The Gathering - FINAL FANTASY,https://product-images.s3.cardmarket.com/1/FIN/827766/827766.jpg,14934,"0,02 €","0,08 €","0,11 €","0,09 €","0,12 €"
Coral Sword,,Uncommon,134,Magic: The Gathering - FINAL FANTASY,https://product-images.s3.cardmarket.com/1/FIN/824143/824143.jpg,7584,£0.02,"0,09 €","0,07 €","0,08 €","0,08 €"
Cornered by Black Mages,,Common,93,Magic: The Gathering - FINAL FANTASY,https://product-images.s3.cardmarket.com/1/FIN/824947/824947.jpg,12071,"0,02 €","0,12 €","0,14 €","0,08 €","0,05 €"
Crossroads Village,,Common,276,Magic: The Gathering - FINAL FANTASY,https://product-images.s3.cardmarket.com/1/FIN/827003/827003.jpg,14597,"0,02 €","0,07 €","0,08 €","0,08 €","0,02 €"
Crystal Fragments // Summon: Alexander,,Uncommon,13,Magic: The Gathering - FINAL FANTASY,https://product-images.s3.cardmarket.com/1/FIN/825625/825625.jpg,6143,"0,02 €","0,09 €","0,09 €","0,08 €","0,13 €"
Dark Confidant,,Mythic,94,Magic: The Gathering - FINAL FANTASY,https://product-images.s3.cardmarket.com/1/FIN/827734/827734.jpg,768,£3.00,"4,33 €","4,58 €","4,42 €","4,34 €"
Dark Knight's Greatsword,,Uncommon,95,Magic: The Gathering - FINAL FANTASY,https://product-images.s3.cardmarket.com/1/FIN/824135/824135.jpg,7583,"0,02 €","0,06 €","0,09 €","0,07 €","0,02 €"
Delivery Moogle,,Uncommon,15,Magic: The Gathering - FINAL FANTASY,https://product-images.s3.cardmarket.com/1/FIN/824126/824126.jpg,7156,£0.02,"0,14 €","0,11 €","0,12 €","0,29 €"
Demon Wall,,Uncommon,97,Magic: The Gathering - FINAL FANTASY,https://product-images.s3.cardmarket.com/1/FIN/824136/824136.jpg,5632,"0,02 €","0,21 €","0,18 €","0,24 €","0,19 €"
Diamond Weapon,,Uncommon,183,Magic: The Gathering - FINAL FANTASY,https://product-images.s3.cardmarket.com/1/FIN/824148/824148.jpg,6199,"0,02 €","0,17 €","0,18 €","0,17 €","0,20 €"
"Dion, Bahamut's Dominant // Bahamut, Warden of Light",,Rare,16,Magic: The Gathering - FINAL FANTASY,https://product-images.s3.cardmarket.com/1/FIN/827713/827713.jpg,1785,"0,12 €","0,46 €","0,48 €","0,49 €","0,71 €"
Dragoon's Lance,,Uncommon,17,Magic: The Gathering - FINAL FANTASY,https://product-images.s3.cardmarket.com/1/FIN/826972/826972.jpg,8183,"0,02 €","0,15 €","0,09 €","0,10 €","0,10 €"
Dragoon's Wyvern,,Common,49,Magic: The Gathering - FINAL FANTASY,https://product-images.s3.cardmarket.com/1/FIN/827720/827720.jpg,16648,"0,02 €","0,06 €","0,04 €","0,03 €","0,05 €"
Dreams of Laguna,,Common,50,Magic: The Gathering - FINAL FANTASY,https://product-images.s3.cardmarket.com/1/FIN/824129/824129.jpg,16728,"0,02 €","0,08 €","0,12 €","0,08 €","0,04 €"
Dwarven Castle Guard,,Common,18,Magic: The Gathering - FINAL FANTASY,https://product-images.s3.cardmarket.com/1/FIN/824127/824127.jpg,21090,"0,02 €","0,06 €","0,03 €","0,03 €","0,05 €"
"Eden, Seat of the Sanctum",,Uncommon,277,Magic: The Gathering - FINAL FANTASY,https://product-images.s3.cardmarket.com/1/FIN/827795/827795.jpg,7121,"0,02 €","0,11 €","0,12 €","0,12 €","0,14 €"
"Edgar, King of Figaro",,Rare,51,Magic: The Gathering - FINAL FANTASY,https://product-images.s3.cardmarket.com/1/FIN/825629/825629.jpg,4064,"0,02 €","0,17 €","0,20 €","0,19 €","0,12 €"
Eject,,Uncommon,52,Magic: The Gathering - FINAL FANTASY,https://product-images.s3.cardmarket.com/1/FIN/826821/826821.jpg,7527,"0,02 €","0,07 €","0,08 €","0,09 €","0,08 €"
Elixir,,Uncommon,256,Magic: The Gathering - FINAL FANTASY,https://product-images.s3.cardmarket.com/1/FIN/826193/826193.jpg,7471,"0,02 €","0,08 €","0,08 €","0,08 €","0,13 €"
"Emet-Selch, Unsundered // Hades, Sorcerer of Eld",,Mythic,218,Magic: The Gathering - FINAL FANTASY,https://product-images.s3.cardmarket.com/1/FIN/827777/827777.jpg,1021,"1,84 €","2,87 €","3,13 €","3,11 €","3,38 €"
Esper Origins // Summon: Esper Maduin,,Rare,185,Magic: The Gathering - FINAL FANTASY,https://product-images.s3.cardmarket.com/1/FIN/826606/826606.jpg,767,"0,98 €","1,86 €","1,80 €","1,91 €","1,41 €"
Ether,,Uncommon,53,Magic: The Gathering - FINAL FANTASY,https://product-images.s3.cardmarket.com/1/FIN/827721/827721.jpg,7707,"0,02 €","0,05 €","0,06 €","0,04 €","0,04 €"
Evil Reawakened,,Uncommon,98,Magic: The Gathering - FINAL FANTASY,https://product-images.s3.cardmarket.com/1/FIN/827736/827736.jpg,9571,"0,02 €","0,10 €","0,08 €","0,09 €","0,14 €"
Excalibur II,,Rare,257,Magic: The Gathering - FINAL FANTASY,https://product-images.s3.cardmarket.com/1/FIN/827785/827785.jpg,2450,"0,02 €","0,41 €","0,41 €","0,45 €","0,50 €"
"Exdeath, Void Warlock // Neo Exdeath, Dimension's End",,Uncommon,220,Magic: The Gathering - FINAL FANTASY,https://product-images.s3.cardmarket.com/1/FIN/824158/824158.jpg,7251,"0,02 €","0,06 €","0,07 €","0,05 €","0,07 €"
"Fang, Fearless l'Cie // Ragnarok, Divine Deliverance",,Uncommon,99,Magic: The Gathering - FINAL FANTASY,https://product-images.s3.cardmarket.com/1/FIN/825654/825654.jpg,5558,"0,02 €","0,08 €","0,12 €","0,09 €","0,08 €"
Fate of the Sun-Cryst,,Common,19,Magic: The Gathering - FINAL FANTASY,https://product-images.s3.cardmarket.com/1/FIN/826598/826598.jpg,18797,"0,02 €","0,05 €","0,03 €","0,04 €","0,04 €"
Fight On!,,Common,100,Magic: The Gathering - FINAL FANTASY,https://product-images.s3.cardmarket.com/1/FIN/824137/824137.jpg,15512,"0,02 €","0,05 €","0,05 €","0,05 €","0,03 €"
Fire Magic,,Uncommon,136,Magic: The Gathering - FINAL FANTASY,https://product-images.s3.cardmarket.com/1/FIN/826604/826604.jpg,1882,"0,25 €","0,91 €","1,06 €","0,94 €","0,66 €"
"Firion, Wild Rose Warrior",,Rare,137,Magic: The Gathering - FINAL FANTASY,https://product-images.s3.cardmarket.com/1/FIN/824144/824144.jpg,1876,"0,05 €","0,34 €","0,36 €","0,31 €","0,25 €"
Forest,V.1,Land,306,Magic: The Gathering - FINAL FANTASY,https://product-images.s3.cardmarket.com/1/FIN/824184/824184.jpg,5913,£0.02,"0,26 €","0,25 €","0,26 €","0,26 €"
Forest,V.2,Land,307,Magic: The Gathering - FINAL FANTASY,https://product-images.s3.cardmarket.com/1/FIN/824185/824185.jpg,6531,£0.02,"0,19 €","0,24 €","0,23 €","0,12 €"
Forest,V.3,Land,308,Magic: The Gathering - FINAL FANTASY,https://product-images.s3.cardmarket.com/1/FIN/824186/824186.jpg,7732,£0.02,"0,22 €","0,22 €","0,20 €","0,06 €"
Freya Crescent,,Uncommon,138,Magic: The Gathering - FINAL FANTASY,https://product-images.s3.cardmarket.com/1/FIN/824145/824145.jpg,7204,"0,02 €","0,13 €","0,12 €","0,11 €","0,14 €"
From Father to Son,,Rare,20,Magic: The Gathering - FINAL FANTASY,https://product-images.s3.cardmarket.com/1/FIN/825627/825627.jpg,3619,"0,02 €","0,15 €","0,17 €","0,18 €","0,15 €"
Gaelicat,,Common,22,Magic: The Gathering - FINAL FANTASY,https://product-images.s3.cardmarket.com/1/FIN/827714/827714.jpg,16667,"0,02 €","0,05 €","0,06 €","0,04 €","0,04 €"
Gaius van Baelsar,,Uncommon,102,Magic: The Gathering - FINAL FANTASY,https://product-images.s3.cardmarket.com/1/FIN/827738/827738.jpg,6536,£0.02,"0,12 €","0,14 €","0,11 €","0,11 €"
Galuf's Final Act,,Uncommon,186,Magic: The Gathering - FINAL FANTASY,https://product-images.s3.cardmarket.com/1/FIN/824950/824950.jpg,7585,"0,02 €","0,05 €","0,07 €","0,08 €","0,06 €"
"Garland, Knight of Cornelia // Chaos, the Endless",,Uncommon,221,Magic: The Gathering - FINAL FANTASY,https://product-images.s3.cardmarket.com/1/FIN/827778/827778.jpg,7025,"0,02 €","0,09 €","0,09 €","0,08 €","0,13 €"
"Garnet, Princess of Alexandria",,Uncommon,222,Magic: The Gathering - FINAL FANTASY,https://product-images.s3.cardmarket.com/1/FIN/824117/824117.jpg,6181,"0,02 €","0,09 €","0,11 €","0,11 €","0,10 €"
Genji Glove,,Rare,258,Magic: The Gathering - FINAL FANTASY,https://product-images.s3.cardmarket.com/1/FIN/827786/827786.jpg,736,"1,00 €","1,87 €","1,83 €","1,86 €","1,41 €"
Gigantoad,,Common,187,Magic: The Gathering - FINAL FANTASY,https://product-images.s3.cardmarket.com/1/FIN/825775/825775.jpg,16602,"0,02 €","0,05 €","0,04 €","0,04 €","0,02 €"
"Gilgamesh, Master-at-Arms",,Rare,139,Magic: The Gathering - FINAL FANTASY,https://product-images.s3.cardmarket.com/1/FIN/825711/825711.jpg,2167,"0,10 €","0,29 €","0,30 €","0,27 €","0,25 €"
"Giott, King of the Dwarves",,Uncommon,223,Magic: The Gathering - FINAL FANTASY,https://product-images.s3.cardmarket.com/1/FIN/826824/826824.jpg,7854,"0,02 €","0,06 €","0,09 €","0,06 €","0,10 €"
Gladiolus Amicitia,,Uncommon,224,Magic: The Gathering - FINAL FANTASY,https://product-images.s3.cardmarket.com/1/FIN/827779/827779.jpg,7237,£0.02,"0,10 €","0,11 €","0,10 €","0,13 €"
"Gogo, Master of Mimicry",,Mythic,54,Magic: The Gathering - FINAL FANTASY,https://product-images.s3.cardmarket.com/1/FIN/826822/826822.jpg,1137,£1.99,"3,12 €","3,29 €","3,27 €","2,99 €"
"Gohn, Town of Ruin",,Land,278,Magic: The Gathering - FINAL FANTASY,https://product-images.s3.cardmarket.com/1/FIN/827796/827796.jpg,9189,"0,02 €","0,11 €","0,07 €","0,06 €","0,06 €"
"Golbez, Crystal Collector",,Rare,225,Magic: The Gathering - FINAL FANTASY,https://product-images.s3.cardmarket.com/1/FIN/824118/824118.jpg,2372,"0,10 €","0,30 €","0,31 €","0,32 €","0,18 €"
"Gongaga, Reactor Town",,Land,280,Magic: The Gathering - FINAL FANTASY,https://product-images.s3.cardmarket.com/1/FIN/826900/826900.jpg,8995,"0,02 €","0,08 €","0,07 €","0,08 €","0,03 €"
Goobbue Gardener,,Common,188,Magic: The Gathering - FINAL FANTASY,https://product-images.s3.cardmarket.com/1/FIN/827768/827768.jpg,16233,"0,02 €","0,06 €","0,04 €","0,05 €","0,04 €"
G'raha Tia,,Uncommon,21,Magic: The Gathering - FINAL FANTASY,https://product-images.s3.cardmarket.com/1/FIN/826599/826599.jpg,9153,"0,02 €","0,14 €","0,08 €","0,14 €","0,09 €"
Gran Pulse Ochu,,Common,189,Magic: The Gathering - FINAL FANTASY,https://product-images.s3.cardmarket.com/1/FIN/827769/827769.jpg,15970,"0,02 €","0,06 €","0,06 €","0,04 €","0,04 €"
"Guadosalam, Farplane Gateway",,Land,281,Magic: The Gathering - FINAL FANTASY,https://product-images.s3.cardmarket.com/1/FIN/826902/826902.jpg,8989,"0,02 €","0,08 €","0,07 €","0,07 €","0,08 €"
Gysahl Greens,,Common,190,Magic: The Gathering - FINAL FANTASY,https://product-images.s3.cardmarket.com/1/FIN/827770/827770.jpg,15632,"0,02 €","0,06 €","0,06 €","0,06 €","0,03 €"
Haste Magic,,Common,140,Magic: The Gathering - FINAL FANTASY,https://product-images.s3.cardmarket.com/1/FIN/824146/824146.jpg,14946,"0,02 €","0,08 €","0,09 €","0,08 €","0,13 €"
Hecteyes,,Common,103,Magic: The Gathering - FINAL FANTASY,https://product-images.s3.cardmarket.com/1/FIN/826603/826603.jpg,15834,"0,02 €","0,08 €","0,11 €","0,06 €","0,02 €"
Hill Gigas,,Common,141,Magic: The Gathering - FINAL FANTASY,https://product-images.s3.cardmarket.com/1/FIN/826313/826313.jpg,16766,"0,02 €","0,04 €","0,04 €","0,03 €","0,03 €"
Hope Estheim,,Rare,226,Magic: The Gathering - FINAL FANTASY,https://product-images.s3.cardmarket.com/1/FIN/827780/827780.jpg,2537,"0,02 €","0,25 €","0,26 €","0,17 €","0,24 €"
Ice Flan,,Common,55,Magic: The Gathering - FINAL FANTASY,https://product-images.s3.cardmarket.com/1/FIN/827832/827832.jpg,16660,"0,02 €","0,07 €","0,05 €","0,05 €","0,05 €"
Ice Magic,,Common,56,Magic: The Gathering - FINAL FANTASY,https://product-images.s3.cardmarket.com/1/FIN/826187/826187.jpg,16102,"0,02 €","0,07 €","0,05 €","0,07 €","0,24 €"
Ignis Scientia,,Uncommon,227,Magic: The Gathering - FINAL FANTASY,https://product-images.s3.cardmarket.com/1/FIN/826997/826997.jpg,7867,"0,02 €","0,09 €","0,11 €","0,10 €","0,06 €"
Il Mheg Pixie,,Uncommon,57,Magic: The Gathering - FINAL FANTASY,https://product-images.s3.cardmarket.com/1/FIN/824130/824130.jpg,10770,"0,02 €","0,11 €","0,08 €","0,06 €","0,22 €"
"Insomnia, Crown City",,Land,282,Magic: The Gathering - FINAL FANTASY,https://product-images.s3.cardmarket.com/1/FIN/826903/826903.jpg,8983,"0,02 €","0,12 €","0,08 €","0,09 €","0,05 €"
Instant Ramen,,Common,259,Magic: The Gathering - FINAL FANTASY,https://product-images.s3.cardmarket.com/1/FIN/827787/827787.jpg,14624,"0,02 €","0,17 €","0,12 €","0,16 €","0,40 €"
Iron Giant,,Common,260,Magic: The Gathering - FINAL FANTASY,https://product-images.s3.cardmarket.com/1/FIN/826136/826136.jpg,15662,"0,02 €","0,09 €","0,08 €","0,10 €","0,02 €"
"Ishgard, the Holy See // Faith & Grief",,Rare,283,Magic: The Gathering - FINAL FANTASY,https://product-images.s3.cardmarket.com/1/FIN/826904/826904.jpg,1362,"0,28 €","0,95 €","0,94 €","0,99 €","0,93 €"
Island,V.1,Land,297,Magic: The Gathering - FINAL FANTASY,https://product-images.s3.cardmarket.com/1/FIN/824175/824175.jpg,10407,"0,05 €","0,18 €","0,17 €","0,20 €","0,21 €"
Island,V.2,Land,298,Magic: The Gathering - FINAL FANTASY,https://product-images.s3.cardmarket.com/1/FIN/824176/824176.jpg,8577,"0,07 €","0,19 €","0,21 €","0,19 €","0,14 €"
Island,V.3,Land,299,Magic: The Gathering - FINAL FANTASY,https://product-images.s3.cardmarket.com/1/FIN/824177/824177.jpg,10412,"0,05 €","0,13 €","0,14 €","0,15 €","0,18 €"
Item Shopkeep,,Common,142,Magic: The Gathering - FINAL FANTASY,https://product-images.s3.cardmarket.com/1/FIN/827746/827746.jpg,19901,"0,02 €","0,11 €","0,04 €","0,04 €","0,05 €"
"Jecht, Reluctant Guardian // Braska's Final Aeon",,Rare,104,Magic: The Gathering - FINAL FANTASY,https://product-images.s3.cardmarket.com/1/FIN/827739/827739.jpg,2135,"0,10 €","0,31 €","0,31 €","0,29 €","0,33 €"
"Jenova, Ancient Calamity",,Rare,228,Magic: The Gathering - FINAL FANTASY,https://product-images.s3.cardmarket.com/1/FIN/826889/826889.jpg,1568,"0,10 €","0,44 €","0,45 €","0,45 €","0,27 €"
"Jidoor, Aristocratic Capital // Overture",,Rare,284,Magic: The Gathering - FINAL FANTASY,https://product-images.s3.cardmarket.com/1/FIN/824951/824951.jpg,1602,"0,20 €","0,75 €","0,77 €","0,77 €","0,78 €"
"Jill, Shiva's Dominant // Shiva, Warden of Ice",,Rare,58,Magic: The Gathering - FINAL FANTASY,https://product-images.s3.cardmarket.com/1/FIN/827722/827722.jpg,2274,£0.09,"0,39 €","0,41 €","0,43 €","0,50 €"
"Joshua, Phoenix's Dominant // Phoenix, Warden of Fire",,Rare,229,Magic: The Gathering - FINAL FANTASY,https://product-images.s3.cardmarket.com/1/FIN/826825/826825.jpg,1954,"0,12 €","0,78 €","0,80 €","0,82 €","0,75 €"
Judge Magister Gabranth,,Uncommon,230,Magic: The Gathering - FINAL FANTASY,https://product-images.s3.cardmarket.com/1/FIN/826609/826609.jpg,7135,"0,02 €","0,11 €","0,09 €","0,12 €","0,11 €"
Jumbo Cactuar,,Rare,191,Magic: The Gathering - FINAL FANTASY,https://product-images.s3.cardmarket.com/1/FIN/827771/827771.jpg,2013,"0,50 €","1,22 €","1,29 €","1,20 €","1,11 €"
"Kain, Traitorous Dragoon",,Rare,105,Magic: The Gathering - FINAL FANTASY,https://product-images.s3.cardmarket.com/1/FIN/825660/825660.jpg,4116,"0,05 €","0,22 €","0,19 €","0,18 €","0,18 €"
"Kefka, Court Mage // Kefka, Ruler of Ruin",,Mythic,231,Magic: The Gathering - FINAL FANTASY,https://product-images.s3.cardmarket.com/1/FIN/827781/827781.jpg,619,"3,98 €","5,27 €","5,42 €","5,42 €","4,67 €"
"Kuja, Genome Sorcerer // Trance Kuja, Fate Defied",,Rare,232,Magic: The Gathering - FINAL FANTASY,https://product-images.s3.cardmarket.com/1/FIN/824159/824159.jpg,1171,"0,35 €","0,70 €","0,82 €","0,75 €","0,69 €"
Laughing Mad,,Common,143,Magic: The Gathering - FINAL FANTASY,https://product-images.s3.cardmarket.com/1/FIN/825717/825717.jpg,17246,"0,02 €","0,10 €","0,10 €","0,10 €","0,16 €"
Light of Judgment,,Common,144,Magic: The Gathering - FINAL FANTASY,https://product-images.s3.cardmarket.com/1/FIN/824949/824949.jpg,16622,"0,02 €","0,02 €","0,04 €","0,02 €","0,02 €"
"Lightning, Army of One",,Mythic,233,Magic: The Gathering - FINAL FANTASY,https://product-images.s3.cardmarket.com/1/FIN/824160/824160.jpg,1302,"7,00 €","8,16 €","8,69 €","8,06 €","8,00 €"
"Lindblum, Industrial Regency // Mage Siege",,Rare,285,Magic: The Gathering - FINAL FANTASY,https://product-images.s3.cardmarket.com/1/FIN/824170/824170.jpg,1205,"0,50 €","1,49 €","1,44 €","1,60 €","0,88 €"
Lion Heart,,Uncommon,261,Magic: The Gathering - FINAL FANTASY,https://product-images.s3.cardmarket.com/1/FIN/827788/827788.jpg,7469,"0,02 €","0,06 €","0,06 €","0,07 €","0,06 €"
Locke Cole,,Uncommon,234,Magic: The Gathering - FINAL FANTASY,https://product-images.s3.cardmarket.com/1/FIN/824161/824161.jpg,7249,"0,02 €","0,10 €","0,09 €","0,09 €","0,11 €"
Loporrit Scout,,Common,192,Magic: The Gathering - FINAL FANTASY,https://product-images.s3.cardmarket.com/1/FIN/824115/824115.jpg,16551,"0,02 €","0,03 €","0,03 €","0,03 €","0,02 €"
Louisoix's Sacrifice,,Rare,59,Magic: The Gathering - FINAL FANTASY,https://product-images.s3.cardmarket.com/1/FIN/824131/824131.jpg,3442,£0.05,"0,34 €","0,37 €","0,35 €","0,34 €"
Lunatic Pandora,,Common,262,Magic: The Gathering - FINAL FANTASY,https://product-images.s3.cardmarket.com/1/FIN/826827/826827.jpg,15837,"0,02 €","0,11 €","0,05 €","0,05 €","0,02 €"
Machinist's Arsenal,,Rare,23,Magic: The Gathering - FINAL FANTASY,https://product-images.s3.cardmarket.com/1/FIN/827715/827715.jpg,2346,"0,08 €","0,30 €","0,31 €","0,29 €","0,43 €"
Magic Damper,,Common,61,Magic: The Gathering - FINAL FANTASY,https://product-images.s3.cardmarket.com/1/FIN/826880/826880.jpg,14666,"0,02 €","0,13 €","0,11 €","0,12 €","0,13 €"
Magic Pot,,Common,263,Magic: The Gathering - FINAL FANTASY,https://product-images.s3.cardmarket.com/1/FIN/827789/827789.jpg,16667,"0,02 €","0,03 €","0,03 €","0,04 €","0,02 €"
Magitek Armor,,Uncommon,24,Magic: The Gathering - FINAL FANTASY,https://product-images.s3.cardmarket.com/1/FIN/826129/826129.jpg,8220,"0,02 €","0,04 €","0,05 €","0,03 €","0,07 €"
Magitek Infantry,,Common,25,Magic: The Gathering - FINAL FANTASY,https://product-images.s3.cardmarket.com/1/FIN/826600/826600.jpg,16012,"0,02 €","0,04 €","0,05 €","0,04 €","0,08 €"
Malboro,,Common,106,Magic: The Gathering - FINAL FANTASY,https://product-images.s3.cardmarket.com/1/FIN/824138/824138.jpg,15649,"0,02 €","0,07 €","0,08 €","0,06 €","0,10 €"
"Matoya, Archon Elder",,Rare,62,Magic: The Gathering - FINAL FANTASY,https://product-images.s3.cardmarket.com/1/FIN/827724/827724.jpg,2235,£0.05,"0,46 €","0,49 €","0,49 €","0,32 €"
Memories Returning,,Rare,63,Magic: The Gathering - FINAL FANTASY,https://product-images.s3.cardmarket.com/1/FIN/824944/824944.jpg,3263,"0,10 €","0,19 €","0,19 €","0,19 €","0,06 €"
"Midgar, City of Mako // Reactor Raid",,Rare,286,Magic: The Gathering - FINAL FANTASY,https://product-images.s3.cardmarket.com/1/FIN/826318/826318.jpg,1543,"0,50 €","1,60 €","1,67 €","1,75 €","2,02 €"
"Minwu, White Mage",,Rare,26,Magic: The Gathering - FINAL FANTASY,https://product-images.s3.cardmarket.com/1/FIN/827716/827716.jpg,3586,"0,09 €","0,18 €","0,20 €","0,19 €","0,20 €"
Monk's Fist,,Common,265,Magic: The Gathering - FINAL FANTASY,https://product-images.s3.cardmarket.com/1/FIN/827791/827791.jpg,16898,"0,02 €","0,08 €","0,05 €","0,06 €","0,49 €"
Moogles' Valor,,Rare,27,Magic: The Gathering - FINAL FANTASY,https://product-images.s3.cardmarket.com/1/FIN/827717/827717.jpg,2114,"0,10 €","0,26 €","0,30 €","0,27 €","0,24 €"
Mountain,V.1,Land,303,Magic: The Gathering - FINAL FANTASY,https://product-images.s3.cardmarket.com/1/FIN/824181/824181.jpg,9974,£0.02,"0,16 €","0,18 €","0,15 €","0,25 €"
Mountain,V.2,Land,304,Magic: The Gathering - FINAL FANTASY,https://product-images.s3.cardmarket.com/1/FIN/824182/824182.jpg,11489,"0,02 €","0,14 €","0,14 €","0,12 €","0,07 €"
Mountain,V.3,Land,305,Magic: The Gathering - FINAL FANTASY,https://product-images.s3.cardmarket.com/1/FIN/824183/824183.jpg,8122,"0,02 €","0,16 €","0,19 €","0,16 €","0,13 €"
Mysidian Elder,,Common,145,Magic: The Gathering - FINAL FANTASY,https://product-images.s3.cardmarket.com/1/FIN/827747/827747.jpg,13052,"0,02 €","0,11 €","0,12 €","0,12 €","0,03 €"
Namazu Trader,,Common,107,Magic: The Gathering - FINAL FANTASY,https://product-images.s3.cardmarket.com/1/FIN/824139/824139.jpg,16768,"0,02 €","0,05 €","0,04 €","0,04 €","0,05 €"
Nibelheim Aflame,,Mythic,146,Magic: The Gathering - FINAL FANTASY,https://product-images.s3.cardmarket.com/1/FIN/827748/827748.jpg,814,"2,19 €","3,62 €","4,10 €","3,83 €","3,80 €"
Ninja's Blades,,Rare,108,Magic: The Gathering - FINAL FANTASY,https://product-images.s3.cardmarket.com/1/FIN/824969/824969.jpg,3114,"0,10 €","0,22 €","0,23 €","0,22 €","0,29 €"
"Noctis, Prince of Lucis",,Rare,235,Magic: The Gathering - FINAL FANTASY,https://product-images.s3.cardmarket.com/1/FIN/826890/826890.jpg,2961,"0,06 €","0,27 €","0,24 €","0,24 €","0,36 €"
"Omega, Heartless Evolution",,Uncommon,236,Magic: The Gathering - FINAL FANTASY,https://product-images.s3.cardmarket.com/1/FIN/824162/824162.jpg,7955,"0,02 €","0,07 €","0,07 €","0,09 €","0,06 €"
Opera Love Song,,Uncommon,147,Magic: The Gathering - FINAL FANTASY,https://product-images.s3.cardmarket.com/1/FIN/826190/826190.jpg,5443,"0,02 €","0,22 €","0,20 €","0,18 €","0,20 €"
Overkill,,Uncommon,109,Magic: The Gathering - FINAL FANTASY,https://product-images.s3.cardmarket.com/1/FIN/826983/826983.jpg,7222,"0,02 €","0,19 €","0,18 €","0,21 €","0,30 €"
Paladin's Arms,,Common,28,Magic: The Gathering - FINAL FANTASY,https://product-images.s3.cardmarket.com/1/FIN/825628/825628.jpg,16305,"0,02 €","0,07 €","0,06 €","0,06 €","0,03 €"
Phantom Train,,Uncommon,110,Magic: The Gathering - FINAL FANTASY,https://product-images.s3.cardmarket.com/1/FIN/826985/826985.jpg,7477,"0,02 €","0,09 €","0,08 €","0,09 €","0,10 €"
Phoenix Down,,Uncommon,29,Magic: The Gathering - FINAL FANTASY,https://product-images.s3.cardmarket.com/1/FIN/826130/826130.jpg,9063,"0,02 €","0,08 €","0,08 €","0,07 €","0,24 €"
Plains,V.1,Land,294,Magic: The Gathering - FINAL FANTASY,https://product-images.s3.cardmarket.com/1/FIN/824172/824172.jpg,16268,"0,02 €","0,16 €","0,16 €","0,20 €","0,07 €"
Plains,V.2,Land,295,Magic: The Gathering - FINAL FANTASY,https://product-images.s3.cardmarket.com/1/FIN/824173/824173.jpg,13718,"0,03 €","0,14 €","0,14 €","0,12 €","0,25 €"
Plains,V.3,Land,296,Magic: The Gathering - FINAL FANTASY,https://product-images.s3.cardmarket.com/1/FIN/824174/824174.jpg,14799,£0.02,"0,13 €","0,13 €","0,14 €","0,11 €"
Poison the Waters,,Uncommon,111,Magic: The Gathering - FINAL FANTASY,https://product-images.s3.cardmarket.com/1/FIN/825671/825671.jpg,7377,"0,02 €","0,10 €","0,08 €","0,09 €","0,04 €"
Prishe's Wanderings,,Common,193,Magic: The Gathering - FINAL FANTASY,https://product-images.s3.cardmarket.com/1/FIN/827772/827772.jpg,15500,"0,02 €","0,14 €","0,08 €","0,09 €","0,04 €"
Prompto Argentum,,Uncommon,148,Magic: The Gathering - FINAL FANTASY,https://product-images.s3.cardmarket.com/1/FIN/827749/827749.jpg,8043,"0,02 €","0,11 €","0,07 €","0,09 €","0,11 €"
PuPu UFO,,Uncommon,266,Magic: The Gathering - FINAL FANTASY,https://product-images.s3.cardmarket.com/1/FIN/827792/827792.jpg,4773,"0,02 €","0,19 €","0,22 €","0,20 €","0,17 €"
Qiqirn Merchant,,Common,65,Magic: The Gathering - FINAL FANTASY,https://product-images.s3.cardmarket.com/1/FIN/826132/826132.jpg,16905,"0,02 €","0,04 €","0,03 €","0,04 €","0,05 €"
Queen Brahne,,Uncommon,149,Magic: The Gathering - FINAL FANTASY,https://product-images.s3.cardmarket.com/1/FIN/826886/826886.jpg,6442,"0,02 €","0,09 €","0,13 €","0,11 €","0,10 €"
"Quina, Qu Gourmet",,Uncommon,194,Magic: The Gathering - FINAL FANTASY,https://product-images.s3.cardmarket.com/1/FIN/827773/827773.jpg,6384,"0,02 €","0,10 €","0,11 €","0,12 €","0,09 €"
Quistis Trepe,,Uncommon,66,Magic: The Gathering - FINAL FANTASY,https://product-images.s3.cardmarket.com/1/FIN/826881/826881.jpg,7040,"0,02 €","0,10 €","0,10 €","0,11 €","0,14 €"
Qutrub Forayer,,Common,112,Magic: The Gathering - FINAL FANTASY,https://product-images.s3.cardmarket.com/1/FIN/825676/825676.jpg,16697,"0,02 €","0,04 €","0,03 €","0,05 €","0,05 €"
"Rabanastre, Royal City",,Land,287,Magic: The Gathering - FINAL FANTASY,https://product-images.s3.cardmarket.com/1/FIN/827797/827797.jpg,12913,"0,02 €","0,14 €","0,07 €","0,10 €","0,20 €"
Random Encounter,,Uncommon,150,Magic: The Gathering - FINAL FANTASY,https://product-images.s3.cardmarket.com/1/FIN/826314/826314.jpg,7701,"0,02 €","0,05 €","0,08 €","0,05 €","0,02 €"
"Raubahn, Bull of Ala Mhigo",,Rare,151,Magic: The Gathering - FINAL FANTASY,https://product-images.s3.cardmarket.com/1/FIN/827750/827750.jpg,2460,"0,02 €","0,32 €","0,30 €","0,29 €","0,28 €"
Reach the Horizon,,Uncommon,195,Magic: The Gathering - FINAL FANTASY,https://product-images.s3.cardmarket.com/1/FIN/826191/826191.jpg,6362,"0,02 €","0,13 €","0,14 €","0,14 €","0,09 €"
Red Mage's Rapier,,Common,152,Magic: The Gathering - FINAL FANTASY,https://product-images.s3.cardmarket.com/1/FIN/826987/826987.jpg,14682,"0,02 €","0,08 €","0,09 €","0,08 €","0,02 €"
Relentless X-ATM092,,Uncommon,268,Magic: The Gathering - FINAL FANTASY,https://product-images.s3.cardmarket.com/1/FIN/826893/826893.jpg,7660,"0,02 €","0,05 €","0,05 €","0,05 €","0,05 €"
Relm's Sketching,,Uncommon,67,Magic: The Gathering - FINAL FANTASY,https://product-images.s3.cardmarket.com/1/FIN/826133/826133.jpg,7341,"0,02 €","0,15 €","0,14 €","0,14 €","0,31 €"
Reno and Rude,,Uncommon,113,Magic: The Gathering - FINAL FANTASY,https://product-images.s3.cardmarket.com/1/FIN/827740/827740.jpg,7739,"0,02 €","0,06 €","0,08 €","0,07 €","0,08 €"
Resentful Revelation,,Common,114,Magic: The Gathering - FINAL FANTASY,https://product-images.s3.cardmarket.com/1/FIN/826188/826188.jpg,14850,"0,02 €","0,03 €","0,08 €","0,05 €","0,03 €"
Restoration Magic,,Uncommon,30,Magic: The Gathering - FINAL FANTASY,https://product-images.s3.cardmarket.com/1/FIN/824927/824927.jpg,2520,"0,14 €","0,91 €","0,89 €","0,92 €","0,86 €"
Retrieve the Esper,,Common,68,Magic: The Gathering - FINAL FANTASY,https://product-images.s3.cardmarket.com/1/FIN/825638/825638.jpg,19005,"0,02 €","0,04 €","0,03 €","0,04 €","0,04 €"
Ride the Shoopuf,,Uncommon,197,Magic: The Gathering - FINAL FANTASY,https://product-images.s3.cardmarket.com/1/FIN/824149/824149.jpg,5749,"0,02 €","0,15 €","0,15 €","0,16 €","0,11 €"
Ring of the Lucii,,Uncommon,269,Magic: The Gathering - FINAL FANTASY,https://product-images.s3.cardmarket.com/1/FIN/827793/827793.jpg,6720,"0,02 €","0,10 €","0,12 €","0,08 €","0,30 €"
Rinoa Heartilly,,Uncommon,237,Magic: The Gathering - FINAL FANTASY,https://product-images.s3.cardmarket.com/1/FIN/826892/826892.jpg,7330,£0.02,"0,10 €","0,09 €","0,08 €","0,08 €"
Rook Turret,,Common,69,Magic: The Gathering - FINAL FANTASY,https://product-images.s3.cardmarket.com/1/FIN/825641/825641.jpg,15270,"0,02 €","0,09 €","0,08 €","0,07 €","0,16 €"
Rufus Shinra,,Uncommon,238,Magic: The Gathering - FINAL FANTASY,https://product-images.s3.cardmarket.com/1/FIN/824163/824163.jpg,7796,"0,02 €","0,09 €","0,08 €","0,06 €","0,06 €"
"Rydia, Summoner of Mist",,Uncommon,239,Magic: The Gathering - FINAL FANTASY,https://product-images.s3.cardmarket.com/1/FIN/827782/827782.jpg,5950,"0,02 €","0,13 €","0,14 €","0,13 €","0,16 €"
Rydia's Return,,Uncommon,198,Magic: The Gathering - FINAL FANTASY,https://product-images.s3.cardmarket.com/1/FIN/826992/826992.jpg,7894,"0,02 €","0,06 €","0,06 €","0,05 €","0,02 €"
Sabotender,,Common,153,Magic: The Gathering - FINAL FANTASY,https://product-images.s3.cardmarket.com/1/FIN/827751/827751.jpg,13450,"0,02 €","0,13 €","0,13 €","0,12 €","0,10 €"
Sage's Nouliths,,Common,70,Magic: The Gathering - FINAL FANTASY,https://product-images.s3.cardmarket.com/1/FIN/827726/827726.jpg,18079,"0,02 €","0,06 €","0,04 €","0,05 €","0,02 €"
Sahagin,,Common,71,Magic: The Gathering - FINAL FANTASY,https://product-images.s3.cardmarket.com/1/FIN/824945/824945.jpg,17908,"0,02 €","0,03 €","0,02 €","0,02 €","0,02 €"
Samurai's Katana,,Uncommon,154,Magic: The Gathering - FINAL FANTASY,https://product-images.s3.cardmarket.com/1/FIN/827752/827752.jpg,9443,"0,02 €","0,08 €","0,10 €","0,07 €","0,02 €"
Sandworm,,Uncommon,155,Magic: The Gathering - FINAL FANTASY,https://product-images.s3.cardmarket.com/1/FIN/825722/825722.jpg,8230,"0,02 €","0,06 €","0,05 €","0,06 €","0,14 €"
Sazh Katzroy,,Rare,199,Magic: The Gathering - FINAL FANTASY,https://product-images.s3.cardmarket.com/1/FIN/828185/828185.jpg,2191,"0,10 €","0,34 €","0,33 €","0,34 €","0,33 €"
Sazh's Chocobo,,Uncommon,200,Magic: The Gathering - FINAL FANTASY,https://product-images.s3.cardmarket.com/1/FIN/826317/826317.jpg,2657,"0,20 €","0,70 €","0,63 €","0,61 €","0,50 €"
Scorpion Sentinel,,Common,72,Magic: The Gathering - FINAL FANTASY,https://product-images.s3.cardmarket.com/1/FIN/825642/825642.jpg,16460,"0,02 €","0,03 €","0,02 €","0,03 €","0,03 €"
Seifer Almasy,,Rare,156,Magic: The Gathering - FINAL FANTASY,https://product-images.s3.cardmarket.com/1/FIN/827753/827753.jpg,2941,"0,02 €","0,14 €","0,20 €","0,17 €","0,15 €"
Self-Destruct,,Uncommon,157,Magic: The Gathering - FINAL FANTASY,https://product-images.s3.cardmarket.com/1/FIN/827754/827754.jpg,6378,"0,02 €","0,17 €","0,19 €","0,22 €","0,09 €"
"Sephiroth, Fabled SOLDIER // Sephiroth, One-Winged Angel",,Mythic,115,Magic: The Gathering - FINAL FANTASY,https://product-images.s3.cardmarket.com/1/FIN/827741/827741.jpg,1056,"24,79 €","26,49 €","27,67 €","27,18 €","25,33 €"
Sephiroth's Intervention,,Common,116,Magic: The Gathering - FINAL FANTASY,https://product-images.s3.cardmarket.com/1/FIN/824140/824140.jpg,19032,"0,02 €","0,09 €","0,07 €","0,10 €","0,11 €"
Serah Farron // Crystallized Serah,,Rare,240,Magic: The Gathering - FINAL FANTASY,https://product-images.s3.cardmarket.com/1/FIN/828182/828182.jpg,2131,"0,10 €","0,39 €","0,35 €","0,35 €","0,37 €"
Shambling Cie'th,,Uncommon,117,Magic: The Gathering - FINAL FANTASY,https://product-images.s3.cardmarket.com/1/FIN/825678/825678.jpg,11465,"0,02 €","0,06 €","0,05 €","0,08 €","0,10 €"
"Shantotto, Tactician Magician",,Uncommon,241,Magic: The Gathering - FINAL FANTASY,https://product-images.s3.cardmarket.com/1/FIN/826192/826192.jpg,7669,"0,02 €","0,06 €","0,07 €","0,05 €","0,10 €"
"Sharlayan, Nation of Scholars",,Land,288,Magic: The Gathering - FINAL FANTASY,https://product-images.s3.cardmarket.com/1/FIN/825782/825782.jpg,9035,"0,02 €","0,07 €","0,07 €","0,07 €","0,05 €"
Shinra Reinforcements,,Common,118,Magic: The Gathering - FINAL FANTASY,https://product-images.s3.cardmarket.com/1/FIN/825693/825693.jpg,19466,"0,02 €","0,10 €","0,06 €","0,08 €","0,50 €"
Sidequest: Card Collection // Magicked Card,,Uncommon,73,Magic: The Gathering - FINAL FANTASY,https://product-images.s3.cardmarket.com/1/FIN/827727/827727.jpg,7953,"0,02 €","0,07 €","0,06 €","0,09 €","0,10 €"
Sidequest: Catch a Fish // Cooking Campsite,,Uncommon,31,Magic: The Gathering - FINAL FANTASY,https://product-images.s3.cardmarket.com/1/FIN/827718/827718.jpg,7091,"0,02 €","0,11 €","0,12 €","0,13 €","0,25 €"
"Sidequest: Hunt the Mark // Yiazmat, Ultimate Mark",,Uncommon,119,Magic: The Gathering - FINAL FANTASY,https://product-images.s3.cardmarket.com/1/FIN/825697/825697.jpg,7455,"0,02 €","0,09 €","0,10 €","0,09 €","0,15 €"
"Sidequest: Play Blitzball // World Champion, Celestial Weapon",,Uncommon,158,Magic: The Gathering - FINAL FANTASY,https://product-images.s3.cardmarket.com/1/FIN/825725/825725.jpg,7284,"0,02 €","0,05 €","0,07 €","0,06 €","0,05 €"
Sidequest: Raise a Chocobo // Black Chocobo,,Uncommon,201,Magic: The Gathering - FINAL FANTASY,https://product-images.s3.cardmarket.com/1/FIN/824121/824121.jpg,6200,"0,02 €","0,11 €","0,12 €","0,11 €","0,10 €"
"Sin, Spira's Punishment",,Rare,242,Magic: The Gathering - FINAL FANTASY,https://product-images.s3.cardmarket.com/1/FIN/826134/826134.jpg,2133,£0.05,"0,25 €","0,26 €","0,24 €","0,18 €"
Slash of Light,,Common,32,Magic: The Gathering - FINAL FANTASY,https://product-images.s3.cardmarket.com/1/FIN/824120/824120.jpg,18477,"0,02 €","0,03 €","0,04 €","0,04 €","0,02 €"
Sleep Magic,,Uncommon,74,Magic: The Gathering - FINAL FANTASY,https://product-images.s3.cardmarket.com/1/FIN/827728/827728.jpg,7644,£0.02,"0,11 €","0,12 €","0,12 €","0,12 €"
Snow Villiers,,Uncommon,33,Magic: The Gathering - FINAL FANTASY,https://product-images.s3.cardmarket.com/1/FIN/826878/826878.jpg,7974,"0,02 €","0,07 €","0,06 €","0,06 €","0,09 €"
Sorceress's Schemes,,Uncommon,159,Magic: The Gathering - FINAL FANTASY,https://product-images.s3.cardmarket.com/1/FIN/826315/826315.jpg,7237,"0,02 €","0,10 €","0,12 €","0,10 €","0,13 €"
"Squall, SeeD Mercenary",,Rare,243,Magic: The Gathering - FINAL FANTASY,https://product-images.s3.cardmarket.com/1/FIN/824119/824119.jpg,1695,"0,12 €","0,63 €","0,63 €","0,63 €","0,85 €"
Starting Town,,Rare,289,Magic: The Gathering - FINAL FANTASY,https://product-images.s3.cardmarket.com/1/FIN/826906/826906.jpg,1787,"8,99 €","10,03 €","10,99 €","10,79 €","9,75 €"
"Stiltzkin, Moogle Merchant",,Rare,34,Magic: The Gathering - FINAL FANTASY,https://product-images.s3.cardmarket.com/1/FIN/826820/826820.jpg,2651,"0,09 €","0,30 €","0,27 €","0,25 €","0,26 €"
Stolen Uniform,,Uncommon,75,Magic: The Gathering - FINAL FANTASY,https://product-images.s3.cardmarket.com/1/FIN/826979/826979.jpg,8354,"0,02 €","0,09 €","0,10 €","0,07 €","0,10 €"
Stuck in Summoner's Sanctum,,Common,76,Magic: The Gathering - FINAL FANTASY,https://product-images.s3.cardmarket.com/1/FIN/826882/826882.jpg,16110,"0,02 €","0,06 €","0,05 €","0,05 €","0,02 €"
Summon: Anima,,Uncommon,120,Magic: The Gathering - FINAL FANTASY,https://product-images.s3.cardmarket.com/1/FIN/826884/826884.jpg,7359,"0,02 €","0,08 €","0,11 €","0,10 €","0,06 €"
Summon: Bahamut,,Mythic,1,Magic: The Gathering - FINAL FANTASY,https://product-images.s3.cardmarket.com/1/FIN/824188/824188.jpg,709,"16,79 €","19,15 €","21,05 €","19,63 €","19,62 €"
Summon: Brynhildr,,Rare,160,Magic: The Gathering - FINAL FANTASY,https://product-images.s3.cardmarket.com/1/FIN/827755/827755.jpg,1996,"0,10 €","0,33 €","0,42 €","0,41 €","0,32 €"
Summon: Choco/Mog,,Common,35,Magic: The Gathering - FINAL FANTASY,https://product-images.s3.cardmarket.com/1/FIN/824109/824109.jpg,13346,"0,02 €","0,13 €","0,11 €","0,10 €","0,04 €"
Summon: Esper Ramuh,,Uncommon,161,Magic: The Gathering - FINAL FANTASY,https://product-images.s3.cardmarket.com/1/FIN/827756/827756.jpg,7617,"0,02 €","0,07 €","0,07 €","0,08 €","0,05 €"
Summon: Fat Chocobo,,Common,202,Magic: The Gathering - FINAL FANTASY,https://product-images.s3.cardmarket.com/1/FIN/827774/827774.jpg,15271,"0,02 €","0,05 €","0,07 €","0,07 €","0,03 €"
Summon: Fenrir,,Uncommon,203,Magic: The Gathering - FINAL FANTASY,https://product-images.s3.cardmarket.com/1/FIN/827775/827775.jpg,4408,"0,02 €","0,23 €","0,22 €","0,21 €","0,13 €"
Summon: G.F. Cerberus,,Rare,162,Magic: The Gathering - FINAL FANTASY,https://product-images.s3.cardmarket.com/1/FIN/825730/825730.jpg,2648,£0.05,"0,27 €","0,24 €","0,25 €","0,29 €"
Summon: G.F. Ifrit,,Common,163,Magic: The Gathering - FINAL FANTASY,https://product-images.s3.cardmarket.com/1/FIN/827757/827757.jpg,15434,"0,02 €","0,07 €","0,06 €","0,10 €","0,02 €"
Summon: Knights of Round,,Mythic,36,Magic: The Gathering - FINAL FANTASY,https://product-images.s3.cardmarket.com/1/FIN/827719/827719.jpg,1042,"9,00 €","10,13 €","10,53 €","10,42 €","10,41 €"
Summon: Leviathan,,Rare,77,Magic: The Gathering - FINAL FANTASY,https://product-images.s3.cardmarket.com/1/FIN/827729/827729.jpg,1384,"0,20 €","0,62 €","0,61 €","0,59 €","0,48 €"
Summon: Primal Garuda,,Uncommon,37,Magic: The Gathering - FINAL FANTASY,https://product-images.s3.cardmarket.com/1/FIN/826184/826184.jpg,7514,"0,02 €","0,08 €","0,09 €","0,10 €","0,15 €"
Summon: Primal Odin,,Rare,121,Magic: The Gathering - FINAL FANTASY,https://product-images.s3.cardmarket.com/1/FIN/826189/826189.jpg,1194,"0,50 €","1,14 €","1,13 €","1,14 €","1,47 €"
Summon: Shiva,,Uncommon,78,Magic: The Gathering - FINAL FANTASY,https://product-images.s3.cardmarket.com/1/FIN/825644/825644.jpg,6889,"0,02 €","0,08 €","0,11 €","0,08 €","0,04 €"
Summon: Titan,,Rare,204,Magic: The Gathering - FINAL FANTASY,https://product-images.s3.cardmarket.com/1/FIN/824150/824150.jpg,1064,"0,50 €","1,27 €","1,38 €","1,34 €","1,09 €"
Summoner's Grimoire,,Rare,205,Magic: The Gathering - FINAL FANTASY,https://product-images.s3.cardmarket.com/1/FIN/826607/826607.jpg,2998,"0,05 €","0,31 €","0,27 €","0,25 €","0,27 €"
Suplex,,Common,164,Magic: The Gathering - FINAL FANTASY,https://product-images.s3.cardmarket.com/1/FIN/827758/827758.jpg,13526,"0,02 €","0,17 €","0,15 €","0,16 €","0,11 €"
Swallowed by Leviathan,,Uncommon,79,Magic: The Gathering - FINAL FANTASY,https://product-images.s3.cardmarket.com/1/FIN/824110/824110.jpg,7273,£0.02,"0,11 €","0,13 €","0,09 €","0,11 €"
Swamp,V.1,Land,300,Magic: The Gathering - FINAL FANTASY,https://product-images.s3.cardmarket.com/1/FIN/824178/824178.jpg,9529,£0.05,"0,16 €","0,19 €","0,15 €","0,19 €"
Swamp,V.2,Land,301,Magic: The Gathering - FINAL FANTASY,https://product-images.s3.cardmarket.com/1/FIN/824179/824179.jpg,9373,"0,05 €","0,18 €","0,19 €","0,19 €","0,19 €"
Swamp,V.3,Land,302,Magic: The Gathering - FINAL FANTASY,https://product-images.s3.cardmarket.com/1/FIN/824180/824180.jpg,9861,"0,02 €","0,19 €","0,18 €","0,20 €","0,38 €"
Syncopate,,Common,80,Magic: The Gathering - FINAL FANTASY,https://product-images.s3.cardmarket.com/1/FIN/827730/827730.jpg,16296,"0,02 €","0,05 €","0,05 €","0,05 €","0,16 €"
"Tellah, Great Sage",,Rare,244,Magic: The Gathering - FINAL FANTASY,https://product-images.s3.cardmarket.com/1/FIN/824164/824164.jpg,3576,"0,09 €","0,17 €","0,16 €","0,18 €","0,14 €"
"Terra, Magical Adept // Esper Terra",,Mythic,245,Magic: The Gathering - FINAL FANTASY,https://product-images.s3.cardmarket.com/1/FIN/826999/826999.jpg,1322,"1,99 €","3,05 €","3,28 €","3,26 €","3,59 €"
The Crystal's Chosen,,Uncommon,14,Magic: The Gathering - FINAL FANTASY,https://product-images.s3.cardmarket.com/1/FIN/826596/826596.jpg,9289,"0,02 €","0,09 €","0,05 €","0,07 €","0,23 €"
The Darkness Crystal,,Rare,96,Magic: The Gathering - FINAL FANTASY,https://product-images.s3.cardmarket.com/1/FIN/827735/827735.jpg,1515,"0,94 €","2,46 €","2,48 €","2,53 €","2,41 €"
The Earth Crystal,,Rare,184,Magic: The Gathering - FINAL FANTASY,https://product-images.s3.cardmarket.com/1/FIN/827767/827767.jpg,1255,"1,98 €","4,64 €","4,63 €","4,93 €","4,33 €"
The Emperor of Palamecia // The Lord Master of Hell,,Uncommon,219,Magic: The Gathering - FINAL FANTASY,https://product-images.s3.cardmarket.com/1/FIN/824116/824116.jpg,6452,"0,02 €","0,16 €","0,13 €","0,12 €","0,10 €"
The Final Days,,Uncommon,101,Magic: The Gathering - FINAL FANTASY,https://product-images.s3.cardmarket.com/1/FIN/827737/827737.jpg,7766,"0,02 €","0,06 €","0,07 €","0,06 €","0,08 €"
The Fire Crystal,,Rare,135,Magic: The Gathering - FINAL FANTASY,https://product-images.s3.cardmarket.com/1/FIN/826312/826312.jpg,1044,"1,94 €","3,48 €","3,35 €","3,47 €","3,62 €"
The Gold Saucer,,Uncommon,279,Magic: The Gathering - FINAL FANTASY,https://product-images.s3.cardmarket.com/1/FIN/826897/826897.jpg,6175,"0,02 €","0,12 €","0,13 €","0,12 €","0,19 €"
The Lunar Whale,,Rare,60,Magic: The Gathering - FINAL FANTASY,https://product-images.s3.cardmarket.com/1/FIN/827723/827723.jpg,4037,£0.05,"0,20 €","0,15 €","0,16 €","0,20 €"
The Masamune,,Rare,264,Magic: The Gathering - FINAL FANTASY,https://product-images.s3.cardmarket.com/1/FIN/827790/827790.jpg,2111,"0,10 €","0,51 €","0,49 €","0,49 €","0,55 €"
The Prima Vista,,Uncommon,64,Magic: The Gathering - FINAL FANTASY,https://product-images.s3.cardmarket.com/1/FIN/827725/827725.jpg,8045,"0,02 €","0,07 €","0,06 €","0,08 €","0,04 €"
The Regalia,,Rare,267,Magic: The Gathering - FINAL FANTASY,https://product-images.s3.cardmarket.com/1/FIN/826194/826194.jpg,977,"0,10 €","0,71 €","0,71 €","0,78 €","0,51 €"
The Wandering Minstrel,,Rare,249,Magic: The Gathering - FINAL FANTASY,https://product-images.s3.cardmarket.com/1/FIN/824167/824167.jpg,2708,£0.10,"0,27 €","0,26 €","0,27 €","0,33 €"
The Water Crystal,,Rare,85,Magic: The Gathering - FINAL FANTASY,https://product-images.s3.cardmarket.com/1/FIN/824946/824946.jpg,1662,"0,55 €","1,46 €","1,72 €","1,60 €","1,58 €"
The Wind Crystal,,Rare,43,Magic: The Gathering - FINAL FANTASY,https://product-images.s3.cardmarket.com/1/FIN/824128/824128.jpg,1092,"1,00 €","2,65 €","2,80 €","2,82 €","2,31 €"
Thief's Knife,,Uncommon,81,Magic: The Gathering - FINAL FANTASY,https://product-images.s3.cardmarket.com/1/FIN/826311/826311.jpg,7881,"0,02 €","0,09 €","0,10 €","0,10 €","0,05 €"
Thunder Magic,,Common,165,Magic: The Gathering - FINAL FANTASY,https://product-images.s3.cardmarket.com/1/FIN/825758/825758.jpg,15118,"0,02 €","0,10 €","0,09 €","0,07 €","0,02 €"
"Tidus, Blitzball Star",,Uncommon,246,Magic: The Gathering - FINAL FANTASY,https://product-images.s3.cardmarket.com/1/FIN/824165/824165.jpg,7149,"0,02 €","0,05 €","0,07 €","0,07 €","0,11 €"
Tifa Lockhart,,Rare,206,Magic: The Gathering - FINAL FANTASY,https://product-images.s3.cardmarket.com/1/FIN/824151/824151.jpg,1948,"1,45 €","2,03 €","2,27 €","2,17 €","1,91 €"
Tifa's Limit Break,,Uncommon,207,Magic: The Gathering - FINAL FANTASY,https://product-images.s3.cardmarket.com/1/FIN/824152/824152.jpg,6082,"0,02 €","0,13 €","0,14 €","0,14 €","0,08 €"
Tonberry,,Uncommon,122,Magic: The Gathering - FINAL FANTASY,https://product-images.s3.cardmarket.com/1/FIN/824141/824141.jpg,7043,"0,02 €","0,09 €","0,08 €","0,10 €","0,10 €"
"Torgal, A Fine Hound",,Uncommon,208,Magic: The Gathering - FINAL FANTASY,https://product-images.s3.cardmarket.com/1/FIN/827776/827776.jpg,6631,"0,02 €","0,13 €","0,11 €","0,11 €","0,12 €"
Town Greeter,,Common,209,Magic: The Gathering - FINAL FANTASY,https://product-images.s3.cardmarket.com/1/FIN/826608/826608.jpg,12873,"0,02 €","0,12 €","0,11 €","0,13 €","0,11 €"
Travel the Overworld,,Uncommon,82,Magic: The Gathering - FINAL FANTASY,https://product-images.s3.cardmarket.com/1/FIN/827731/827731.jpg,7567,"0,02 €","0,10 €","0,09 €","0,10 €","0,10 €"
Traveling Chocobo,,Mythic,210,Magic: The Gathering - FINAL FANTASY,https://product-images.s3.cardmarket.com/1/FIN/824153/824153.jpg,860,"20,98 €","23,69 €","24,52 €","24,33 €","25,13 €"
"Treno, Dark City",,Land,290,Magic: The Gathering - FINAL FANTASY,https://product-images.s3.cardmarket.com/1/FIN/824171/824171.jpg,13404,"0,02 €","0,13 €","0,07 €","0,13 €","0,35 €"
Triple Triad,,Rare,166,Magic: The Gathering - FINAL FANTASY,https://product-images.s3.cardmarket.com/1/FIN/827759/827759.jpg,2723,"0,10 €","0,29 €","0,28 €","0,26 €","0,18 €"
Ultima,,Rare,38,Magic: The Gathering - FINAL FANTASY,https://product-images.s3.cardmarket.com/1/FIN/826185/826185.jpg,1629,"0,09 €","0,71 €","0,63 €","0,69 €","0,70 €"
"Ultima, Origin of Oblivion",,Rare,2,Magic: The Gathering - FINAL FANTASY,https://product-images.s3.cardmarket.com/1/FIN/824123/824123.jpg,2473,"0,24 €","0,72 €","0,70 €","0,75 €","0,75 €"
"Ultimecia, Time Sorceress // Ultimecia, Omnipotent",,Uncommon,247,Magic: The Gathering - FINAL FANTASY,https://product-images.s3.cardmarket.com/1/FIN/826610/826610.jpg,6882,"0,02 €","0,09 €","0,10 €","0,09 €","0,06 €"
"Ultros, Obnoxious Octopus",,Uncommon,83,Magic: The Gathering - FINAL FANTASY,https://product-images.s3.cardmarket.com/1/FIN/827732/827732.jpg,7627,"0,02 €","0,06 €","0,07 €","0,08 €","0,07 €"
Undercity Dire Rat,,Common,123,Magic: The Gathering - FINAL FANTASY,https://product-images.s3.cardmarket.com/1/FIN/824112/824112.jpg,20213,"0,02 €","0,13 €","0,09 €","0,08 €","0,02 €"
Unexpected Request,,Uncommon,167,Magic: The Gathering - FINAL FANTASY,https://product-images.s3.cardmarket.com/1/FIN/825769/825769.jpg,7540,"0,02 €","0,08 €","0,07 €","0,07 €","0,08 €"
"Vaan, Street Thief",,Rare,168,Magic: The Gathering - FINAL FANTASY,https://product-images.s3.cardmarket.com/1/FIN/827760/827760.jpg,2861,"0,03 €","0,18 €","0,22 €","0,21 €","0,16 €"
Valkyrie Aerial Unit,,Uncommon,84,Magic: The Gathering - FINAL FANTASY,https://product-images.s3.cardmarket.com/1/FIN/826981/826981.jpg,7266,"0,02 €","0,12 €","0,09 €","0,11 €","0,52 €"
"Vanille, Cheerful l'Cie // Ragnarok, Divine Deliverance",,Uncommon,211,Magic: The Gathering - FINAL FANTASY,https://product-images.s3.cardmarket.com/1/FIN/824154/824154.jpg,6020,"0,02 €","0,09 €","0,09 €","0,07 €","0,09 €"
Vayne's Treachery,,Common,124,Magic: The Gathering - FINAL FANTASY,https://product-images.s3.cardmarket.com/1/FIN/825701/825701.jpg,16128,"0,02 €","0,09 €","0,06 €","0,09 €","0,08 €"
"Vector, Imperial Capital",,Land,291,Magic: The Gathering - FINAL FANTASY,https://product-images.s3.cardmarket.com/1/FIN/826907/826907.jpg,8966,"0,02 €","0,11 €","0,07 €","0,09 €","0,19 €"
"Venat, Heart of Hydaelyn // Hydaelyn, the Mothercrystal",,Rare,39,Magic: The Gathering - FINAL FANTASY,https://product-images.s3.cardmarket.com/1/FIN/826975/826975.jpg,1713,"0,32 €","0,85 €","0,78 €","0,83 €","0,72 €"
Vincent Valentine // Galian Beast,,Rare,125,Magic: The Gathering - FINAL FANTASY,https://product-images.s3.cardmarket.com/1/FIN/826885/826885.jpg,1434,"0,20 €","0,84 €","0,81 €","0,85 €","0,98 €"
Vincent's Limit Break,,Common,126,Magic: The Gathering - FINAL FANTASY,https://product-images.s3.cardmarket.com/1/FIN/825705/825705.jpg,15763,"0,02 €","0,05 €","0,05 €","0,06 €","0,02 €"
Vivi Ornitier,,Mythic,248,Magic: The Gathering - FINAL FANTASY,https://product-images.s3.cardmarket.com/1/FIN/824166/824166.jpg,996,"22,86 €","25,35 €","25,71 €","25,54 €","24,50 €"
Warrior's Sword,,Common,169,Magic: The Gathering - FINAL FANTASY,https://product-images.s3.cardmarket.com/1/FIN/826990/826990.jpg,19045,"0,02 €","0,05 €","0,04 €","0,05 €","0,05 €"
Wastes,,Land,309,Magic: The Gathering - FINAL FANTASY,https://product-images.s3.cardmarket.com/1/FIN/824187/824187.jpg,4129,£0.02,"0,32 €","0,29 €","0,37 €","0,22 €"
Weapons Vendor,,Common,40,Magic: The Gathering - FINAL FANTASY,https://product-images.s3.cardmarket.com/1/FIN/828184/828184.jpg,16130,"0,02 €","0,05 €","0,06 €","0,06 €","0,02 €"
White Auracite,,Common,41,Magic: The Gathering - FINAL FANTASY,https://product-images.s3.cardmarket.com/1/FIN/826879/826879.jpg,19863,"0,02 €","0,07 €","0,08 €","0,09 €","0,05 €"
White Mage's Staff,,Common,42,Magic: The Gathering - FINAL FANTASY,https://product-images.s3.cardmarket.com/1/FIN/824941/824941.jpg,17265,"0,02 €","0,07 €","0,07 €","0,04 €","0,02 €"
"Windurst, Federation Center",,Land,292,Magic: The Gathering - FINAL FANTASY,https://product-images.s3.cardmarket.com/1/FIN/826908/826908.jpg,9097,"0,02 €","0,09 €","0,08 €","0,10 €","0,02 €"
World Map,,Common,270,Magic: The Gathering - FINAL FANTASY,https://product-images.s3.cardmarket.com/1/FIN/827794/827794.jpg,14844,"0,02 €","0,10 €","0,10 €","0,09 €","0,20 €"
You're Not Alone,,Common,44,Magic: The Gathering - FINAL FANTASY,https://product-images.s3.cardmarket.com/1/FIN/826601/826601.jpg,15772,"0,02 €","0,07 €","0,06 €","0,06 €","0,02 €"
Y'shtola Rhul,,Mythic,86,Magic: The Gathering - FINAL FANTASY,https://product-images.s3.cardmarket.com/1/FIN/826602/826602.jpg,657,"3,45 €","3,90 €","4,46 €","4,25 €","4,04 €"
"Yuna, Hope of Spira",,Mythic,250,Magic: The Gathering - FINAL FANTASY,https://product-images.s3.cardmarket.com/1/FIN/827783/827783.jpg,1500,"5,40 €","7,09 €","8,71 €","7,78 €","7,38 €"
Zack Fair,,Uncommon,45,Magic: The Gathering - FINAL FANTASY,https://product-images.s3.cardmarket.com/1/FIN/826186/826186.jpg,7384,"0,02 €","0,20 €","0,16 €","0,17 €","0,16 €"
"Zanarkand, Ancient Metropolis // Lasting Fayth",,Rare,293,Magic: The Gathering - FINAL FANTASY,https://product-images.s3.cardmarket.com/1/FIN/826910/826910.jpg,2283,"0,11 €","0,46 €","0,48 €","0,47 €","0,66 €"
Zell Dincht,,Rare,170,Magic: The Gathering - FINAL FANTASY,https://product-images.s3.cardmarket.com/1/FIN/825772/825772.jpg,2492,"0,09 €","0,31 €","0,32 €","0,33 €","0,34 €"
"Zenos yae Galvus // Shinryu, Transcendent Rival",,Rare,127,Magic: The Gathering - FINAL FANTASY,https://product-images.s3.cardmarket.com/1/FIN/827742/827742.jpg,2773,"0,10 €","0,30 €","0,29 €","0,29 €","0,28 €"
"Zidane, Tantalus Thief",,Uncommon,251,Magic: The Gathering - FINAL FANTASY,https://product-images.s3.cardmarket.com/1/FIN/824168/824168.jpg,7359,"0,02 €","0,09 €","0,11 €","0,10 €","0,13 €"
"Zodiark, Umbral God",,Rare,128,Magic: The Gathering - FINAL FANTASY,https://product-images.s3.cardmarket.com/1/FIN/824113/824113.jpg,2075,"0,10 €","0,33 €","0,37 €","0,38 €","0,41 €"
Abrade,,Uncommon,188,Magic: The Gathering Foundations,https://product-images.s3.cardmarket.com/1/FDN/795581/795581.jpg,5937,£0.02,"0,12 €","0,12 €","0,14 €","0,08 €"
Abyssal Harvester,,Rare,54,Magic: The Gathering Foundations,https://product-images.s3.cardmarket.com/1/FDN/797315/797315.jpg,2119,£0.14,"0,55 €","0,59 €","0,54 €","0,47 €"
Adventuring Gear,,Uncommon,249,Magic: The Gathering Foundations,https://product-images.s3.cardmarket.com/1/FDN/797291/797291.jpg,6290,"0,02 €","0,08 €","0,10 €","0,09 €","0,08 €"
Aegis Turtle,,Common,150,Magic: The Gathering Foundations,https://product-images.s3.cardmarket.com/1/FDN/796529/796529.jpg,12877,"0,02 €","0,06 €","0,08 €","0,09 €","0,06 €"
Aetherize,,Uncommon,151,Magic: The Gathering Foundations,https://product-images.s3.cardmarket.com/1/FDN/797340/797340.jpg,1815,"0,10 €","0,32 €","0,30 €","0,30 €","0,37 €"
Affectionate Indrik,,Uncommon,211,Magic: The Gathering Foundations,https://product-images.s3.cardmarket.com/1/FDN/797363/797363.jpg,7202,"0,02 €","0,06 €","0,04 €","0,03 €","0,02 €"
"Ajani, Caller of the Pride",,Mythic,134,Magic: The Gathering Foundations,https://product-images.s3.cardmarket.com/1/FDN/797024/797024.jpg,965,"0,40 €","0,91 €","0,94 €","0,95 €","0,98 €"
Ajani's Pridemate,,Uncommon,135,Magic: The Gathering Foundations,https://product-images.s3.cardmarket.com/1/FDN/795117/795117.jpg,7225,"0,02 €","0,13 €","0,15 €","0,13 €","0,07 €"
"Alesha, Who Laughs at Fate",,Rare,115,Magic: The Gathering Foundations,https://product-images.s3.cardmarket.com/1/FDN/797334/797334.jpg,778,"0,70 €","1,64 €","1,55 €","1,63 €","1,56 €"
Ambush Wolf,,Common,98,Magic: The Gathering Foundations,https://product-images.s3.cardmarket.com/1/FDN/795113/795113.jpg,13326,"0,02 €","0,09 €","0,05 €","0,09 €","0,02 €"
An Offer You Can't Refuse,,Uncommon,160,Magic: The Gathering Foundations,https://product-images.s3.cardmarket.com/1/FDN/797342/797342.jpg,1151,"0,99 €","1,64 €","1,59 €","1,67 €","1,72 €"
Angel of Finality,,Uncommon,136,Magic: The Gathering Foundations,https://product-images.s3.cardmarket.com/1/FDN/795118/795118.jpg,7716,"0,02 €","0,11 €","0,09 €","0,11 €","0,10 €"
Anthem of Champions,,Rare,116,Magic: The Gathering Foundations,https://product-images.s3.cardmarket.com/1/FDN/795572/795572.jpg,3417,£0.02,"0,32 €","0,27 €","0,36 €","0,40 €"
Apothecary Stomper,,Common,99,Magic: The Gathering Foundations,https://product-images.s3.cardmarket.com/1/FDN/797330/797330.jpg,13693,"0,02 €","0,04 €","0,04 €","0,03 €","0,04 €"
"Arahbo, the First Fang",,Rare,2,Magic: The Gathering Foundations,https://product-images.s3.cardmarket.com/1/FDN/796513/796513.jpg,2195,"0,20 €","0,75 €","0,67 €","0,66 €","0,58 €"
Arbiter of Woe,,Uncommon,55,Magic: The Gathering Foundations,https://product-images.s3.cardmarket.com/1/FDN/797262/797262.jpg,7981,"0,02 €","0,08 €","0,13 €","0,11 €","0,02 €"
Arcane Epiphany,,Uncommon,29,Magic: The Gathering Foundations,https://product-images.s3.cardmarket.com/1/FDN/797311/797311.jpg,7189,"0,02 €","0,14 €","0,11 €","0,15 €","0,04 €"
Archmage of Runes,,Rare,30,Magic: The Gathering Foundations,https://product-images.s3.cardmarket.com/1/FDN/795101/795101.jpg,475,"0,50 €","1,93 €","1,77 €","1,79 €","1,20 €"
Armasaur Guide,,Common,3,Magic: The Gathering Foundations,https://product-images.s3.cardmarket.com/1/FDN/795096/795096.jpg,13588,"0,02 €","0,03 €","0,04 €","0,04 €","0,02 €"
Ashroot Animist,,Rare,117,Magic: The Gathering Foundations,https://product-images.s3.cardmarket.com/1/FDN/795115/795115.jpg,4259,"0,02 €","0,16 €","0,17 €","0,16 €","0,17 €"
Authority of the Consuls,,Rare,137,Magic: The Gathering Foundations,https://product-images.s3.cardmarket.com/1/FDN/795376/795376.jpg,1039,"3,50 €","4,09 €","4,19 €","4,28 €","3,95 €"
Axgard Cavalry,,Common,189,Magic: The Gathering Foundations,https://product-images.s3.cardmarket.com/1/FDN/796536/796536.jpg,13486,"0,02 €","0,07 €","0,06 €","0,03 €","0,02 €"
Bake into a Pie,,Common,169,Magic: The Gathering Foundations,https://product-images.s3.cardmarket.com/1/FDN/797344/797344.jpg,13239,"0,02 €","0,02 €","0,06 €","0,04 €","0,02 €"
"Balmor, Battlemage Captain",,Uncommon,237,Magic: The Gathering Foundations,https://product-images.s3.cardmarket.com/1/FDN/796540/796540.jpg,6006,£0.02,"0,14 €","0,13 €","0,13 €","0,09 €"
Banishing Light,,Common,138,Magic: The Gathering Foundations,https://product-images.s3.cardmarket.com/1/FDN/797025/797025.jpg,13200,"0,02 €","0,04 €","0,06 €","0,05 €","0,03 €"
Banner of Kinship,,Rare,127,Magic: The Gathering Foundations,https://product-images.s3.cardmarket.com/1/FDN/797274/797274.jpg,1297,"3,59 €","4,84 €","4,77 €","4,46 €","4,05 €"
Battlesong Berserker,,Uncommon,78,Magic: The Gathering Foundations,https://product-images.s3.cardmarket.com/1/FDN/795110/795110.jpg,7026,"0,02 €","0,09 €","0,11 €","0,08 €","0,35 €"
Beast-Kin Ranger,,Common,100,Magic: The Gathering Foundations,https://product-images.s3.cardmarket.com/1/FDN/797331/797331.jpg,13743,"0,02 €","0,07 €","0,05 €","0,06 €","0,02 €"
Bigfin Bouncer,,Common,31,Magic: The Gathering Foundations,https://product-images.s3.cardmarket.com/1/FDN/795102/795102.jpg,13742,"0,02 €","0,07 €","0,05 €","0,04 €","0,02 €"
Billowing Shriekmass,,Uncommon,56,Magic: The Gathering Foundations,https://product-images.s3.cardmarket.com/1/FDN/796521/796521.jpg,6824,"0,02 €","0,12 €","0,09 €","0,11 €","0,02 €"
Bite Down,,Common,212,Magic: The Gathering Foundations,https://product-images.s3.cardmarket.com/1/FDN/797033/797033.jpg,14023,"0,02 €","0,11 €","0,07 €","0,09 €","0,02 €"
Blanchwood Armor,,Uncommon,213,Magic: The Gathering Foundations,https://product-images.s3.cardmarket.com/1/FDN/797364/797364.jpg,6553,"0,02 €","0,13 €","0,10 €","0,10 €","0,07 €"
Blasphemous Edict,,Rare,57,Magic: The Gathering Foundations,https://product-images.s3.cardmarket.com/1/FDN/795564/795564.jpg,1518,"3,95 €","5,54 €","5,51 €","5,55 €","5,62 €"
Bloodfell Caves,,Common,259,Magic: The Gathering Foundations,https://product-images.s3.cardmarket.com/1/FDN/796545/796545.jpg,9729,"0,02 €","0,02 €","0,07 €","0,03 €","0,02 €"
Bloodthirsty Conqueror,,Mythic,58,Magic: The Gathering Foundations,https://product-images.s3.cardmarket.com/1/FDN/797055/797055.jpg,549,"22,75 €","27,98 €","27,67 €","27,49 €","25,47 €"
Blossoming Sands,,Common,260,Magic: The Gathering Foundations,https://product-images.s3.cardmarket.com/1/FDN/797293/797293.jpg,9904,"0,02 €","0,04 €","0,05 €","0,07 €","0,03 €"
Boltwave,,Uncommon,79,Magic: The Gathering Foundations,https://product-images.s3.cardmarket.com/1/FDN/795566/795566.jpg,1780,"1,50 €","2,30 €","2,25 €","2,16 €","2,43 €"
Brass's Bounty,,Rare,190,Magic: The Gathering Foundations,https://product-images.s3.cardmarket.com/1/FDN/797354/797354.jpg,3768,"0,05 €","0,20 €","0,21 €","0,20 €","0,18 €"
Brazen Scourge,,Uncommon,191,Magic: The Gathering Foundations,https://product-images.s3.cardmarket.com/1/FDN/797281/797281.jpg,7209,"0,02 €","0,05 €","0,04 €","0,04 €","0,02 €"
Brineborn Cutthroat,,Uncommon,152,Magic: The Gathering Foundations,https://product-images.s3.cardmarket.com/1/FDN/796530/796530.jpg,9528,"0,02 €","0,04 €","0,08 €","0,09 €","0,07 €"
Broken Wings,,Common,214,Magic: The Gathering Foundations,https://product-images.s3.cardmarket.com/1/FDN/795381/795381.jpg,15013,"0,02 €","0,03 €","0,04 €","0,03 €","0,02 €"
Bulk Up,,Uncommon,80,Magic: The Gathering Foundations,https://product-images.s3.cardmarket.com/1/FDN/797016/797016.jpg,1301,"0,05 €","0,64 €","0,48 €","0,63 €","0,68 €"
Burglar Rat,,Common,170,Magic: The Gathering Foundations,https://product-images.s3.cardmarket.com/1/FDN/797345/797345.jpg,12291,"0,02 €","0,09 €","0,08 €","0,05 €","0,02 €"
Burnished Hart,,Uncommon,250,Magic: The Gathering Foundations,https://product-images.s3.cardmarket.com/1/FDN/795588/795588.jpg,7618,"0,02 €","0,04 €","0,08 €","0,07 €","0,04 €"
Burst Lightning,,Common,192,Magic: The Gathering Foundations,https://product-images.s3.cardmarket.com/1/FDN/797355/797355.jpg,13874,"0,02 €","0,09 €","0,14 €","0,13 €","0,07 €"
Bushwhack,,Common,215,Magic: The Gathering Foundations,https://product-images.s3.cardmarket.com/1/FDN/797282/797282.jpg,10285,"0,02 €","0,14 €","0,13 €","0,14 €","0,15 €"
Cackling Prowler,,Common,101,Magic: The Gathering Foundations,https://product-images.s3.cardmarket.com/1/FDN/797265/797265.jpg,13524,"0,02 €","0,04 €","0,03 €","0,03 €","0,05 €"
Campus Guide,,Common,251,Magic: The Gathering Foundations,https://product-images.s3.cardmarket.com/1/FDN/797292/797292.jpg,13570,"0,02 €","0,08 €","0,04 €","0,08 €","0,02 €"
Cat Collector,,Uncommon,4,Magic: The Gathering Foundations,https://product-images.s3.cardmarket.com/1/FDN/797305/797305.jpg,7164,"0,02 €","0,17 €","0,15 €","0,18 €","0,37 €"
Cathar Commando,,Common,139,Magic: The Gathering Foundations,https://product-images.s3.cardmarket.com/1/FDN/797337/797337.jpg,12694,"0,02 €","0,12 €","0,10 €","0,10 €","0,05 €"
Celestial Armor,,Rare,5,Magic: The Gathering Foundations,https://product-images.s3.cardmarket.com/1/FDN/795556/795556.jpg,2641,"0,10 €","0,34 €","0,37 €","0,37 €","0,31 €"
Cephalid Inkmage,,Uncommon,32,Magic: The Gathering Foundations,https://product-images.s3.cardmarket.com/1/FDN/797260/797260.jpg,6703,"0,02 €","0,10 €","0,08 €","0,09 €","0,06 €"
"Chandra, Flameshaper",,Mythic,81,Magic: The Gathering Foundations,https://product-images.s3.cardmarket.com/1/FDN/795567/795567.jpg,1442,"0,65 €","1,33 €","1,08 €","1,25 €","1,16 €"
Claws Out,,Uncommon,6,Magic: The Gathering Foundations,https://product-images.s3.cardmarket.com/1/FDN/796514/796514.jpg,5889,£0.02,"0,11 €","0,13 €","0,11 €","0,07 €"
Clinquant Skymage,,Uncommon,33,Magic: The Gathering Foundations,https://product-images.s3.cardmarket.com/1/FDN/796517/796517.jpg,8031,"0,02 €","0,13 €","0,11 €","0,12 €","0,21 €"
Consuming Aberration,,Rare,238,Magic: The Gathering Foundations,https://product-images.s3.cardmarket.com/1/FDN/795384/795384.jpg,5947,"0,02 €","0,18 €","0,15 €","0,18 €","0,13 €"
Courageous Goblin,,Common,82,Magic: The Gathering Foundations,https://product-images.s3.cardmarket.com/1/FDN/795111/795111.jpg,13468,"0,02 €","0,06 €","0,05 €","0,04 €","0,05 €"
Crackling Cyclops,,Common,83,Magic: The Gathering Foundations,https://product-images.s3.cardmarket.com/1/FDN/797323/797323.jpg,15526,"0,02 €","0,09 €","0,12 €","0,16 €","0,07 €"
Crypt Feaster,,Common,59,Magic: The Gathering Foundations,https://product-images.s3.cardmarket.com/1/FDN/795105/795105.jpg,13713,"0,02 €","0,06 €","0,06 €","0,11 €","0,25 €"
Crystal Barricade,,Rare,7,Magic: The Gathering Foundations,https://product-images.s3.cardmarket.com/1/FDN/795363/795363.jpg,887,"0,89 €","1,49 €","1,46 €","1,34 €","1,36 €"
Curator of Destinies,,Rare,34,Magic: The Gathering Foundations,https://product-images.s3.cardmarket.com/1/FDN/795557/795557.jpg,4852,£0.02,"0,13 €","0,12 €","0,12 €","0,12 €"
Dauntless Veteran,,Uncommon,8,Magic: The Gathering Foundations,https://product-images.s3.cardmarket.com/1/FDN/795097/795097.jpg,6896,"0,02 €","0,06 €","0,11 €","0,13 €","0,10 €"
Day of Judgment,,Rare,140,Magic: The Gathering Foundations,https://product-images.s3.cardmarket.com/1/FDN/797275/797275.jpg,1125,"0,43 €","0,91 €","0,88 €","0,89 €","0,98 €"
Dazzling Angel,,Common,9,Magic: The Gathering Foundations,https://product-images.s3.cardmarket.com/1/FDN/797256/797256.jpg,11641,£0.02,"0,17 €","0,11 €","0,12 €","0,15 €"
Diregraf Ghoul,,Uncommon,171,Magic: The Gathering Foundations,https://product-images.s3.cardmarket.com/1/FDN/797346/797346.jpg,7210,"0,02 €","0,13 €","0,08 €","0,07 €","0,05 €"
Dismal Backwater,,Common,261,Magic: The Gathering Foundations,https://product-images.s3.cardmarket.com/1/FDN/797294/797294.jpg,9857,"0,02 €","0,08 €","0,06 €","0,08 €","0,12 €"
Divine Resilience,,Uncommon,10,Magic: The Gathering Foundations,https://product-images.s3.cardmarket.com/1/FDN/797306/797306.jpg,7205,"0,02 €","0,13 €","0,18 €","0,20 €","0,04 €"
Doubling Season,,Mythic,216,Magic: The Gathering Foundations,https://product-images.s3.cardmarket.com/1/FDN/797365/797365.jpg,978,"15,75 €","20,42 €","19,81 €","20,28 €","21,06 €"
Dragon Trainer,,Uncommon,84,Magic: The Gathering Foundations,https://product-images.s3.cardmarket.com/1/FDN/797324/797324.jpg,6781,"0,02 €","0,06 €","0,08 €","0,07 €","0,04 €"
Drake Hatcher,,Rare,35,Magic: The Gathering Foundations,https://product-images.s3.cardmarket.com/1/FDN/796518/796518.jpg,2627,"0,09 €","0,43 €","0,42 €","0,42 €","0,10 €"
"Drakuseth, Maw of Flames",,Rare,193,Magic: The Gathering Foundations,https://product-images.s3.cardmarket.com/1/FDN/795582/795582.jpg,1810,£0.10,"0,48 €","0,44 €","0,48 €","0,74 €"
Dreadwing Scavenger,,Uncommon,118,Magic: The Gathering Foundations,https://product-images.s3.cardmarket.com/1/FDN/795573/795573.jpg,7825,"0,02 €","0,09 €","0,11 €","0,11 €","0,15 €"
"Dwynen, Gilt-Leaf Daen",,Uncommon,217,Magic: The Gathering Foundations,https://product-images.s3.cardmarket.com/1/FDN/795585/795585.jpg,5871,£0.02,"0,19 €","0,19 €","0,18 €","0,10 €"
Dwynen's Elite,,Common,218,Magic: The Gathering Foundations,https://product-images.s3.cardmarket.com/1/FDN/797034/797034.jpg,15611,"0,02 €","0,09 €","0,12 €","0,10 €","0,07 €"
Eager Trufflesnout,,Uncommon,102,Magic: The Gathering Foundations,https://product-images.s3.cardmarket.com/1/FDN/797332/797332.jpg,6804,"0,02 €","0,10 €","0,11 €","0,10 €","0,08 €"
Eaten Alive,,Common,172,Magic: The Gathering Foundations,https://product-images.s3.cardmarket.com/1/FDN/797278/797278.jpg,12761,"0,02 €","0,08 €","0,07 €","0,06 €","0,08 €"
Electroduplicate,,Rare,85,Magic: The Gathering Foundations,https://product-images.s3.cardmarket.com/1/FDN/797017/797017.jpg,2154,"0,19 €","0,51 €","0,47 €","0,52 €","0,84 €"
Elementalist Adept,,Common,36,Magic: The Gathering Foundations,https://product-images.s3.cardmarket.com/1/FDN/797261/797261.jpg,13502,"0,02 €","0,04 €","0,08 €","0,05 €","0,02 €"
"Elenda, Saint of Dusk",,Rare,119,Magic: The Gathering Foundations,https://product-images.s3.cardmarket.com/1/FDN/797022/797022.jpg,2433,£0.10,"0,53 €","0,48 €","0,51 €","0,60 €"
Elfsworn Giant,,Common,103,Magic: The Gathering Foundations,https://product-images.s3.cardmarket.com/1/FDN/797266/797266.jpg,12395,"0,02 €","0,09 €","0,11 €","0,11 €","0,02 €"
Elvish Archdruid,,Rare,219,Magic: The Gathering Foundations,https://product-images.s3.cardmarket.com/1/FDN/797283/797283.jpg,2346,"0,10 €","0,39 €","0,40 €","0,37 €","0,33 €"
Elvish Regrower,,Uncommon,104,Magic: The Gathering Foundations,https://product-images.s3.cardmarket.com/1/FDN/797267/797267.jpg,7927,"0,02 €","0,08 €","0,11 €","0,11 €","0,02 €"
Empyrean Eagle,,Uncommon,239,Magic: The Gathering Foundations,https://product-images.s3.cardmarket.com/1/FDN/795586/795586.jpg,7312,"0,02 €","0,09 €","0,10 €","0,09 €","0,11 €"
Erudite Wizard,,Common,37,Magic: The Gathering Foundations,https://product-images.s3.cardmarket.com/1/FDN/797312/797312.jpg,13764,"0,02 €","0,03 €","0,04 €","0,03 €","0,02 €"
Essence Scatter,,Uncommon,153,Magic: The Gathering Foundations,https://product-images.s3.cardmarket.com/1/FDN/796531/796531.jpg,7696,"0,02 €","0,12 €","0,12 €","0,09 €","0,08 €"
"Etali, Primal Storm",,Rare,194,Magic: The Gathering Foundations,https://product-images.s3.cardmarket.com/1/FDN/797030/797030.jpg,1678,"0,10 €","0,40 €","0,36 €","0,39 €","0,39 €"
Evolving Wilds,,Common,262,Magic: The Gathering Foundations,https://product-images.s3.cardmarket.com/1/FDN/797295/797295.jpg,11314,"0,02 €","0,08 €","0,08 €","0,07 €","0,04 €"
Exemplar of Light,,Rare,11,Magic: The Gathering Foundations,https://product-images.s3.cardmarket.com/1/FDN/796515/796515.jpg,496,"1,50 €","3,36 €","3,51 €","3,43 €","3,73 €"
Exsanguinate,,Uncommon,173,Magic: The Gathering Foundations,https://product-images.s3.cardmarket.com/1/FDN/797347/797347.jpg,5406,"0,05 €","0,29 €","0,29 €","0,29 €","0,25 €"
Extravagant Replication,,Rare,154,Magic: The Gathering Foundations,https://product-images.s3.cardmarket.com/1/FDN/797026/797026.jpg,3232,"0,09 €","0,32 €","0,29 €","0,33 €","0,32 €"
Faebloom Trick,,Uncommon,38,Magic: The Gathering Foundations,https://product-images.s3.cardmarket.com/1/FDN/795558/795558.jpg,5569,"0,02 €","0,11 €","0,17 €","0,13 €","0,20 €"
Fake Your Own Death,,Common,174,Magic: The Gathering Foundations,https://product-images.s3.cardmarket.com/1/FDN/797029/797029.jpg,12194,"0,02 €","0,07 €","0,09 €","0,06 €","0,04 €"
Fanatical Firebrand,,Common,195,Magic: The Gathering Foundations,https://product-images.s3.cardmarket.com/1/FDN/795378/795378.jpg,13717,"0,02 €","0,07 €","0,08 €","0,08 €","0,02 €"
Felidar Savior,,Common,12,Magic: The Gathering Foundations,https://product-images.s3.cardmarket.com/1/FDN/795364/795364.jpg,13271,"0,02 €","0,05 €","0,06 €","0,06 €","0,10 €"
Felling Blow,,Uncommon,105,Magic: The Gathering Foundations,https://product-images.s3.cardmarket.com/1/FDN/795571/795571.jpg,6913,"0,02 €","0,05 €","0,11 €","0,10 €","0,07 €"
Fiendish Panda,,Uncommon,120,Magic: The Gathering Foundations,https://product-images.s3.cardmarket.com/1/FDN/797271/797271.jpg,7505,"0,02 €","0,13 €","0,14 €","0,11 €","0,10 €"
Fiery Annihilation,,Uncommon,86,Magic: The Gathering Foundations,https://product-images.s3.cardmarket.com/1/FDN/795374/795374.jpg,6370,£0.02,"0,07 €","0,11 €","0,06 €","0,10 €"
Firebrand Archer,,Common,196,Magic: The Gathering Foundations,https://product-images.s3.cardmarket.com/1/FDN/797356/797356.jpg,11400,"0,02 €","0,12 €","0,12 €","0,12 €","0,09 €"
Firespitter Whelp,,Uncommon,197,Magic: The Gathering Foundations,https://product-images.s3.cardmarket.com/1/FDN/797357/797357.jpg,5720,"0,02 €","0,21 €","0,15 €","0,13 €","0,11 €"
Fishing Pole,,Uncommon,128,Magic: The Gathering Foundations,https://product-images.s3.cardmarket.com/1/FDN/796527/796527.jpg,6924,"0,02 €","0,05 €","0,04 €","0,04 €","0,10 €"
Flamewake Phoenix,,Rare,198,Magic: The Gathering Foundations,https://product-images.s3.cardmarket.com/1/FDN/795379/795379.jpg,4635,£0.03,"0,15 €","0,14 €","0,14 €","0,15 €"
Fleeting Distraction,,Common,155,Magic: The Gathering Foundations,https://product-images.s3.cardmarket.com/1/FDN/796532/796532.jpg,13750,"0,02 €","0,05 €","0,04 €","0,05 €","0,03 €"
Fleeting Flight,,Common,13,Magic: The Gathering Foundations,https://product-images.s3.cardmarket.com/1/FDN/795098/795098.jpg,12836,"0,02 €","0,09 €","0,05 €","0,08 €","0,04 €"
Forest,V.1,Land,280,Magic: The Gathering Foundations,https://product-images.s3.cardmarket.com/1/FDN/795144/795144.jpg,4478,"0,04 €","0,20 €","0,15 €","0,11 €","0,12 €"
Forest,V.2,Land,281,Magic: The Gathering Foundations,https://product-images.s3.cardmarket.com/1/FDN/795145/795145.jpg,4949,"0,03 €","0,10 €","0,17 €","0,13 €","0,05 €"
Forest,V.3,Land,290,Magic: The Gathering Foundations,https://product-images.s3.cardmarket.com/1/FDN/795154/795154.jpg,5860,"0,09 €","0,21 €","0,28 €","0,20 €","0,19 €"
Forest,V.4,Land,291,Magic: The Gathering Foundations,https://product-images.s3.cardmarket.com/1/FDN/795155/795155.jpg,4705,"0,09 €","0,37 €","0,34 €","0,31 €","0,64 €"
Frenzied Goblin,,Uncommon,199,Magic: The Gathering Foundations,https://product-images.s3.cardmarket.com/1/FDN/797031/797031.jpg,6919,"0,02 €","0,11 €","0,11 €","0,06 €","0,03 €"
Garruk's Uprising,,Uncommon,220,Magic: The Gathering Foundations,https://product-images.s3.cardmarket.com/1/FDN/795130/795130.jpg,3224,"0,20 €","0,51 €","0,51 €","0,50 €","0,51 €"
Genesis Wave,,Rare,221,Magic: The Gathering Foundations,https://product-images.s3.cardmarket.com/1/FDN/797284/797284.jpg,2554,£0.10,"0,27 €","0,29 €","0,31 €","0,32 €"
"Ghalta, Primal Hunger",,Rare,222,Magic: The Gathering Foundations,https://product-images.s3.cardmarket.com/1/FDN/797285/797285.jpg,1314,"0,39 €","0,64 €","0,66 €","0,66 €","0,88 €"
"Giada, Font of Hope",,Rare,141,Magic: The Gathering Foundations,https://product-images.s3.cardmarket.com/1/FDN/795119/795119.jpg,1819,"0,19 €","0,74 €","0,72 €","0,72 €","0,85 €"
Giant Growth,,Common,223,Magic: The Gathering Foundations,https://product-images.s3.cardmarket.com/1/FDN/796537/796537.jpg,14038,"0,02 €","0,04 €","0,04 €","0,03 €","0,04 €"
Gleaming Barrier,,Common,252,Magic: The Gathering Foundations,https://product-images.s3.cardmarket.com/1/FDN/797369/797369.jpg,13185,"0,02 €","0,07 €","0,06 €","0,06 €","0,10 €"
Gnarlid Colony,,Common,224,Magic: The Gathering Foundations,https://product-images.s3.cardmarket.com/1/FDN/795131/795131.jpg,13199,"0,02 €","0,07 €","0,06 €","0,06 €","0,13 €"
Goblin Boarders,,Common,87,Magic: The Gathering Foundations,https://product-images.s3.cardmarket.com/1/FDN/795568/795568.jpg,13356,"0,02 €","0,08 €","0,08 €","0,06 €","0,02 €"
Goblin Negotiation,,Uncommon,88,Magic: The Gathering Foundations,https://product-images.s3.cardmarket.com/1/FDN/797325/797325.jpg,7604,"0,02 €","0,09 €","0,18 €","0,11 €","0,20 €"
Goblin Surprise,,Common,200,Magic: The Gathering Foundations,https://product-images.s3.cardmarket.com/1/FDN/797358/797358.jpg,12185,"0,02 €","0,08 €","0,10 €","0,07 €","0,02 €"
Goldvein Pick,,Common,253,Magic: The Gathering Foundations,https://product-images.s3.cardmarket.com/1/FDN/797370/797370.jpg,12310,"0,02 €","0,09 €","0,08 €","0,07 €","0,12 €"
Good-Fortune Unicorn,,Uncommon,240,Magic: The Gathering Foundations,https://product-images.s3.cardmarket.com/1/FDN/795587/795587.jpg,5818,"0,02 €","0,10 €","0,12 €","0,14 €","0,11 €"
Gorehorn Raider,,Common,89,Magic: The Gathering Foundations,https://product-images.s3.cardmarket.com/1/FDN/797018/797018.jpg,13902,"0,02 €","0,06 €","0,05 €","0,08 €","0,03 €"
Grappling Kraken,,Uncommon,39,Magic: The Gathering Foundations,https://product-images.s3.cardmarket.com/1/FDN/795368/795368.jpg,5819,£0.02,"0,16 €","0,14 €","0,11 €","0,11 €"
Grow from the Ashes,,Common,225,Magic: The Gathering Foundations,https://product-images.s3.cardmarket.com/1/FDN/797366/797366.jpg,12755,"0,02 €","0,04 €","0,07 €","0,05 €","0,04 €"
Guarded Heir,,Uncommon,14,Magic: The Gathering Foundations,https://product-images.s3.cardmarket.com/1/FDN/797307/797307.jpg,6954,"0,02 €","0,05 €","0,06 €","0,07 €","0,02 €"
Gutless Plunderer,,Common,60,Magic: The Gathering Foundations,https://product-images.s3.cardmarket.com/1/FDN/795106/795106.jpg,13062,"0,02 €","0,02 €","0,06 €","0,05 €","0,05 €"
Hare Apparent,,Common,15,Magic: The Gathering Foundations,https://product-images.s3.cardmarket.com/1/FDN/795365/795365.jpg,5075,"0,49 €","1,59 €","1,67 €","1,69 €","1,44 €"
Healer's Hawk,,Common,142,Magic: The Gathering Foundations,https://product-images.s3.cardmarket.com/1/FDN/795577/795577.jpg,10934,"0,02 €","0,09 €","0,09 €","0,11 €","0,24 €"
Heartfire Immolator,,Uncommon,201,Magic: The Gathering Foundations,https://product-images.s3.cardmarket.com/1/FDN/797359/797359.jpg,9605,"0,02 €","0,09 €","0,07 €","0,05 €","0,04 €"
Helpful Hunter,,Common,16,Magic: The Gathering Foundations,https://product-images.s3.cardmarket.com/1/FDN/797257/797257.jpg,9919,£0.02,"0,18 €","0,17 €","0,16 €","0,14 €"
Herald of Eternal Dawn,,Mythic,17,Magic: The Gathering Foundations,https://product-images.s3.cardmarket.com/1/FDN/795099/795099.jpg,1112,"1,00 €","1,61 €","1,75 €","1,71 €","1,64 €"
Heraldic Banner,,Uncommon,254,Magic: The Gathering Foundations,https://product-images.s3.cardmarket.com/1/FDN/797371/797371.jpg,5639,£0.02,"0,23 €","0,21 €","0,20 €","0,24 €"
Heroic Reinforcements,,Uncommon,241,Magic: The Gathering Foundations,https://product-images.s3.cardmarket.com/1/FDN/797288/797288.jpg,8358,"0,02 €","0,05 €","0,05 €","0,03 €","0,08 €"
Hero's Downfall,,Uncommon,175,Magic: The Gathering Foundations,https://product-images.s3.cardmarket.com/1/FDN/797348/797348.jpg,8548,"0,02 €","0,11 €","0,15 €","0,11 €","0,10 €"
Hidetsugu's Second Rite,,Uncommon,202,Magic: The Gathering Foundations,https://product-images.s3.cardmarket.com/1/FDN/795583/795583.jpg,8170,"0,02 €","0,09 €","0,09 €","0,13 €","0,20 €"
High Fae Trickster,,Rare,40,Magic: The Gathering Foundations,https://product-images.s3.cardmarket.com/1/FDN/795559/795559.jpg,397,£4.99,"8,05 €","7,08 €","7,46 €","5,61 €"
High-Society Hunter,,Rare,61,Magic: The Gathering Foundations,https://product-images.s3.cardmarket.com/1/FDN/797316/797316.jpg,2584,£0.10,"0,44 €","0,43 €","0,42 €","0,44 €"
Homunculus Horde,,Rare,41,Magic: The Gathering Foundations,https://product-images.s3.cardmarket.com/1/FDN/795560/795560.jpg,1778,"0,15 €","0,55 €","0,55 €","0,56 €","0,64 €"
Hungry Ghoul,,Common,62,Magic: The Gathering Foundations,https://product-images.s3.cardmarket.com/1/FDN/796522/796522.jpg,13710,"0,02 €","0,04 €","0,04 €","0,04 €","0,05 €"
Icewind Elemental,,Common,42,Magic: The Gathering Foundations,https://product-images.s3.cardmarket.com/1/FDN/795369/795369.jpg,14002,"0,02 €","0,04 €","0,03 €","0,06 €","0,03 €"
Imprisoned in the Moon,,Uncommon,156,Magic: The Gathering Foundations,https://product-images.s3.cardmarket.com/1/FDN/797341/797341.jpg,6045,£0.02,"0,13 €","0,14 €","0,13 €","0,14 €"
Incinerating Blast,,Common,90,Magic: The Gathering Foundations,https://product-images.s3.cardmarket.com/1/FDN/797326/797326.jpg,14111,"0,02 €","0,13 €","0,04 €","0,08 €","0,03 €"
Infernal Vessel,,Uncommon,63,Magic: The Gathering Foundations,https://product-images.s3.cardmarket.com/1/FDN/797263/797263.jpg,6537,£0.02,"0,07 €","0,12 €","0,10 €","0,05 €"
Infestation Sage,,Common,64,Magic: The Gathering Foundations,https://product-images.s3.cardmarket.com/1/FDN/797317/797317.jpg,9370,£0.02,"0,16 €","0,16 €","0,16 €","0,10 €"
Inspiration from Beyond,,Uncommon,43,Magic: The Gathering Foundations,https://product-images.s3.cardmarket.com/1/FDN/797313/797313.jpg,6464,"0,02 €","0,09 €","0,12 €","0,10 €","0,08 €"
Inspiring Call,,Uncommon,226,Magic: The Gathering Foundations,https://product-images.s3.cardmarket.com/1/FDN/797367/797367.jpg,3403,"0,02 €","0,20 €","0,22 €","0,22 €","0,19 €"
Inspiring Paladin,,Common,18,Magic: The Gathering Foundations,https://product-images.s3.cardmarket.com/1/FDN/795100/795100.jpg,13175,"0,02 €","0,04 €","0,06 €","0,03 €","0,10 €"
Involuntary Employment,,Common,203,Magic: The Gathering Foundations,https://product-images.s3.cardmarket.com/1/FDN/795128/795128.jpg,13163,"0,02 €","0,05 €","0,05 €","0,07 €","0,05 €"
Island,V.1,Land,274,Magic: The Gathering Foundations,https://product-images.s3.cardmarket.com/1/FDN/795138/795138.jpg,5078,"0,04 €","0,16 €","0,15 €","0,13 €","0,10 €"
Island,V.2,Land,275,Magic: The Gathering Foundations,https://product-images.s3.cardmarket.com/1/FDN/795139/795139.jpg,4943,"0,04 €","0,19 €","0,16 €","0,11 €","0,08 €"
Island,V.3,Land,284,Magic: The Gathering Foundations,https://product-images.s3.cardmarket.com/1/FDN/795148/795148.jpg,6834,"0,05 €","0,23 €","0,24 €","0,20 €","0,18 €"
Island,V.4,Land,285,Magic: The Gathering Foundations,https://product-images.s3.cardmarket.com/1/FDN/795149/795149.jpg,3541,"0,10 €","0,37 €","0,33 €","0,49 €","0,49 €"
Joust Through,,Uncommon,19,Magic: The Gathering Foundations,https://product-images.s3.cardmarket.com/1/FDN/797308/797308.jpg,7895,"0,02 €","0,12 €","0,12 €","0,11 €","0,18 €"
Juggernaut,,Uncommon,255,Magic: The Gathering Foundations,https://product-images.s3.cardmarket.com/1/FDN/797036/797036.jpg,7244,"0,02 €","0,05 €","0,05 €","0,08 €","0,02 €"
Jungle Hollow,,Common,263,Magic: The Gathering Foundations,https://product-images.s3.cardmarket.com/1/FDN/797296/797296.jpg,9545,"0,02 €","0,06 €","0,06 €","0,05 €","0,13 €"
"Kaito, Cunning Infiltrator",,Mythic,44,Magic: The Gathering Foundations,https://product-images.s3.cardmarket.com/1/FDN/795561/795561.jpg,1239,"1,42 €","2,77 €","2,54 €","2,60 €","2,64 €"
"Kellan, Planar Trailblazer",,Rare,91,Magic: The Gathering Foundations,https://product-images.s3.cardmarket.com/1/FDN/797327/797327.jpg,3679,£0.02,"0,28 €","0,37 €","0,29 €","0,12 €"
"Kiora, the Rising Tide",,Rare,45,Magic: The Gathering Foundations,https://product-images.s3.cardmarket.com/1/FDN/795103/795103.jpg,2822,"0,33 €","0,99 €","0,99 €","1,04 €","0,90 €"
"Koma, World-Eater",,Rare,121,Magic: The Gathering Foundations,https://product-images.s3.cardmarket.com/1/FDN/796526/796526.jpg,2320,"0,44 €","0,85 €","0,94 €","0,92 €","1,03 €"
"Krenko, Mob Boss",,Rare,204,Magic: The Gathering Foundations,https://product-images.s3.cardmarket.com/1/FDN/797360/797360.jpg,1068,"0,50 €","0,73 €","0,73 €","0,73 €","0,79 €"
"Kykar, Zephyr Awakener",,Rare,122,Magic: The Gathering Foundations,https://product-images.s3.cardmarket.com/1/FDN/797023/797023.jpg,3140,"0,02 €","0,27 €","0,28 €","0,26 €","0,25 €"
"Lathril, Blade of the Elves",,Rare,242,Magic: The Gathering Foundations,https://product-images.s3.cardmarket.com/1/FDN/796541/796541.jpg,3017,£0.05,"0,35 €","0,35 €","0,35 €","0,24 €"
Leyline Axe,,Rare,129,Magic: The Gathering Foundations,https://product-images.s3.cardmarket.com/1/FDN/795575/795575.jpg,1098,"0,95 €","1,78 €","1,69 €","1,76 €","1,76 €"
Lightshell Duo,,Common,157,Magic: The Gathering Foundations,https://product-images.s3.cardmarket.com/1/FDN/796533/796533.jpg,13428,"0,02 €","0,03 €","0,05 €","0,02 €","0,02 €"
"Liliana, Dreadhorde General",,Mythic,176,Magic: The Gathering Foundations,https://product-images.s3.cardmarket.com/1/FDN/797372/797372.jpg,588,"4,44 €","6,82 €","6,60 €","6,30 €","7,49 €"
Llanowar Elves,,Common,227,Magic: The Gathering Foundations,https://product-images.s3.cardmarket.com/1/FDN/797035/797035.jpg,10793,£0.02,"0,20 €","0,22 €","0,22 €","0,17 €"
"Loot, Exuberant Explorer",,Rare,106,Magic: The Gathering Foundations,https://product-images.s3.cardmarket.com/1/FDN/797268/797268.jpg,784,"1,98 €","3,10 €","2,87 €","2,53 €","2,82 €"
Luminous Rebuke,,Common,20,Magic: The Gathering Foundations,https://product-images.s3.cardmarket.com/1/FDN/796516/796516.jpg,13226,"0,02 €","0,08 €","0,05 €","0,05 €","0,02 €"
Lunar Insight,,Rare,46,Magic: The Gathering Foundations,https://product-images.s3.cardmarket.com/1/FDN/797015/797015.jpg,3684,"0,05 €","0,24 €","0,23 €","0,23 €","0,30 €"
Macabre Waltz,,Common,177,Magic: The Gathering Foundations,https://product-images.s3.cardmarket.com/1/FDN/795126/795126.jpg,13041,"0,02 €","0,06 €","0,06 €","0,05 €","0,05 €"
Make Your Move,,Common,143,Magic: The Gathering Foundations,https://product-images.s3.cardmarket.com/1/FDN/797338/797338.jpg,13335,"0,02 €","0,12 €","0,09 €","0,13 €","0,03 €"
Marauding Blight-Priest,,Common,178,Magic: The Gathering Foundations,https://product-images.s3.cardmarket.com/1/FDN/797349/797349.jpg,12143,"0,02 €","0,11 €","0,12 €","0,11 €","0,20 €"
Meteor Golem,,Uncommon,256,Magic: The Gathering Foundations,https://product-images.s3.cardmarket.com/1/FDN/795135/795135.jpg,5763,£0.02,"0,03 €","0,07 €","0,04 €","0,03 €"
Micromancer,,Uncommon,158,Magic: The Gathering Foundations,https://product-images.s3.cardmarket.com/1/FDN/795122/795122.jpg,8773,"0,02 €","0,23 €","0,09 €","0,15 €","0,06 €"
Midnight Snack,,Uncommon,65,Magic: The Gathering Foundations,https://product-images.s3.cardmarket.com/1/FDN/797318/797318.jpg,7690,"0,02 €","0,13 €","0,14 €","0,10 €","0,08 €"
Mild-Mannered Librarian,,Uncommon,228,Magic: The Gathering Foundations,https://product-images.s3.cardmarket.com/1/FDN/795132/795132.jpg,7231,"0,02 €","0,06 €","0,05 €","0,04 €","0,02 €"
Mischievous Mystic,,Uncommon,47,Magic: The Gathering Foundations,https://product-images.s3.cardmarket.com/1/FDN/795562/795562.jpg,7423,"0,02 €","0,19 €","0,20 €","0,20 €","0,15 €"
Mischievous Pup,,Uncommon,144,Magic: The Gathering Foundations,https://product-images.s3.cardmarket.com/1/FDN/797339/797339.jpg,7020,"0,02 €","0,08 €","0,06 €","0,05 €","0,05 €"
Mocking Sprite,,Common,159,Magic: The Gathering Foundations,https://product-images.s3.cardmarket.com/1/FDN/796534/796534.jpg,14235,"0,02 €","0,04 €","0,07 €","0,04 €","0,02 €"
Mossborn Hydra,,Rare,107,Magic: The Gathering Foundations,https://product-images.s3.cardmarket.com/1/FDN/797333/797333.jpg,614,"9,49 €","10,54 €","10,15 €","10,51 €","10,78 €"
Mountain,V.1,Land,278,Magic: The Gathering Foundations,https://product-images.s3.cardmarket.com/1/FDN/795142/795142.jpg,4899,"0,04 €","0,14 €","0,17 €","0,15 €","0,10 €"
Mountain,V.2,Land,279,Magic: The Gathering Foundations,https://product-images.s3.cardmarket.com/1/FDN/795143/795143.jpg,3978,"0,02 €","0,14 €","0,21 €","0,09 €","0,10 €"
Mountain,V.3,Land,288,Magic: The Gathering Foundations,https://product-images.s3.cardmarket.com/1/FDN/795152/795152.jpg,4822,"0,08 €","0,31 €","0,23 €","0,39 €","0,55 €"
Mountain,V.4,Land,289,Magic: The Gathering Foundations,https://product-images.s3.cardmarket.com/1/FDN/795153/795153.jpg,5977,"0,05 €","0,26 €","0,31 €","0,42 €","0,20 €"
"Muldrotha, the Gravetide",,Mythic,243,Magic: The Gathering Foundations,https://product-images.s3.cardmarket.com/1/FDN/797289/797289.jpg,500,"2,00 €","2,71 €","2,79 €","2,84 €","3,05 €"
Needletooth Pack,,Uncommon,108,Magic: The Gathering Foundations,https://product-images.s3.cardmarket.com/1/FDN/795114/795114.jpg,6623,"0,02 €","0,09 €","0,10 €","0,12 €","0,08 €"
Nessian Hornbeetle,,Uncommon,229,Magic: The Gathering Foundations,https://product-images.s3.cardmarket.com/1/FDN/796538/796538.jpg,6831,"0,02 €","0,08 €","0,08 €","0,10 €","0,05 €"
Nine-Lives Familiar,,Rare,66,Magic: The Gathering Foundations,https://product-images.s3.cardmarket.com/1/FDN/795371/795371.jpg,862,"0,50 €","1,07 €","1,04 €","1,02 €","0,94 €"
"Niv-Mizzet, Visionary",,Mythic,123,Magic: The Gathering Foundations,https://product-images.s3.cardmarket.com/1/FDN/795574/795574.jpg,401,"3,99 €","5,02 €","5,04 €","4,49 €","3,58 €"
Omniscience,,Mythic,161,Magic: The Gathering Foundations,https://product-images.s3.cardmarket.com/1/FDN/795578/795578.jpg,720,"3,99 €","4,46 €","4,53 €","4,47 €","4,65 €"
Overrun,,Uncommon,230,Magic: The Gathering Foundations,https://product-images.s3.cardmarket.com/1/FDN/795382/795382.jpg,6942,"0,02 €","0,13 €","0,19 €","0,13 €","0,08 €"
Painful Quandary,,Rare,179,Magic: The Gathering Foundations,https://product-images.s3.cardmarket.com/1/FDN/797350/797350.jpg,1411,"0,25 €","0,79 €","0,72 €","0,73 €","0,72 €"
Perforating Artist,,Uncommon,124,Magic: The Gathering Foundations,https://product-images.s3.cardmarket.com/1/FDN/795116/795116.jpg,7337,"0,02 €","0,12 €","0,14 €","0,13 €","0,14 €"
Phyrexian Arena,,Rare,180,Magic: The Gathering Foundations,https://product-images.s3.cardmarket.com/1/FDN/795579/795579.jpg,395,"1,30 €","2,49 €","2,31 €","2,24 €","2,38 €"
Pilfer,,Common,181,Magic: The Gathering Foundations,https://product-images.s3.cardmarket.com/1/FDN/795127/795127.jpg,12099,"0,02 €","0,06 €","0,11 €","0,09 €","0,03 €"
Plains,V.1,Land,272,Magic: The Gathering Foundations,https://product-images.s3.cardmarket.com/1/FDN/797304/797304.jpg,4335,"0,02 €","0,16 €","0,18 €","0,15 €","0,09 €"
Plains,V.2,Land,273,Magic: The Gathering Foundations,https://product-images.s3.cardmarket.com/1/FDN/795137/795137.jpg,4803,"0,02 €","0,18 €","0,15 €","0,14 €","0,05 €"
Plains,V.3,Land,282,Magic: The Gathering Foundations,https://product-images.s3.cardmarket.com/1/FDN/795146/795146.jpg,2808,"0,10 €","0,56 €","0,37 €","0,47 €","0,40 €"
Plains,V.4,Land,283,Magic: The Gathering Foundations,https://product-images.s3.cardmarket.com/1/FDN/795147/795147.jpg,5815,"0,05 €","0,18 €","0,26 €","0,18 €","0,09 €"
Preposterous Proportions,,Rare,109,Magic: The Gathering Foundations,https://product-images.s3.cardmarket.com/1/FDN/796524/796524.jpg,2264,"0,10 €","0,35 €","0,38 €","0,43 €","0,26 €"
Prideful Parent,,Common,21,Magic: The Gathering Foundations,https://product-images.s3.cardmarket.com/1/FDN/797309/797309.jpg,13405,"0,02 €","0,07 €","0,09 €","0,07 €","0,14 €"
Progenitus,,Mythic,244,Magic: The Gathering Foundations,https://product-images.s3.cardmarket.com/1/FDN/795385/795385.jpg,1466,"0,30 €","0,80 €","0,81 €","0,83 €","0,60 €"
Quakestrider Ceratops,,Uncommon,110,Magic: The Gathering Foundations,https://product-images.s3.cardmarket.com/1/FDN/796525/796525.jpg,6512,"0,02 €","0,14 €","0,15 €","0,13 €","0,30 €"
Quick-Draw Katana,,Common,130,Magic: The Gathering Foundations,https://product-images.s3.cardmarket.com/1/FDN/796528/796528.jpg,13448,"0,02 €","0,11 €","0,06 €","0,07 €","0,24 €"
Quilled Greatwurm,,Mythic,111,Magic: The Gathering Foundations,https://product-images.s3.cardmarket.com/1/FDN/797269/797269.jpg,1449,"2,98 €","3,88 €","3,95 €","3,88 €","3,79 €"
Raise the Past,,Rare,22,Magic: The Gathering Foundations,https://product-images.s3.cardmarket.com/1/FDN/797258/797258.jpg,1182,"0,60 €","1,40 €","1,29 €","1,30 €","1,09 €"
Ravenous Amulet,,Uncommon,131,Magic: The Gathering Foundations,https://product-images.s3.cardmarket.com/1/FDN/797335/797335.jpg,7855,"0,02 €","0,12 €","0,14 €","0,13 €","0,07 €"
Reassembling Skeleton,,Uncommon,182,Magic: The Gathering Foundations,https://product-images.s3.cardmarket.com/1/FDN/797351/797351.jpg,5504,"0,02 €","0,17 €","0,14 €","0,14 €","0,32 €"
Reclamation Sage,,Uncommon,231,Magic: The Gathering Foundations,https://product-images.s3.cardmarket.com/1/FDN/796539/796539.jpg,5350,£0.02,"0,11 €","0,13 €","0,11 €","0,09 €"
Refute,,Common,48,Magic: The Gathering Foundations,https://product-images.s3.cardmarket.com/1/FDN/796519/796519.jpg,11782,"0,02 €","0,15 €","0,11 €","0,15 €","0,09 €"
Resolute Reinforcements,,Uncommon,145,Magic: The Gathering Foundations,https://product-images.s3.cardmarket.com/1/FDN/797276/797276.jpg,8104,"0,02 €","0,11 €","0,10 €","0,10 €","0,02 €"
Revenge of the Rats,,Uncommon,67,Magic: The Gathering Foundations,https://product-images.s3.cardmarket.com/1/FDN/795107/795107.jpg,5884,£0.02,"0,18 €","0,15 €","0,14 €","0,07 €"
Rise of the Dark Realms,,Mythic,183,Magic: The Gathering Foundations,https://product-images.s3.cardmarket.com/1/FDN/795580/795580.jpg,783,"2,11 €","3,58 €","3,40 €","3,53 €","3,37 €"
Rite of the Dragoncaller,,Mythic,92,Magic: The Gathering Foundations,https://product-images.s3.cardmarket.com/1/FDN/795569/795569.jpg,1196,"2,00 €","3,36 €","3,15 €","3,39 €","2,87 €"
Rogue's Passage,,Uncommon,264,Magic: The Gathering Foundations,https://product-images.s3.cardmarket.com/1/FDN/797297/797297.jpg,2272,"0,14 €","0,28 €","0,23 €","0,20 €","0,30 €"
"Ruby, Daring Tracker",,Uncommon,245,Magic: The Gathering Foundations,https://product-images.s3.cardmarket.com/1/FDN/795134/795134.jpg,7441,"0,02 €","0,13 €","0,12 €","0,11 €","0,07 €"
Rugged Highlands,,Common,265,Magic: The Gathering Foundations,https://product-images.s3.cardmarket.com/1/FDN/795589/795589.jpg,10117,"0,02 €","0,05 €","0,04 €","0,05 €","0,06 €"
Run Away Together,,Common,162,Magic: The Gathering Foundations,https://product-images.s3.cardmarket.com/1/FDN/795123/795123.jpg,13116,"0,02 €","0,03 €","0,04 €","0,06 €","0,02 €"
Rune-Scarred Demon,,Rare,184,Magic: The Gathering Foundations,https://product-images.s3.cardmarket.com/1/FDN/797279/797279.jpg,2217,"0,18 €","0,47 €","0,52 €","0,49 €","0,48 €"
Rune-Sealed Wall,,Uncommon,49,Magic: The Gathering Foundations,https://product-images.s3.cardmarket.com/1/FDN/795104/795104.jpg,6331,"0,02 €","0,16 €","0,13 €","0,19 €","0,02 €"
Sanguine Syphoner,,Common,68,Magic: The Gathering Foundations,https://product-images.s3.cardmarket.com/1/FDN/797264/797264.jpg,12529,"0,02 €","0,11 €","0,11 €","0,07 €","0,05 €"
Savannah Lions,,Uncommon,146,Magic: The Gathering Foundations,https://product-images.s3.cardmarket.com/1/FDN/797277/797277.jpg,8137,"0,02 €","0,10 €","0,08 €","0,05 €","0,08 €"
Scavenging Ooze,,Rare,232,Magic: The Gathering Foundations,https://product-images.s3.cardmarket.com/1/FDN/797286/797286.jpg,3521,"0,04 €","0,23 €","0,22 €","0,28 €","0,11 €"
Scoured Barrens,,Common,266,Magic: The Gathering Foundations,https://product-images.s3.cardmarket.com/1/FDN/797298/797298.jpg,8923,"0,02 €","0,09 €","0,09 €","0,13 €","0,04 €"
Scrawling Crawler,,Rare,132,Magic: The Gathering Foundations,https://product-images.s3.cardmarket.com/1/FDN/797336/797336.jpg,476,"3,50 €","4,96 €","4,81 €","4,86 €","4,97 €"
Searslicer Goblin,,Rare,93,Magic: The Gathering Foundations,https://product-images.s3.cardmarket.com/1/FDN/797328/797328.jpg,1501,"0,25 €","0,62 €","0,73 €","0,64 €","0,74 €"
Secluded Courtyard,,Uncommon,267,Magic: The Gathering Foundations,https://product-images.s3.cardmarket.com/1/FDN/797299/797299.jpg,2703,"0,09 €","0,39 €","0,34 €","0,40 €","0,36 €"
Seeker's Folly,,Uncommon,69,Magic: The Gathering Foundations,https://product-images.s3.cardmarket.com/1/FDN/797319/797319.jpg,8153,"0,02 €","0,12 €","0,10 €","0,22 €","0,15 €"
Seismic Rupture,,Uncommon,205,Magic: The Gathering Foundations,https://product-images.s3.cardmarket.com/1/FDN/797032/797032.jpg,8559,"0,02 €","0,04 €","0,03 €","0,03 €","0,02 €"
Self-Reflection,,Uncommon,163,Magic: The Gathering Foundations,https://product-images.s3.cardmarket.com/1/FDN/797343/797343.jpg,7126,"0,02 €","0,10 €","0,05 €","0,08 €","0,03 €"
Serra Angel,,Uncommon,147,Magic: The Gathering Foundations,https://product-images.s3.cardmarket.com/1/FDN/795120/795120.jpg,6574,"0,02 €","0,12 €","0,13 €","0,06 €","0,06 €"
Shivan Dragon,,Uncommon,206,Magic: The Gathering Foundations,https://product-images.s3.cardmarket.com/1/FDN/795584/795584.jpg,6883,"0,02 €","0,07 €","0,06 €","0,06 €","0,04 €"
Sire of Seven Deaths,,Mythic,1,Magic: The Gathering Foundations,https://product-images.s3.cardmarket.com/1/FDN/795156/795156.jpg,520,"22,46 €","24,06 €","23,67 €","24,31 €","21,87 €"
Skyknight Squire,,Rare,23,Magic: The Gathering Foundations,https://product-images.s3.cardmarket.com/1/FDN/797013/797013.jpg,2470,"0,10 €","0,35 €","0,41 €","0,39 €","0,25 €"
Skyship Buccaneer,,Uncommon,50,Magic: The Gathering Foundations,https://product-images.s3.cardmarket.com/1/FDN/796520/796520.jpg,7394,"0,02 €","0,04 €","0,05 €","0,03 €","0,02 €"
Slagstorm,,Rare,207,Magic: The Gathering Foundations,https://product-images.s3.cardmarket.com/1/FDN/795129/795129.jpg,3680,£0.02,"0,22 €","0,23 €","0,20 €","0,15 €"
Slumbering Cerberus,,Uncommon,94,Magic: The Gathering Foundations,https://product-images.s3.cardmarket.com/1/FDN/795112/795112.jpg,6749,"0,02 €","0,26 €","0,13 €","0,24 €","0,05 €"
Snakeskin Veil,,Uncommon,233,Magic: The Gathering Foundations,https://product-images.s3.cardmarket.com/1/FDN/795383/795383.jpg,7890,"0,02 €","0,16 €","0,12 €","0,14 €","0,10 €"
Solemn Simulacrum,,Rare,257,Magic: The Gathering Foundations,https://product-images.s3.cardmarket.com/1/FDN/796544/796544.jpg,2347,£0.10,"0,32 €","0,33 €","0,36 €","0,45 €"
Soul-Shackled Zombie,,Common,70,Magic: The Gathering Foundations,https://product-images.s3.cardmarket.com/1/FDN/795565/795565.jpg,13435,"0,02 €","0,05 €","0,07 €","0,04 €","0,02 €"
Soulstone Sanctuary,,Rare,133,Magic: The Gathering Foundations,https://product-images.s3.cardmarket.com/1/FDN/795576/795576.jpg,1014,"1,96 €","3,81 €","4,13 €","4,05 €","2,84 €"
Sower of Chaos,,Common,95,Magic: The Gathering Foundations,https://product-images.s3.cardmarket.com/1/FDN/795570/795570.jpg,13513,"0,02 €","0,03 €","0,03 €","0,03 €","0,02 €"
Spectral Sailor,,Uncommon,164,Magic: The Gathering Foundations,https://product-images.s3.cardmarket.com/1/FDN/796535/796535.jpg,8389,"0,02 €","0,18 €","0,12 €","0,18 €","0,07 €"
Sphinx of Forgotten Lore,,Mythic,51,Magic: The Gathering Foundations,https://product-images.s3.cardmarket.com/1/FDN/795370/795370.jpg,1697,"0,24 €","0,94 €","0,67 €","0,82 €","0,60 €"
Spinner of Souls,,Rare,112,Magic: The Gathering Foundations,https://product-images.s3.cardmarket.com/1/FDN/797020/797020.jpg,2153,"0,10 €","0,54 €","0,57 €","0,53 €","0,50 €"
Spitfire Lagac,,Common,208,Magic: The Gathering Foundations,https://product-images.s3.cardmarket.com/1/FDN/795380/795380.jpg,13266,"0,02 €","0,10 €","0,08 €","0,07 €","0,06 €"
Squad Rallier,,Common,24,Magic: The Gathering Foundations,https://product-images.s3.cardmarket.com/1/FDN/797259/797259.jpg,13547,"0,02 €","0,10 €","0,06 €","0,08 €","0,20 €"
Stab,,Common,71,Magic: The Gathering Foundations,https://product-images.s3.cardmarket.com/1/FDN/797320/797320.jpg,10192,"0,02 €","0,10 €","0,13 €","0,12 €","0,05 €"
Strix Lookout,,Common,52,Magic: The Gathering Foundations,https://product-images.s3.cardmarket.com/1/FDN/795563/795563.jpg,13128,"0,02 €","0,05 €","0,09 €","0,05 €","0,02 €"
Stroke of Midnight,,Uncommon,148,Magic: The Gathering Foundations,https://product-images.s3.cardmarket.com/1/FDN/795121/795121.jpg,4337,"0,05 €","0,32 €","0,33 €","0,32 €","0,32 €"
Stromkirk Bloodthief,,Uncommon,185,Magic: The Gathering Foundations,https://product-images.s3.cardmarket.com/1/FDN/797352/797352.jpg,8623,"0,02 €","0,08 €","0,08 €","0,05 €","0,05 €"
Strongbox Raider,,Uncommon,96,Magic: The Gathering Foundations,https://product-images.s3.cardmarket.com/1/FDN/797329/797329.jpg,8529,"0,02 €","0,05 €","0,06 €","0,06 €","0,02 €"
Sun-Blessed Healer,,Uncommon,25,Magic: The Gathering Foundations,https://product-images.s3.cardmarket.com/1/FDN/797310/797310.jpg,6111,£0.02,"0,11 €","0,15 €","0,09 €","0,05 €"
Sure Strike,,Common,209,Magic: The Gathering Foundations,https://product-images.s3.cardmarket.com/1/FDN/797361/797361.jpg,13527,"0,02 €","0,05 €","0,04 €","0,03 €","0,02 €"
Swamp,V.1,Land,276,Magic: The Gathering Foundations,https://product-images.s3.cardmarket.com/1/FDN/795140/795140.jpg,4978,"0,04 €","0,11 €","0,14 €","0,14 €","0,05 €"
Swamp,V.2,Land,277,Magic: The Gathering Foundations,https://product-images.s3.cardmarket.com/1/FDN/795141/795141.jpg,4160,"0,04 €","0,14 €","0,21 €","0,11 €","0,12 €"
Swamp,V.3,Land,286,Magic: The Gathering Foundations,https://product-images.s3.cardmarket.com/1/FDN/795150/795150.jpg,2320,"0,44 €","1,07 €","0,97 €","1,07 €","0,96 €"
Swamp,V.4,Land,287,Magic: The Gathering Foundations,https://product-images.s3.cardmarket.com/1/FDN/795151/795151.jpg,3366,"0,05 €","0,41 €","0,34 €","0,29 €","0,24 €"
Swiftblade Vindicator,,Rare,246,Magic: The Gathering Foundations,https://product-images.s3.cardmarket.com/1/FDN/797290/797290.jpg,4417,"0,02 €","0,20 €","0,17 €","0,20 €","0,18 €"
Swiftfoot Boots,,Uncommon,258,Magic: The Gathering Foundations,https://product-images.s3.cardmarket.com/1/FDN/795136/795136.jpg,1113,"1,20 €","1,63 €","1,65 €","1,66 €","1,84 €"
Swiftwater Cliffs,,Common,268,Magic: The Gathering Foundations,https://product-images.s3.cardmarket.com/1/FDN/797300/797300.jpg,10013,"0,02 €","0,06 €","0,11 €","0,07 €","0,02 €"
Sylvan Scavenging,,Rare,113,Magic: The Gathering Foundations,https://product-images.s3.cardmarket.com/1/FDN/797021/797021.jpg,3984,"0,09 €","0,14 €","0,23 €","0,19 €","0,14 €"
"Tatyova, Benthic Druid",,Uncommon,247,Magic: The Gathering Foundations,https://product-images.s3.cardmarket.com/1/FDN/796542/796542.jpg,7350,£0.02,"0,12 €","0,12 €","0,12 €","0,10 €"
Think Twice,,Common,165,Magic: The Gathering Foundations,https://product-images.s3.cardmarket.com/1/FDN/797027/797027.jpg,16343,"0,02 €","0,03 €","0,05 €","0,05 €","0,05 €"
Thornwood Falls,,Common,269,Magic: The Gathering Foundations,https://product-images.s3.cardmarket.com/1/FDN/797301/797301.jpg,10002,"0,02 €","0,05 €","0,06 €","0,06 €","0,11 €"
Thousand-Year Storm,,Rare,248,Magic: The Gathering Foundations,https://product-images.s3.cardmarket.com/1/FDN/796543/796543.jpg,2591,"0,10 €","0,41 €","0,38 €","0,40 €","0,28 €"
Thrill of Possibility,,Common,210,Magic: The Gathering Foundations,https://product-images.s3.cardmarket.com/1/FDN/797362/797362.jpg,13109,"0,02 €","0,05 €","0,06 €","0,06 €","0,03 €"
Time Stop,,Rare,166,Magic: The Gathering Foundations,https://product-images.s3.cardmarket.com/1/FDN/795124/795124.jpg,4606,"0,02 €","0,21 €","0,18 €","0,16 €","0,16 €"
"Tinybones, Bauble Burglar",,Rare,72,Magic: The Gathering Foundations,https://product-images.s3.cardmarket.com/1/FDN/797321/797321.jpg,2012,"0,29 €","0,84 €","0,71 €","0,80 €","0,62 €"
Tolarian Terror,,Common,167,Magic: The Gathering Foundations,https://product-images.s3.cardmarket.com/1/FDN/795125/795125.jpg,10176,£0.02,"0,17 €","0,23 €","0,19 €","0,21 €"
Tragic Banshee,,Uncommon,73,Magic: The Gathering Foundations,https://product-images.s3.cardmarket.com/1/FDN/795108/795108.jpg,6907,"0,02 €","0,07 €","0,06 €","0,03 €","0,06 €"
Tranquil Cove,,Common,270,Magic: The Gathering Foundations,https://product-images.s3.cardmarket.com/1/FDN/797302/797302.jpg,9879,"0,02 €","0,08 €","0,06 €","0,05 €","0,09 €"
Treetop Snarespinner,,Common,114,Magic: The Gathering Foundations,https://product-images.s3.cardmarket.com/1/FDN/797270/797270.jpg,12539,"0,02 €","0,12 €","0,09 €","0,10 €","0,02 €"
Twinblade Blessing,,Uncommon,26,Magic: The Gathering Foundations,https://product-images.s3.cardmarket.com/1/FDN/795366/795366.jpg,8053,£0.02,"0,18 €","0,16 €","0,18 €","0,17 €"
Twinflame Tyrant,,Mythic,97,Magic: The Gathering Foundations,https://product-images.s3.cardmarket.com/1/FDN/797019/797019.jpg,519,£13.00,"20,30 €","19,96 €","19,55 €","18,06 €"
Uncharted Voyage,,Common,53,Magic: The Gathering Foundations,https://product-images.s3.cardmarket.com/1/FDN/797314/797314.jpg,13864,"0,02 €","0,02 €","0,04 €","0,04 €","0,02 €"
Valkyrie's Call,,Mythic,27,Magic: The Gathering Foundations,https://product-images.s3.cardmarket.com/1/FDN/797014/797014.jpg,1612,"0,76 €","1,54 €","1,48 €","1,41 €","0,94 €"
Vampire Gourmand,,Uncommon,74,Magic: The Gathering Foundations,https://product-images.s3.cardmarket.com/1/FDN/796523/796523.jpg,5709,£0.02,"0,19 €","0,15 €","0,21 €","0,29 €"
Vampire Nighthawk,,Uncommon,186,Magic: The Gathering Foundations,https://product-images.s3.cardmarket.com/1/FDN/797280/797280.jpg,6397,£0.02,"0,12 €","0,17 €","0,14 €","0,10 €"
Vampire Soulcaller,,Common,75,Magic: The Gathering Foundations,https://product-images.s3.cardmarket.com/1/FDN/795373/795373.jpg,13539,"0,02 €","0,02 €","0,05 €","0,03 €","0,02 €"
Vanguard Seraph,,Common,28,Magic: The Gathering Foundations,https://product-images.s3.cardmarket.com/1/FDN/795367/795367.jpg,13002,"0,02 €","0,11 €","0,12 €","0,08 €","0,18 €"
Vengeful Bloodwitch,,Uncommon,76,Magic: The Gathering Foundations,https://product-images.s3.cardmarket.com/1/FDN/797322/797322.jpg,6895,"0,02 €","0,32 €","0,24 €","0,28 €","0,29 €"
Vivien Reid,,Mythic,234,Magic: The Gathering Foundations,https://product-images.s3.cardmarket.com/1/FDN/797287/797287.jpg,1193,"0,20 €","0,73 €","0,64 €","0,77 €","0,59 €"
Wardens of the Cycle,,Uncommon,125,Magic: The Gathering Foundations,https://product-images.s3.cardmarket.com/1/FDN/797272/797272.jpg,8070,"0,02 €","0,11 €","0,13 €","0,15 €","0,05 €"
Wary Thespian,,Common,235,Magic: The Gathering Foundations,https://product-images.s3.cardmarket.com/1/FDN/795133/795133.jpg,13641,"0,02 €","0,02 €","0,04 €","0,02 €","0,02 €"
Wildwood Scourge,,Uncommon,236,Magic: The Gathering Foundations,https://product-images.s3.cardmarket.com/1/FDN/797368/797368.jpg,7968,"0,02 €","0,07 €","0,13 €","0,09 €","0,13 €"
Wind-Scarred Crag,,Common,271,Magic: The Gathering Foundations,https://product-images.s3.cardmarket.com/1/FDN/797303/797303.jpg,9946,"0,02 €","0,09 €","0,07 €","0,06 €","0,07 €"
Witness Protection,,Common,168,Magic: The Gathering Foundations,https://product-images.s3.cardmarket.com/1/FDN/797028/797028.jpg,13772,"0,02 €","0,15 €","0,11 €","0,13 €","0,11 €"
Youthful Valkyrie,,Uncommon,149,Magic: The Gathering Foundations,https://product-images.s3.cardmarket.com/1/FDN/795377/795377.jpg,6698,£0.02,"0,29 €","0,27 €","0,36 €","0,36 €"
"Zimone, Paradox Sculptor",,Mythic,126,Magic: The Gathering Foundations,https://product-images.s3.cardmarket.com/1/FDN/797273/797273.jpg,1167,"0,79 €","1,50 €","1,51 €","1,63 €","1,97 €"
Zombify,,Uncommon,187,Magic: The Gathering Foundations,https://product-images.s3.cardmarket.com/1/FDN/797353/797353.jpg,5699,£0.02,"0,11 €","0,14 €","0,11 €","0,06 €"
"Zul Ashur, Lich Lord",,Rare,77,Magic: The Gathering Foundations,https://product-images.s3.cardmarket.com/1/FDN/795109/795109.jpg,1536,"0,23 €","0,94 €","0,97 €","1,01 €","1,04 €"
Agent Venom,,Rare,49,Magic: The Gathering | Marvel's Spider-Man,https://product-images.s3.cardmarket.com/1/SPM/839544/839544.jpg,3429,"0,10 €","0,56 €","0,55 €","0,65 €","0,50 €"
Alien Symbiosis,,Uncommon,50,Magic: The Gathering | Marvel's Spider-Man,https://product-images.s3.cardmarket.com/1/SPM/845931/845931.jpg,8832,"0,02 €","0,06 €","0,08 €","0,10 €","0,05 €"
Amazing Acrobatics,,Common,25,Magic: The Gathering | Marvel's Spider-Man,https://product-images.s3.cardmarket.com/1/SPM/845837/845837.jpg,15029,"0,02 €","0,10 €","0,06 €","0,07 €","0,11 €"
Angry Rabble,,Common,75,Magic: The Gathering | Marvel's Spider-Man,https://product-images.s3.cardmarket.com/1/SPM/847078/847078.jpg,16566,"0,02 €","0,03 €","0,04 €","0,02 €","0,02 €"
"Anti-Venom, Horrifying Healer",,Mythic,1,Magic: The Gathering | Marvel's Spider-Man,https://product-images.s3.cardmarket.com/1/SPM/839594/839594.jpg,1782,£2.89,"4,55 €","4,63 €","4,72 €","4,45 €"
"Arachne, Psionic Weaver",,Rare,2,Magic: The Gathering | Marvel's Spider-Man,https://product-images.s3.cardmarket.com/1/SPM/839526/839526.jpg,3668,£0.05,"0,35 €","0,38 €","0,34 €","0,19 €"
"Araña, Heart of the Spider",,Rare,123,Magic: The Gathering | Marvel's Spider-Man,https://product-images.s3.cardmarket.com/1/SPM/847082/847082.jpg,3253,"0,06 €","0,29 €","0,29 €","0,28 €","0,32 €"
Aunt May,,Uncommon,3,Magic: The Gathering | Marvel's Spider-Man,https://product-images.s3.cardmarket.com/1/SPM/847072/847072.jpg,8355,£0.02,"0,09 €","0,15 €","0,12 €","0,09 €"
Bagel and Schmear,,Common,161,Magic: The Gathering | Marvel's Spider-Man,https://product-images.s3.cardmarket.com/1/SPM/846676/846676.jpg,15719,"0,02 €","0,02 €","0,05 €","0,02 €","0,02 €"
"Beetle, Legacy Criminal",,Common,26,Magic: The Gathering | Marvel's Spider-Man,https://product-images.s3.cardmarket.com/1/SPM/846617/846617.jpg,16432,"0,02 €","0,02 €","0,04 €","0,02 €","0,02 €"
Behold the Sinister Six!,,Mythic,51,Magic: The Gathering | Marvel's Spider-Man,https://product-images.s3.cardmarket.com/1/SPM/846989/846989.jpg,1413,"0,99 €","1,99 €","2,11 €","1,73 €","1,95 €"
Biorganic Carapace,,Rare,124,Magic: The Gathering | Marvel's Spider-Man,https://product-images.s3.cardmarket.com/1/SPM/846612/846612.jpg,4513,"0,05 €","0,23 €","0,18 €","0,22 €","0,21 €"
"Black Cat, Cunning Thief",,Rare,52,Magic: The Gathering | Marvel's Spider-Man,https://product-images.s3.cardmarket.com/1/SPM/845841/845841.jpg,3067,"0,10 €","0,29 €","0,31 €","0,33 €","0,22 €"
"Carnage, Crimson Chaos",,Rare,125,Magic: The Gathering | Marvel's Spider-Man,https://product-images.s3.cardmarket.com/1/SPM/846997/846997.jpg,2765,£0.10,"0,51 €","0,64 €","0,52 €","0,42 €"
"Chameleon, Master of Disguise",,Uncommon,27,Magic: The Gathering | Marvel's Spider-Man,https://product-images.s3.cardmarket.com/1/SPM/839538/839538.jpg,2358,"0,02 €","0,41 €","0,41 €","0,41 €","0,33 €"
Cheering Crowd,,Rare,126,Magic: The Gathering | Marvel's Spider-Man,https://product-images.s3.cardmarket.com/1/SPM/845849/845849.jpg,4542,£0.02,"0,15 €","0,16 €","0,14 €","0,15 €"
City Pigeon,,Common,4,Magic: The Gathering | Marvel's Spider-Man,https://product-images.s3.cardmarket.com/1/SPM/839527/839527.jpg,14774,"0,02 €","0,06 €","0,09 €","0,07 €","0,04 €"
Common Crook,,Common,53,Magic: The Gathering | Marvel's Spider-Man,https://product-images.s3.cardmarket.com/1/SPM/846641/846641.jpg,15902,"0,02 €","0,12 €","0,07 €","0,04 €","0,02 €"
Cosmic Spider-Man,,Mythic,127,Magic: The Gathering | Marvel's Spider-Man,https://product-images.s3.cardmarket.com/1/SPM/846663/846663.jpg,1636,"1,99 €","2,54 €","2,54 €","2,39 €","2,49 €"
Costume Closet,,Uncommon,5,Magic: The Gathering | Marvel's Spider-Man,https://product-images.s3.cardmarket.com/1/SPM/845835/845835.jpg,8663,"0,02 €","0,06 €","0,06 €","0,06 €","0,03 €"
Daily Bugle Building,,Uncommon,179,Magic: The Gathering | Marvel's Spider-Man,https://product-images.s3.cardmarket.com/1/SPM/846686/846686.jpg,7729,"0,02 €","0,12 €","0,11 €","0,13 €","0,09 €"
Daily Bugle Reporters,,Common,6,Magic: The Gathering | Marvel's Spider-Man,https://product-images.s3.cardmarket.com/1/SPM/845836/845836.jpg,16771,"0,02 €","0,03 €","0,03 €","0,03 €","0,04 €"
Damage Control Crew,,Uncommon,99,Magic: The Gathering | Marvel's Spider-Man,https://product-images.s3.cardmarket.com/1/SPM/846995/846995.jpg,8941,"0,02 €","0,07 €","0,09 €","0,10 €","0,02 €"
"Doc Ock, Sinister Scientist",,Common,29,Magic: The Gathering | Marvel's Spider-Man,https://product-images.s3.cardmarket.com/1/SPM/845838/845838.jpg,15982,"0,02 €","0,02 €","0,04 €","0,03 €","0,02 €"
Doc Ock's Henchmen,,Common,30,Magic: The Gathering | Marvel's Spider-Man,https://product-images.s3.cardmarket.com/1/SPM/839539/839539.jpg,16722,"0,02 €","0,03 €","0,05 €","0,03 €","0,02 €"
Doc Ock's Tentacles,,Rare,162,Magic: The Gathering | Marvel's Spider-Man,https://product-images.s3.cardmarket.com/1/SPM/846677/846677.jpg,3683,"0,02 €","0,25 €","0,26 €","0,29 €","0,14 €"
"Doctor Octopus, Master Planner",,Mythic,128,Magic: The Gathering | Marvel's Spider-Man,https://product-images.s3.cardmarket.com/1/SPM/846613/846613.jpg,1799,"0,60 €","1,45 €","1,49 €","1,45 €","1,28 €"
"Eddie Brock // Venom, Lethal Protector",,Mythic,55,Magic: The Gathering | Marvel's Spider-Man,https://product-images.s3.cardmarket.com/1/SPM/846990/846990.jpg,2068,"1,77 €","2,70 €","3,41 €","2,92 €","2,90 €"
Eerie Gravestone,,Common,163,Magic: The Gathering | Marvel's Spider-Man,https://product-images.s3.cardmarket.com/1/SPM/846678/846678.jpg,16021,"0,02 €","0,03 €","0,06 €","0,03 €","0,02 €"
"Electro, Assaulting Battery",,Rare,76,Magic: The Gathering | Marvel's Spider-Man,https://product-images.s3.cardmarket.com/1/SPM/839553/839553.jpg,1582,"3,30 €","4,57 €","4,32 €","4,49 €","4,80 €"
Electro's Bolt,,Common,77,Magic: The Gathering | Marvel's Spider-Man,https://product-images.s3.cardmarket.com/1/SPM/845844/845844.jpg,16046,"0,02 €","0,06 €","0,07 €","0,08 €","0,02 €"
"Ezekiel Sims, Spider-Totem",,Uncommon,100,Magic: The Gathering | Marvel's Spider-Man,https://product-images.s3.cardmarket.com/1/SPM/846653/846653.jpg,9116,"0,02 €","0,06 €","0,07 €","0,05 €","0,04 €"
"Flash Thompson, Spider-Fan",,Uncommon,7,Magic: The Gathering | Marvel's Spider-Man,https://product-images.s3.cardmarket.com/1/SPM/839528/839528.jpg,8760,"0,02 €","0,29 €","0,12 €","0,19 €","0,02 €"
Flying Octobot,,Uncommon,31,Magic: The Gathering | Marvel's Spider-Man,https://product-images.s3.cardmarket.com/1/SPM/839540/839540.jpg,9370,"0,02 €","0,05 €","0,04 €","0,06 €","0,05 €"
Forest,V.1,Land,193,Magic: The Gathering | Marvel's Spider-Man,https://product-images.s3.cardmarket.com/1/SPM/839588/839588.jpg,7863,"0,05 €","0,26 €","0,25 €","0,31 €","0,44 €"
Forest,V.2,Land,198,Magic: The Gathering | Marvel's Spider-Man,https://product-images.s3.cardmarket.com/1/SPM/839593/839593.jpg,5119,"0,02 €","0,12 €","0,15 €","0,16 €","0,09 €"
Friendly Neighborhood,,Rare,8,Magic: The Gathering | Marvel's Spider-Man,https://product-images.s3.cardmarket.com/1/SPM/845926/845926.jpg,4778,£0.02,"0,12 €","0,15 €","0,11 €","0,08 €"
Gallant Citizen,,Common,129,Magic: The Gathering | Marvel's Spider-Man,https://product-images.s3.cardmarket.com/1/SPM/839574/839574.jpg,15924,£0.02,"0,04 €","0,05 €","0,03 €","0,02 €"
"Green Goblin, Revenant",,Uncommon,130,Magic: The Gathering | Marvel's Spider-Man,https://product-images.s3.cardmarket.com/1/SPM/846664/846664.jpg,8461,"0,02 €","0,10 €","0,10 €","0,11 €","0,02 €"
Grow Extra Arms,,Common,101,Magic: The Gathering | Marvel's Spider-Man,https://product-images.s3.cardmarket.com/1/SPM/845927/845927.jpg,15981,"0,02 €","0,03 €","0,05 €","0,04 €","0,02 €"
Guy in the Chair,,Common,102,Magic: The Gathering | Marvel's Spider-Man,https://product-images.s3.cardmarket.com/1/SPM/839564/839564.jpg,16431,"0,02 €","0,03 €","0,05 €","0,03 €","0,02 €"
Gwen Stacy // Ghost-Spider,,Mythic,78,Magic: The Gathering | Marvel's Spider-Man,https://product-images.s3.cardmarket.com/1/SPM/839554/839554.jpg,1552,"1,59 €","2,39 €","2,44 €","2,38 €","1,98 €"
"Gwenom, Remorseless",,Mythic,56,Magic: The Gathering | Marvel's Spider-Man,https://product-images.s3.cardmarket.com/1/SPM/845842/845842.jpg,1838,£3.80,"5,89 €","6,01 €","6,03 €","5,28 €"
Heroes' Hangout,,Uncommon,79,Magic: The Gathering | Marvel's Spider-Man,https://product-images.s3.cardmarket.com/1/SPM/839555/839555.jpg,6106,£0.02,"0,17 €","0,19 €","0,14 €","0,13 €"
Hide on the Ceiling,,Rare,32,Magic: The Gathering | Marvel's Spider-Man,https://product-images.s3.cardmarket.com/1/SPM/839942/839942.jpg,2802,"0,41 €","1,11 €","1,22 €","1,16 €","1,05 €"
"Hobgoblin, Mantled Marauder",,Uncommon,80,Magic: The Gathering | Marvel's Spider-Man,https://product-images.s3.cardmarket.com/1/SPM/846649/846649.jpg,7721,"0,02 €","0,10 €","0,11 €","0,11 €","0,02 €"
Hot Dog Cart,,Common,164,Magic: The Gathering | Marvel's Spider-Man,https://product-images.s3.cardmarket.com/1/SPM/839580/839580.jpg,15680,"0,02 €","0,08 €","0,08 €","0,08 €","0,02 €"
"Hydro-Man, Fluid Felon",,Rare,33,Magic: The Gathering | Marvel's Spider-Man,https://product-images.s3.cardmarket.com/1/SPM/846619/846619.jpg,3742,£0.05,"0,37 €","0,37 €","0,35 €","0,33 €"
Impostor Syndrome,,Mythic,34,Magic: The Gathering | Marvel's Spider-Man,https://product-images.s3.cardmarket.com/1/SPM/846634/846634.jpg,1617,"4,00 €","5,47 €","5,70 €","5,40 €","5,44 €"
Inner Demons Gangsters,,Common,57,Magic: The Gathering | Marvel's Spider-Man,https://product-images.s3.cardmarket.com/1/SPM/845843/845843.jpg,16244,"0,02 €","0,03 €","0,04 €","0,04 €","0,02 €"
Interdimensional Web Watch,,Rare,165,Magic: The Gathering | Marvel's Spider-Man,https://product-images.s3.cardmarket.com/1/SPM/846679/846679.jpg,4175,"0,05 €","0,24 €","0,23 €","0,24 €","0,19 €"
"Iron Spider, Stark Upgrade",,Rare,166,Magic: The Gathering | Marvel's Spider-Man,https://product-images.s3.cardmarket.com/1/SPM/846680/846680.jpg,2759,"0,19 €","0,57 €","0,61 €","0,61 €","0,65 €"
Island,V.1,Land,190,Magic: The Gathering | Marvel's Spider-Man,https://product-images.s3.cardmarket.com/1/SPM/839585/839585.jpg,8426,"0,02 €","0,15 €","0,18 €","0,20 €","0,10 €"
Island,V.2,Land,195,Magic: The Gathering | Marvel's Spider-Man,https://product-images.s3.cardmarket.com/1/SPM/839590/839590.jpg,5386,"0,02 €","0,10 €","0,12 €","0,10 €","0,05 €"
J. Jonah Jameson,,Rare,81,Magic: The Gathering | Marvel's Spider-Man,https://product-images.s3.cardmarket.com/1/SPM/847080/847080.jpg,4463,"0,04 €","0,15 €","0,20 €","0,18 €","0,26 €"
"Jackal, Genius Geneticist",,Rare,131,Magic: The Gathering | Marvel's Spider-Man,https://product-images.s3.cardmarket.com/1/SPM/839575/839575.jpg,3006,"0,05 €","0,30 €","0,38 €","0,37 €","0,58 €"
Kapow!,,Common,103,Magic: The Gathering | Marvel's Spider-Man,https://product-images.s3.cardmarket.com/1/SPM/839565/839565.jpg,16160,"0,02 €","0,04 €","0,04 €","0,03 €","0,03 €"
"Kraven, Proud Predator",,Uncommon,132,Magic: The Gathering | Marvel's Spider-Man,https://product-images.s3.cardmarket.com/1/SPM/846998/846998.jpg,8808,"0,02 €","0,09 €","0,07 €","0,09 €","0,04 €"
Kraven the Hunter,,Rare,133,Magic: The Gathering | Marvel's Spider-Man,https://product-images.s3.cardmarket.com/1/SPM/846665/846665.jpg,4484,"0,02 €","0,23 €","0,16 €","0,18 €","0,16 €"
Kraven's Cats,,Common,104,Magic: The Gathering | Marvel's Spider-Man,https://product-images.s3.cardmarket.com/1/SPM/839566/839566.jpg,16402,"0,02 €","0,02 €","0,05 €","0,03 €","0,02 €"
Kraven's Last Hunt,,Rare,105,Magic: The Gathering | Marvel's Spider-Man,https://product-images.s3.cardmarket.com/1/SPM/839567/839567.jpg,4384,"0,02 €","0,15 €","0,14 €","0,12 €","0,16 €"
"Lady Octopus, Inspired Inventor",,Rare,35,Magic: The Gathering | Marvel's Spider-Man,https://product-images.s3.cardmarket.com/1/SPM/845930/845930.jpg,3004,"0,30 €","0,87 €","0,88 €","0,88 €","0,66 €"
"Living Brain, Mechanical Marvel",,Uncommon,167,Magic: The Gathering | Marvel's Spider-Man,https://product-images.s3.cardmarket.com/1/SPM/839581/839581.jpg,9275,"0,02 €","0,05 €","0,05 €","0,05 €","0,02 €"
"Lizard, Connors's Curse",,Rare,106,Magic: The Gathering | Marvel's Spider-Man,https://product-images.s3.cardmarket.com/1/SPM/839568/839568.jpg,3680,£0.02,"0,20 €","0,20 €","0,21 €","0,19 €"
Lurking Lizards,,Common,107,Magic: The Gathering | Marvel's Spider-Man,https://product-images.s3.cardmarket.com/1/SPM/846655/846655.jpg,16198,"0,02 €","0,04 €","0,05 €","0,03 €","0,02 €"
"Madame Web, Clairvoyant",,Uncommon,36,Magic: The Gathering | Marvel's Spider-Man,https://product-images.s3.cardmarket.com/1/SPM/846635/846635.jpg,9011,"0,02 €","0,07 €","0,05 €","0,06 €","0,03 €"
Mary Jane Watson,,Rare,134,Magic: The Gathering | Marvel's Spider-Man,https://product-images.s3.cardmarket.com/1/SPM/845851/845851.jpg,3853,"0,02 €","0,16 €","0,18 €","0,16 €","0,09 €"
Masked Meower,,Common,82,Magic: The Gathering | Marvel's Spider-Man,https://product-images.s3.cardmarket.com/1/SPM/845845/845845.jpg,12759,"0,02 €","0,11 €","0,12 €","0,14 €","0,10 €"
Maximum Carnage,,Rare,83,Magic: The Gathering | Marvel's Spider-Man,https://product-images.s3.cardmarket.com/1/SPM/839556/839556.jpg,2898,"0,03 €","0,30 €","0,29 €","0,28 €","0,34 €"
Mechanical Mobster,,Common,168,Magic: The Gathering | Marvel's Spider-Man,https://product-images.s3.cardmarket.com/1/SPM/846681/846681.jpg,16469,"0,02 €","0,06 €","0,06 €","0,07 €","0,02 €"
Merciless Enforcers,,Common,58,Magic: The Gathering | Marvel's Spider-Man,https://product-images.s3.cardmarket.com/1/SPM/846643/846643.jpg,16275,"0,02 €","0,03 €","0,06 €","0,03 €","0,03 €"
Miles Morales // Ultimate Spider-Man,,Mythic,108,Magic: The Gathering | Marvel's Spider-Man,https://product-images.s3.cardmarket.com/1/SPM/839569/839569.jpg,1654,"1,99 €","3,08 €","3,25 €","3,07 €","2,71 €"
Mister Negative,,Mythic,135,Magic: The Gathering | Marvel's Spider-Man,https://product-images.s3.cardmarket.com/1/SPM/846666/846666.jpg,1870,"0,90 €","1,26 €","1,41 €","1,25 €","1,13 €"
Mob Lookout,,Common,136,Magic: The Gathering | Marvel's Spider-Man,https://product-images.s3.cardmarket.com/1/SPM/847083/847083.jpg,15399,"0,02 €","0,06 €","0,08 €","0,03 €","0,02 €"
"Molten Man, Inferno Incarnate",,Uncommon,84,Magic: The Gathering | Marvel's Spider-Man,https://product-images.s3.cardmarket.com/1/SPM/846993/846993.jpg,9024,"0,02 €","0,07 €","0,05 €","0,07 €","0,02 €"
Morbius the Living Vampire,,Uncommon,137,Magic: The Gathering | Marvel's Spider-Man,https://product-images.s3.cardmarket.com/1/SPM/846667/846667.jpg,8455,"0,02 €","0,09 €","0,08 €","0,08 €","0,08 €"
"Morlun, Devourer of Spiders",,Rare,59,Magic: The Gathering | Marvel's Spider-Man,https://product-images.s3.cardmarket.com/1/SPM/839545/839545.jpg,3097,"0,05 €","0,33 €","0,33 €","0,35 €","0,10 €"
Mountain,V.1,Land,192,Magic: The Gathering | Marvel's Spider-Man,https://product-images.s3.cardmarket.com/1/SPM/839587/839587.jpg,8029,"0,04 €","0,20 €","0,21 €","0,24 €","0,04 €"
Mountain,V.2,Land,197,Magic: The Gathering | Marvel's Spider-Man,https://product-images.s3.cardmarket.com/1/SPM/839592/839592.jpg,4599,"0,02 €","0,15 €","0,17 €","0,16 €","0,11 €"
Multiversal Passage,,Rare,180,Magic: The Gathering | Marvel's Spider-Man,https://product-images.s3.cardmarket.com/1/SPM/845859/845859.jpg,761,£8.00,"10,37 €","9,95 €","10,74 €","10,99 €"
"Mysterio, Master of Illusion",,Rare,37,Magic: The Gathering | Marvel's Spider-Man,https://product-images.s3.cardmarket.com/1/SPM/846636/846636.jpg,5002,"0,03 €","0,14 €","0,15 €","0,15 €","0,10 €"
Mysterio's Phantasm,,Common,38,Magic: The Gathering | Marvel's Spider-Man,https://product-images.s3.cardmarket.com/1/SPM/845839/845839.jpg,15884,"0,02 €","0,03 €","0,04 €","0,04 €","0,02 €"
News Helicopter,,Common,169,Magic: The Gathering | Marvel's Spider-Man,https://product-images.s3.cardmarket.com/1/SPM/839582/839582.jpg,16256,"0,02 €","0,02 €","0,04 €","0,04 €","0,02 €"
Norman Osborn // Green Goblin,,Mythic,39,Magic: The Gathering | Marvel's Spider-Man,https://product-images.s3.cardmarket.com/1/SPM/846986/846986.jpg,1467,"4,00 €","5,89 €","6,14 €","6,00 €","6,78 €"
Ominous Asylum,,Common,181,Magic: The Gathering | Marvel's Spider-Man,https://product-images.s3.cardmarket.com/1/SPM/839584/839584.jpg,12568,"0,02 €","0,10 €","0,08 €","0,11 €","0,07 €"
Origin of Spider-Man,,Rare,9,Magic: The Gathering | Marvel's Spider-Man,https://product-images.s3.cardmarket.com/1/SPM/847074/847074.jpg,3565,"0,02 €","0,24 €","0,22 €","0,25 €","0,19 €"
Oscorp Industries,,Rare,182,Magic: The Gathering | Marvel's Spider-Man,https://product-images.s3.cardmarket.com/1/SPM/846687/846687.jpg,3514,"0,15 €","0,88 €","0,80 €","0,85 €","1,41 €"
Oscorp Research Team,,Common,40,Magic: The Gathering | Marvel's Spider-Man,https://product-images.s3.cardmarket.com/1/SPM/845840/845840.jpg,16525,"0,02 €","0,03 €","0,03 €","0,02 €","0,02 €"
Parker Luck,,Rare,60,Magic: The Gathering | Marvel's Spider-Man,https://product-images.s3.cardmarket.com/1/SPM/846991/846991.jpg,4154,"0,04 €","0,22 €","0,21 €","0,22 €","0,12 €"
Passenger Ferry,,Common,170,Magic: The Gathering | Marvel's Spider-Man,https://product-images.s3.cardmarket.com/1/SPM/846682/846682.jpg,16295,"0,02 €","0,04 €","0,04 €","0,04 €","0,02 €"
Peter Parker // Amazing Spider-Man,,Mythic,10,Magic: The Gathering | Marvel's Spider-Man,https://product-images.s3.cardmarket.com/1/SPM/839529/839529.jpg,1633,£2.00,"3,72 €","3,77 €","3,74 €","3,70 €"
Peter Parker's Camera,,Rare,171,Magic: The Gathering | Marvel's Spider-Man,https://product-images.s3.cardmarket.com/1/SPM/846683/846683.jpg,3147,£0.29,"1,26 €","1,27 €","1,24 €","1,16 €"
Pictures of Spider-Man,,Uncommon,109,Magic: The Gathering | Marvel's Spider-Man,https://product-images.s3.cardmarket.com/1/SPM/839570/839570.jpg,8875,"0,02 €","0,10 €","0,08 €","0,08 €","0,02 €"
Plains,V.1,Land,189,Magic: The Gathering | Marvel's Spider-Man,https://product-images.s3.cardmarket.com/1/SPM/846690/846690.jpg,8229,"0,02 €","0,20 €","0,19 €","0,26 €","0,05 €"
Plains,V.2,Land,194,Magic: The Gathering | Marvel's Spider-Man,https://product-images.s3.cardmarket.com/1/SPM/839589/839589.jpg,5498,"0,02 €","0,15 €","0,14 €","0,18 €","0,16 €"
Prison Break,,Uncommon,61,Magic: The Gathering | Marvel's Spider-Man,https://product-images.s3.cardmarket.com/1/SPM/846644/846644.jpg,9001,"0,02 €","0,07 €","0,09 €","0,07 €","0,03 €"
Professional Wrestler,,Common,110,Magic: The Gathering | Marvel's Spider-Man,https://product-images.s3.cardmarket.com/1/SPM/845847/845847.jpg,16331,"0,02 €","0,05 €","0,04 €","0,05 €","0,02 €"
"Prowler, Clawed Thief",,Uncommon,138,Magic: The Gathering | Marvel's Spider-Man,https://product-images.s3.cardmarket.com/1/SPM/846999/846999.jpg,8891,"0,02 €","0,07 €","0,06 €","0,07 €","0,02 €"
Pumpkin Bombardment,,Common,139,Magic: The Gathering | Marvel's Spider-Man,https://product-images.s3.cardmarket.com/1/SPM/845852/845852.jpg,15627,"0,02 €","0,02 €","0,06 €","0,03 €","0,02 €"
Radioactive Spider,,Rare,111,Magic: The Gathering | Marvel's Spider-Man,https://product-images.s3.cardmarket.com/1/SPM/846657/846657.jpg,3190,"0,05 €","0,22 €","0,28 €","0,25 €","0,25 €"
Raging Goblinoids,,Uncommon,85,Magic: The Gathering | Marvel's Spider-Man,https://product-images.s3.cardmarket.com/1/SPM/847081/847081.jpg,8872,"0,02 €","0,04 €","0,07 €","0,05 €","0,03 €"
Rent Is Due,,Rare,11,Magic: The Gathering | Marvel's Spider-Man,https://product-images.s3.cardmarket.com/1/SPM/839530/839530.jpg,4473,£0.02,"0,17 €","0,19 €","0,20 €","0,13 €"
"Rhino, Barreling Brute",,Uncommon,140,Magic: The Gathering | Marvel's Spider-Man,https://product-images.s3.cardmarket.com/1/SPM/846668/846668.jpg,8628,"0,02 €","0,06 €","0,06 €","0,07 €","0,02 €"
Rhino's Rampage,,Uncommon,141,Magic: The Gathering | Marvel's Spider-Man,https://product-images.s3.cardmarket.com/1/SPM/845853/845853.jpg,7620,"0,02 €","0,09 €","0,10 €","0,08 €","0,03 €"
Risky Research,,Common,62,Magic: The Gathering | Marvel's Spider-Man,https://product-images.s3.cardmarket.com/1/SPM/846645/846645.jpg,15963,"0,02 €","0,06 €","0,07 €","0,07 €","0,08 €"
Robotics Mastery,,Uncommon,41,Magic: The Gathering | Marvel's Spider-Man,https://product-images.s3.cardmarket.com/1/SPM/839541/839541.jpg,9378,"0,02 €","0,06 €","0,06 €","0,07 €","0,02 €"
Rocket-Powered Goblin Glider,,Rare,172,Magic: The Gathering | Marvel's Spider-Man,https://product-images.s3.cardmarket.com/1/SPM/845928/845928.jpg,4525,"0,02 €","0,12 €","0,15 €","0,14 €","0,15 €"
Romantic Rendezvous,,Common,86,Magic: The Gathering | Marvel's Spider-Man,https://product-images.s3.cardmarket.com/1/SPM/845846/845846.jpg,15417,"0,02 €","0,08 €","0,07 €","0,06 €","0,02 €"
"Sandman, Shifting Scoundrel",,Rare,112,Magic: The Gathering | Marvel's Spider-Man,https://product-images.s3.cardmarket.com/1/SPM/846658/846658.jpg,3758,£0.08,"0,50 €","0,44 €","0,46 €","0,48 €"
Sandman's Quicksand,,Uncommon,63,Magic: The Gathering | Marvel's Spider-Man,https://product-images.s3.cardmarket.com/1/SPM/839546/839546.jpg,9048,"0,02 €","0,03 €","0,07 €","0,07 €","0,04 €"
Savage Mansion,,Common,183,Magic: The Gathering | Marvel's Spider-Man,https://product-images.s3.cardmarket.com/1/SPM/846688/846688.jpg,12526,"0,02 €","0,06 €","0,07 €","0,08 €","0,13 €"
"Scarlet Spider, Ben Reilly",,Rare,142,Magic: The Gathering | Marvel's Spider-Man,https://product-images.s3.cardmarket.com/1/SPM/846669/846669.jpg,3191,"0,10 €","0,32 €","0,31 €","0,27 €","0,18 €"
"Scarlet Spider, Kaine",,Uncommon,143,Magic: The Gathering | Marvel's Spider-Man,https://product-images.s3.cardmarket.com/1/SPM/846670/846670.jpg,8109,"0,02 €","0,07 €","0,08 €","0,04 €","0,02 €"
School Daze,,Uncommon,42,Magic: The Gathering | Marvel's Spider-Man,https://product-images.s3.cardmarket.com/1/SPM/846637/846637.jpg,8994,"0,02 €","0,04 €","0,06 €","0,05 €","0,02 €"
"Scorpion, Seething Striker",,Uncommon,64,Magic: The Gathering | Marvel's Spider-Man,https://product-images.s3.cardmarket.com/1/SPM/846646/846646.jpg,9053,"0,02 €","0,06 €","0,06 €","0,06 €","0,05 €"
Scorpion's Sting,,Common,65,Magic: The Gathering | Marvel's Spider-Man,https://product-images.s3.cardmarket.com/1/SPM/839547/839547.jpg,16231,"0,02 €","0,05 €","0,04 €","0,04 €","0,02 €"
Scout the City,,Common,113,Magic: The Gathering | Marvel's Spider-Man,https://product-images.s3.cardmarket.com/1/SPM/845848/845848.jpg,15680,"0,02 €","0,05 €","0,04 €","0,04 €","0,02 €"
Secret Identity,,Uncommon,43,Magic: The Gathering | Marvel's Spider-Man,https://product-images.s3.cardmarket.com/1/SPM/846638/846638.jpg,8339,"0,02 €","0,12 €","0,09 €","0,10 €","0,06 €"
Selfless Police Captain,,Common,12,Magic: The Gathering | Marvel's Spider-Man,https://product-images.s3.cardmarket.com/1/SPM/845929/845929.jpg,16087,"0,02 €","0,05 €","0,04 €","0,03 €","0,02 €"
Shadow of the Goblin,,Rare,87,Magic: The Gathering | Marvel's Spider-Man,https://product-images.s3.cardmarket.com/1/SPM/839557/839557.jpg,2120,"0,10 €","0,56 €","0,54 €","0,55 €","0,53 €"
Shock,,Common,88,Magic: The Gathering | Marvel's Spider-Man,https://product-images.s3.cardmarket.com/1/SPM/846650/846650.jpg,16233,"0,02 €","0,02 €","0,05 €","0,04 €","0,05 €"
"Shocker, Unshakable",,Uncommon,89,Magic: The Gathering | Marvel's Spider-Man,https://product-images.s3.cardmarket.com/1/SPM/839558/839558.jpg,9414,£0.02,"0,04 €","0,05 €","0,04 €","0,02 €"
"Shriek, Treblemaker",,Uncommon,144,Magic: The Gathering | Marvel's Spider-Man,https://product-images.s3.cardmarket.com/1/SPM/846671/846671.jpg,8945,"0,02 €","0,04 €","0,06 €","0,05 €","0,02 €"
"Silk, Web Weaver",,Rare,145,Magic: The Gathering | Marvel's Spider-Man,https://product-images.s3.cardmarket.com/1/SPM/847000/847000.jpg,3491,£0.02,"0,25 €","0,26 €","0,21 €","0,31 €"
"Silver Sable, Mercenary Leader",,Uncommon,13,Magic: The Gathering | Marvel's Spider-Man,https://product-images.s3.cardmarket.com/1/SPM/839531/839531.jpg,8943,"0,02 €","0,05 €","0,07 €","0,05 €","0,02 €"
Sinister Hideout,,Common,184,Magic: The Gathering | Marvel's Spider-Man,https://product-images.s3.cardmarket.com/1/SPM/847085/847085.jpg,12397,"0,02 €","0,02 €","0,12 €","0,08 €","0,07 €"
Skyward Spider,,Common,146,Magic: The Gathering | Marvel's Spider-Man,https://product-images.s3.cardmarket.com/1/SPM/847084/847084.jpg,14281,"0,02 €","0,15 €","0,11 €","0,10 €","0,06 €"
"SP//dr, Piloted by Peni",,Uncommon,147,Magic: The Gathering | Marvel's Spider-Man,https://product-images.s3.cardmarket.com/1/SPM/846614/846614.jpg,6506,"0,02 €","0,04 €","0,10 €","0,06 €","0,02 €"
Spectacular Spider-Man,,Rare,14,Magic: The Gathering | Marvel's Spider-Man,https://product-images.s3.cardmarket.com/1/SPM/846985/846985.jpg,2690,£2.50,"3,72 €","4,04 €","3,71 €","3,47 €"
Spectacular Tactics,,Common,15,Magic: The Gathering | Marvel's Spider-Man,https://product-images.s3.cardmarket.com/1/SPM/839595/839595.jpg,15037,"0,02 €","0,10 €","0,09 €","0,14 €","0,12 €"
Spider-Bot,,Common,173,Magic: The Gathering | Marvel's Spider-Man,https://product-images.s3.cardmarket.com/1/SPM/846684/846684.jpg,16339,"0,02 €","0,04 €","0,06 €","0,04 €","0,02 €"
"Spider-Byte, Web Warden",,Uncommon,44,Magic: The Gathering | Marvel's Spider-Man,https://product-images.s3.cardmarket.com/1/SPM/846987/846987.jpg,9023,"0,02 €","0,06 €","0,06 €","0,06 €","0,02 €"
"Spider-Girl, Legacy Hero",,Uncommon,149,Magic: The Gathering | Marvel's Spider-Man,https://product-images.s3.cardmarket.com/1/SPM/846672/846672.jpg,8624,"0,02 €","0,06 €","0,07 €","0,08 €","0,02 €"
"Spider-Gwen, Free Spirit",,Common,90,Magic: The Gathering | Marvel's Spider-Man,https://product-images.s3.cardmarket.com/1/SPM/839559/839559.jpg,15749,"0,02 €","0,05 €","0,06 €","0,04 €","0,03 €"
"Spider-Ham, Peter Porker",,Rare,114,Magic: The Gathering | Marvel's Spider-Man,https://product-images.s3.cardmarket.com/1/SPM/839571/839571.jpg,3219,"0,05 €","0,32 €","0,34 €","0,30 €","0,28 €"
Spider-Islanders,,Common,91,Magic: The Gathering | Marvel's Spider-Man,https://product-images.s3.cardmarket.com/1/SPM/839560/839560.jpg,16096,"0,02 €","0,06 €","0,07 €","0,07 €","0,02 €"
Spider-Man 2099,,Rare,150,Magic: The Gathering | Marvel's Spider-Man,https://product-images.s3.cardmarket.com/1/SPM/847001/847001.jpg,2793,£0.10,"0,34 €","0,39 €","0,37 €","0,23 €"
"Spider-Man, Brooklyn Visionary",,Common,115,Magic: The Gathering | Marvel's Spider-Man,https://product-images.s3.cardmarket.com/1/SPM/839572/839572.jpg,15053,"0,02 €","0,09 €","0,06 €","0,05 €","0,04 €"
Spider-Man India,,Uncommon,151,Magic: The Gathering | Marvel's Spider-Man,https://product-images.s3.cardmarket.com/1/SPM/839577/839577.jpg,8492,"0,02 €","0,08 €","0,07 €","0,07 €","0,02 €"
Spider-Man No More,,Common,45,Magic: The Gathering | Marvel's Spider-Man,https://product-images.s3.cardmarket.com/1/SPM/839542/839542.jpg,15648,"0,02 €","0,05 €","0,06 €","0,03 €","0,03 €"
Spider-Man Noir,,Uncommon,67,Magic: The Gathering | Marvel's Spider-Man,https://product-images.s3.cardmarket.com/1/SPM/841128/841128.jpg,6444,"0,02 €","0,07 €","0,08 €","0,07 €","0,02 €"
"Spider-Man, Web-Slinger",,Common,16,Magic: The Gathering | Marvel's Spider-Man,https://product-images.s3.cardmarket.com/1/SPM/839532/839532.jpg,13345,£0.02,"0,07 €","0,11 €","0,10 €","0,02 €"
Spider Manifestation,,Common,148,Magic: The Gathering | Marvel's Spider-Man,https://product-images.s3.cardmarket.com/1/SPM/839576/839576.jpg,13036,£0.02,"0,11 €","0,11 €","0,10 €","0,14 €"
Spider-Mobile,,Uncommon,174,Magic: The Gathering | Marvel's Spider-Man,https://product-images.s3.cardmarket.com/1/SPM/839583/839583.jpg,9052,"0,02 €","0,06 €","0,08 €","0,06 €","0,05 €"
Spider-Punk,,Rare,92,Magic: The Gathering | Marvel's Spider-Man,https://product-images.s3.cardmarket.com/1/SPM/839561/839561.jpg,2053,£1.34,"2,60 €","2,78 €","2,63 €","2,67 €"
"Spider-Rex, Daring Dino",,Common,116,Magic: The Gathering | Marvel's Spider-Man,https://product-images.s3.cardmarket.com/1/SPM/839944/839944.jpg,15299,"0,02 €","0,06 €","0,08 €","0,05 €","0,02 €"
Spider-Sense,,Rare,46,Magic: The Gathering | Marvel's Spider-Man,https://product-images.s3.cardmarket.com/1/SPM/846988/846988.jpg,2412,"0,50 €","1,53 €","1,78 €","1,63 €","1,66 €"
"Spider-Slayer, Hatred Honed",,Uncommon,175,Magic: The Gathering | Marvel's Spider-Man,https://product-images.s3.cardmarket.com/1/SPM/846685/846685.jpg,9257,"0,02 €","0,02 €","0,05 €","0,03 €","0,02 €"
Spider-Suit,,Uncommon,176,Magic: The Gathering | Marvel's Spider-Man,https://product-images.s3.cardmarket.com/1/SPM/847003/847003.jpg,9037,"0,02 €","0,05 €","0,06 €","0,05 €","0,04 €"
Spider-UK,,Uncommon,17,Magic: The Gathering | Marvel's Spider-Man,https://product-images.s3.cardmarket.com/1/SPM/839533/839533.jpg,8524,"0,02 €","0,05 €","0,07 €","0,05 €","0,02 €"
Spider-Verse,,Mythic,93,Magic: The Gathering | Marvel's Spider-Man,https://product-images.s3.cardmarket.com/1/SPM/839562/839562.jpg,1758,"0,49 €","0,97 €","1,11 €","0,96 €","1,17 €"
"Spider-Woman, Stunning Savior",,Rare,152,Magic: The Gathering | Marvel's Spider-Man,https://product-images.s3.cardmarket.com/1/SPM/845854/845854.jpg,3168,"0,20 €","0,72 €","0,83 €","0,76 €","0,68 €"
"Spiders-Man, Heroic Horde",,Uncommon,117,Magic: The Gathering | Marvel's Spider-Man,https://product-images.s3.cardmarket.com/1/SPM/839573/839573.jpg,8838,"0,02 €","0,07 €","0,07 €","0,05 €","0,02 €"
Spinneret and Spiderling,,Rare,94,Magic: The Gathering | Marvel's Spider-Man,https://product-images.s3.cardmarket.com/1/SPM/846651/846651.jpg,4782,"0,02 €","0,14 €","0,15 €","0,15 €","0,12 €"
"Starling, Aerial Ally",,Common,18,Magic: The Gathering | Marvel's Spider-Man,https://product-images.s3.cardmarket.com/1/SPM/846615/846615.jpg,16471,"0,02 €","0,02 €","0,02 €","0,02 €","0,02 €"
Steel Wrecking Ball,,Common,177,Magic: The Gathering | Marvel's Spider-Man,https://product-images.s3.cardmarket.com/1/SPM/845857/845857.jpg,15740,"0,02 €","0,09 €","0,09 €","0,06 €","0,02 €"
Stegron the Dinosaur Man,,Common,95,Magic: The Gathering | Marvel's Spider-Man,https://product-images.s3.cardmarket.com/1/SPM/846652/846652.jpg,16060,"0,02 €","0,05 €","0,05 €","0,04 €","0,03 €"
Strength of Will,,Rare,118,Magic: The Gathering | Marvel's Spider-Man,https://product-images.s3.cardmarket.com/1/SPM/845932/845932.jpg,2819,"0,20 €","0,54 €","0,61 €","0,59 €","0,66 €"
Suburban Sanctuary,,Common,185,Magic: The Gathering | Marvel's Spider-Man,https://product-images.s3.cardmarket.com/1/SPM/847086/847086.jpg,12506,"0,02 €","0,05 €","0,07 €","0,05 €","0,02 €"
Subway Train,,Common,178,Magic: The Gathering | Marvel's Spider-Man,https://product-images.s3.cardmarket.com/1/SPM/845858/845858.jpg,16111,"0,02 €","0,07 €","0,06 €","0,04 €","0,02 €"
Sudden Strike,,Uncommon,19,Magic: The Gathering | Marvel's Spider-Man,https://product-images.s3.cardmarket.com/1/SPM/839534/839534.jpg,8716,"0,02 €","0,09 €","0,08 €","0,09 €","0,02 €"
"Sun-Spider, Nimble Webber",,Uncommon,154,Magic: The Gathering | Marvel's Spider-Man,https://product-images.s3.cardmarket.com/1/SPM/846674/846674.jpg,8937,"0,02 €","0,12 €","0,06 €","0,11 €","0,03 €"
Superior Foes of Spider-Man,,Uncommon,96,Magic: The Gathering | Marvel's Spider-Man,https://product-images.s3.cardmarket.com/1/SPM/839943/839943.jpg,9222,"0,02 €","0,03 €","0,07 €","0,06 €","0,03 €"
Superior Spider-Man,,Rare,155,Magic: The Gathering | Marvel's Spider-Man,https://product-images.s3.cardmarket.com/1/SPM/847002/847002.jpg,2140,£0.63,"1,79 €","2,36 €","1,76 €","1,60 €"
Supportive Parents,,Uncommon,119,Magic: The Gathering | Marvel's Spider-Man,https://product-images.s3.cardmarket.com/1/SPM/846660/846660.jpg,8746,"0,02 €","0,08 €","0,08 €","0,08 €","0,09 €"
Swamp,V.1,Land,191,Magic: The Gathering | Marvel's Spider-Man,https://product-images.s3.cardmarket.com/1/SPM/839586/839586.jpg,7188,"0,02 €","0,27 €","0,26 €","0,29 €","0,38 €"
Swamp,V.2,Land,196,Magic: The Gathering | Marvel's Spider-Man,https://product-images.s3.cardmarket.com/1/SPM/839591/839591.jpg,5125,"0,02 €","0,09 €","0,12 €","0,10 €","0,10 €"
"Swarm, Being of Bees",,Common,69,Magic: The Gathering | Marvel's Spider-Man,https://product-images.s3.cardmarket.com/1/SPM/846992/846992.jpg,14284,"0,02 €","0,06 €","0,09 €","0,05 €","0,02 €"
Symbiote Spider-Man,,Rare,156,Magic: The Gathering | Marvel's Spider-Man,https://product-images.s3.cardmarket.com/1/SPM/846675/846675.jpg,3429,£0.04,"0,33 €","0,33 €","0,34 €","0,34 €"
Taxi Driver,,Common,97,Magic: The Gathering | Marvel's Spider-Man,https://product-images.s3.cardmarket.com/1/SPM/846994/846994.jpg,16350,"0,02 €","0,03 €","0,05 €","0,04 €","0,02 €"
Terrific Team-Up,,Uncommon,120,Magic: The Gathering | Marvel's Spider-Man,https://product-images.s3.cardmarket.com/1/SPM/846661/846661.jpg,8856,"0,02 €","0,08 €","0,06 €","0,07 €","0,02 €"
The Clone Saga,,Rare,28,Magic: The Gathering | Marvel's Spider-Man,https://product-images.s3.cardmarket.com/1/SPM/846618/846618.jpg,3996,"0,02 €","0,18 €","0,17 €","0,19 €","0,13 €"
The Death of Gwen Stacy,,Rare,54,Magic: The Gathering | Marvel's Spider-Man,https://product-images.s3.cardmarket.com/1/SPM/846642/846642.jpg,3548,£0.02,"0,20 €","0,20 €","0,20 €","0,23 €"
The Soul Stone,,Mythic,66,Magic: The Gathering | Marvel's Spider-Man,https://product-images.s3.cardmarket.com/1/SPM/839548/839548.jpg,1038,"39,99 €","40,45 €","36,22 €","41,34 €","41,59 €"
"The Spot, Living Portal",,Rare,153,Magic: The Gathering | Marvel's Spider-Man,https://product-images.s3.cardmarket.com/1/SPM/846673/846673.jpg,4294,"0,02 €","0,13 €","0,13 €","0,14 €","0,04 €"
The Spot's Portal,,Uncommon,68,Magic: The Gathering | Marvel's Spider-Man,https://product-images.s3.cardmarket.com/1/SPM/839549/839549.jpg,8765,"0,02 €","0,07 €","0,08 €","0,12 €","0,02 €"
Thwip!,,Common,20,Magic: The Gathering | Marvel's Spider-Man,https://product-images.s3.cardmarket.com/1/SPM/847076/847076.jpg,16199,"0,02 €","0,04 €","0,04 €","0,04 €","0,02 €"
"Tombstone, Career Criminal",,Uncommon,70,Magic: The Gathering | Marvel's Spider-Man,https://product-images.s3.cardmarket.com/1/SPM/846647/846647.jpg,9096,"0,02 €","0,09 €","0,08 €","0,08 €","0,04 €"
Ultimate Green Goblin,,Rare,157,Magic: The Gathering | Marvel's Spider-Man,https://product-images.s3.cardmarket.com/1/SPM/839578/839578.jpg,3782,"0,04 €","0,24 €","0,27 €","0,27 €","0,33 €"
University Campus,,Common,186,Magic: The Gathering | Marvel's Spider-Man,https://product-images.s3.cardmarket.com/1/SPM/846689/846689.jpg,12730,"0,02 €","0,03 €","0,08 €","0,06 €","0,02 €"
Unstable Experiment,,Common,47,Magic: The Gathering | Marvel's Spider-Man,https://product-images.s3.cardmarket.com/1/SPM/846639/846639.jpg,15826,"0,02 €","0,08 €","0,07 €","0,07 €","0,04 €"
Urban Retreat,,Rare,187,Magic: The Gathering | Marvel's Spider-Man,https://product-images.s3.cardmarket.com/1/SPM/847004/847004.jpg,3629,"0,10 €","0,72 €","0,67 €","0,80 €","0,63 €"
"Venom, Evil Unleashed",,Common,71,Magic: The Gathering | Marvel's Spider-Man,https://product-images.s3.cardmarket.com/1/SPM/839550/839550.jpg,15549,"0,02 €","0,07 €","0,06 €","0,07 €","0,03 €"
Venomized Cat,,Common,72,Magic: The Gathering | Marvel's Spider-Man,https://product-images.s3.cardmarket.com/1/SPM/839551/839551.jpg,15518,"0,02 €","0,03 €","0,08 €","0,05 €","0,02 €"
Venom's Hunger,,Common,73,Magic: The Gathering | Marvel's Spider-Man,https://product-images.s3.cardmarket.com/1/SPM/846648/846648.jpg,15997,"0,02 €","0,05 €","0,04 €","0,04 €","0,03 €"
Vibrant Cityscape,,Common,188,Magic: The Gathering | Marvel's Spider-Man,https://product-images.s3.cardmarket.com/1/SPM/847005/847005.jpg,14114,"0,02 €","0,11 €","0,13 €","0,12 €","0,09 €"
Villainous Wrath,,Rare,74,Magic: The Gathering | Marvel's Spider-Man,https://product-images.s3.cardmarket.com/1/SPM/839552/839552.jpg,3001,"0,10 €","0,54 €","0,51 €","0,56 €","0,58 €"
"Vulture, Scheming Scavenger",,Uncommon,158,Magic: The Gathering | Marvel's Spider-Man,https://product-images.s3.cardmarket.com/1/SPM/845855/845855.jpg,9176,"0,02 €","0,07 €","0,06 €","0,06 €","0,04 €"
Wall Crawl,,Uncommon,121,Magic: The Gathering | Marvel's Spider-Man,https://product-images.s3.cardmarket.com/1/SPM/846662/846662.jpg,8771,"0,02 €","0,09 €","0,06 €","0,07 €","0,02 €"
Web of Life and Destiny,,Mythic,122,Magic: The Gathering | Marvel's Spider-Man,https://product-images.s3.cardmarket.com/1/SPM/846996/846996.jpg,2218,"1,16 €","1,99 €","2,40 €","2,24 €","1,88 €"
Web-Shooters,,Uncommon,22,Magic: The Gathering | Marvel's Spider-Man,https://product-images.s3.cardmarket.com/1/SPM/839536/839536.jpg,9003,"0,02 €","0,07 €","0,06 €","0,04 €","0,05 €"
Web Up,,Common,21,Magic: The Gathering | Marvel's Spider-Man,https://product-images.s3.cardmarket.com/1/SPM/839535/839535.jpg,16431,"0,02 €","0,06 €","0,05 €","0,04 €","0,02 €"
Web-Warriors,,Uncommon,159,Magic: The Gathering | Marvel's Spider-Man,https://product-images.s3.cardmarket.com/1/SPM/845856/845856.jpg,6750,"0,02 €","0,06 €","0,07 €","0,05 €","0,02 €"
Whoosh!,,Common,48,Magic: The Gathering | Marvel's Spider-Man,https://product-images.s3.cardmarket.com/1/SPM/839543/839543.jpg,15982,"0,02 €","0,07 €","0,06 €","0,08 €","0,08 €"
Wild Pack Squad,,Common,23,Magic: The Gathering | Marvel's Spider-Man,https://product-images.s3.cardmarket.com/1/SPM/846616/846616.jpg,16583,"0,02 €","0,04 €","0,06 €","0,02 €","0,02 €"
Wisecrack,,Uncommon,98,Magic: The Gathering | Marvel's Spider-Man,https://product-images.s3.cardmarket.com/1/SPM/839563/839563.jpg,8922,"0,02 €","0,10 €","0,07 €","0,13 €","0,02 €"
With Great Power...,,Rare,24,Magic: The Gathering | Marvel's Spider-Man,https://product-images.s3.cardmarket.com/1/SPM/839537/839537.jpg,3952,"0,09 €","0,24 €","0,31 €","0,26 €","0,21 €"
"Wraith, Vicious Vigilante",,Uncommon,160,Magic: The Gathering | Marvel's Spider-Man,https://product-images.s3.cardmarket.com/1/SPM/839579/839579.jpg,8725,"0,02 €","0,06 €","0,05 €","0,06 €","0,02 €"
A Killer Among Us,,Uncommon,167,Murders at Karlov Manor,https://product-images.s3.cardmarket.com/1/MKM/753613/753613.jpg,8437,"0,02 €","0,07 €","0,05 €","0,07 €","0,05 €"
Absolving Lammasu,,Uncommon,2,Murders at Karlov Manor,https://product-images.s3.cardmarket.com/1/MKM/752585/752585.jpg,8708,"0,02 €","0,03 €","0,03 €","0,02 €","0,05 €"
Aftermath Analyst,,Uncommon,148,Murders at Karlov Manor,https://product-images.s3.cardmarket.com/1/MKM/753027/753027.jpg,3711,"0,80 €","1,27 €","1,37 €","1,38 €","1,29 €"
Agency Coroner,,Common,75,Murders at Karlov Manor,https://product-images.s3.cardmarket.com/1/MKM/753014/753014.jpg,16051,£0.02,"0,02 €","0,03 €","0,04 €","0,02 €"
Agency Outfitter,,Uncommon,38,Murders at Karlov Manor,https://product-images.s3.cardmarket.com/1/MKM/753009/753009.jpg,8647,"0,02 €","0,06 €","0,04 €","0,04 €","0,05 €"
"Agrus Kos, Spirit of Justice",,Mythic,184,Murders at Karlov Manor,https://product-images.s3.cardmarket.com/1/MKM/750926/750926.jpg,2539,"0,14 €","0,45 €","0,39 €","0,49 €","0,85 €"
Airtight Alibi,,Common,149,Murders at Karlov Manor,https://product-images.s3.cardmarket.com/1/MKM/751864/751864.jpg,15748,"0,02 €","0,05 €","0,05 €","0,08 €","0,24 €"
Alley Assailant,,Common,76,Murders at Karlov Manor,https://product-images.s3.cardmarket.com/1/MKM/751854/751854.jpg,16023,"0,02 €","0,04 €","0,03 €","0,05 €","0,02 €"
"Alquist Proft, Master Sleuth",,Mythic,185,Murders at Karlov Manor,https://product-images.s3.cardmarket.com/1/MKM/750885/750885.jpg,2803,"0,10 €","0,35 €","0,29 €","0,29 €","0,44 €"
Analyze the Pollen,,Rare,150,Murders at Karlov Manor,https://product-images.s3.cardmarket.com/1/MKM/750911/750911.jpg,2898,£0.10,"0,46 €","0,52 €","0,41 €","0,45 €"
"Anzrag, the Quake-Mole",,Mythic,186,Murders at Karlov Manor,https://product-images.s3.cardmarket.com/1/MKM/750669/750669.jpg,1330,"1,95 €","2,77 €","2,63 €","2,79 €","3,12 €"
Anzrag's Rampage,,Rare,111,Murders at Karlov Manor,https://product-images.s3.cardmarket.com/1/MKM/751367/751367.jpg,4847,"0,02 €","0,25 €","0,22 €","0,24 €","0,28 €"
Archdruid's Charm,,Rare,151,Murders at Karlov Manor,https://product-images.s3.cardmarket.com/1/MKM/750893/750893.jpg,1874,"2,90 €","4,08 €","4,07 €","4,08 €","4,07 €"
Assassin's Trophy,,Rare,187,Murders at Karlov Manor,https://product-images.s3.cardmarket.com/1/MKM/751958/751958.jpg,993,"1,00 €","2,40 €","2,34 €","2,39 €","2,32 €"
Assemble the Players,,Rare,3,Murders at Karlov Manor,https://product-images.s3.cardmarket.com/1/MKM/752484/752484.jpg,4196,"0,10 €","0,34 €","0,33 €","0,34 €","0,23 €"
Audience with Trostani,,Rare,152,Murders at Karlov Manor,https://product-images.s3.cardmarket.com/1/MKM/751954/751954.jpg,5894,"0,02 €","0,19 €","0,16 €","0,19 €","0,18 €"
"Aurelia, the Law Above",,Rare,188,Murders at Karlov Manor,https://product-images.s3.cardmarket.com/1/MKM/750898/750898.jpg,1683,"0,25 €","1,08 €","1,00 €","1,02 €","0,94 €"
Aurelia's Vindicator,,Mythic,4,Murders at Karlov Manor,https://product-images.s3.cardmarket.com/1/MKM/751191/751191.jpg,2335,"0,09 €","0,72 €","0,48 €","0,70 €","0,10 €"
Auspicious Arrival,,Common,5,Murders at Karlov Manor,https://product-images.s3.cardmarket.com/1/MKM/750927/750927.jpg,12522,"0,02 €","0,10 €","0,04 €","0,13 €","0,02 €"
Axebane Ferox,,Rare,153,Murders at Karlov Manor,https://product-images.s3.cardmarket.com/1/MKM/753028/753028.jpg,6040,"0,04 €","0,19 €","0,20 €","0,18 €","0,10 €"
Barbed Servitor,,Rare,77,Murders at Karlov Manor,https://product-images.s3.cardmarket.com/1/MKM/752491/752491.jpg,5204,"0,05 €","0,21 €","0,21 €","0,20 €","0,18 €"
Basilica Stalker,,Common,78,Murders at Karlov Manor,https://product-images.s3.cardmarket.com/1/MKM/751952/751952.jpg,15830,£0.02,"0,12 €","0,06 €","0,07 €","0,14 €"
Behind the Mask,,Common,39,Murders at Karlov Manor,https://product-images.s3.cardmarket.com/1/MKM/752599/752599.jpg,15835,£0.02,"0,12 €","0,08 €","0,16 €","0,24 €"
Benthic Criminologists,,Common,40,Murders at Karlov Manor,https://product-images.s3.cardmarket.com/1/MKM/752488/752488.jpg,16217,"0,02 €","0,02 €","0,02 €","0,02 €","0,02 €"
Bite Down on Crime,,Common,154,Murders at Karlov Manor,https://product-images.s3.cardmarket.com/1/MKM/750928/750928.jpg,15799,£0.02,"0,05 €","0,05 €","0,06 €","0,03 €"
Blood Spatter Analysis,,Rare,189,Murders at Karlov Manor,https://product-images.s3.cardmarket.com/1/MKM/750670/750670.jpg,7175,"0,04 €","0,09 €","0,11 €","0,11 €","0,05 €"
Bolrac-Clan Basher,,Uncommon,112,Murders at Karlov Manor,https://product-images.s3.cardmarket.com/1/MKM/753021/753021.jpg,8495,"0,02 €","0,02 €","0,05 €","0,03 €","0,02 €"
Branch of Vitu-Ghazi,,Uncommon,258,Murders at Karlov Manor,https://product-images.s3.cardmarket.com/1/MKM/753044/753044.jpg,9736,"0,02 €","0,09 €","0,12 €","0,09 €","0,06 €"
Break Out,V.1,Uncommon,190,Murders at Karlov Manor,https://product-images.s3.cardmarket.com/1/MKM/753030/753030.jpg,3424,£0.02,"0,17 €","0,21 €","0,17 €","0,20 €"
Break Out,V.2,Uncommon,190,Murders at Karlov Manor,https://product-images.s3.cardmarket.com/1/MKM/755761/755761.jpg,3581,"0,02 €","0,26 €","0,27 €","0,26 €","0,16 €"
Bubble Smuggler,,Common,41,Murders at Karlov Manor,https://product-images.s3.cardmarket.com/1/MKM/750659/750659.jpg,15965,"0,02 €","0,04 €","0,03 €","0,05 €","0,02 €"
Burden of Proof,,Uncommon,42,Murders at Karlov Manor,https://product-images.s3.cardmarket.com/1/MKM/752583/752583.jpg,8512,"0,02 €","0,06 €","0,04 €","0,09 €","0,10 €"
Buried in the Garden,,Uncommon,191,Murders at Karlov Manor,https://product-images.s3.cardmarket.com/1/MKM/755762/755762.jpg,8086,"0,02 €","0,11 €","0,10 €","0,13 €","0,02 €"
Call a Surprise Witness,,Uncommon,6,Murders at Karlov Manor,https://product-images.s3.cardmarket.com/1/MKM/750886/750886.jpg,6015,"0,02 €","0,08 €","0,13 €","0,11 €","0,04 €"
Candlestick,,Uncommon,43,Murders at Karlov Manor,https://product-images.s3.cardmarket.com/1/MKM/750660/750660.jpg,7944,"0,02 €","0,17 €","0,13 €","0,18 €","0,11 €"
Case File Auditor,V.1,Uncommon,7,Murders at Karlov Manor,https://product-images.s3.cardmarket.com/1/MKM/753609/753609.jpg,4362,"0,02 €","0,11 €","0,09 €","0,12 €","0,24 €"
Case File Auditor,V.2,Uncommon,7,Murders at Karlov Manor,https://product-images.s3.cardmarket.com/1/MKM/755749/755749.jpg,3755,"0,02 €","0,09 €","0,10 €","0,11 €","0,08 €"
Case of the Burning Masks,,Uncommon,113,Murders at Karlov Manor,https://product-images.s3.cardmarket.com/1/MKM/751953/751953.jpg,8849,"0,02 €","0,08 €","0,05 €","0,04 €","0,02 €"
Case of the Crimson Pulse,,Rare,114,Murders at Karlov Manor,https://product-images.s3.cardmarket.com/1/MKM/752409/752409.jpg,4109,£0.02,"0,33 €","0,35 €","0,40 €","0,28 €"
Case of the Filched Falcon,,Uncommon,44,Murders at Karlov Manor,https://product-images.s3.cardmarket.com/1/MKM/751998/751998.jpg,7160,"0,02 €","0,15 €","0,16 €","0,17 €","0,10 €"
Case of the Gateway Express,,Uncommon,8,Murders at Karlov Manor,https://product-images.s3.cardmarket.com/1/MKM/755750/755750.jpg,5591,£0.02,"0,20 €","0,20 €","0,14 €","0,10 €"
Case of the Gorgon's Kiss,V.1,Uncommon,79,Murders at Karlov Manor,https://product-images.s3.cardmarket.com/1/MKM/751363/751363.jpg,4225,"0,02 €","0,10 €","0,11 €","0,05 €","0,02 €"
Case of the Gorgon's Kiss,V.2,Uncommon,79,Murders at Karlov Manor,https://product-images.s3.cardmarket.com/1/MKM/755753/755753.jpg,4074,"0,02 €","0,05 €","0,04 €","0,06 €","0,02 €"
Case of the Locked Hothouse,,Rare,155,Murders at Karlov Manor,https://product-images.s3.cardmarket.com/1/MKM/750933/750933.jpg,1646,"1,40 €","2,92 €","2,84 €","2,86 €","3,20 €"
Case of the Pilfered Proof,,Uncommon,9,Murders at Karlov Manor,https://product-images.s3.cardmarket.com/1/MKM/752579/752579.jpg,8596,"0,02 €","0,14 €","0,09 €","0,15 €","0,24 €"
Case of the Ransacked Lab,,Rare,45,Murders at Karlov Manor,https://product-images.s3.cardmarket.com/1/MKM/750897/750897.jpg,2830,"0,10 €","0,56 €","0,54 €","0,55 €","0,50 €"
Case of the Shattered Pact,,Uncommon,1,Murders at Karlov Manor,https://product-images.s3.cardmarket.com/1/MKM/755766/755766.jpg,7931,"0,02 €","0,13 €","0,13 €","0,15 €","0,11 €"
Case of the Stashed Skeleton,,Rare,80,Murders at Karlov Manor,https://product-images.s3.cardmarket.com/1/MKM/755754/755754.jpg,4243,£0.14,"0,50 €","0,44 €","0,50 €","0,31 €"
Case of the Trampled Garden,,Uncommon,156,Murders at Karlov Manor,https://product-images.s3.cardmarket.com/1/MKM/751865/751865.jpg,8028,£0.02,"0,17 €","0,11 €","0,19 €","0,10 €"
Case of the Uneaten Feast,,Rare,10,Murders at Karlov Manor,https://product-images.s3.cardmarket.com/1/MKM/750900/750900.jpg,2681,"0,18 €","0,60 €","0,54 €","0,57 €","0,63 €"
Caught Red-Handed,,Uncommon,115,Murders at Karlov Manor,https://product-images.s3.cardmarket.com/1/MKM/751988/751988.jpg,8548,"0,02 €","0,16 €","0,08 €","0,12 €","0,08 €"
Cease // Desist,,Uncommon,246,Murders at Karlov Manor,https://product-images.s3.cardmarket.com/1/MKM/753040/753040.jpg,6808,"0,02 €","0,19 €","0,17 €","0,23 €","0,11 €"
Cerebral Confiscation,,Common,81,Murders at Karlov Manor,https://product-images.s3.cardmarket.com/1/MKM/751196/751196.jpg,15604,£0.02,"0,11 €","0,09 €","0,09 €","0,05 €"
Chalk Outline,,Uncommon,157,Murders at Karlov Manor,https://product-images.s3.cardmarket.com/1/MKM/751989/751989.jpg,7912,"0,02 €","0,17 €","0,15 €","0,16 €","0,11 €"
Clandestine Meddler,V.1,Uncommon,82,Murders at Karlov Manor,https://product-images.s3.cardmarket.com/1/MKM/751855/751855.jpg,4148,"0,02 €","0,07 €","0,06 €","0,02 €","0,05 €"
Clandestine Meddler,V.2,Uncommon,82,Murders at Karlov Manor,https://product-images.s3.cardmarket.com/1/MKM/755755/755755.jpg,3935,£0.02,"0,07 €","0,06 €","0,07 €","0,12 €"
Coerced to Kill,,Uncommon,192,Murders at Karlov Manor,https://product-images.s3.cardmarket.com/1/MKM/751364/751364.jpg,6273,"0,02 €","0,10 €","0,09 €","0,08 €","0,06 €"
Cold Case Cracker,,Common,46,Murders at Karlov Manor,https://product-images.s3.cardmarket.com/1/MKM/750894/750894.jpg,16079,£0.02,"0,03 €","0,04 €","0,02 €","0,03 €"
Commercial District,,Rare,259,Murders at Karlov Manor,https://product-images.s3.cardmarket.com/1/MKM/750895/750895.jpg,1690,"6,36 €","7,93 €","7,78 €","7,89 €","7,32 €"
Concealed Weapon,,Uncommon,117,Murders at Karlov Manor,https://product-images.s3.cardmarket.com/1/MKM/753022/753022.jpg,8439,"0,02 €","0,04 €","0,06 €","0,03 €","0,03 €"
Connecting the Dots,,Rare,118,Murders at Karlov Manor,https://product-images.s3.cardmarket.com/1/MKM/751858/751858.jpg,5997,"0,05 €","0,18 €","0,20 €","0,20 €","0,25 €"
Conspiracy Unraveler,,Mythic,47,Murders at Karlov Manor,https://product-images.s3.cardmarket.com/1/MKM/753010/753010.jpg,3262,"0,15 €","0,29 €","0,35 €","0,34 €","0,10 €"
Convenient Target,,Uncommon,119,Murders at Karlov Manor,https://product-images.s3.cardmarket.com/1/MKM/751859/751859.jpg,6253,"0,02 €","0,08 €","0,07 €","0,08 €","0,24 €"
Cornered Crook,,Uncommon,120,Murders at Karlov Manor,https://product-images.s3.cardmarket.com/1/MKM/750934/750934.jpg,8493,"0,02 €","0,03 €","0,04 €","0,02 €","0,04 €"
Coveted Falcon,,Rare,48,Murders at Karlov Manor,https://product-images.s3.cardmarket.com/1/MKM/752575/752575.jpg,6291,"0,05 €","0,26 €","0,19 €","0,23 €","0,50 €"
Crime Novelist,,Uncommon,121,Murders at Karlov Manor,https://product-images.s3.cardmarket.com/1/MKM/752439/752439.jpg,6548,"0,10 €","0,59 €","0,50 €","0,51 €","0,48 €"
Crimestopper Sprite,,Common,49,Murders at Karlov Manor,https://product-images.s3.cardmarket.com/1/MKM/753011/753011.jpg,16053,"0,02 €","0,02 €","0,02 €","0,02 €","0,05 €"
Crowd-Control Warden,,Common,193,Murders at Karlov Manor,https://product-images.s3.cardmarket.com/1/MKM/753031/753031.jpg,15855,"0,02 €","0,03 €","0,04 €","0,03 €","0,05 €"
Cryptex,,Rare,251,Murders at Karlov Manor,https://product-images.s3.cardmarket.com/1/MKM/751991/751991.jpg,7492,"0,03 €","0,09 €","0,09 €","0,09 €","0,05 €"
Cryptic Coat,,Rare,50,Murders at Karlov Manor,https://product-images.s3.cardmarket.com/1/MKM/750918/750918.jpg,5430,"0,10 €","0,30 €","0,30 €","0,35 €","0,56 €"
Culvert Ambusher,,Uncommon,158,Murders at Karlov Manor,https://product-images.s3.cardmarket.com/1/MKM/752416/752416.jpg,6636,"0,02 €","0,09 €","0,05 €","0,08 €","0,06 €"
Curious Cadaver,,Uncommon,194,Murders at Karlov Manor,https://product-images.s3.cardmarket.com/1/MKM/753032/753032.jpg,6640,"0,02 €","0,03 €","0,03 €","0,03 €","0,05 €"
Curious Inquiry,,Uncommon,51,Murders at Karlov Manor,https://product-images.s3.cardmarket.com/1/MKM/752586/752586.jpg,8308,"0,02 €","0,11 €","0,12 €","0,10 €","0,08 €"
Deadly Complication,,Uncommon,195,Murders at Karlov Manor,https://product-images.s3.cardmarket.com/1/MKM/750671/750671.jpg,6734,"0,02 €","0,05 €","0,05 €","0,03 €","0,02 €"
Deadly Cover-Up,,Rare,83,Murders at Karlov Manor,https://product-images.s3.cardmarket.com/1/MKM/755756/755756.jpg,3181,"0,05 €","0,38 €","0,47 €","0,51 €","0,20 €"
Deduce,,Common,52,Murders at Karlov Manor,https://product-images.s3.cardmarket.com/1/MKM/752601/752601.jpg,11567,"0,02 €","0,10 €","0,14 €","0,16 €","0,10 €"
Defenestrated Phantom,,Common,11,Murders at Karlov Manor,https://product-images.s3.cardmarket.com/1/MKM/752606/752606.jpg,16084,"0,02 €","0,03 €","0,02 €","0,03 €","0,02 €"
"Delney, Streetwise Lookout",,Mythic,12,Murders at Karlov Manor,https://product-images.s3.cardmarket.com/1/MKM/751192/751192.jpg,284,"22,00 €","25,92 €","24,58 €","25,79 €","24,90 €"
Demand Answers,,Common,122,Murders at Karlov Manor,https://product-images.s3.cardmarket.com/1/MKM/750896/750896.jpg,5317,"0,08 €","0,36 €","0,34 €","0,36 €","0,36 €"
Detective's Satchel,,Uncommon,196,Murders at Karlov Manor,https://product-images.s3.cardmarket.com/1/MKM/750909/750909.jpg,8031,"0,02 €","0,17 €","0,11 €","0,13 €","0,20 €"
Dog Walker,,Common,197,Murders at Karlov Manor,https://product-images.s3.cardmarket.com/1/MKM/753033/753033.jpg,15637,"0,02 €","0,08 €","0,04 €","0,02 €","0,03 €"
Doorkeeper Thrull,,Rare,13,Murders at Karlov Manor,https://product-images.s3.cardmarket.com/1/MKM/751193/751193.jpg,1296,"0,30 €","1,59 €","1,48 €","1,64 €","1,34 €"
Doppelgang,,Rare,198,Murders at Karlov Manor,https://product-images.s3.cardmarket.com/1/MKM/750917/750917.jpg,2968,"0,10 €","0,51 €","0,49 €","0,52 €","0,57 €"
Drag the Canal,,Rare,199,Murders at Karlov Manor,https://product-images.s3.cardmarket.com/1/MKM/751874/751874.jpg,6554,"0,05 €","0,25 €","0,18 €","0,14 €","0,05 €"
Dramatic Accusation,,Common,53,Murders at Karlov Manor,https://product-images.s3.cardmarket.com/1/MKM/750661/750661.jpg,12776,"0,02 €","0,03 €","0,03 €","0,04 €","0,03 €"
Due Diligence,,Common,14,Murders at Karlov Manor,https://product-images.s3.cardmarket.com/1/MKM/752598/752598.jpg,16120,"0,02 €","0,04 €","0,03 €","0,05 €","0,02 €"
Elegant Parlor,,Rare,260,Murders at Karlov Manor,https://product-images.s3.cardmarket.com/1/MKM/750890/750890.jpg,1381,"6,90 €","8,53 €","8,60 €","8,61 €","7,15 €"
Eliminate the Impossible,,Uncommon,54,Murders at Karlov Manor,https://product-images.s3.cardmarket.com/1/MKM/753606/753606.jpg,8466,"0,02 €","0,07 €","0,07 €","0,08 €","0,10 €"
Escape Tunnel,,Common,261,Murders at Karlov Manor,https://product-images.s3.cardmarket.com/1/MKM/750932/750932.jpg,7830,£0.02,"0,23 €","0,22 €","0,21 €","0,35 €"
Essence of Antiquity,,Uncommon,15,Murders at Karlov Manor,https://product-images.s3.cardmarket.com/1/MKM/751841/751841.jpg,7509,"0,02 €","0,15 €","0,12 €","0,12 €","0,08 €"
"Etrata, Deadly Fugitive",,Mythic,200,Murders at Karlov Manor,https://product-images.s3.cardmarket.com/1/MKM/751876/751876.jpg,2028,"0,20 €","0,45 €","0,45 €","0,48 €","0,74 €"
Evidence Examiner,,Uncommon,201,Murders at Karlov Manor,https://product-images.s3.cardmarket.com/1/MKM/750936/750936.jpg,8551,"0,02 €","0,03 €","0,06 €","0,05 €","0,05 €"
Exit Specialist,,Uncommon,55,Murders at Karlov Manor,https://product-images.s3.cardmarket.com/1/MKM/752584/752584.jpg,7798,"0,02 €","0,11 €","0,12 €","0,12 €","0,10 €"
Expedited Inheritance,,Mythic,123,Murders at Karlov Manor,https://product-images.s3.cardmarket.com/1/MKM/750665/750665.jpg,3529,"0,12 €","0,32 €","0,29 €","0,29 €","0,33 €"
Expose the Culprit,,Uncommon,124,Murders at Karlov Manor,https://product-images.s3.cardmarket.com/1/MKM/753023/753023.jpg,6230,"0,02 €","0,11 €","0,10 €","0,07 €","0,02 €"
Extract a Confession,,Common,84,Murders at Karlov Manor,https://product-images.s3.cardmarket.com/1/MKM/752490/752490.jpg,8675,"0,02 €","0,26 €","0,21 €","0,21 €","0,15 €"
"Ezrim, Agency Chief",,Rare,202,Murders at Karlov Manor,https://product-images.s3.cardmarket.com/1/MKM/752582/752582.jpg,5547,"0,05 €","0,15 €","0,13 €","0,16 €","0,23 €"
Fae Flight,,Uncommon,56,Murders at Karlov Manor,https://product-images.s3.cardmarket.com/1/MKM/752590/752590.jpg,5104,"0,02 €","0,24 €","0,17 €","0,25 €","0,31 €"
Faerie Snoop,,Common,203,Murders at Karlov Manor,https://product-images.s3.cardmarket.com/1/MKM/751990/751990.jpg,15851,"0,02 €","0,02 €","0,05 €","0,03 €","0,03 €"
Fanatical Strength,,Common,159,Murders at Karlov Manor,https://product-images.s3.cardmarket.com/1/MKM/751201/751201.jpg,12013,£0.02,"0,04 €","0,04 €","0,02 €","0,02 €"
Felonious Rage,,Common,125,Murders at Karlov Manor,https://product-images.s3.cardmarket.com/1/MKM/750908/750908.jpg,14524,£0.02,"0,10 €","0,14 €","0,08 €","0,28 €"
Festerleech,,Uncommon,85,Murders at Karlov Manor,https://product-images.s3.cardmarket.com/1/MKM/750889/750889.jpg,8275,"0,02 €","0,19 €","0,09 €","0,19 €","0,10 €"
Flotsam // Jetsam,,Uncommon,247,Murders at Karlov Manor,https://product-images.s3.cardmarket.com/1/MKM/752002/752002.jpg,7096,"0,02 €","0,13 €","0,11 €","0,13 €","0,10 €"
Flourishing Bloom-Kin,,Uncommon,160,Murders at Karlov Manor,https://product-images.s3.cardmarket.com/1/MKM/750667/750667.jpg,7344,"0,02 €","0,10 €","0,14 €","0,11 €","0,02 €"
Forensic Gadgeteer,,Rare,57,Murders at Karlov Manor,https://product-images.s3.cardmarket.com/1/MKM/753012/753012.jpg,2082,"0,30 €","1,51 €","1,36 €","1,49 €","1,59 €"
Forensic Researcher,,Uncommon,58,Murders at Karlov Manor,https://product-images.s3.cardmarket.com/1/MKM/752576/752576.jpg,7516,"0,02 €","0,15 €","0,14 €","0,15 €","0,16 €"
Forest,V.1,Land,276,Murders at Karlov Manor,https://product-images.s3.cardmarket.com/1/MKM/750685/750685.jpg,13108,"0,02 €","0,12 €","0,20 €","0,14 €","0,13 €"
Forest,V.2,Land,285,Murders at Karlov Manor,https://product-images.s3.cardmarket.com/1/MKM/751160/751160.jpg,6512,"0,02 €","0,09 €","0,11 €","0,05 €","0,02 €"
Forest,V.3,Land,286,Murders at Karlov Manor,https://product-images.s3.cardmarket.com/1/MKM/751161/751161.jpg,6339,"0,02 €","0,07 €","0,05 €","0,08 €","0,02 €"
Forum Familiar,,Uncommon,16,Murders at Karlov Manor,https://product-images.s3.cardmarket.com/1/MKM/751842/751842.jpg,8329,"0,02 €","0,09 €","0,08 €","0,08 €","0,05 €"
Frantic Scapegoat,,Uncommon,126,Murders at Karlov Manor,https://product-images.s3.cardmarket.com/1/MKM/750929/750929.jpg,5815,£0.02,"0,10 €","0,15 €","0,12 €","0,19 €"
Fugitive Codebreaker,,Rare,127,Murders at Karlov Manor,https://product-images.s3.cardmarket.com/1/MKM/752592/752592.jpg,4629,"0,08 €","0,28 €","0,20 €","0,25 €","0,29 €"
Furtive Courier,,Uncommon,59,Murders at Karlov Manor,https://product-images.s3.cardmarket.com/1/MKM/751310/751310.jpg,8517,"0,02 €","0,04 €","0,04 €","0,06 €","0,06 €"
Fuss // Bother,,Uncommon,248,Murders at Karlov Manor,https://product-images.s3.cardmarket.com/1/MKM/753041/753041.jpg,8401,£0.02,"0,13 €","0,07 €","0,15 €","0,05 €"
Gadget Technician,,Common,204,Murders at Karlov Manor,https://product-images.s3.cardmarket.com/1/MKM/751203/751203.jpg,15801,"0,02 €","0,07 €","0,04 €","0,06 €","0,04 €"
Galvanize,,Common,128,Murders at Karlov Manor,https://product-images.s3.cardmarket.com/1/MKM/751860/751860.jpg,15465,"0,02 €","0,04 €","0,07 €","0,03 €","0,03 €"
Gearbane Orangutan,,Common,129,Murders at Karlov Manor,https://product-images.s3.cardmarket.com/1/MKM/750922/750922.jpg,15208,"0,02 €","0,09 €","0,07 €","0,10 €","0,25 €"
Get a Leg Up,,Uncommon,161,Murders at Karlov Manor,https://product-images.s3.cardmarket.com/1/MKM/752450/752450.jpg,7719,"0,02 €","0,12 €","0,12 €","0,11 €","0,19 €"
Gleaming Geardrake,,Uncommon,205,Murders at Karlov Manor,https://product-images.s3.cardmarket.com/1/MKM/750905/750905.jpg,5623,"0,02 €","0,17 €","0,17 €","0,20 €","0,21 €"
Glint Weaver,,Uncommon,162,Murders at Karlov Manor,https://product-images.s3.cardmarket.com/1/MKM/751867/751867.jpg,8148,"0,02 €","0,10 €","0,13 €","0,15 €","0,24 €"
Goblin Maskmaker,,Common,130,Murders at Karlov Manor,https://product-images.s3.cardmarket.com/1/MKM/751199/751199.jpg,15820,"0,02 €","0,09 €","0,03 €","0,03 €","0,06 €"
Granite Witness,,Common,206,Murders at Karlov Manor,https://product-images.s3.cardmarket.com/1/MKM/750672/750672.jpg,15578,"0,02 €","0,06 €","0,03 €","0,04 €","0,20 €"
Gravestone Strider,,Common,252,Murders at Karlov Manor,https://product-images.s3.cardmarket.com/1/MKM/751992/751992.jpg,15834,"0,02 €","0,05 €","0,05 €","0,10 €","0,03 €"
Greenbelt Radical,,Uncommon,163,Murders at Karlov Manor,https://product-images.s3.cardmarket.com/1/MKM/751999/751999.jpg,8018,"0,02 €","0,12 €","0,11 €","0,11 €","0,02 €"
Griffnaut Tracker,,Common,17,Murders at Karlov Manor,https://product-images.s3.cardmarket.com/1/MKM/753608/753608.jpg,16053,"0,02 €","0,02 €","0,02 €","0,02 €","0,03 €"
Haazda Vigilante,,Common,18,Murders at Karlov Manor,https://product-images.s3.cardmarket.com/1/MKM/752455/752455.jpg,16187,"0,02 €","0,06 €","0,03 €","0,06 €","0,24 €"
Hard-Hitting Question,,Uncommon,164,Murders at Karlov Manor,https://product-images.s3.cardmarket.com/1/MKM/752442/752442.jpg,5459,"0,02 €","0,22 €","0,20 €","0,25 €","0,49 €"
Harried Dronesmith,,Uncommon,131,Murders at Karlov Manor,https://product-images.s3.cardmarket.com/1/MKM/751373/751373.jpg,8153,£0.02,"0,10 €","0,08 €","0,06 €","0,05 €"
Hedge Maze,,Rare,262,Murders at Karlov Manor,https://product-images.s3.cardmarket.com/1/MKM/751362/751362.jpg,1195,"9,50 €","11,20 €","11,20 €","11,21 €","10,96 €"
Hedge Whisperer,,Uncommon,165,Murders at Karlov Manor,https://product-images.s3.cardmarket.com/1/MKM/752591/752591.jpg,8533,"0,02 €","0,06 €","0,11 €","0,04 €","0,05 €"
Hide in Plain Sight,,Rare,166,Murders at Karlov Manor,https://product-images.s3.cardmarket.com/1/MKM/751316/751316.jpg,6562,"0,05 €","0,22 €","0,18 €","0,15 €","0,17 €"
Homicide Investigator,,Rare,86,Murders at Karlov Manor,https://product-images.s3.cardmarket.com/1/MKM/751985/751985.jpg,6180,"0,04 €","0,09 €","0,12 €","0,11 €","0,02 €"
Hotshot Investigators,,Common,60,Murders at Karlov Manor,https://product-images.s3.cardmarket.com/1/MKM/752597/752597.jpg,16193,"0,02 €","0,06 €","0,04 €","0,04 €","0,05 €"
Hunted Bonebrute,,Rare,87,Murders at Karlov Manor,https://product-images.s3.cardmarket.com/1/MKM/751197/751197.jpg,5769,"0,09 €","0,25 €","0,20 €","0,18 €","0,24 €"
Hustle // Bustle,,Uncommon,249,Murders at Karlov Manor,https://product-images.s3.cardmarket.com/1/MKM/751983/751983.jpg,8490,"0,02 €","0,06 €","0,04 €","0,06 €","0,08 €"
Ill-Timed Explosion,,Rare,207,Murders at Karlov Manor,https://product-images.s3.cardmarket.com/1/MKM/751361/751361.jpg,4039,£0.10,"0,27 €","0,28 €","0,26 €","0,17 €"
Illicit Masquerade,,Rare,88,Murders at Karlov Manor,https://product-images.s3.cardmarket.com/1/MKM/751986/751986.jpg,6062,"0,02 €","0,26 €","0,25 €","0,22 €","0,28 €"
Incinerator of the Guilty,,Mythic,132,Murders at Karlov Manor,https://product-images.s3.cardmarket.com/1/MKM/751315/751315.jpg,1721,"0,48 €","0,98 €","0,87 €","0,87 €","0,78 €"
Innocent Bystander,,Common,133,Murders at Karlov Manor,https://product-images.s3.cardmarket.com/1/MKM/752595/752595.jpg,15832,"0,02 €","0,04 €","0,03 €","0,03 €","0,02 €"
Inside Source,,Common,19,Murders at Karlov Manor,https://product-images.s3.cardmarket.com/1/MKM/752594/752594.jpg,15898,"0,02 €","0,09 €","0,04 €","0,04 €","0,20 €"
Insidious Roots,,Uncommon,208,Murders at Karlov Manor,https://product-images.s3.cardmarket.com/1/MKM/753603/753603.jpg,2765,"0,70 €","1,45 €","1,38 €","1,39 €","1,65 €"
Intrude on the Mind,,Mythic,61,Murders at Karlov Manor,https://product-images.s3.cardmarket.com/1/MKM/750662/750662.jpg,2929,"0,09 €","0,47 €","0,31 €","0,43 €","0,38 €"
Island,V.1,Land,273,Murders at Karlov Manor,https://product-images.s3.cardmarket.com/1/MKM/750682/750682.jpg,11027,"0,05 €","0,20 €","0,21 €","0,23 €","0,22 €"
Island,V.2,Land,279,Murders at Karlov Manor,https://product-images.s3.cardmarket.com/1/MKM/751154/751154.jpg,7542,"0,02 €","0,06 €","0,06 €","0,07 €","0,08 €"
Island,V.3,Land,280,Murders at Karlov Manor,https://product-images.s3.cardmarket.com/1/MKM/751155/751155.jpg,7722,"0,02 €","0,03 €","0,03 €","0,04 €","0,05 €"
It Doesn't Add Up,,Uncommon,89,Murders at Karlov Manor,https://product-images.s3.cardmarket.com/1/MKM/753607/753607.jpg,6486,"0,02 €","0,08 €","0,08 €","0,07 €","0,08 €"
"Izoni, Center of the Web",,Rare,209,Murders at Karlov Manor,https://product-images.s3.cardmarket.com/1/MKM/753034/753034.jpg,5745,"0,05 €","0,22 €","0,17 €","0,19 €","0,20 €"
Jaded Analyst,,Common,62,Murders at Karlov Manor,https://product-images.s3.cardmarket.com/1/MKM/751195/751195.jpg,16232,"0,02 €","0,02 €","0,03 €","0,02 €","0,04 €"
"Judith, Carnage Connoisseur",,Rare,210,Murders at Karlov Manor,https://product-images.s3.cardmarket.com/1/MKM/752000/752000.jpg,3796,"0,10 €","0,27 €","0,27 €","0,27 €","0,25 €"
Karlov Watchdog,,Uncommon,20,Murders at Karlov Manor,https://product-images.s3.cardmarket.com/1/MKM/753004/753004.jpg,8385,"0,02 €","0,07 €","0,06 €","0,07 €","0,06 €"
"Kaya, Spirits' Justice",,Mythic,211,Murders at Karlov Manor,https://product-images.s3.cardmarket.com/1/MKM/750924/750924.jpg,2465,"0,25 €","0,47 €","0,48 €","0,46 €","0,28 €"
"Kellan, Inquisitive Prodigy // Tail the Suspect",,Rare,212,Murders at Karlov Manor,https://product-images.s3.cardmarket.com/1/MKM/750902/750902.jpg,3861,"0,10 €","0,25 €","0,26 €","0,27 €","0,32 €"
Knife,,Uncommon,134,Murders at Karlov Manor,https://product-images.s3.cardmarket.com/1/MKM/751862/751862.jpg,8321,"0,02 €","0,06 €","0,07 €","0,05 €","0,09 €"
Kraul Whipcracker,V.1,Uncommon,213,Murders at Karlov Manor,https://product-images.s3.cardmarket.com/1/MKM/750904/750904.jpg,3437,"0,02 €","0,13 €","0,14 €","0,15 €","0,10 €"
Kraul Whipcracker,V.2,Uncommon,213,Murders at Karlov Manor,https://product-images.s3.cardmarket.com/1/MKM/755763/755763.jpg,3078,£0.02,"0,13 €","0,10 €","0,14 €","0,14 €"
"Krenko, Baron of Tin Street",,Rare,135,Murders at Karlov Manor,https://product-images.s3.cardmarket.com/1/MKM/750887/750887.jpg,5699,"0,05 €","0,17 €","0,22 €","0,17 €","0,19 €"
Krenko's Buzzcrusher,,Rare,136,Murders at Karlov Manor,https://product-images.s3.cardmarket.com/1/MKM/750938/750938.jpg,5473,"0,05 €","0,17 €","0,19 €","0,19 €","0,05 €"
Krovod Haunch,,Uncommon,21,Murders at Karlov Manor,https://product-images.s3.cardmarket.com/1/MKM/751996/751996.jpg,8500,£0.02,"0,08 €","0,07 €","0,05 €","0,05 €"
"Kylox, Visionary Inventor",,Rare,214,Murders at Karlov Manor,https://product-images.s3.cardmarket.com/1/MKM/755764/755764.jpg,6346,"0,02 €","0,12 €","0,10 €","0,09 €","0,03 €"
Kylox's Voltstrider,,Mythic,215,Murders at Karlov Manor,https://product-images.s3.cardmarket.com/1/MKM/750914/750914.jpg,3688,£0.02,"0,14 €","0,19 €","0,16 €","0,10 €"
Lamplight Phoenix,,Rare,137,Murders at Karlov Manor,https://product-images.s3.cardmarket.com/1/MKM/753024/753024.jpg,6806,£0.02,"0,17 €","0,13 €","0,19 €","0,15 €"
"Lazav, Wearer of Faces",,Rare,216,Murders at Karlov Manor,https://product-images.s3.cardmarket.com/1/MKM/752412/752412.jpg,5551,"0,05 €","0,17 €","0,22 €","0,18 €","0,17 €"
Lead Pipe,,Uncommon,90,Murders at Karlov Manor,https://product-images.s3.cardmarket.com/1/MKM/750931/750931.jpg,8567,"0,02 €","0,05 €","0,05 €","0,04 €","0,02 €"
Leering Onlooker,,Uncommon,91,Murders at Karlov Manor,https://product-images.s3.cardmarket.com/1/MKM/750664/750664.jpg,9034,"0,02 €","0,07 €","0,07 €","0,05 €","0,06 €"
Leyline of the Guildpact,,Rare,217,Murders at Karlov Manor,https://product-images.s3.cardmarket.com/1/MKM/751959/751959.jpg,3011,"1,99 €","3,18 €","3,11 €","3,16 €","3,54 €"
Lightning Helix,,Uncommon,218,Murders at Karlov Manor,https://product-images.s3.cardmarket.com/1/MKM/752604/752604.jpg,6686,"0,02 €","0,21 €","0,17 €","0,21 €","0,12 €"
Living Conundrum,,Uncommon,63,Murders at Karlov Manor,https://product-images.s3.cardmarket.com/1/MKM/751374/751374.jpg,8796,"0,02 €","0,09 €","0,07 €","0,08 €","0,04 €"
Long Goodbye,,Uncommon,92,Murders at Karlov Manor,https://product-images.s3.cardmarket.com/1/MKM/753605/753605.jpg,6363,"0,02 €","0,36 €","0,32 €","0,30 €","0,50 €"
Lost in the Maze,,Rare,64,Murders at Karlov Manor,https://product-images.s3.cardmarket.com/1/MKM/752593/752593.jpg,5393,"0,05 €","0,24 €","0,22 €","0,26 €","0,17 €"
Loxodon Eavesdropper,,Common,168,Murders at Karlov Manor,https://product-images.s3.cardmarket.com/1/MKM/750892/750892.jpg,15834,"0,02 €","0,06 €","0,04 €","0,07 €","0,02 €"
Lumbering Laundry,,Uncommon,253,Murders at Karlov Manor,https://product-images.s3.cardmarket.com/1/MKM/753043/753043.jpg,8627,"0,02 €","0,02 €","0,03 €","0,02 €","0,05 €"
Lush Portico,,Rare,263,Murders at Karlov Manor,https://product-images.s3.cardmarket.com/1/MKM/750920/750920.jpg,1474,"4,99 €","6,79 €","6,50 €","6,55 €","6,57 €"
Macabre Reconstruction,,Common,93,Murders at Karlov Manor,https://product-images.s3.cardmarket.com/1/MKM/750906/750906.jpg,15713,"0,02 €","0,05 €","0,05 €","0,04 €","0,10 €"
Magnetic Snuffler,,Uncommon,254,Murders at Karlov Manor,https://product-images.s3.cardmarket.com/1/MKM/752602/752602.jpg,6556,"0,02 €","0,10 €","0,06 €","0,08 €","0,02 €"
Magnifying Glass,,Common,255,Murders at Karlov Manor,https://product-images.s3.cardmarket.com/1/MKM/751208/751208.jpg,17483,"0,02 €","0,03 €","0,03 €","0,03 €","0,03 €"
Make Your Move,,Common,22,Murders at Karlov Manor,https://product-images.s3.cardmarket.com/1/MKM/751846/751846.jpg,15388,"0,02 €","0,08 €","0,05 €","0,08 €","0,05 €"
Makeshift Binding,,Common,23,Murders at Karlov Manor,https://product-images.s3.cardmarket.com/1/MKM/753005/753005.jpg,12540,"0,02 €","0,09 €","0,04 €","0,08 €","0,05 €"
Marketwatch Phantom,,Common,24,Murders at Karlov Manor,https://product-images.s3.cardmarket.com/1/MKM/753006/753006.jpg,16012,"0,02 €","0,05 €","0,04 €","0,09 €","0,25 €"
"Massacre Girl, Known Killer",,Mythic,94,Murders at Karlov Manor,https://product-images.s3.cardmarket.com/1/MKM/751368/751368.jpg,1580,"2,74 €","4,07 €","3,86 €","3,99 €","4,28 €"
Meddling Youths,,Uncommon,219,Murders at Karlov Manor,https://product-images.s3.cardmarket.com/1/MKM/750677/750677.jpg,6580,"0,02 €","0,03 €","0,05 €","0,03 €","0,05 €"
Meticulous Archive,,Rare,264,Murders at Karlov Manor,https://product-images.s3.cardmarket.com/1/MKM/750891/750891.jpg,846,"14,00 €","16,69 €","15,97 €","16,40 €","17,76 €"
Mistway Spy,,Uncommon,65,Murders at Karlov Manor,https://product-images.s3.cardmarket.com/1/MKM/751984/751984.jpg,8208,"0,02 €","0,04 €","0,07 €","0,07 €","0,02 €"
Mountain,V.1,Land,275,Murders at Karlov Manor,https://product-images.s3.cardmarket.com/1/MKM/750684/750684.jpg,10934,"0,03 €","0,19 €","0,23 €","0,20 €","0,23 €"
Mountain,V.2,Land,283,Murders at Karlov Manor,https://product-images.s3.cardmarket.com/1/MKM/751158/751158.jpg,7076,"0,02 €","0,05 €","0,07 €","0,05 €","0,06 €"
Mountain,V.3,Land,284,Murders at Karlov Manor,https://product-images.s3.cardmarket.com/1/MKM/751159/751159.jpg,6624,"0,02 €","0,05 €","0,05 €","0,05 €","0,06 €"
Murder,,Common,95,Murders at Karlov Manor,https://product-images.s3.cardmarket.com/1/MKM/750901/750901.jpg,12910,£0.02,"0,06 €","0,03 €","0,02 €","0,05 €"
Museum Nightwatch,,Common,25,Murders at Karlov Manor,https://product-images.s3.cardmarket.com/1/MKM/750884/750884.jpg,15959,"0,02 €","0,04 €","0,03 €","0,03 €","0,02 €"
Neighborhood Guardian,,Uncommon,26,Murders at Karlov Manor,https://product-images.s3.cardmarket.com/1/MKM/751365/751365.jpg,6430,"0,02 €","0,12 €","0,09 €","0,16 €","0,25 €"
Nervous Gardener,,Common,169,Murders at Karlov Manor,https://product-images.s3.cardmarket.com/1/MKM/750937/750937.jpg,17270,"0,02 €","0,10 €","0,06 €","0,06 €","0,20 €"
Nightdrinker Moroii,,Uncommon,96,Murders at Karlov Manor,https://product-images.s3.cardmarket.com/1/MKM/753016/753016.jpg,8594,"0,02 €","0,02 €","0,03 €","0,03 €","0,05 €"
"Niv-Mizzet, Guildpact",,Rare,220,Murders at Karlov Manor,https://product-images.s3.cardmarket.com/1/MKM/750679/750679.jpg,5598,£0.05,"0,22 €","0,21 €","0,20 €","0,25 €"
No More Lies,,Uncommon,221,Murders at Karlov Manor,https://product-images.s3.cardmarket.com/1/MKM/753060/753060.jpg,5810,£0.08,"0,52 €","0,50 €","0,45 €","0,54 €"
No Witnesses,,Rare,27,Murders at Karlov Manor,https://product-images.s3.cardmarket.com/1/MKM/752603/752603.jpg,6660,"0,05 €","0,12 €","0,15 €","0,11 €","0,06 €"
Not on My Watch,,Uncommon,28,Murders at Karlov Manor,https://product-images.s3.cardmarket.com/1/MKM/751194/751194.jpg,5675,"0,02 €","0,18 €","0,14 €","0,18 €","0,32 €"
Novice Inspector,,Common,29,Murders at Karlov Manor,https://product-images.s3.cardmarket.com/1/MKM/750656/750656.jpg,9315,£0.02,"0,28 €","0,25 €","0,31 €","0,38 €"
Offender at Large,,Common,138,Murders at Karlov Manor,https://product-images.s3.cardmarket.com/1/MKM/752578/752578.jpg,16017,"0,02 €","0,02 €","0,03 €","0,04 €","0,05 €"
Officious Interrogation,,Rare,222,Murders at Karlov Manor,https://product-images.s3.cardmarket.com/1/MKM/750903/750903.jpg,5791,"0,05 €","0,16 €","0,18 €","0,17 €","0,15 €"
On the Job,,Common,30,Murders at Karlov Manor,https://product-images.s3.cardmarket.com/1/MKM/750657/750657.jpg,12516,£0.02,"0,08 €","0,04 €","0,12 €","0,25 €"
Out Cold,,Common,66,Murders at Karlov Manor,https://product-images.s3.cardmarket.com/1/MKM/751849/751849.jpg,15274,"0,02 €","0,14 €","0,06 €","0,05 €","0,03 €"
Outrageous Robbery,,Rare,97,Murders at Karlov Manor,https://product-images.s3.cardmarket.com/1/MKM/750919/750919.jpg,3311,"0,08 €","0,35 €","0,34 €","0,31 €","0,22 €"
Perimeter Enforcer,,Uncommon,31,Murders at Karlov Manor,https://product-images.s3.cardmarket.com/1/MKM/753007/753007.jpg,8538,"0,02 €","0,05 €","0,04 €","0,05 €","0,06 €"
Person of Interest,,Common,139,Murders at Karlov Manor,https://product-images.s3.cardmarket.com/1/MKM/752486/752486.jpg,16064,"0,02 €","0,02 €","0,03 €","0,02 €","0,02 €"
Persuasive Interrogators,,Uncommon,98,Murders at Karlov Manor,https://product-images.s3.cardmarket.com/1/MKM/752589/752589.jpg,6153,"0,02 €","0,13 €","0,12 €","0,11 €","0,11 €"
Pick Your Poison,,Common,170,Murders at Karlov Manor,https://product-images.s3.cardmarket.com/1/MKM/751366/751366.jpg,11867,"0,02 €","0,32 €","0,34 €","0,32 €","0,32 €"
Plains,V.1,Land,272,Murders at Karlov Manor,https://product-images.s3.cardmarket.com/1/MKM/750915/750915.jpg,9433,"0,03 €","0,25 €","0,26 €","0,27 €","0,37 €"
Plains,V.2,Land,277,Murders at Karlov Manor,https://product-images.s3.cardmarket.com/1/MKM/750686/750686.jpg,8917,"0,02 €","0,03 €","0,08 €","0,06 €","0,06 €"
Plains,V.3,Land,278,Murders at Karlov Manor,https://product-images.s3.cardmarket.com/1/MKM/751153/751153.jpg,7912,"0,02 €","0,03 €","0,08 €","0,06 €","0,06 €"
Polygraph Orb,,Uncommon,99,Murders at Karlov Manor,https://product-images.s3.cardmarket.com/1/MKM/751313/751313.jpg,8766,£0.02,"0,02 €","0,04 €","0,02 €","0,02 €"
Pompous Gadabout,,Uncommon,171,Murders at Karlov Manor,https://product-images.s3.cardmarket.com/1/MKM/751869/751869.jpg,8599,"0,02 €","0,04 €","0,03 €","0,05 €","0,05 €"
Presumed Dead,,Uncommon,100,Murders at Karlov Manor,https://product-images.s3.cardmarket.com/1/MKM/751856/751856.jpg,8136,"0,02 €","0,20 €","0,13 €","0,17 €","0,10 €"
Private Eye,,Uncommon,223,Murders at Karlov Manor,https://product-images.s3.cardmarket.com/1/MKM/753035/753035.jpg,8289,"0,02 €","0,06 €","0,08 €","0,06 €","0,10 €"
Proft's Eidetic Memory,,Rare,67,Murders at Karlov Manor,https://product-images.s3.cardmarket.com/1/MKM/750663/750663.jpg,996,"1,48 €","2,66 €","2,54 €","2,50 €","2,45 €"
Projektor Inspector,,Common,68,Murders at Karlov Manor,https://product-images.s3.cardmarket.com/1/MKM/751852/751852.jpg,16097,"0,02 €","0,04 €","0,03 €","0,04 €","0,03 €"
Public Thoroughfare,,Common,265,Murders at Karlov Manor,https://product-images.s3.cardmarket.com/1/MKM/750913/750913.jpg,14963,£0.02,"0,15 €","0,10 €","0,13 €","0,15 €"
Push // Pull,,Uncommon,250,Murders at Karlov Manor,https://product-images.s3.cardmarket.com/1/MKM/753042/753042.jpg,7886,"0,02 €","0,11 €","0,12 €","0,11 €","0,20 €"
Pyrotechnic Performer,,Rare,140,Murders at Karlov Manor,https://product-images.s3.cardmarket.com/1/MKM/753025/753025.jpg,6117,£0.03,"0,14 €","0,16 €","0,16 €","0,07 €"
"Rakdos, Patron of Chaos",,Mythic,224,Murders at Karlov Manor,https://product-images.s3.cardmarket.com/1/MKM/751204/751204.jpg,930,"1,95 €","4,39 €","4,16 €","4,20 €","4,40 €"
Rakish Scoundrel,,Common,225,Murders at Karlov Manor,https://product-images.s3.cardmarket.com/1/MKM/750680/750680.jpg,15755,"0,02 €","0,12 €","0,03 €","0,03 €","0,10 €"
Raucous Theater,,Rare,266,Murders at Karlov Manor,https://product-images.s3.cardmarket.com/1/MKM/750899/750899.jpg,1208,"8,00 €","8,94 €","8,81 €","8,77 €","8,28 €"
Reasonable Doubt,,Common,69,Murders at Karlov Manor,https://product-images.s3.cardmarket.com/1/MKM/751853/751853.jpg,15902,"0,02 €","0,09 €","0,05 €","0,07 €","0,03 €"
Reckless Detective,,Uncommon,141,Murders at Karlov Manor,https://product-images.s3.cardmarket.com/1/MKM/751200/751200.jpg,8291,"0,02 €","0,11 €","0,07 €","0,07 €","0,05 €"
Red Herring,,Common,142,Murders at Karlov Manor,https://product-images.s3.cardmarket.com/1/MKM/752444/752444.jpg,16125,"0,02 €","0,09 €","0,07 €","0,18 €","0,05 €"
Reenact the Crime,,Rare,70,Murders at Karlov Manor,https://product-images.s3.cardmarket.com/1/MKM/753013/753013.jpg,5321,"0,08 €","0,28 €","0,24 €","0,25 €","0,12 €"
Relive the Past,,Rare,226,Murders at Karlov Manor,https://product-images.s3.cardmarket.com/1/MKM/751878/751878.jpg,7541,£0.02,"0,09 €","0,08 €","0,08 €","0,05 €"
Repeat Offender,,Common,101,Murders at Karlov Manor,https://product-images.s3.cardmarket.com/1/MKM/751987/751987.jpg,15994,"0,02 €","0,06 €","0,03 €","0,07 €","0,05 €"
Repulsive Mutation,,Uncommon,227,Murders at Karlov Manor,https://product-images.s3.cardmarket.com/1/MKM/752476/752476.jpg,2978,"0,02 €","0,31 €","0,31 €","0,32 €","0,40 €"
Riftburst Hellion,,Common,228,Murders at Karlov Manor,https://product-images.s3.cardmarket.com/1/MKM/751881/751881.jpg,15914,"0,02 €","0,09 €","0,06 €","0,09 €","0,03 €"
Rope,,Uncommon,173,Murders at Karlov Manor,https://product-images.s3.cardmarket.com/1/MKM/751320/751320.jpg,8357,"0,02 €","0,12 €","0,08 €","0,14 €","0,10 €"
Rot Farm Mortipede,,Common,102,Murders at Karlov Manor,https://product-images.s3.cardmarket.com/1/MKM/751857/751857.jpg,16001,"0,02 €","0,06 €","0,03 €","0,03 €","0,03 €"
Rubblebelt Braggart,,Common,143,Murders at Karlov Manor,https://product-images.s3.cardmarket.com/1/MKM/751863/751863.jpg,15994,"0,02 €","0,02 €","0,03 €","0,02 €","0,02 €"
Rubblebelt Maverick,,Common,174,Murders at Karlov Manor,https://product-images.s3.cardmarket.com/1/MKM/753029/753029.jpg,11953,"0,02 €","0,13 €","0,13 €","0,16 €","0,07 €"
Rune-Brand Juggler,,Uncommon,229,Murders at Karlov Manor,https://product-images.s3.cardmarket.com/1/MKM/752452/752452.jpg,8616,"0,02 €","0,02 €","0,03 €","0,03 €","0,02 €"
Sample Collector,,Uncommon,175,Murders at Karlov Manor,https://product-images.s3.cardmarket.com/1/MKM/752489/752489.jpg,8705,"0,02 €","0,04 €","0,04 €","0,04 €","0,10 €"
Sanctuary Wall,,Uncommon,32,Murders at Karlov Manor,https://product-images.s3.cardmarket.com/1/MKM/753612/753612.jpg,8339,"0,02 €","0,06 €","0,06 €","0,04 €","0,03 €"
Sanguine Savior,,Common,230,Murders at Karlov Manor,https://product-images.s3.cardmarket.com/1/MKM/753036/753036.jpg,15573,"0,02 €","0,05 €","0,04 €","0,05 €","0,03 €"
Sanitation Automaton,,Common,256,Murders at Karlov Manor,https://product-images.s3.cardmarket.com/1/MKM/750681/750681.jpg,16145,"0,02 €","0,02 €","0,03 €","0,02 €","0,02 €"
Scene of the Crime,,Uncommon,267,Murders at Karlov Manor,https://product-images.s3.cardmarket.com/1/MKM/750916/750916.jpg,4587,"0,02 €","0,18 €","0,22 €","0,23 €","0,17 €"
Seasoned Consultant,,Common,33,Murders at Karlov Manor,https://product-images.s3.cardmarket.com/1/MKM/751997/751997.jpg,16039,"0,02 €","0,10 €","0,04 €","0,04 €","0,02 €"
Shadowy Backstreet,,Rare,268,Murders at Karlov Manor,https://product-images.s3.cardmarket.com/1/MKM/750883/750883.jpg,1480,£8.93,"12,19 €","12,21 €","12,51 €","11,86 €"
Shady Informant,,Common,231,Murders at Karlov Manor,https://product-images.s3.cardmarket.com/1/MKM/752577/752577.jpg,16048,"0,02 €","0,02 €","0,02 €","0,02 €","0,02 €"
Sharp-Eyed Rookie,,Rare,176,Murders at Karlov Manor,https://product-images.s3.cardmarket.com/1/MKM/751980/751980.jpg,5604,"0,04 €","0,23 €","0,15 €","0,25 €","0,45 €"
Shock,,Common,144,Murders at Karlov Manor,https://product-images.s3.cardmarket.com/1/MKM/752596/752596.jpg,14254,"0,02 €","0,08 €","0,06 €","0,07 €","0,02 €"
Slice from the Shadows,,Common,103,Murders at Karlov Manor,https://product-images.s3.cardmarket.com/1/MKM/752458/752458.jpg,11951,"0,02 €","0,11 €","0,09 €","0,04 €","0,02 €"
Slime Against Humanity,,Common,177,Murders at Karlov Manor,https://product-images.s3.cardmarket.com/1/MKM/751202/751202.jpg,7807,"0,10 €","0,74 €","0,96 €","1,09 €","1,29 €"
Slimy Dualleech,,Uncommon,104,Murders at Karlov Manor,https://product-images.s3.cardmarket.com/1/MKM/753017/753017.jpg,8535,"0,02 €","0,04 €","0,04 €","0,04 €","0,05 €"
Snarling Gorehound,,Common,105,Murders at Karlov Manor,https://product-images.s3.cardmarket.com/1/MKM/753610/753610.jpg,12398,"0,02 €","0,17 €","0,16 €","0,21 €","0,08 €"
Soul Enervation,,Uncommon,106,Murders at Karlov Manor,https://product-images.s3.cardmarket.com/1/MKM/752581/752581.jpg,5933,£0.02,"0,11 €","0,11 €","0,09 €","0,13 €"
Soul Search,,Uncommon,232,Murders at Karlov Manor,https://product-images.s3.cardmarket.com/1/MKM/751205/751205.jpg,7940,"0,02 €","0,08 €","0,08 €","0,08 €","0,04 €"
Steamcore Scholar,,Rare,71,Murders at Karlov Manor,https://product-images.s3.cardmarket.com/1/MKM/753604/753604.jpg,3688,£0.02,"0,35 €","0,42 €","0,21 €","0,25 €"
Sudden Setback,V.1,Uncommon,72,Murders at Karlov Manor,https://product-images.s3.cardmarket.com/1/MKM/753611/753611.jpg,4281,"0,02 €","0,09 €","0,08 €","0,14 €","0,05 €"
Sudden Setback,V.2,Uncommon,72,Murders at Karlov Manor,https://product-images.s3.cardmarket.com/1/MKM/755757/755757.jpg,3978,"0,02 €","0,06 €","0,05 €","0,07 €","0,20 €"
Sumala Sentry,,Uncommon,233,Murders at Karlov Manor,https://product-images.s3.cardmarket.com/1/MKM/752580/752580.jpg,8295,£0.02,"0,05 €","0,07 €","0,04 €","0,05 €"
Surveillance Monitor,V.1,Uncommon,73,Murders at Karlov Manor,https://product-images.s3.cardmarket.com/1/MKM/752588/752588.jpg,4071,"0,02 €","0,06 €","0,04 €","0,05 €","0,05 €"
Surveillance Monitor,V.2,Uncommon,73,Murders at Karlov Manor,https://product-images.s3.cardmarket.com/1/MKM/755751/755751.jpg,3985,"0,02 €","0,06 €","0,06 €","0,06 €","0,10 €"
Suspicious Detonation,,Common,145,Murders at Karlov Manor,https://product-images.s3.cardmarket.com/1/MKM/750666/750666.jpg,16001,£0.02,"0,02 €","0,03 €","0,03 €","0,02 €"
Swamp,V.1,Land,274,Murders at Karlov Manor,https://product-images.s3.cardmarket.com/1/MKM/750683/750683.jpg,8935,"0,02 €","0,26 €","0,30 €","0,32 €","0,26 €"
Swamp,V.2,Land,281,Murders at Karlov Manor,https://product-images.s3.cardmarket.com/1/MKM/751156/751156.jpg,6315,"0,02 €","0,06 €","0,11 €","0,12 €","0,10 €"
Swamp,V.3,Land,282,Murders at Karlov Manor,https://product-images.s3.cardmarket.com/1/MKM/751157/751157.jpg,5844,"0,02 €","0,07 €","0,07 €","0,07 €","0,06 €"
Tenth District Hero,,Rare,34,Murders at Karlov Manor,https://product-images.s3.cardmarket.com/1/MKM/751848/751848.jpg,7069,"0,05 €","0,11 €","0,10 €","0,10 €","0,11 €"
"Teysa, Opulent Oligarch",,Rare,234,Murders at Karlov Manor,https://product-images.s3.cardmarket.com/1/MKM/750923/750923.jpg,4485,"0,08 €","0,23 €","0,22 €","0,25 €","0,18 €"
The Chase Is On,,Common,116,Murders at Karlov Manor,https://product-images.s3.cardmarket.com/1/MKM/752587/752587.jpg,12479,£0.02,"0,06 €","0,07 €","0,05 €","0,04 €"
The Pride of Hull Clade,,Mythic,172,Murders at Karlov Manor,https://product-images.s3.cardmarket.com/1/MKM/752487/752487.jpg,1595,"0,73 €","1,44 €","1,33 €","1,43 €","1,24 €"
They Went This Way,,Common,178,Murders at Karlov Manor,https://product-images.s3.cardmarket.com/1/MKM/751955/751955.jpg,15924,"0,02 €","0,06 €","0,03 €","0,03 €","0,09 €"
Thinking Cap,,Common,257,Murders at Karlov Manor,https://product-images.s3.cardmarket.com/1/MKM/750910/750910.jpg,16220,"0,02 €","0,02 €","0,03 €","0,02 €","0,03 €"
Thundering Falls,,Rare,269,Murders at Karlov Manor,https://product-images.s3.cardmarket.com/1/MKM/750907/750907.jpg,555,"11,48 €","13,65 €","13,28 €","13,42 €","12,79 €"
Tin Street Gossip,,Uncommon,235,Murders at Karlov Manor,https://product-images.s3.cardmarket.com/1/MKM/750930/750930.jpg,8489,£0.02,"0,13 €","0,09 €","0,11 €","0,13 €"
"Tolsimir, Midnight's Light",,Rare,236,Murders at Karlov Manor,https://product-images.s3.cardmarket.com/1/MKM/753037/753037.jpg,5241,"0,05 €","0,17 €","0,16 €","0,16 €","0,15 €"
Topiary Panther,,Common,179,Murders at Karlov Manor,https://product-images.s3.cardmarket.com/1/MKM/751956/751956.jpg,16055,"0,02 €","0,18 €","0,11 €","0,11 €","0,27 €"
Torch the Witness,V.1,Uncommon,146,Murders at Karlov Manor,https://product-images.s3.cardmarket.com/1/MKM/752574/752574.jpg,3906,"0,02 €","0,15 €","0,13 €","0,10 €","0,19 €"
Torch the Witness,V.2,Uncommon,146,Murders at Karlov Manor,https://product-images.s3.cardmarket.com/1/MKM/755759/755759.jpg,3696,"0,02 €","0,14 €","0,14 €","0,28 €","0,02 €"
Toxin Analysis,,Common,107,Murders at Karlov Manor,https://product-images.s3.cardmarket.com/1/MKM/753018/753018.jpg,7533,"0,02 €","0,15 €","0,24 €","0,17 €","0,05 €"
Treacherous Greed,,Rare,237,Murders at Karlov Manor,https://product-images.s3.cardmarket.com/1/MKM/750888/750888.jpg,6212,"0,05 €","0,36 €","0,22 €","0,33 €","0,64 €"
"Trostani, Three Whispers",,Mythic,238,Murders at Karlov Manor,https://product-images.s3.cardmarket.com/1/MKM/751982/751982.jpg,2225,"0,14 €","0,64 €","0,57 €","0,58 €","0,30 €"
Tunnel Tipster,,Common,180,Murders at Karlov Manor,https://product-images.s3.cardmarket.com/1/MKM/750668/750668.jpg,15680,"0,02 €","0,12 €","0,08 €","0,09 €","0,06 €"
Unauthorized Exit,,Common,74,Murders at Karlov Manor,https://product-images.s3.cardmarket.com/1/MKM/755752/755752.jpg,12201,"0,02 €","0,09 €","0,11 €","0,08 €","0,05 €"
Undercity Eliminator,,Uncommon,108,Murders at Karlov Manor,https://product-images.s3.cardmarket.com/1/MKM/753019/753019.jpg,8158,"0,02 €","0,08 €","0,11 €","0,08 €","0,04 €"
Undercity Sewers,,Rare,270,Murders at Karlov Manor,https://product-images.s3.cardmarket.com/1/MKM/750921/750921.jpg,1168,£16.15,"21,68 €","21,10 €","21,31 €","21,90 €"
Undercover Crocodelf,V.1,Common,239,Murders at Karlov Manor,https://product-images.s3.cardmarket.com/1/MKM/751206/751206.jpg,7916,"0,02 €","0,08 €","0,06 €","0,11 €","0,20 €"
Undercover Crocodelf,V.2,Common,239,Murders at Karlov Manor,https://product-images.s3.cardmarket.com/1/MKM/751162/751162.jpg,6822,£0.02,"0,02 €","0,03 €","0,02 €","0,04 €"
Underground Mortuary,,Rare,271,Murders at Karlov Manor,https://product-images.s3.cardmarket.com/1/MKM/750912/750912.jpg,1305,"10,99 €","13,96 €","13,59 €","14,01 €","13,27 €"
Undergrowth Recon,,Mythic,181,Murders at Karlov Manor,https://product-images.s3.cardmarket.com/1/MKM/751957/751957.jpg,1502,"0,94 €","2,14 €","1,95 €","2,07 €","2,31 €"
Unscrupulous Agent,,Common,109,Murders at Karlov Manor,https://product-images.s3.cardmarket.com/1/MKM/751198/751198.jpg,15288,"0,02 €","0,08 €","0,05 €","0,04 €","0,20 €"
Unyielding Gatekeeper,,Rare,35,Murders at Karlov Manor,https://product-images.s3.cardmarket.com/1/MKM/753008/753008.jpg,6935,"0,05 €","0,10 €","0,13 €","0,10 €","0,08 €"
Urgent Necropsy,,Mythic,240,Murders at Karlov Manor,https://product-images.s3.cardmarket.com/1/MKM/755765/755765.jpg,2494,"0,20 €","0,53 €","0,51 €","0,37 €","0,15 €"
"Vannifar, Evolved Enigma",,Mythic,241,Murders at Karlov Manor,https://product-images.s3.cardmarket.com/1/MKM/752001/752001.jpg,1709,"0,30 €","0,99 €","0,87 €","0,83 €","0,97 €"
Vein Ripper,,Mythic,110,Murders at Karlov Manor,https://product-images.s3.cardmarket.com/1/MKM/753020/753020.jpg,1350,"6,30 €","7,87 €","7,79 €","7,80 €","9,00 €"
Vengeful Creeper,,Common,182,Murders at Karlov Manor,https://product-images.s3.cardmarket.com/1/MKM/751981/751981.jpg,15753,"0,02 €","0,09 €","0,08 €","0,05 €","0,03 €"
Vengeful Tracker,,Uncommon,147,Murders at Karlov Manor,https://product-images.s3.cardmarket.com/1/MKM/755760/755760.jpg,7890,"0,02 €","0,09 €","0,08 €","0,09 €","0,11 €"
Vitu-Ghazi Inspector,,Common,183,Murders at Karlov Manor,https://product-images.s3.cardmarket.com/1/MKM/752605/752605.jpg,11682,"0,02 €","0,13 €","0,10 €","0,11 €","0,10 €"
Warleader's Call,,Rare,242,Murders at Karlov Manor,https://product-images.s3.cardmarket.com/1/MKM/751207/751207.jpg,1445,"3,75 €","5,63 €","5,64 €","5,66 €","5,75 €"
Wispdrinker Vampire,,Uncommon,243,Murders at Karlov Manor,https://product-images.s3.cardmarket.com/1/MKM/750882/750882.jpg,5247,"0,02 €","0,15 €","0,17 €","0,15 €","0,12 €"
Wojek Investigator,V.1,Rare,36,Murders at Karlov Manor,https://product-images.s3.cardmarket.com/1/MKM/750658/750658.jpg,2226,"0,06 €","0,30 €","0,25 €","0,27 €","0,29 €"
Wojek Investigator,V.2,Rare,36,Murders at Karlov Manor,https://product-images.s3.cardmarket.com/1/MKM/755747/755747.jpg,2262,"0,10 €","0,34 €","0,29 €","0,33 €","0,36 €"
Worldsoul's Rage,,Rare,244,Murders at Karlov Manor,https://product-images.s3.cardmarket.com/1/MKM/753038/753038.jpg,3444,"0,10 €","0,33 €","0,32 €","0,37 €","0,47 €"
Wrench,,Uncommon,37,Murders at Karlov Manor,https://product-images.s3.cardmarket.com/1/MKM/755748/755748.jpg,8518,"0,02 €","0,06 €","0,07 €","0,05 €","0,04 €"
"Yarus, Roar of the Old Gods",,Rare,245,Murders at Karlov Manor,https://product-images.s3.cardmarket.com/1/MKM/753039/753039.jpg,5640,"0,08 €","0,15 €","0,18 €","0,18 €","0,10 €"
Abraded Bluffs,,Land,251,Outlaws of Thunder Junction,https://product-images.s3.cardmarket.com/1/OTJ/763963/763963.jpg,4945,"0,02 €","0,23 €","0,20 €","0,24 €","0,35 €"
Akul the Unrepentant,,Rare,189,Outlaws of Thunder Junction,https://product-images.s3.cardmarket.com/1/OTJ/764096/764096.jpg,4948,"0,09 €","0,16 €","0,16 €","0,13 €","0,08 €"
Aloe Alchemist,,Uncommon,152,Outlaws of Thunder Junction,https://product-images.s3.cardmarket.com/1/OTJ/764032/764032.jpg,6031,"0,02 €","0,15 €","0,12 €","0,12 €","0,08 €"
Ambush Gigapede,,Common,77,Outlaws of Thunder Junction,https://product-images.s3.cardmarket.com/1/OTJ/763924/763924.jpg,13998,"0,02 €","0,11 €","0,05 €","0,12 €","0,06 €"
Ankle Biter,,Common,153,Outlaws of Thunder Junction,https://product-images.s3.cardmarket.com/1/OTJ/763942/763942.jpg,12689,"0,02 €","0,12 €","0,10 €","0,09 €","0,06 €"
"Annie Flash, the Veteran",,Mythic,190,Outlaws of Thunder Junction,https://product-images.s3.cardmarket.com/1/OTJ/764047/764047.jpg,2581,"0,09 €","0,24 €","0,27 €","0,26 €","0,13 €"
Annie Joins Up,,Rare,191,Outlaws of Thunder Junction,https://product-images.s3.cardmarket.com/1/OTJ/763575/763575.jpg,596,"1,79 €","3,66 €","3,51 €","3,59 €","3,72 €"
Another Round,,Rare,1,Outlaws of Thunder Junction,https://product-images.s3.cardmarket.com/1/OTJ/765637/765637.jpg,3379,"0,10 €","0,29 €","0,30 €","0,31 €","0,14 €"
Archangel of Tithes,,Mythic,2,Outlaws of Thunder Junction,https://product-images.s3.cardmarket.com/1/OTJ/764241/764241.jpg,709,"1,45 €","2,63 €","2,63 €","2,41 €","2,74 €"
Archmage's Newt,,Rare,39,Outlaws of Thunder Junction,https://product-images.s3.cardmarket.com/1/OTJ/764086/764086.jpg,6002,"0,02 €","0,12 €","0,12 €","0,10 €","0,05 €"
Arid Archway,,Uncommon,252,Outlaws of Thunder Junction,https://product-images.s3.cardmarket.com/1/OTJ/763598/763598.jpg,2596,"0,08 €","0,55 €","0,60 €","0,54 €","0,44 €"
Armored Armadillo,,Common,3,Outlaws of Thunder Junction,https://product-images.s3.cardmarket.com/1/OTJ/763910/763910.jpg,12104,"0,02 €","0,08 €","0,10 €","0,08 €","0,02 €"
Assimilation Aegis,,Mythic,192,Outlaws of Thunder Junction,https://product-images.s3.cardmarket.com/1/OTJ/764048/764048.jpg,1513,"0,39 €","0,76 €","0,81 €","0,76 €","0,10 €"
At Knifepoint,,Uncommon,193,Outlaws of Thunder Junction,https://product-images.s3.cardmarket.com/1/OTJ/763951/763951.jpg,6517,"0,02 €","0,15 €","0,14 €","0,15 €","0,12 €"
Aven Interrupter,,Rare,4,Outlaws of Thunder Junction,https://product-images.s3.cardmarket.com/1/OTJ/763553/763553.jpg,921,"2,70 €","4,04 €","3,89 €","4,10 €","3,88 €"
Badlands Revival,,Uncommon,194,Outlaws of Thunder Junction,https://product-images.s3.cardmarket.com/1/OTJ/763952/763952.jpg,7464,"0,02 €","0,12 €","0,10 €","0,11 €","0,04 €"
Bandit's Haul,,Uncommon,240,Outlaws of Thunder Junction,https://product-images.s3.cardmarket.com/1/OTJ/764058/764058.jpg,8767,"0,02 €","0,09 €","0,10 €","0,09 €","0,02 €"
Baron Bertram Graywater,,Uncommon,195,Outlaws of Thunder Junction,https://product-images.s3.cardmarket.com/1/OTJ/763886/763886.jpg,4439,"0,02 €","0,17 €","0,19 €","0,16 €","0,09 €"
Beastbond Outcaster,,Uncommon,154,Outlaws of Thunder Junction,https://product-images.s3.cardmarket.com/1/OTJ/764033/764033.jpg,7631,"0,02 €","0,05 €","0,07 €","0,08 €","0,05 €"
Betrayal at the Vault,,Uncommon,155,Outlaws of Thunder Junction,https://product-images.s3.cardmarket.com/1/OTJ/764267/764267.jpg,7786,"0,02 €","0,11 €","0,06 €","0,10 €","0,14 €"
Binding Negotiation,,Uncommon,78,Outlaws of Thunder Junction,https://product-images.s3.cardmarket.com/1/OTJ/764008/764008.jpg,7820,"0,02 €","0,18 €","0,13 €","0,17 €","0,05 €"
Blacksnag Buzzard,,Common,79,Outlaws of Thunder Junction,https://product-images.s3.cardmarket.com/1/OTJ/763925/763925.jpg,13981,"0,02 €","0,02 €","0,02 €","0,02 €","0,02 €"
Blood Hustler,,Uncommon,80,Outlaws of Thunder Junction,https://product-images.s3.cardmarket.com/1/OTJ/763926/763926.jpg,6950,"0,02 €","0,11 €","0,10 €","0,08 €","0,16 €"
Blooming Marsh,,Rare,266,Outlaws of Thunder Junction,https://product-images.s3.cardmarket.com/1/OTJ/764098/764098.jpg,1599,"1,14 €","1,87 €","2,01 €","1,84 €","1,85 €"
Boneyard Desecrator,,Common,81,Outlaws of Thunder Junction,https://product-images.s3.cardmarket.com/1/OTJ/764009/764009.jpg,13682,"0,02 €","0,04 €","0,03 €","0,05 €","0,02 €"
"Bonny Pall, Clearcutter",,Rare,196,Outlaws of Thunder Junction,https://product-images.s3.cardmarket.com/1/OTJ/764274/764274.jpg,1981,"0,10 €","0,59 €","0,59 €","0,55 €","0,72 €"
Boom Box,,Uncommon,241,Outlaws of Thunder Junction,https://product-images.s3.cardmarket.com/1/OTJ/764281/764281.jpg,8132,"0,02 €","0,17 €","0,15 €","0,12 €","0,20 €"
Botanical Sanctum,,Rare,267,Outlaws of Thunder Junction,https://product-images.s3.cardmarket.com/1/OTJ/763612/763612.jpg,1791,£0.60,"1,88 €","1,99 €","1,89 €","1,71 €"
Bounding Felidar,,Uncommon,5,Outlaws of Thunder Junction,https://product-images.s3.cardmarket.com/1/OTJ/763911/763911.jpg,7027,"0,02 €","0,08 €","0,10 €","0,09 €","0,02 €"
Bovine Intervention,,Uncommon,6,Outlaws of Thunder Junction,https://product-images.s3.cardmarket.com/1/OTJ/763984/763984.jpg,6946,"0,02 €","0,23 €","0,19 €","0,20 €","0,36 €"
"Breeches, the Blastmaker",,Rare,197,Outlaws of Thunder Junction,https://product-images.s3.cardmarket.com/1/OTJ/763953/763953.jpg,4523,"0,05 €","0,13 €","0,17 €","0,19 €","0,18 €"
Bridled Bighorn,,Common,7,Outlaws of Thunder Junction,https://product-images.s3.cardmarket.com/1/OTJ/763875/763875.jpg,13901,"0,02 €","0,08 €","0,04 €","0,03 €","0,02 €"
Brimstone Roundup,,Uncommon,115,Outlaws of Thunder Junction,https://product-images.s3.cardmarket.com/1/OTJ/764021/764021.jpg,7324,"0,02 €","0,15 €","0,10 €","0,12 €","0,20 €"
Bristlepack Sentry,,Common,156,Outlaws of Thunder Junction,https://product-images.s3.cardmarket.com/1/OTJ/764034/764034.jpg,13669,"0,02 €","0,03 €","0,09 €","0,07 €","0,08 €"
Bristling Backwoods,,Land,253,Outlaws of Thunder Junction,https://product-images.s3.cardmarket.com/1/OTJ/763964/763964.jpg,7316,£0.02,"0,14 €","0,15 €","0,14 €","0,06 €"
"Bristly Bill, Spine Sower",,Mythic,157,Outlaws of Thunder Junction,https://product-images.s3.cardmarket.com/1/OTJ/763943/763943.jpg,493,"27,99 €","33,34 €","32,76 €","33,25 €","35,30 €"
"Bruse Tarl, Roving Rancher",,Rare,198,Outlaws of Thunder Junction,https://product-images.s3.cardmarket.com/1/OTJ/764049/764049.jpg,6223,"0,04 €","0,09 €","0,11 €","0,10 €","0,05 €"
Bucolic Ranch,,Uncommon,265,Outlaws of Thunder Junction,https://product-images.s3.cardmarket.com/1/OTJ/763611/763611.jpg,7892,"0,02 €","0,10 €","0,07 €","0,07 €","0,03 €"
Cactarantula,,Common,158,Outlaws of Thunder Junction,https://product-images.s3.cardmarket.com/1/OTJ/763944/763944.jpg,13642,"0,02 €","0,09 €","0,07 €","0,11 €","0,02 €"
Cactusfolk Sureshot,,Uncommon,199,Outlaws of Thunder Junction,https://product-images.s3.cardmarket.com/1/OTJ/763887/763887.jpg,5654,"0,02 €","0,13 €","0,17 €","0,13 €","0,07 €"
"Calamity, Galloping Inferno",,Rare,116,Outlaws of Thunder Junction,https://product-images.s3.cardmarket.com/1/OTJ/764259/764259.jpg,4031,"0,08 €","0,18 €","0,19 €","0,18 €","0,14 €"
Canyon Crab,,Uncommon,40,Outlaws of Thunder Junction,https://product-images.s3.cardmarket.com/1/OTJ/763996/763996.jpg,7423,"0,02 €","0,05 €","0,09 €","0,05 €","0,04 €"
Caught in the Crossfire,,Uncommon,117,Outlaws of Thunder Junction,https://product-images.s3.cardmarket.com/1/OTJ/764022/764022.jpg,7671,"0,02 €","0,12 €","0,08 €","0,17 €","0,15 €"
Caustic Bronco,,Rare,82,Outlaws of Thunder Junction,https://product-images.s3.cardmarket.com/1/OTJ/764090/764090.jpg,2893,"0,20 €","0,45 €","0,53 €","0,50 €","0,10 €"
Claim Jumper,,Rare,8,Outlaws of Thunder Junction,https://product-images.s3.cardmarket.com/1/OTJ/764242/764242.jpg,1400,"0,25 €","1,08 €","0,96 €","1,02 €","0,85 €"
Colossal Rattlewurm,,Rare,159,Outlaws of Thunder Junction,https://product-images.s3.cardmarket.com/1/OTJ/763571/763571.jpg,3976,£0.02,"0,25 €","0,31 €","0,23 €","0,10 €"
Concealed Courtyard,,Rare,268,Outlaws of Thunder Junction,https://product-images.s3.cardmarket.com/1/OTJ/763613/763613.jpg,1484,"0,50 €","1,23 €","1,32 €","1,22 €","1,24 €"
Conduit Pylons,,Common,254,Outlaws of Thunder Junction,https://product-images.s3.cardmarket.com/1/OTJ/763599/763599.jpg,7534,"0,02 €","0,20 €","0,21 €","0,22 €","0,25 €"
Congregation Gryff,,Uncommon,200,Outlaws of Thunder Junction,https://product-images.s3.cardmarket.com/1/OTJ/764050/764050.jpg,7294,"0,02 €","0,09 €","0,08 €","0,11 €","0,09 €"
Consuming Ashes,,Common,83,Outlaws of Thunder Junction,https://product-images.s3.cardmarket.com/1/OTJ/764010/764010.jpg,13711,"0,02 €","0,09 €","0,04 €","0,10 €","0,16 €"
Corrupted Conviction,,Common,84,Outlaws of Thunder Junction,https://product-images.s3.cardmarket.com/1/OTJ/764011/764011.jpg,4874,"0,02 €","0,28 €","0,28 €","0,27 €","0,23 €"
Creosote Heath,,Land,255,Outlaws of Thunder Junction,https://product-images.s3.cardmarket.com/1/OTJ/764062/764062.jpg,8576,"0,02 €","0,13 €","0,14 €","0,19 €","0,06 €"
Cunning Coyote,,Uncommon,118,Outlaws of Thunder Junction,https://product-images.s3.cardmarket.com/1/OTJ/763934/763934.jpg,6245,"0,02 €","0,13 €","0,10 €","0,13 €","0,18 €"
Dance of the Tumbleweeds,,Common,160,Outlaws of Thunder Junction,https://product-images.s3.cardmarket.com/1/OTJ/763572/763572.jpg,13048,"0,02 €","0,08 €","0,09 €","0,07 €","0,10 €"
Daring Thunder-Thief,,Common,41,Outlaws of Thunder Junction,https://product-images.s3.cardmarket.com/1/OTJ/764246/764246.jpg,13964,"0,02 €","0,07 €","0,04 €","0,08 €","0,03 €"
Deadeye Duelist,,Common,119,Outlaws of Thunder Junction,https://product-images.s3.cardmarket.com/1/OTJ/763884/763884.jpg,13846,"0,02 €","0,03 €","0,04 €","0,04 €","0,02 €"
Deepmuck Desperado,,Uncommon,42,Outlaws of Thunder Junction,https://product-images.s3.cardmarket.com/1/OTJ/763997/763997.jpg,6920,"0,02 €","0,09 €","0,13 €","0,12 €","0,09 €"
Demonic Ruckus,,Uncommon,120,Outlaws of Thunder Junction,https://product-images.s3.cardmarket.com/1/OTJ/764023/764023.jpg,4709,"0,02 €","0,24 €","0,20 €","0,23 €","0,16 €"
Desert's Due,,Common,85,Outlaws of Thunder Junction,https://product-images.s3.cardmarket.com/1/OTJ/764012/764012.jpg,13811,"0,02 €","0,06 €","0,04 €","0,05 €","0,02 €"
Desperate Bloodseeker,,Common,86,Outlaws of Thunder Junction,https://product-images.s3.cardmarket.com/1/OTJ/764013/764013.jpg,13179,"0,02 €","0,09 €","0,07 €","0,10 €","0,05 €"
Discerning Peddler,,Common,121,Outlaws of Thunder Junction,https://product-images.s3.cardmarket.com/1/OTJ/764260/764260.jpg,13595,"0,02 €","0,06 €","0,05 €","0,05 €","0,02 €"
Djinn of Fool's Fall,,Common,43,Outlaws of Thunder Junction,https://product-images.s3.cardmarket.com/1/OTJ/763998/763998.jpg,14238,"0,02 €","0,02 €","0,03 €","0,02 €","0,02 €"
"Doc Aurlock, Grizzled Genius",,Uncommon,201,Outlaws of Thunder Junction,https://product-images.s3.cardmarket.com/1/OTJ/763954/763954.jpg,3717,"0,05 €","0,28 €","0,25 €","0,26 €","0,24 €"
Double Down,,Mythic,44,Outlaws of Thunder Junction,https://product-images.s3.cardmarket.com/1/OTJ/764247/764247.jpg,1609,"0,76 €","1,13 €","1,08 €","1,07 €","0,98 €"
Drover Grizzly,,Common,161,Outlaws of Thunder Junction,https://product-images.s3.cardmarket.com/1/OTJ/764268/764268.jpg,13577,"0,02 €","0,14 €","0,09 €","0,10 €","0,04 €"
Duelist of the Mind,,Rare,45,Outlaws of Thunder Junction,https://product-images.s3.cardmarket.com/1/OTJ/763878/763878.jpg,3774,"0,08 €","0,34 €","0,35 €","0,31 €","0,35 €"
Dust Animus,,Rare,9,Outlaws of Thunder Junction,https://product-images.s3.cardmarket.com/1/OTJ/763985/763985.jpg,4786,£0.02,"0,25 €","0,27 €","0,36 €","0,05 €"
Emergent Haunting,,Uncommon,46,Outlaws of Thunder Junction,https://product-images.s3.cardmarket.com/1/OTJ/759029/759029.jpg,7669,"0,02 €","0,07 €","0,05 €","0,05 €","0,05 €"
"Eriette, the Beguiler",,Rare,202,Outlaws of Thunder Junction,https://product-images.s3.cardmarket.com/1/OTJ/764051/764051.jpg,4974,£0.02,"0,16 €","0,14 €","0,18 €","0,15 €"
Eriette's Lullaby,,Common,10,Outlaws of Thunder Junction,https://product-images.s3.cardmarket.com/1/OTJ/764139/764139.jpg,13173,"0,02 €","0,08 €","0,05 €","0,08 €","0,02 €"
Eroded Canyon,,Land,256,Outlaws of Thunder Junction,https://product-images.s3.cardmarket.com/1/OTJ/763601/763601.jpg,5514,"0,02 €","0,18 €","0,19 €","0,20 €","0,19 €"
"Ertha Jo, Frontier Mentor",,Uncommon,203,Outlaws of Thunder Junction,https://product-images.s3.cardmarket.com/1/OTJ/764052/764052.jpg,6761,"0,02 €","0,13 €","0,13 €","0,09 €","0,20 €"
Explosive Derailment,,Common,122,Outlaws of Thunder Junction,https://product-images.s3.cardmarket.com/1/OTJ/763935/763935.jpg,13610,"0,02 €","0,09 €","0,07 €","0,10 €","0,32 €"
Failed Fording,,Common,47,Outlaws of Thunder Junction,https://product-images.s3.cardmarket.com/1/OTJ/763879/763879.jpg,13948,"0,02 €","0,04 €","0,04 €","0,04 €","0,02 €"
Fake Your Own Death,,Common,87,Outlaws of Thunder Junction,https://product-images.s3.cardmarket.com/1/OTJ/763927/763927.jpg,12688,"0,02 €","0,08 €","0,08 €","0,09 €","0,05 €"
"Fblthp, Lost on the Range",,Rare,48,Outlaws of Thunder Junction,https://product-images.s3.cardmarket.com/1/OTJ/764087/764087.jpg,4013,"0,02 €","0,25 €","0,22 €","0,25 €","0,25 €"
Ferocification,,Uncommon,123,Outlaws of Thunder Junction,https://product-images.s3.cardmarket.com/1/OTJ/764092/764092.jpg,7373,"0,02 €","0,09 €","0,11 €","0,11 €","0,08 €"
Festering Gulch,,Land,257,Outlaws of Thunder Junction,https://product-images.s3.cardmarket.com/1/OTJ/763603/763603.jpg,6356,"0,02 €","0,14 €","0,14 €","0,13 €","0,15 €"
Final Showdown,,Mythic,11,Outlaws of Thunder Junction,https://product-images.s3.cardmarket.com/1/OTJ/763912/763912.jpg,1313,"4,35 €","5,46 €","5,27 €","5,47 €","5,89 €"
Fleeting Reflection,,Uncommon,49,Outlaws of Thunder Junction,https://product-images.s3.cardmarket.com/1/OTJ/759031/759031.jpg,6323,"0,02 €","0,10 €","0,16 €","0,12 €","0,13 €"
Forest,V.1,Land,276,Outlaws of Thunder Junction,https://product-images.s3.cardmarket.com/1/OTJ/759038/759038.jpg,4367,"0,10 €","0,25 €","0,35 €","0,25 €","0,15 €"
Forest,V.2,Land,285,Outlaws of Thunder Junction,https://product-images.s3.cardmarket.com/1/OTJ/765635/765635.jpg,4732,"0,02 €","0,16 €","0,11 €","0,11 €","0,06 €"
Forest,V.3,Land,286,Outlaws of Thunder Junction,https://product-images.s3.cardmarket.com/1/OTJ/765636/765636.jpg,4519,"0,02 €","0,10 €","0,11 €","0,11 €","0,05 €"
Forlorn Flats,,Land,258,Outlaws of Thunder Junction,https://product-images.s3.cardmarket.com/1/OTJ/763604/763604.jpg,6412,"0,02 €","0,13 €","0,14 €","0,13 €","0,06 €"
Form a Posse,,Uncommon,204,Outlaws of Thunder Junction,https://product-images.s3.cardmarket.com/1/OTJ/763955/763955.jpg,7416,"0,02 €","0,10 €","0,09 €","0,12 €","0,09 €"
Forsaken Miner,,Uncommon,88,Outlaws of Thunder Junction,https://product-images.s3.cardmarket.com/1/OTJ/764254/764254.jpg,1497,"0,50 €","1,31 €","1,23 €","1,26 €","0,99 €"
"Fortune, Loyal Steed",,Rare,12,Outlaws of Thunder Junction,https://product-images.s3.cardmarket.com/1/OTJ/763554/763554.jpg,4958,"0,02 €","0,16 €","0,17 €","0,18 €","0,17 €"
Freestrider Commando,,Common,162,Outlaws of Thunder Junction,https://product-images.s3.cardmarket.com/1/OTJ/764035/764035.jpg,13811,"0,02 €","0,04 €","0,03 €","0,02 €","0,02 €"
Freestrider Lookout,,Rare,163,Outlaws of Thunder Junction,https://product-images.s3.cardmarket.com/1/OTJ/764036/764036.jpg,3770,"0,15 €","0,68 €","0,62 €","0,64 €","0,66 €"
Frontier Seeker,,Uncommon,13,Outlaws of Thunder Junction,https://product-images.s3.cardmarket.com/1/OTJ/763876/763876.jpg,7472,"0,02 €","0,06 €","0,05 €","0,05 €","0,06 €"
Full Steam Ahead,,Uncommon,164,Outlaws of Thunder Junction,https://product-images.s3.cardmarket.com/1/OTJ/763573/763573.jpg,7433,"0,02 €","0,08 €","0,09 €","0,10 €","0,03 €"
"Geralf, the Fleshwright",,Mythic,50,Outlaws of Thunder Junction,https://product-images.s3.cardmarket.com/1/OTJ/763919/763919.jpg,1285,"0,99 €","1,30 €","1,51 €","1,46 €","1,16 €"
Getaway Glamer,,Uncommon,14,Outlaws of Thunder Junction,https://product-images.s3.cardmarket.com/1/OTJ/763555/763555.jpg,5861,"0,02 €","0,17 €","0,17 €","0,19 €","0,09 €"
Geyser Drake,,Common,51,Outlaws of Thunder Junction,https://product-images.s3.cardmarket.com/1/OTJ/764248/764248.jpg,13017,"0,02 €","0,12 €","0,10 €","0,09 €","0,12 €"
"Ghired, Mirror of the Wilds",,Mythic,205,Outlaws of Thunder Junction,https://product-images.s3.cardmarket.com/1/OTJ/763576/763576.jpg,1875,"0,34 €","0,50 €","0,52 €","0,54 €","0,57 €"
Giant Beaver,,Common,165,Outlaws of Thunder Junction,https://product-images.s3.cardmarket.com/1/OTJ/764037/764037.jpg,13466,"0,02 €","0,09 €","0,04 €","0,04 €","0,13 €"
Gila Courser,,Uncommon,124,Outlaws of Thunder Junction,https://product-images.s3.cardmarket.com/1/OTJ/764024/764024.jpg,7535,"0,02 €","0,09 €","0,09 €","0,11 €","0,50 €"
"Gisa, the Hellraiser",,Mythic,89,Outlaws of Thunder Junction,https://product-images.s3.cardmarket.com/1/OTJ/764255/764255.jpg,785,"3,94 €","5,02 €","4,98 €","5,17 €","4,73 €"
Gold Pan,,Common,242,Outlaws of Thunder Junction,https://product-images.s3.cardmarket.com/1/OTJ/764059/764059.jpg,13660,"0,02 €","0,12 €","0,12 €","0,11 €","0,15 €"
Gold Rush,,Uncommon,166,Outlaws of Thunder Junction,https://product-images.s3.cardmarket.com/1/OTJ/764038/764038.jpg,7156,"0,02 €","0,11 €","0,13 €","0,09 €","0,12 €"
Goldvein Hydra,,Mythic,167,Outlaws of Thunder Junction,https://product-images.s3.cardmarket.com/1/OTJ/764269/764269.jpg,893,£5.25,"7,63 €","7,89 €","7,71 €","7,76 €"
Great Train Heist,,Rare,125,Outlaws of Thunder Junction,https://product-images.s3.cardmarket.com/1/OTJ/764025/764025.jpg,1058,"0,79 €","2,40 €","2,44 €","2,35 €","2,52 €"
Hardbristle Bandit,,Common,168,Outlaws of Thunder Junction,https://product-images.s3.cardmarket.com/1/OTJ/764039/764039.jpg,13119,"0,02 €","0,12 €","0,08 €","0,11 €","0,15 €"
Harrier Strix,,Common,52,Outlaws of Thunder Junction,https://product-images.s3.cardmarket.com/1/OTJ/763999/763999.jpg,8028,"0,02 €","0,15 €","0,17 €","0,16 €","0,22 €"
Hell to Pay,,Rare,126,Outlaws of Thunder Junction,https://product-images.s3.cardmarket.com/1/OTJ/763566/763566.jpg,2730,"0,10 €","0,43 €","0,36 €","0,41 €","0,41 €"
Hellspur Brute,,Uncommon,127,Outlaws of Thunder Junction,https://product-images.s3.cardmarket.com/1/OTJ/759033/759033.jpg,7635,"0,02 €","0,08 €","0,07 €","0,08 €","0,20 €"
Hellspur Posse Boss,,Rare,128,Outlaws of Thunder Junction,https://product-images.s3.cardmarket.com/1/OTJ/764261/764261.jpg,4890,"0,05 €","0,14 €","0,18 €","0,16 €","0,05 €"
High Noon,,Rare,15,Outlaws of Thunder Junction,https://product-images.s3.cardmarket.com/1/OTJ/763877/763877.jpg,961,£0.89,"2,25 €","1,99 €","2,25 €","2,71 €"
Highway Robbery,,Common,129,Outlaws of Thunder Junction,https://product-images.s3.cardmarket.com/1/OTJ/763936/763936.jpg,3191,"0,02 €","0,35 €","0,36 €","0,43 €","0,33 €"
Hollow Marauder,,Uncommon,90,Outlaws of Thunder Junction,https://product-images.s3.cardmarket.com/1/OTJ/763561/763561.jpg,6206,"0,02 €","0,15 €","0,16 €","0,16 €","0,25 €"
Holy Cow,,Common,16,Outlaws of Thunder Junction,https://product-images.s3.cardmarket.com/1/OTJ/763913/763913.jpg,12624,"0,02 €","0,04 €","0,07 €","0,06 €","0,06 €"
Honest Rutstein,,Uncommon,207,Outlaws of Thunder Junction,https://product-images.s3.cardmarket.com/1/OTJ/763579/763579.jpg,3926,"0,05 €","0,41 €","0,40 €","0,42 €","0,55 €"
Insatiable Avarice,,Rare,91,Outlaws of Thunder Junction,https://product-images.s3.cardmarket.com/1/OTJ/764014/764014.jpg,1416,"2,48 €","3,41 €","3,45 €","3,39 €","3,38 €"
Inspiring Vantage,,Rare,269,Outlaws of Thunder Junction,https://product-images.s3.cardmarket.com/1/OTJ/763615/763615.jpg,1685,"1,10 €","2,18 €","2,10 €","1,95 €","1,49 €"
Intimidation Campaign,,Uncommon,208,Outlaws of Thunder Junction,https://product-images.s3.cardmarket.com/1/OTJ/763581/763581.jpg,7269,"0,02 €","0,11 €","0,09 €","0,10 €","0,12 €"
Intrepid Stablemaster,,Uncommon,169,Outlaws of Thunder Junction,https://product-images.s3.cardmarket.com/1/OTJ/763574/763574.jpg,6637,"0,02 €","0,16 €","0,14 €","0,17 €","0,14 €"
Inventive Wingsmith,,Common,17,Outlaws of Thunder Junction,https://product-images.s3.cardmarket.com/1/OTJ/763556/763556.jpg,14052,"0,02 €","0,02 €","0,03 €","0,02 €","0,02 €"
Irascible Wolverine,,Common,130,Outlaws of Thunder Junction,https://product-images.s3.cardmarket.com/1/OTJ/764026/764026.jpg,13599,"0,02 €","0,08 €","0,03 €","0,03 €","0,04 €"
Iron-Fist Pulverizer,,Common,131,Outlaws of Thunder Junction,https://product-images.s3.cardmarket.com/1/OTJ/764262/764262.jpg,13782,"0,02 €","0,02 €","0,03 €","0,02 €","0,02 €"
Island,V.1,Land,273,Outlaws of Thunder Junction,https://product-images.s3.cardmarket.com/1/OTJ/759035/759035.jpg,5918,"0,08 €","0,40 €","0,28 €","0,41 €","0,99 €"
Island,V.2,Land,279,Outlaws of Thunder Junction,https://product-images.s3.cardmarket.com/1/OTJ/765629/765629.jpg,5785,"0,02 €","0,11 €","0,10 €","0,09 €","0,03 €"
Island,V.3,Land,280,Outlaws of Thunder Junction,https://product-images.s3.cardmarket.com/1/OTJ/765630/765630.jpg,5613,"0,02 €","0,17 €","0,12 €","0,10 €","0,05 €"
Jace Reawakened,,Mythic,271,Outlaws of Thunder Junction,https://product-images.s3.cardmarket.com/1/OTJ/763617/763617.jpg,1812,"0,58 €","1,50 €","1,46 €","1,46 €","1,31 €"
Jagged Barrens,,Land,259,Outlaws of Thunder Junction,https://product-images.s3.cardmarket.com/1/OTJ/763605/763605.jpg,2309,"0,40 €","1,48 €","1,46 €","1,50 €","1,43 €"
Jailbreak Scheme,,Common,53,Outlaws of Thunder Junction,https://product-images.s3.cardmarket.com/1/OTJ/764000/764000.jpg,13799,"0,02 €","0,08 €","0,07 €","0,07 €","0,03 €"
"Jem Lightfoote, Sky Explorer",,Uncommon,209,Outlaws of Thunder Junction,https://product-images.s3.cardmarket.com/1/OTJ/763888/763888.jpg,7752,"0,02 €","0,07 €","0,07 €","0,08 €","0,08 €"
"Jolene, Plundering Pugilist",,Uncommon,210,Outlaws of Thunder Junction,https://product-images.s3.cardmarket.com/1/OTJ/764053/764053.jpg,7103,"0,02 €","0,15 €","0,16 €","0,13 €","0,03 €"
"Kaervek, the Punisher",,Rare,92,Outlaws of Thunder Junction,https://product-images.s3.cardmarket.com/1/OTJ/763882/763882.jpg,3502,"0,10 €","0,36 €","0,34 €","0,34 €","0,30 €"
"Kambal, Profiteering Mayor",,Rare,211,Outlaws of Thunder Junction,https://product-images.s3.cardmarket.com/1/OTJ/763583/763583.jpg,848,"2,21 €","3,61 €","3,47 €","3,29 €","3,79 €"
Kellan Joins Up,,Rare,212,Outlaws of Thunder Junction,https://product-images.s3.cardmarket.com/1/OTJ/764276/764276.jpg,5000,"0,02 €","0,18 €","0,17 €","0,19 €","0,16 €"
"Kellan, the Kid",,Mythic,213,Outlaws of Thunder Junction,https://product-images.s3.cardmarket.com/1/OTJ/763956/763956.jpg,1442,"0,40 €","0,91 €","0,93 €","0,92 €","1,03 €"
"Kraum, Violent Cacophony",,Uncommon,214,Outlaws of Thunder Junction,https://product-images.s3.cardmarket.com/1/OTJ/763585/763585.jpg,6732,"0,02 €","0,14 €","0,14 €","0,11 €","0,17 €"
Lassoed by the Law,,Uncommon,18,Outlaws of Thunder Junction,https://product-images.s3.cardmarket.com/1/OTJ/764084/764084.jpg,7657,"0,02 €","0,05 €","0,06 €","0,03 €","0,02 €"
Laughing Jasper Flint,,Rare,215,Outlaws of Thunder Junction,https://product-images.s3.cardmarket.com/1/OTJ/763588/763588.jpg,2263,"0,25 €","0,54 €","0,48 €","0,57 €","0,65 €"
Lavaspur Boots,,Uncommon,243,Outlaws of Thunder Junction,https://product-images.s3.cardmarket.com/1/OTJ/763962/763962.jpg,3124,"0,73 €","1,28 €","1,32 €","1,26 €","1,16 €"
"Lazav, Familiar Stranger",,Uncommon,216,Outlaws of Thunder Junction,https://product-images.s3.cardmarket.com/1/OTJ/764054/764054.jpg,7468,"0,02 €","0,09 €","0,09 €","0,10 €","0,10 €"
"Lilah, Undefeated Slickshot",,Rare,217,Outlaws of Thunder Junction,https://product-images.s3.cardmarket.com/1/OTJ/763590/763590.jpg,4960,"0,06 €","0,17 €","0,19 €","0,26 €","0,05 €"
Lively Dirge,,Uncommon,93,Outlaws of Thunder Junction,https://product-images.s3.cardmarket.com/1/OTJ/764256/764256.jpg,2022,"0,03 €","0,68 €","0,70 €","0,63 €","0,65 €"
Loan Shark,,Common,55,Outlaws of Thunder Junction,https://product-images.s3.cardmarket.com/1/OTJ/763558/763558.jpg,14040,"0,02 €","0,06 €","0,04 €","0,07 €","0,02 €"
Lonely Arroyo,,Land,260,Outlaws of Thunder Junction,https://product-images.s3.cardmarket.com/1/OTJ/763607/763607.jpg,7713,"0,02 €","0,15 €","0,13 €","0,13 €","0,05 €"
Longhorn Sharpshooter,,Uncommon,132,Outlaws of Thunder Junction,https://product-images.s3.cardmarket.com/1/OTJ/764027/764027.jpg,7620,"0,02 €","0,05 €","0,06 €","0,09 €","0,02 €"
Lush Oasis,,Land,261,Outlaws of Thunder Junction,https://product-images.s3.cardmarket.com/1/OTJ/763609/763609.jpg,7579,"0,02 €","0,15 €","0,12 €","0,16 €","0,25 €"
Luxurious Locomotive,,Uncommon,244,Outlaws of Thunder Junction,https://product-images.s3.cardmarket.com/1/OTJ/763893/763893.jpg,6913,"0,02 €","0,10 €","0,11 €","0,07 €","0,03 €"
"Magda, the Hoardmaster",,Rare,133,Outlaws of Thunder Junction,https://product-images.s3.cardmarket.com/1/OTJ/763937/763937.jpg,2302,£0.13,"0,66 €","0,61 €","0,61 €","0,59 €"
Magebane Lizard,,Uncommon,134,Outlaws of Thunder Junction,https://product-images.s3.cardmarket.com/1/OTJ/763567/763567.jpg,3003,"0,49 €","1,20 €","1,09 €","1,17 €","1,17 €"
Make Your Own Luck,,Uncommon,218,Outlaws of Thunder Junction,https://product-images.s3.cardmarket.com/1/OTJ/764277/764277.jpg,6854,"0,02 €","0,10 €","0,12 €","0,14 €","0,20 €"
"Malcolm, the Eyes",,Rare,219,Outlaws of Thunder Junction,https://product-images.s3.cardmarket.com/1/OTJ/763592/763592.jpg,3650,£0.05,"0,24 €","0,24 €","0,24 €","0,14 €"
Map the Frontier,,Uncommon,170,Outlaws of Thunder Junction,https://product-images.s3.cardmarket.com/1/OTJ/764270/764270.jpg,7779,"0,02 €","0,19 €","0,17 €","0,17 €","0,05 €"
Marauding Sphinx,,Uncommon,56,Outlaws of Thunder Junction,https://product-images.s3.cardmarket.com/1/OTJ/763920/763920.jpg,7717,"0,02 €","0,14 €","0,08 €","0,14 €","0,02 €"
"Marchesa, Dealer of Death",,Rare,220,Outlaws of Thunder Junction,https://product-images.s3.cardmarket.com/1/OTJ/763957/763957.jpg,4956,"0,02 €","0,19 €","0,18 €","0,22 €","0,13 €"
Metamorphic Blast,,Uncommon,57,Outlaws of Thunder Junction,https://product-images.s3.cardmarket.com/1/OTJ/763880/763880.jpg,7338,"0,02 €","0,08 €","0,10 €","0,08 €","0,02 €"
Mine Raider,,Common,135,Outlaws of Thunder Junction,https://product-images.s3.cardmarket.com/1/OTJ/764263/764263.jpg,13928,"0,02 €","0,07 €","0,05 €","0,05 €","0,02 €"
Mirage Mesa,,Common,262,Outlaws of Thunder Junction,https://product-images.s3.cardmarket.com/1/OTJ/763610/763610.jpg,15223,"0,02 €","0,08 €","0,07 €","0,10 €","0,20 €"
"Miriam, Herd Whisperer",,Uncommon,221,Outlaws of Thunder Junction,https://product-images.s3.cardmarket.com/1/OTJ/763958/763958.jpg,6646,"0,02 €","0,11 €","0,10 €","0,10 €","0,05 €"
Mobile Homestead,,Uncommon,245,Outlaws of Thunder Junction,https://product-images.s3.cardmarket.com/1/OTJ/764282/764282.jpg,7247,"0,02 €","0,14 €","0,11 €","0,12 €","0,10 €"
Mountain,V.1,Land,275,Outlaws of Thunder Junction,https://product-images.s3.cardmarket.com/1/OTJ/759037/759037.jpg,4967,"0,08 €","0,31 €","0,31 €","0,26 €","0,47 €"
Mountain,V.2,Land,283,Outlaws of Thunder Junction,https://product-images.s3.cardmarket.com/1/OTJ/765633/765633.jpg,5274,"0,02 €","0,15 €","0,13 €","0,10 €","0,06 €"
Mountain,V.3,Land,284,Outlaws of Thunder Junction,https://product-images.s3.cardmarket.com/1/OTJ/765634/765634.jpg,5230,"0,02 €","0,12 €","0,13 €","0,12 €","0,02 €"
Mourner's Surprise,,Common,94,Outlaws of Thunder Junction,https://product-images.s3.cardmarket.com/1/OTJ/763928/763928.jpg,13504,"0,02 €","0,08 €","0,05 €","0,09 €","0,02 €"
Mystical Tether,,Common,19,Outlaws of Thunder Junction,https://product-images.s3.cardmarket.com/1/OTJ/763914/763914.jpg,13747,"0,02 €","0,03 €","0,04 €","0,05 €","0,02 €"
Neutralize the Guards,,Uncommon,95,Outlaws of Thunder Junction,https://product-images.s3.cardmarket.com/1/OTJ/764015/764015.jpg,7500,"0,02 €","0,06 €","0,08 €","0,07 €","0,10 €"
Nezumi Linkbreaker,,Common,96,Outlaws of Thunder Junction,https://product-images.s3.cardmarket.com/1/OTJ/764257/764257.jpg,8498,"0,02 €","0,14 €","0,13 €","0,15 €","0,02 €"
Nimble Brigand,,Uncommon,58,Outlaws of Thunder Junction,https://product-images.s3.cardmarket.com/1/OTJ/764002/764002.jpg,7658,"0,02 €","0,14 €","0,09 €","0,12 €","0,02 €"
Nurturing Pixie,,Uncommon,20,Outlaws of Thunder Junction,https://product-images.s3.cardmarket.com/1/OTJ/763986/763986.jpg,3623,"0,02 €","0,28 €","0,32 €","0,27 €","0,14 €"
Oasis Gardener,,Common,246,Outlaws of Thunder Junction,https://product-images.s3.cardmarket.com/1/OTJ/763894/763894.jpg,13452,"0,02 €","0,08 €","0,06 €","0,08 €","0,04 €"
"Obeka, Splitter of Seconds",,Rare,222,Outlaws of Thunder Junction,https://product-images.s3.cardmarket.com/1/OTJ/763889/763889.jpg,4486,"0,09 €","0,22 €","0,25 €","0,27 €","0,15 €"
"Oko, the Ringleader",,Mythic,223,Outlaws of Thunder Junction,https://product-images.s3.cardmarket.com/1/OTJ/764055/764055.jpg,2273,"0,25 €","0,49 €","0,63 €","0,58 €","0,50 €"
Omenport Vigilante,,Uncommon,21,Outlaws of Thunder Junction,https://product-images.s3.cardmarket.com/1/OTJ/763987/763987.jpg,7810,"0,02 €","0,06 €","0,04 €","0,05 €","0,20 €"
One Last Job,,Rare,22,Outlaws of Thunder Junction,https://product-images.s3.cardmarket.com/1/OTJ/763988/763988.jpg,4974,"0,09 €","0,17 €","0,16 €","0,16 €","0,10 €"
Ornery Tumblewagg,,Rare,171,Outlaws of Thunder Junction,https://product-images.s3.cardmarket.com/1/OTJ/764040/764040.jpg,2933,"0,05 €","0,34 €","0,31 €","0,36 €","0,20 €"
Outcaster Greenblade,,Uncommon,172,Outlaws of Thunder Junction,https://product-images.s3.cardmarket.com/1/OTJ/764041/764041.jpg,6965,"0,02 €","0,15 €","0,13 €","0,16 €","0,02 €"
Outcaster Trailblazer,,Rare,173,Outlaws of Thunder Junction,https://product-images.s3.cardmarket.com/1/OTJ/763885/763885.jpg,1370,"1,00 €","1,51 €","1,50 €","1,50 €","1,39 €"
Outlaw Medic,,Common,23,Outlaws of Thunder Junction,https://product-images.s3.cardmarket.com/1/OTJ/763989/763989.jpg,8778,"0,02 €","0,11 €","0,14 €","0,09 €","0,15 €"
Outlaw Stitcher,,Uncommon,59,Outlaws of Thunder Junction,https://product-images.s3.cardmarket.com/1/OTJ/764249/764249.jpg,7735,"0,02 €","0,03 €","0,09 €","0,05 €","0,02 €"
Outlaws' Fury,,Common,136,Outlaws of Thunder Junction,https://product-images.s3.cardmarket.com/1/OTJ/763938/763938.jpg,13787,"0,02 €","0,09 €","0,05 €","0,09 €","0,03 €"
Overzealous Muscle,,Common,97,Outlaws of Thunder Junction,https://product-images.s3.cardmarket.com/1/OTJ/764016/764016.jpg,14090,"0,02 €","0,02 €","0,03 €","0,04 €","0,02 €"
Patient Naturalist,,Common,174,Outlaws of Thunder Junction,https://product-images.s3.cardmarket.com/1/OTJ/763945/763945.jpg,13773,"0,02 €","0,07 €","0,04 €","0,03 €","0,02 €"
Peerless Ropemaster,,Common,60,Outlaws of Thunder Junction,https://product-images.s3.cardmarket.com/1/OTJ/764250/764250.jpg,13926,"0,02 €","0,02 €","0,03 €","0,02 €","0,02 €"
Phantom Interference,,Common,61,Outlaws of Thunder Junction,https://product-images.s3.cardmarket.com/1/OTJ/764088/764088.jpg,10917,"0,02 €","0,14 €","0,13 €","0,13 €","0,21 €"
Pillage the Bog,,Rare,224,Outlaws of Thunder Junction,https://product-images.s3.cardmarket.com/1/OTJ/759034/759034.jpg,3507,"0,10 €","0,40 €","0,36 €","0,34 €","0,21 €"
Pitiless Carnage,,Rare,98,Outlaws of Thunder Junction,https://product-images.s3.cardmarket.com/1/OTJ/764017/764017.jpg,3756,"0,04 €","0,23 €","0,24 €","0,22 €","0,23 €"
Plains,V.1,Land,272,Outlaws of Thunder Junction,https://product-images.s3.cardmarket.com/1/OTJ/763618/763618.jpg,4957,"0,09 €","0,24 €","0,26 €","0,25 €","0,24 €"
Plains,V.2,Land,277,Outlaws of Thunder Junction,https://product-images.s3.cardmarket.com/1/OTJ/759039/759039.jpg,4786,"0,02 €","0,09 €","0,09 €","0,08 €","0,02 €"
Plains,V.3,Land,278,Outlaws of Thunder Junction,https://product-images.s3.cardmarket.com/1/OTJ/765628/765628.jpg,4960,"0,02 €","0,11 €","0,11 €","0,09 €","0,06 €"
Plan the Heist,,Uncommon,62,Outlaws of Thunder Junction,https://product-images.s3.cardmarket.com/1/OTJ/764003/764003.jpg,7711,"0,02 €","0,10 €","0,08 €","0,08 €","0,02 €"
Prairie Dog,,Uncommon,24,Outlaws of Thunder Junction,https://product-images.s3.cardmarket.com/1/OTJ/763990/763990.jpg,7517,"0,02 €","0,09 €","0,09 €","0,12 €","0,09 €"
Prickly Pair,,Common,137,Outlaws of Thunder Junction,https://product-images.s3.cardmarket.com/1/OTJ/764093/764093.jpg,13596,"0,02 €","0,07 €","0,03 €","0,03 €","0,02 €"
Prosperity Tycoon,,Uncommon,25,Outlaws of Thunder Junction,https://product-images.s3.cardmarket.com/1/OTJ/763991/763991.jpg,7900,"0,02 €","0,07 €","0,04 €","0,06 €","0,20 €"
Quick Draw,,Common,138,Outlaws of Thunder Junction,https://product-images.s3.cardmarket.com/1/OTJ/764028/764028.jpg,13887,"0,02 €","0,06 €","0,05 €","0,04 €","0,02 €"
Quilled Charger,,Common,139,Outlaws of Thunder Junction,https://product-images.s3.cardmarket.com/1/OTJ/764029/764029.jpg,13853,"0,02 €","0,03 €","0,04 €","0,04 €","0,06 €"
Railway Brawler,,Mythic,175,Outlaws of Thunder Junction,https://product-images.s3.cardmarket.com/1/OTJ/763946/763946.jpg,561,"6,00 €","6,52 €","6,68 €","6,83 €","6,82 €"
Rakdos Joins Up,,Rare,225,Outlaws of Thunder Junction,https://product-images.s3.cardmarket.com/1/OTJ/764278/764278.jpg,2017,"0,15 €","0,52 €","0,53 €","0,54 €","0,54 €"
"Rakdos, the Muscle",,Mythic,226,Outlaws of Thunder Junction,https://product-images.s3.cardmarket.com/1/OTJ/764056/764056.jpg,1185,"0,81 €","1,36 €","1,29 €","1,33 €","1,20 €"
Rakish Crew,,Uncommon,99,Outlaws of Thunder Junction,https://product-images.s3.cardmarket.com/1/OTJ/764018/764018.jpg,7248,"0,02 €","0,07 €","0,10 €","0,06 €","0,04 €"
Rambling Possum,,Uncommon,176,Outlaws of Thunder Junction,https://product-images.s3.cardmarket.com/1/OTJ/764271/764271.jpg,7610,"0,02 €","0,10 €","0,06 €","0,08 €","0,02 €"
Rattleback Apothecary,,Uncommon,100,Outlaws of Thunder Junction,https://product-images.s3.cardmarket.com/1/OTJ/763562/763562.jpg,7152,"0,02 €","0,10 €","0,13 €","0,13 €","0,15 €"
Raucous Entertainer,,Uncommon,177,Outlaws of Thunder Junction,https://product-images.s3.cardmarket.com/1/OTJ/763947/763947.jpg,7729,"0,02 €","0,07 €","0,07 €","0,10 €","0,02 €"
Raven of Fell Omens,,Common,101,Outlaws of Thunder Junction,https://product-images.s3.cardmarket.com/1/OTJ/763563/763563.jpg,11938,"0,02 €","0,05 €","0,11 €","0,05 €","0,06 €"
Razzle-Dazzler,,Common,63,Outlaws of Thunder Junction,https://product-images.s3.cardmarket.com/1/OTJ/763559/763559.jpg,13116,"0,02 €","0,12 €","0,10 €","0,14 €","0,30 €"
Reach for the Sky,,Common,178,Outlaws of Thunder Junction,https://product-images.s3.cardmarket.com/1/OTJ/764042/764042.jpg,13633,"0,02 €","0,05 €","0,06 €","0,05 €","0,09 €"
Reckless Lackey,,Common,140,Outlaws of Thunder Junction,https://product-images.s3.cardmarket.com/1/OTJ/763568/763568.jpg,8406,"0,02 €","0,15 €","0,19 €","0,15 €","0,12 €"
Redrock Sentinel,,Uncommon,247,Outlaws of Thunder Junction,https://product-images.s3.cardmarket.com/1/OTJ/764097/764097.jpg,7643,"0,02 €","0,05 €","0,07 €","0,06 €","0,03 €"
Requisition Raid,,Uncommon,26,Outlaws of Thunder Junction,https://product-images.s3.cardmarket.com/1/OTJ/763915/763915.jpg,2892,"0,20 €","0,52 €","0,50 €","0,56 €","0,59 €"
Resilient Roadrunner,,Uncommon,141,Outlaws of Thunder Junction,https://product-images.s3.cardmarket.com/1/OTJ/763939/763939.jpg,7562,"0,02 €","0,05 €","0,06 €","0,04 €","0,05 €"
Return the Favor,,Uncommon,142,Outlaws of Thunder Junction,https://product-images.s3.cardmarket.com/1/OTJ/763940/763940.jpg,1064,"0,75 €","1,56 €","1,68 €","1,64 €","1,38 €"
Rictus Robber,,Uncommon,102,Outlaws of Thunder Junction,https://product-images.s3.cardmarket.com/1/OTJ/763929/763929.jpg,7610,"0,02 €","0,10 €","0,07 €","0,07 €","0,02 €"
Riku of Many Paths,,Rare,227,Outlaws of Thunder Junction,https://product-images.s3.cardmarket.com/1/OTJ/763594/763594.jpg,6231,"0,05 €","0,12 €","0,12 €","0,11 €","0,08 €"
Rise of the Varmints,,Uncommon,179,Outlaws of Thunder Junction,https://product-images.s3.cardmarket.com/1/OTJ/764095/764095.jpg,7716,"0,02 €","0,08 €","0,07 €","0,06 €","0,10 €"
Rodeo Pyromancers,,Common,143,Outlaws of Thunder Junction,https://product-images.s3.cardmarket.com/1/OTJ/764030/764030.jpg,13138,"0,02 €","0,07 €","0,08 €","0,06 €","0,06 €"
Rooftop Assassin,,Common,103,Outlaws of Thunder Junction,https://product-images.s3.cardmarket.com/1/OTJ/763883/763883.jpg,13136,"0,02 €","0,13 €","0,06 €","0,05 €","0,03 €"
"Roxanne, Starfall Savant",,Rare,228,Outlaws of Thunder Junction,https://product-images.s3.cardmarket.com/1/OTJ/763959/763959.jpg,2360,"0,10 €","0,55 €","0,56 €","0,57 €","0,59 €"
Rush of Dread,,Rare,104,Outlaws of Thunder Junction,https://product-images.s3.cardmarket.com/1/OTJ/764091/764091.jpg,2840,"0,15 €","0,44 €","0,44 €","0,39 €","0,34 €"
Rustler Rampage,,Uncommon,27,Outlaws of Thunder Junction,https://product-images.s3.cardmarket.com/1/OTJ/764243/764243.jpg,6572,"0,02 €","0,25 €","0,17 €","0,22 €","0,15 €"
Ruthless Lawbringer,,Uncommon,229,Outlaws of Thunder Junction,https://product-images.s3.cardmarket.com/1/OTJ/763960/763960.jpg,4611,"0,02 €","0,17 €","0,21 €","0,21 €","0,40 €"
Sandstorm Verge,,Uncommon,263,Outlaws of Thunder Junction,https://product-images.s3.cardmarket.com/1/OTJ/764063/764063.jpg,6780,"0,02 €","0,17 €","0,14 €","0,16 €","0,09 €"
"Satoru, the Infiltrator",,Rare,230,Outlaws of Thunder Junction,https://product-images.s3.cardmarket.com/1/OTJ/763595/763595.jpg,2950,£0.10,"0,86 €","0,88 €","0,86 €","0,80 €"
Scalestorm Summoner,,Uncommon,144,Outlaws of Thunder Junction,https://product-images.s3.cardmarket.com/1/OTJ/764094/764094.jpg,7690,"0,02 €","0,11 €","0,08 €","0,09 €","0,25 €"
Scorching Shot,,Uncommon,145,Outlaws of Thunder Junction,https://product-images.s3.cardmarket.com/1/OTJ/764264/764264.jpg,4800,£0.02,"0,15 €","0,17 €","0,15 €","0,12 €"
Seize the Secrets,,Common,64,Outlaws of Thunder Junction,https://product-images.s3.cardmarket.com/1/OTJ/764251/764251.jpg,14252,"0,02 €","0,04 €","0,07 €","0,06 €","0,02 €"
"Selvala, Eager Trailblazer",,Mythic,231,Outlaws of Thunder Junction,https://product-images.s3.cardmarket.com/1/OTJ/763890/763890.jpg,2030,"0,20 €","0,34 €","0,38 €","0,35 €","0,22 €"
Seraphic Steed,,Rare,232,Outlaws of Thunder Junction,https://product-images.s3.cardmarket.com/1/OTJ/763891/763891.jpg,4434,"0,05 €","0,18 €","0,17 €","0,15 €","0,12 €"
Servant of the Stinger,,Uncommon,105,Outlaws of Thunder Junction,https://product-images.s3.cardmarket.com/1/OTJ/764019/764019.jpg,6733,"0,02 €","0,14 €","0,14 €","0,11 €","0,25 €"
Shackle Slinger,,Uncommon,65,Outlaws of Thunder Junction,https://product-images.s3.cardmarket.com/1/OTJ/764004/764004.jpg,7553,"0,02 €","0,10 €","0,09 €","0,07 €","0,05 €"
Shepherd of the Clouds,,Uncommon,28,Outlaws of Thunder Junction,https://product-images.s3.cardmarket.com/1/OTJ/764244/764244.jpg,7427,"0,02 €","0,16 €","0,09 €","0,16 €","0,05 €"
Sheriff of Safe Passage,,Uncommon,29,Outlaws of Thunder Junction,https://product-images.s3.cardmarket.com/1/OTJ/763992/763992.jpg,7593,"0,02 €","0,09 €","0,08 €","0,09 €","0,06 €"
Shifting Grift,,Uncommon,66,Outlaws of Thunder Junction,https://product-images.s3.cardmarket.com/1/OTJ/764252/764252.jpg,6299,"0,02 €","0,18 €","0,17 €","0,18 €","0,15 €"
Shoot the Sheriff,,Uncommon,106,Outlaws of Thunder Junction,https://product-images.s3.cardmarket.com/1/OTJ/763930/763930.jpg,2316,"0,09 €","0,93 €","0,88 €","0,95 €","0,72 €"
Silver Deputy,,Common,248,Outlaws of Thunder Junction,https://product-images.s3.cardmarket.com/1/OTJ/764283/764283.jpg,10696,"0,02 €","0,07 €","0,06 €","0,12 €","0,02 €"
Skulduggery,,Common,107,Outlaws of Thunder Junction,https://product-images.s3.cardmarket.com/1/OTJ/763931/763931.jpg,13513,"0,02 €","0,03 €","0,02 €","0,02 €","0,05 €"
Slick Sequence,,Uncommon,233,Outlaws of Thunder Junction,https://product-images.s3.cardmarket.com/1/OTJ/764057/764057.jpg,5091,"0,02 €","0,18 €","0,18 €","0,19 €","0,15 €"
Slickshot Lockpicker,,Uncommon,67,Outlaws of Thunder Junction,https://product-images.s3.cardmarket.com/1/OTJ/763921/763921.jpg,7345,"0,02 €","0,03 €","0,08 €","0,06 €","0,02 €"
Slickshot Show-Off,,Rare,146,Outlaws of Thunder Junction,https://product-images.s3.cardmarket.com/1/OTJ/763569/763569.jpg,1708,"3,98 €","5,89 €","6,07 €","5,77 €","6,00 €"
Slickshot Vault-Buster,,Common,68,Outlaws of Thunder Junction,https://product-images.s3.cardmarket.com/1/OTJ/763560/763560.jpg,14186,"0,02 €","0,04 €","0,03 €","0,05 €","0,02 €"
Smuggler's Surprise,,Rare,180,Outlaws of Thunder Junction,https://product-images.s3.cardmarket.com/1/OTJ/764272/764272.jpg,1033,"3,59 €","5,22 €","4,95 €","4,99 €","5,22 €"
Snakeskin Veil,,Common,181,Outlaws of Thunder Junction,https://product-images.s3.cardmarket.com/1/OTJ/764273/764273.jpg,10864,"0,02 €","0,13 €","0,12 €","0,15 €","0,12 €"
Soured Springs,,Land,264,Outlaws of Thunder Junction,https://product-images.s3.cardmarket.com/1/OTJ/764064/764064.jpg,6475,"0,02 €","0,21 €","0,16 €","0,15 €","0,29 €"
Spinewoods Armadillo,,Uncommon,182,Outlaws of Thunder Junction,https://product-images.s3.cardmarket.com/1/OTJ/764043/764043.jpg,6752,"0,02 €","0,14 €","0,10 €","0,16 €","0,09 €"
Spinewoods Paladin,,Common,183,Outlaws of Thunder Junction,https://product-images.s3.cardmarket.com/1/OTJ/763948/763948.jpg,12604,"0,02 €","0,15 €","0,11 €","0,13 €","0,49 €"
Spirebluff Canal,,Rare,270,Outlaws of Thunder Junction,https://product-images.s3.cardmarket.com/1/OTJ/763616/763616.jpg,1348,£2.20,"3,87 €","3,73 €","3,75 €","3,77 €"
Spring Splasher,,Common,69,Outlaws of Thunder Junction,https://product-images.s3.cardmarket.com/1/OTJ/763922/763922.jpg,13514,"0,02 €","0,08 €","0,06 €","0,06 €","0,02 €"
Stagecoach Security,,Common,30,Outlaws of Thunder Junction,https://product-images.s3.cardmarket.com/1/OTJ/764245/764245.jpg,13849,"0,02 €","0,06 €","0,03 €","0,03 €","0,02 €"
Steer Clear,,Common,31,Outlaws of Thunder Junction,https://product-images.s3.cardmarket.com/1/OTJ/763993/763993.jpg,13492,"0,02 €","0,04 €","0,03 €","0,03 €","0,03 €"
Step Between Worlds,,Rare,70,Outlaws of Thunder Junction,https://product-images.s3.cardmarket.com/1/OTJ/764089/764089.jpg,5664,"0,05 €","0,15 €","0,13 €","0,14 €","0,13 €"
Sterling Hound,,Common,249,Outlaws of Thunder Junction,https://product-images.s3.cardmarket.com/1/OTJ/764060/764060.jpg,14019,"0,02 €","0,05 €","0,05 €","0,03 €","0,03 €"
Sterling Keykeeper,,Common,32,Outlaws of Thunder Junction,https://product-images.s3.cardmarket.com/1/OTJ/763916/763916.jpg,14062,"0,02 €","0,04 €","0,03 €","0,05 €","0,02 €"
Sterling Supplier,,Common,33,Outlaws of Thunder Junction,https://product-images.s3.cardmarket.com/1/OTJ/764085/764085.jpg,13793,"0,02 €","0,07 €","0,04 €","0,06 €","0,02 €"
Stingerback Terror,,Rare,147,Outlaws of Thunder Junction,https://product-images.s3.cardmarket.com/1/OTJ/763570/763570.jpg,3780,"0,08 €","0,26 €","0,23 €","0,28 €","0,35 €"
Stoic Sphinx,,Rare,71,Outlaws of Thunder Junction,https://product-images.s3.cardmarket.com/1/OTJ/763881/763881.jpg,4871,"0,04 €","0,13 €","0,17 €","0,15 €","0,05 €"
Stop Cold,,Common,72,Outlaws of Thunder Junction,https://product-images.s3.cardmarket.com/1/OTJ/764005/764005.jpg,13688,"0,02 €","0,05 €","0,04 €","0,05 €","0,02 €"
Stubborn Burrowfiend,,Uncommon,184,Outlaws of Thunder Junction,https://product-images.s3.cardmarket.com/1/OTJ/764044/764044.jpg,7454,"0,02 €","0,03 €","0,08 €","0,06 €","0,03 €"
Swamp,V.1,Land,274,Outlaws of Thunder Junction,https://product-images.s3.cardmarket.com/1/OTJ/759036/759036.jpg,3651,"0,08 €","0,44 €","0,39 €","0,42 €","0,75 €"
Swamp,V.2,Land,281,Outlaws of Thunder Junction,https://product-images.s3.cardmarket.com/1/OTJ/765631/765631.jpg,4318,"0,02 €","0,14 €","0,14 €","0,14 €","0,05 €"
Swamp,V.3,Land,282,Outlaws of Thunder Junction,https://product-images.s3.cardmarket.com/1/OTJ/765632/765632.jpg,4283,"0,02 €","0,20 €","0,12 €","0,16 €","0,08 €"
"Taii Wakeen, Perfect Shot",,Rare,234,Outlaws of Thunder Junction,https://product-images.s3.cardmarket.com/1/OTJ/764279/764279.jpg,4790,"0,02 €","0,21 €","0,19 €","0,24 €","0,05 €"
Take for a Ride,,Uncommon,148,Outlaws of Thunder Junction,https://product-images.s3.cardmarket.com/1/OTJ/764265/764265.jpg,7414,"0,02 €","0,16 €","0,13 €","0,16 €","0,02 €"
Take the Fall,,Common,73,Outlaws of Thunder Junction,https://product-images.s3.cardmarket.com/1/OTJ/764006/764006.jpg,13544,"0,02 €","0,02 €","0,04 €","0,02 €","0,04 €"
Take Up the Shield,,Common,34,Outlaws of Thunder Junction,https://product-images.s3.cardmarket.com/1/OTJ/763994/763994.jpg,12740,"0,02 €","0,08 €","0,07 €","0,08 €","0,15 €"
Terror of the Peaks,,Mythic,149,Outlaws of Thunder Junction,https://product-images.s3.cardmarket.com/1/OTJ/764266/764266.jpg,558,"23,39 €","27,03 €","26,62 €","26,75 €","26,17 €"
"The Gitrog, Ravenous Ride",,Mythic,206,Outlaws of Thunder Junction,https://product-images.s3.cardmarket.com/1/OTJ/764275/764275.jpg,1277,"1,00 €","1,71 €","1,72 €","1,72 €","1,73 €"
The Key to the Vault,,Rare,54,Outlaws of Thunder Junction,https://product-images.s3.cardmarket.com/1/OTJ/764001/764001.jpg,3666,"0,10 €","0,33 €","0,32 €","0,34 €","0,31 €"
This Town Ain't Big Enough,,Uncommon,74,Outlaws of Thunder Junction,https://product-images.s3.cardmarket.com/1/OTJ/764007/764007.jpg,4186,"0,02 €","0,28 €","0,37 €","0,29 €","0,20 €"
Three Steps Ahead,,Rare,75,Outlaws of Thunder Junction,https://product-images.s3.cardmarket.com/1/OTJ/764253/764253.jpg,1204,£4.26,"7,27 €","7,15 €","7,18 €","7,49 €"
Throw from the Saddle,,Common,185,Outlaws of Thunder Junction,https://product-images.s3.cardmarket.com/1/OTJ/763949/763949.jpg,13577,"0,02 €","0,05 €","0,05 €","0,05 €","0,02 €"
Thunder Lasso,,Uncommon,35,Outlaws of Thunder Junction,https://product-images.s3.cardmarket.com/1/OTJ/763995/763995.jpg,7518,"0,02 €","0,06 €","0,07 €","0,08 €","0,02 €"
Thunder Salvo,,Common,150,Outlaws of Thunder Junction,https://product-images.s3.cardmarket.com/1/OTJ/763941/763941.jpg,14133,"0,02 €","0,07 €","0,04 €","0,06 €","0,05 €"
Tinybones Joins Up,,Rare,108,Outlaws of Thunder Junction,https://product-images.s3.cardmarket.com/1/OTJ/764020/764020.jpg,1763,"0,24 €","0,61 €","0,70 €","0,60 €","0,50 €"
"Tinybones, the Pickpocket",,Mythic,109,Outlaws of Thunder Junction,https://product-images.s3.cardmarket.com/1/OTJ/763564/763564.jpg,1418,"3,95 €","4,97 €","4,99 €","5,17 €","4,74 €"
Tomb Trawler,,Uncommon,250,Outlaws of Thunder Junction,https://product-images.s3.cardmarket.com/1/OTJ/764061/764061.jpg,7458,"0,02 €","0,10 €","0,12 €","0,11 €","0,07 €"
Trained Arynx,,Common,36,Outlaws of Thunder Junction,https://product-images.s3.cardmarket.com/1/OTJ/763917/763917.jpg,13700,"0,02 €","0,05 €","0,05 €","0,06 €","0,10 €"
Trash the Town,,Uncommon,186,Outlaws of Thunder Junction,https://product-images.s3.cardmarket.com/1/OTJ/764045/764045.jpg,5454,"0,02 €","0,20 €","0,18 €","0,17 €","0,33 €"
Treasure Dredger,,Uncommon,110,Outlaws of Thunder Junction,https://product-images.s3.cardmarket.com/1/OTJ/759032/759032.jpg,7186,"0,02 €","0,08 €","0,10 €","0,10 €","0,08 €"
Trick Shot,,Common,151,Outlaws of Thunder Junction,https://product-images.s3.cardmarket.com/1/OTJ/764031/764031.jpg,13935,"0,02 €","0,02 €","0,03 €","0,03 €","0,02 €"
Tumbleweed Rising,,Common,187,Outlaws of Thunder Junction,https://product-images.s3.cardmarket.com/1/OTJ/764046/764046.jpg,13001,"0,02 €","0,08 €","0,09 €","0,09 €","0,02 €"
Unfortunate Accident,,Uncommon,111,Outlaws of Thunder Junction,https://product-images.s3.cardmarket.com/1/OTJ/764258/764258.jpg,7741,"0,02 €","0,07 €","0,07 €","0,06 €","0,02 €"
Unscrupulous Contractor,,Uncommon,112,Outlaws of Thunder Junction,https://product-images.s3.cardmarket.com/1/OTJ/763565/763565.jpg,7480,"0,02 €","0,15 €","0,15 €","0,09 €","0,06 €"
"Vadmir, New Blood",,Rare,113,Outlaws of Thunder Junction,https://product-images.s3.cardmarket.com/1/OTJ/763932/763932.jpg,4092,£0.03,"0,21 €","0,20 €","0,18 €","0,05 €"
Vault Plunderer,,Common,114,Outlaws of Thunder Junction,https://product-images.s3.cardmarket.com/1/OTJ/763933/763933.jpg,13687,"0,02 €","0,04 €","0,03 €","0,03 €","0,10 €"
Vengeful Townsfolk,,Common,37,Outlaws of Thunder Junction,https://product-images.s3.cardmarket.com/1/OTJ/763557/763557.jpg,13570,"0,02 €","0,10 €","0,05 €","0,10 €","0,02 €"
"Vial Smasher, Gleeful Grenadier",,Uncommon,235,Outlaws of Thunder Junction,https://product-images.s3.cardmarket.com/1/OTJ/764280/764280.jpg,6397,"0,02 €","0,18 €","0,14 €","0,15 €","0,20 €"
Visage Bandit,,Uncommon,76,Outlaws of Thunder Junction,https://product-images.s3.cardmarket.com/1/OTJ/763923/763923.jpg,6734,"0,02 €","0,14 €","0,15 €","0,13 €","0,05 €"
Voracious Varmint,,Common,188,Outlaws of Thunder Junction,https://product-images.s3.cardmarket.com/1/OTJ/763950/763950.jpg,13963,"0,02 €","0,10 €","0,07 €","0,06 €","0,16 €"
Vraska Joins Up,,Rare,236,Outlaws of Thunder Junction,https://product-images.s3.cardmarket.com/1/OTJ/763596/763596.jpg,2231,"0,30 €","0,72 €","0,76 €","0,70 €","0,58 €"
"Vraska, the Silencer",,Mythic,237,Outlaws of Thunder Junction,https://product-images.s3.cardmarket.com/1/OTJ/763892/763892.jpg,1303,"0,82 €","1,13 €","1,12 €","1,12 €","1,24 €"
Wanted Griffin,,Common,38,Outlaws of Thunder Junction,https://product-images.s3.cardmarket.com/1/OTJ/763918/763918.jpg,13875,"0,02 €","0,02 €","0,02 €","0,02 €","0,02 €"
Wrangler of the Damned,,Uncommon,238,Outlaws of Thunder Junction,https://product-images.s3.cardmarket.com/1/OTJ/763597/763597.jpg,7735,"0,02 €","0,10 €","0,06 €","0,09 €","0,06 €"
"Wylie Duke, Atiin Hero",,Rare,239,Outlaws of Thunder Junction,https://product-images.s3.cardmarket.com/1/OTJ/763961/763961.jpg,4524,"0,08 €","0,15 €","0,21 €","0,15 €","0,08 €"
Abzan Devotee,,Common,68,Tarkir: Dragonstorm,https://product-images.s3.cardmarket.com/1/TDM/817936/817936.jpg,14261,"0,02 €","0,03 €","0,04 €","0,03 €","0,03 €"
Abzan Monument,,Uncommon,238,Tarkir: Dragonstorm,https://product-images.s3.cardmarket.com/1/TDM/818283/818283.jpg,7639,"0,02 €","0,11 €","0,11 €","0,13 €","0,08 €"
Adorned Crocodile,,Common,69,Tarkir: Dragonstorm,https://product-images.s3.cardmarket.com/1/TDM/817831/817831.jpg,14288,"0,02 €","0,03 €","0,03 €","0,03 €","0,02 €"
Aegis Sculptor,,Uncommon,35,Tarkir: Dragonstorm,https://product-images.s3.cardmarket.com/1/TDM/818992/818992.jpg,7844,"0,02 €","0,06 €","0,05 €","0,10 €","0,07 €"
Agent of Kotis,,Common,36,Tarkir: Dragonstorm,https://product-images.s3.cardmarket.com/1/TDM/817822/817822.jpg,14491,"0,02 €","0,07 €","0,04 €","0,06 €","0,05 €"
Aggressive Negotiations,,Common,70,Tarkir: Dragonstorm,https://product-images.s3.cardmarket.com/1/TDM/819357/819357.jpg,14324,"0,02 €","0,04 €","0,05 €","0,04 €","0,15 €"
Ainok Wayfarer,,Common,134,Tarkir: Dragonstorm,https://product-images.s3.cardmarket.com/1/TDM/819000/819000.jpg,12996,"0,02 €","0,11 €","0,10 €","0,09 €","0,06 €"
Alchemist's Assistant,,Uncommon,71,Tarkir: Dragonstorm,https://product-images.s3.cardmarket.com/1/TDM/819349/819349.jpg,7482,"0,02 €","0,07 €","0,06 €","0,05 €","0,02 €"
Alesha's Legacy,,Common,72,Tarkir: Dragonstorm,https://product-images.s3.cardmarket.com/1/TDM/819369/819369.jpg,13526,"0,02 €","0,07 €","0,09 €","0,09 €","0,02 €"
All-Out Assault,,Mythic,167,Tarkir: Dragonstorm,https://product-images.s3.cardmarket.com/1/TDM/818988/818988.jpg,1056,"1,49 €","2,07 €","2,00 €","2,05 €","1,89 €"
Ambling Stormshell,,Rare,37,Tarkir: Dragonstorm,https://product-images.s3.cardmarket.com/1/TDM/817823/817823.jpg,4312,"0,02 €","0,17 €","0,14 €","0,11 €","0,04 €"
"Anafenza, Unyielding Lineage",,Rare,2,Tarkir: Dragonstorm,https://product-images.s3.cardmarket.com/1/TDM/817809/817809.jpg,3893,£0.08,"0,21 €","0,22 €","0,23 €","0,15 €"
Arashin Sunshield,,Common,3,Tarkir: Dragonstorm,https://product-images.s3.cardmarket.com/1/TDM/817810/817810.jpg,14590,"0,02 €","0,07 €","0,03 €","0,08 €","0,06 €"
Armament Dragon,,Uncommon,168,Tarkir: Dragonstorm,https://product-images.s3.cardmarket.com/1/TDM/817854/817854.jpg,7776,"0,02 €","0,03 €","0,08 €","0,08 €","0,15 €"
Attuned Hunter,,Uncommon,135,Tarkir: Dragonstorm,https://product-images.s3.cardmarket.com/1/TDM/819356/819356.jpg,7636,"0,02 €","0,04 €","0,05 €","0,04 €","0,02 €"
Auroral Procession,,Uncommon,169,Tarkir: Dragonstorm,https://product-images.s3.cardmarket.com/1/TDM/819378/819378.jpg,4835,"0,02 €","0,25 €","0,22 €","0,22 €","0,26 €"
Avenger of the Fallen,,Rare,73,Tarkir: Dragonstorm,https://product-images.s3.cardmarket.com/1/TDM/818134/818134.jpg,2583,"0,10 €","0,35 €","0,38 €","0,40 €","0,48 €"
Awaken the Honored Dead,,Rare,170,Tarkir: Dragonstorm,https://product-images.s3.cardmarket.com/1/TDM/817940/817940.jpg,2157,"0,02 €","0,39 €","0,44 €","0,38 €","0,36 €"
Barrensteppe Siege,,Rare,171,Tarkir: Dragonstorm,https://product-images.s3.cardmarket.com/1/TDM/817941/817941.jpg,2756,£0.10,"0,30 €","0,34 €","0,40 €","0,66 €"
Bearer of Glory,,Common,4,Tarkir: Dragonstorm,https://product-images.s3.cardmarket.com/1/TDM/819359/819359.jpg,14478,"0,02 €","0,09 €","0,05 €","0,05 €","0,05 €"
"Betor, Kin to All",,Mythic,172,Tarkir: Dragonstorm,https://product-images.s3.cardmarket.com/1/TDM/817855/817855.jpg,1011,"2,95 €","4,77 €","4,66 €","4,79 €","6,17 €"
Bewildering Blizzard,,Uncommon,38,Tarkir: Dragonstorm,https://product-images.s3.cardmarket.com/1/TDM/819355/819355.jpg,7767,"0,02 €","0,10 €","0,06 €","0,06 €","0,10 €"
Bloodfell Caves,,Common,250,Tarkir: Dragonstorm,https://product-images.s3.cardmarket.com/1/TDM/817884/817884.jpg,12194,"0,02 €","0,06 €","0,05 €","0,06 €","0,07 €"
Bloomvine Regent // Claim Territory,,Rare,136,Tarkir: Dragonstorm,https://product-images.s3.cardmarket.com/1/TDM/818117/818117.jpg,1696,"0,25 €","0,69 €","0,71 €","0,72 €","0,59 €"
Blossoming Sands,,Common,251,Tarkir: Dragonstorm,https://product-images.s3.cardmarket.com/1/TDM/817885/817885.jpg,12597,"0,02 €","0,03 €","0,06 €","0,04 €","0,02 €"
Bone-Cairn Butcher,,Uncommon,173,Tarkir: Dragonstorm,https://product-images.s3.cardmarket.com/1/TDM/817856/817856.jpg,5681,"0,02 €","0,28 €","0,19 €","0,23 €","0,27 €"
Boulderborn Dragon,,Common,239,Tarkir: Dragonstorm,https://product-images.s3.cardmarket.com/1/TDM/817876/817876.jpg,14366,"0,02 €","0,06 €","0,04 €","0,03 €","0,04 €"
Breaching Dragonstorm,,Uncommon,101,Tarkir: Dragonstorm,https://product-images.s3.cardmarket.com/1/TDM/817837/817837.jpg,8734,"0,02 €","0,15 €","0,14 €","0,11 €","0,14 €"
Call the Spirit Dragons,,Mythic,174,Tarkir: Dragonstorm,https://product-images.s3.cardmarket.com/1/TDM/818187/818187.jpg,1720,"0,62 €","1,32 €","1,36 €","1,25 €","1,03 €"
Caustic Exhale,,Common,74,Tarkir: Dragonstorm,https://product-images.s3.cardmarket.com/1/TDM/818135/818135.jpg,13711,"0,02 €","0,09 €","0,11 €","0,09 €","0,03 €"
Champion of Dusan,,Common,137,Tarkir: Dragonstorm,https://product-images.s3.cardmarket.com/1/TDM/817847/817847.jpg,13447,"0,02 €","0,08 €","0,06 €","0,05 €","0,04 €"
Channeled Dragonfire,,Uncommon,102,Tarkir: Dragonstorm,https://product-images.s3.cardmarket.com/1/TDM/818161/818161.jpg,7286,"0,02 €","0,14 €","0,10 €","0,17 €","0,17 €"
Clarion Conqueror,,Rare,5,Tarkir: Dragonstorm,https://product-images.s3.cardmarket.com/1/TDM/817811/817811.jpg,1244,£0.89,"2,26 €","2,62 €","2,51 €","2,53 €"
Constrictor Sage,,Uncommon,39,Tarkir: Dragonstorm,https://product-images.s3.cardmarket.com/1/TDM/818641/818641.jpg,7923,"0,02 €","0,04 €","0,05 €","0,04 €","0,04 €"
Coordinated Maneuver,,Common,6,Tarkir: Dragonstorm,https://product-images.s3.cardmarket.com/1/TDM/818627/818627.jpg,13890,"0,02 €","0,07 €","0,05 €","0,07 €","0,02 €"
Cori Mountain Monastery,,Rare,252,Tarkir: Dragonstorm,https://product-images.s3.cardmarket.com/1/TDM/817886/817886.jpg,2856,"0,10 €","0,40 €","0,37 €","0,41 €","0,42 €"
Cori Mountain Stalwart,,Uncommon,175,Tarkir: Dragonstorm,https://product-images.s3.cardmarket.com/1/TDM/818648/818648.jpg,7348,"0,02 €","0,15 €","0,12 €","0,12 €","0,08 €"
Cori-Steel Cutter,,Rare,103,Tarkir: Dragonstorm,https://product-images.s3.cardmarket.com/1/TDM/818980/818980.jpg,1067,"5,58 €","9,11 €","8,99 €","8,97 €","8,37 €"
Corroding Dragonstorm,,Uncommon,75,Tarkir: Dragonstorm,https://product-images.s3.cardmarket.com/1/TDM/817832/817832.jpg,7167,£0.02,"0,03 €","0,15 €","0,09 €","0,03 €"
Craterhoof Behemoth,,Mythic,138,Tarkir: Dragonstorm,https://product-images.s3.cardmarket.com/1/TDM/819366/819366.jpg,941,"11,95 €","13,26 €","13,13 €","13,16 €","11,90 €"
Cruel Truths,,Common,76,Tarkir: Dragonstorm,https://product-images.s3.cardmarket.com/1/TDM/817833/817833.jpg,14381,"0,02 €","0,03 €","0,08 €","0,05 €","0,04 €"
Dalkovan Encampment,,Rare,253,Tarkir: Dragonstorm,https://product-images.s3.cardmarket.com/1/TDM/818118/818118.jpg,3136,"0,15 €","0,39 €","0,40 €","0,43 €","0,35 €"
Dalkovan Packbeasts,,Uncommon,7,Tarkir: Dragonstorm,https://product-images.s3.cardmarket.com/1/TDM/818120/818120.jpg,5575,£0.02,"0,16 €","0,16 €","0,15 €","0,13 €"
Death Begets Life,,Mythic,176,Tarkir: Dragonstorm,https://product-images.s3.cardmarket.com/1/TDM/818191/818191.jpg,1592,"0,19 €","0,64 €","0,55 €","0,61 €","0,49 €"
Defibrillating Current,,Uncommon,177,Tarkir: Dragonstorm,https://product-images.s3.cardmarket.com/1/TDM/818196/818196.jpg,7819,"0,02 €","0,04 €","0,05 €","0,04 €","0,02 €"
Delta Bloodflies,,Common,77,Tarkir: Dragonstorm,https://product-images.s3.cardmarket.com/1/TDM/817834/817834.jpg,14272,"0,02 €","0,18 €","0,09 €","0,08 €","0,02 €"
Descendant of Storms,,Uncommon,8,Tarkir: Dragonstorm,https://product-images.s3.cardmarket.com/1/TDM/818121/818121.jpg,6970,"0,02 €","0,07 €","0,14 €","0,11 €","0,05 €"
Desperate Measures,,Uncommon,78,Tarkir: Dragonstorm,https://product-images.s3.cardmarket.com/1/TDM/819007/819007.jpg,6000,£0.02,"0,32 €","0,22 €","0,33 €","0,75 €"
Devoted Duelist,,Common,104,Tarkir: Dragonstorm,https://product-images.s3.cardmarket.com/1/TDM/818644/818644.jpg,13623,"0,02 €","0,14 €","0,11 €","0,18 €","0,05 €"
Dirgur Island Dragon // Skimming Strike,,Common,40,Tarkir: Dragonstorm,https://product-images.s3.cardmarket.com/1/TDM/819375/819375.jpg,14022,"0,02 €","0,09 €","0,07 €","0,07 €","0,03 €"
Dismal Backwater,,Common,254,Tarkir: Dragonstorm,https://product-images.s3.cardmarket.com/1/TDM/818119/818119.jpg,12317,"0,02 €","0,13 €","0,08 €","0,09 €","0,05 €"
Dispelling Exhale,,Common,41,Tarkir: Dragonstorm,https://product-images.s3.cardmarket.com/1/TDM/817824/817824.jpg,12474,"0,02 €","0,13 €","0,15 €","0,11 €","0,02 €"
Disruptive Stormbrood // Petty Revenge,,Uncommon,178,Tarkir: Dragonstorm,https://product-images.s3.cardmarket.com/1/TDM/819360/819360.jpg,5740,"0,02 €","0,21 €","0,18 €","0,16 €","0,08 €"
Dracogenesis,,Mythic,105,Tarkir: Dragonstorm,https://product-images.s3.cardmarket.com/1/TDM/817838/817838.jpg,1526,"3,75 €","4,19 €","4,50 €","4,25 €","3,48 €"
Dragon Sniper,,Uncommon,139,Tarkir: Dragonstorm,https://product-images.s3.cardmarket.com/1/TDM/817848/817848.jpg,3088,"0,02 €","0,39 €","0,37 €","0,34 €","0,30 €"
Dragonback Assault,,Mythic,179,Tarkir: Dragonstorm,https://product-images.s3.cardmarket.com/1/TDM/818198/818198.jpg,1053,"1,50 €","1,78 €","1,99 €","1,81 €","1,79 €"
Dragonback Lancer,,Common,9,Tarkir: Dragonstorm,https://product-images.s3.cardmarket.com/1/TDM/818122/818122.jpg,14196,"0,02 €","0,07 €","0,05 €","0,04 €","0,02 €"
Dragonbroods' Relic,,Uncommon,140,Tarkir: Dragonstorm,https://product-images.s3.cardmarket.com/1/TDM/819398/819398.jpg,7669,"0,02 €","0,08 €","0,05 €","0,08 €","0,03 €"
Dragonclaw Strike,,Uncommon,180,Tarkir: Dragonstorm,https://product-images.s3.cardmarket.com/1/TDM/817942/817942.jpg,7357,"0,02 €","0,09 €","0,10 €","0,11 €","0,06 €"
Dragonfire Blade,,Rare,240,Tarkir: Dragonstorm,https://product-images.s3.cardmarket.com/1/TDM/817877/817877.jpg,1690,"0,20 €","0,89 €","0,87 €","0,89 €","1,04 €"
Dragonologist,,Rare,42,Tarkir: Dragonstorm,https://product-images.s3.cardmarket.com/1/TDM/818993/818993.jpg,2870,"0,05 €","0,23 €","0,22 €","0,21 €","0,20 €"
Dragon's Prey,,Common,79,Tarkir: Dragonstorm,https://product-images.s3.cardmarket.com/1/TDM/818136/818136.jpg,14791,"0,02 €","0,08 €","0,04 €","0,05 €","0,04 €"
Dragonstorm Forecaster,,Uncommon,43,Tarkir: Dragonstorm,https://product-images.s3.cardmarket.com/1/TDM/818127/818127.jpg,7796,"0,02 €","0,07 €","0,05 €","0,05 €","0,06 €"
Dragonstorm Globe,,Common,241,Tarkir: Dragonstorm,https://product-images.s3.cardmarket.com/1/TDM/818654/818654.jpg,13352,"0,02 €","0,11 €","0,10 €","0,09 €","0,03 €"
Dusyut Earthcarver,,Common,141,Tarkir: Dragonstorm,https://product-images.s3.cardmarket.com/1/TDM/818176/818176.jpg,14432,"0,02 €","0,05 €","0,05 €","0,05 €","0,02 €"
Duty Beyond Death,,Uncommon,10,Tarkir: Dragonstorm,https://product-images.s3.cardmarket.com/1/TDM/817812/817812.jpg,3972,"0,02 €","0,24 €","0,25 €","0,25 €","0,18 €"
Effortless Master,,Uncommon,181,Tarkir: Dragonstorm,https://product-images.s3.cardmarket.com/1/TDM/819376/819376.jpg,7857,"0,02 €","0,08 €","0,05 €","0,10 €","0,06 €"
"Elspeth, Storm Slayer",,Mythic,11,Tarkir: Dragonstorm,https://product-images.s3.cardmarket.com/1/TDM/817813/817813.jpg,781,"24,94 €","25,89 €","26,40 €","26,59 €","25,08 €"
Embermouth Sentinel,,Common,242,Tarkir: Dragonstorm,https://product-images.s3.cardmarket.com/1/TDM/818284/818284.jpg,14234,"0,02 €","0,04 €","0,04 €","0,03 €","0,02 €"
Encroaching Dragonstorm,,Uncommon,142,Tarkir: Dragonstorm,https://product-images.s3.cardmarket.com/1/TDM/817849/817849.jpg,8191,"0,02 €","0,13 €","0,14 €","0,09 €","0,08 €"
Equilibrium Adept,,Uncommon,106,Tarkir: Dragonstorm,https://product-images.s3.cardmarket.com/1/TDM/817839/817839.jpg,7861,"0,02 €","0,08 €","0,05 €","0,09 €","0,02 €"
Eshki Dragonclaw,,Rare,182,Tarkir: Dragonstorm,https://product-images.s3.cardmarket.com/1/TDM/818203/818203.jpg,3808,£0.05,"0,15 €","0,22 €","0,11 €","0,06 €"
Essence Anchor,,Uncommon,44,Tarkir: Dragonstorm,https://product-images.s3.cardmarket.com/1/TDM/818128/818128.jpg,9074,"0,02 €","0,07 €","0,08 €","0,07 €","0,03 €"
Evolving Wilds,,Common,255,Tarkir: Dragonstorm,https://product-images.s3.cardmarket.com/1/TDM/817887/817887.jpg,11128,£0.02,"0,09 €","0,08 €","0,09 €","0,09 €"
Fangkeeper's Familiar,,Rare,183,Tarkir: Dragonstorm,https://product-images.s3.cardmarket.com/1/TDM/817943/817943.jpg,3355,"0,05 €","0,14 €","0,21 €","0,17 €","0,05 €"
"Felothar, Dawn of the Abzan",,Rare,184,Tarkir: Dragonstorm,https://product-images.s3.cardmarket.com/1/TDM/818205/818205.jpg,3970,"0,02 €","0,18 €","0,20 €","0,17 €","0,17 €"
Feral Deathgorger // Dusk Sight,,Common,80,Tarkir: Dragonstorm,https://product-images.s3.cardmarket.com/1/TDM/818995/818995.jpg,13778,"0,02 €","0,11 €","0,06 €","0,09 €","0,10 €"
Fire-Rim Form,,Common,107,Tarkir: Dragonstorm,https://product-images.s3.cardmarket.com/1/TDM/817840/817840.jpg,14261,"0,02 €","0,07 €","0,08 €","0,08 €","0,02 €"
Flamehold Grappler,,Rare,185,Tarkir: Dragonstorm,https://product-images.s3.cardmarket.com/1/TDM/818987/818987.jpg,4128,"0,02 €","0,22 €","0,19 €","0,19 €","0,07 €"
Fleeting Effigy,,Uncommon,108,Tarkir: Dragonstorm,https://product-images.s3.cardmarket.com/1/TDM/818985/818985.jpg,7393,"0,02 €","0,13 €","0,09 €","0,11 €","0,20 €"
Focus the Mind,,Common,45,Tarkir: Dragonstorm,https://product-images.s3.cardmarket.com/1/TDM/818129/818129.jpg,12509,"0,02 €","0,09 €","0,09 €","0,12 €","0,16 €"
Forest,V.1,Land,276,Tarkir: Dragonstorm,https://product-images.s3.cardmarket.com/1/TDM/817914/817914.jpg,862,"0,30 €","0,96 €","1,15 €","1,10 €","1,00 €"
Forest,V.2,Land,285,Tarkir: Dragonstorm,https://product-images.s3.cardmarket.com/1/TDM/817916/817916.jpg,3563,"0,02 €","0,11 €","0,13 €","0,08 €","0,13 €"
Forest,V.3,Land,286,Tarkir: Dragonstorm,https://product-images.s3.cardmarket.com/1/TDM/817918/817918.jpg,3126,"0,02 €","0,17 €","0,14 €","0,18 €","0,10 €"
Formation Breaker,,Uncommon,143,Tarkir: Dragonstorm,https://product-images.s3.cardmarket.com/1/TDM/818983/818983.jpg,7607,"0,02 €","0,07 €","0,06 €","0,06 €","0,02 €"
Fortress Kin-Guard,,Common,12,Tarkir: Dragonstorm,https://product-images.s3.cardmarket.com/1/TDM/817814/817814.jpg,13923,"0,02 €","0,11 €","0,06 €","0,06 €","0,13 €"
Fresh Start,,Uncommon,46,Tarkir: Dragonstorm,https://product-images.s3.cardmarket.com/1/TDM/819381/819381.jpg,6650,"0,02 €","0,18 €","0,15 €","0,15 €","0,12 €"
Frontier Bivouac,,Uncommon,256,Tarkir: Dragonstorm,https://product-images.s3.cardmarket.com/1/TDM/817946/817946.jpg,6986,£0.02,"0,14 €","0,15 €","0,15 €","0,14 €"
Frontline Rush,,Uncommon,186,Tarkir: Dragonstorm,https://product-images.s3.cardmarket.com/1/TDM/818208/818208.jpg,5637,"0,02 €","0,10 €","0,13 €","0,13 €","0,03 €"
Frostcliff Siege,,Rare,187,Tarkir: Dragonstorm,https://product-images.s3.cardmarket.com/1/TDM/819019/819019.jpg,494,"0,90 €","1,83 €","1,71 €","1,96 €","1,97 €"
Furious Forebear,,Uncommon,13,Tarkir: Dragonstorm,https://product-images.s3.cardmarket.com/1/TDM/817934/817934.jpg,7894,"0,02 €","0,13 €","0,07 €","0,11 €","0,04 €"
Glacial Dragonhunt,,Uncommon,188,Tarkir: Dragonstorm,https://product-images.s3.cardmarket.com/1/TDM/817857/817857.jpg,6084,"0,02 €","0,16 €","0,15 €","0,13 €","0,15 €"
Glacierwood Siege,,Rare,189,Tarkir: Dragonstorm,https://product-images.s3.cardmarket.com/1/TDM/818649/818649.jpg,3085,"0,08 €","0,29 €","0,33 €","0,33 €","0,19 €"
Great Arashin City,,Rare,257,Tarkir: Dragonstorm,https://product-images.s3.cardmarket.com/1/TDM/818307/818307.jpg,3933,"0,10 €","0,27 €","0,28 €","0,27 €","0,10 €"
Gurmag Nightwatch,,Common,190,Tarkir: Dragonstorm,https://product-images.s3.cardmarket.com/1/TDM/818211/818211.jpg,14685,"0,02 €","0,05 €","0,04 €","0,07 €","0,03 €"
Gurmag Rakshasa,,Uncommon,81,Tarkir: Dragonstorm,https://product-images.s3.cardmarket.com/1/TDM/818137/818137.jpg,7873,"0,02 €","0,09 €","0,04 €","0,08 €","0,02 €"
Hardened Tactician,,Uncommon,191,Tarkir: Dragonstorm,https://product-images.s3.cardmarket.com/1/TDM/817858/817858.jpg,6195,"0,02 €","0,19 €","0,19 €","0,24 €","0,39 €"
Herd Heirloom,,Rare,144,Tarkir: Dragonstorm,https://product-images.s3.cardmarket.com/1/TDM/819350/819350.jpg,1436,"2,00 €","3,16 €","2,93 €","3,04 €","3,28 €"
Heritage Reclamation,,Common,145,Tarkir: Dragonstorm,https://product-images.s3.cardmarket.com/1/TDM/818178/818178.jpg,5980,"0,02 €","0,24 €","0,25 €","0,26 €","0,33 €"
Highspire Bell-Ringer,,Common,47,Tarkir: Dragonstorm,https://product-images.s3.cardmarket.com/1/TDM/818130/818130.jpg,14017,"0,02 €","0,10 €","0,07 €","0,08 €","0,04 €"
Hollowmurk Siege,,Rare,192,Tarkir: Dragonstorm,https://product-images.s3.cardmarket.com/1/TDM/818990/818990.jpg,2207,"0,15 €","0,50 €","0,48 €","0,52 €","0,55 €"
Host of the Hereafter,,Uncommon,193,Tarkir: Dragonstorm,https://product-images.s3.cardmarket.com/1/TDM/818213/818213.jpg,6718,"0,02 €","0,07 €","0,15 €","0,09 €","0,07 €"
Humbling Elder,,Common,48,Tarkir: Dragonstorm,https://product-images.s3.cardmarket.com/1/TDM/818997/818997.jpg,11986,"0,02 €","0,16 €","0,12 €","0,14 €","0,09 €"
Hundred-Battle Veteran,,Uncommon,82,Tarkir: Dragonstorm,https://product-images.s3.cardmarket.com/1/TDM/819353/819353.jpg,7734,"0,02 €","0,08 €","0,05 €","0,09 €","0,04 €"
Iceridge Serpent,,Common,49,Tarkir: Dragonstorm,https://product-images.s3.cardmarket.com/1/TDM/818994/818994.jpg,14296,"0,02 €","0,07 €","0,05 €","0,07 €","0,02 €"
Inevitable Defeat,,Rare,194,Tarkir: Dragonstorm,https://product-images.s3.cardmarket.com/1/TDM/818216/818216.jpg,2730,"0,06 €","0,25 €","0,30 €","0,29 €","0,13 €"
Inspirited Vanguard,,Uncommon,146,Tarkir: Dragonstorm,https://product-images.s3.cardmarket.com/1/TDM/818179/818179.jpg,7820,"0,02 €","0,06 €","0,06 €","0,05 €","0,02 €"
Iridescent Tiger,,Uncommon,109,Tarkir: Dragonstorm,https://product-images.s3.cardmarket.com/1/TDM/819385/819385.jpg,7572,"0,02 €","0,16 €","0,14 €","0,11 €","0,11 €"
Island,V.1,Land,273,Tarkir: Dragonstorm,https://product-images.s3.cardmarket.com/1/TDM/817896/817896.jpg,1835,"0,19 €","0,78 €","0,74 €","0,77 €","0,59 €"
Island,V.2,Land,279,Tarkir: Dragonstorm,https://product-images.s3.cardmarket.com/1/TDM/817907/817907.jpg,3589,"0,03 €","0,12 €","0,14 €","0,09 €","0,25 €"
Island,V.3,Land,280,Tarkir: Dragonstorm,https://product-images.s3.cardmarket.com/1/TDM/817909/817909.jpg,2683,"0,02 €","0,16 €","0,20 €","0,19 €","0,13 €"
Jade-Cast Sentinel,,Common,243,Tarkir: Dragonstorm,https://product-images.s3.cardmarket.com/1/TDM/818306/818306.jpg,14325,"0,02 €","0,08 €","0,04 €","0,06 €","0,02 €"
Jeskai Brushmaster,,Uncommon,195,Tarkir: Dragonstorm,https://product-images.s3.cardmarket.com/1/TDM/817859/817859.jpg,7808,"0,02 €","0,09 €","0,07 €","0,10 €","0,08 €"
Jeskai Devotee,,Common,110,Tarkir: Dragonstorm,https://product-images.s3.cardmarket.com/1/TDM/819393/819393.jpg,14471,"0,02 €","0,07 €","0,05 €","0,09 €","0,10 €"
Jeskai Monument,,Uncommon,244,Tarkir: Dragonstorm,https://product-images.s3.cardmarket.com/1/TDM/817878/817878.jpg,7718,"0,02 €","0,11 €","0,06 €","0,11 €","0,02 €"
Jeskai Revelation,,Mythic,196,Tarkir: Dragonstorm,https://product-images.s3.cardmarket.com/1/TDM/819396/819396.jpg,1220,"0,14 €","0,67 €","0,75 €","0,79 €","0,50 €"
Jeskai Shrinekeeper,,Uncommon,197,Tarkir: Dragonstorm,https://product-images.s3.cardmarket.com/1/TDM/819002/819002.jpg,7559,"0,02 €","0,14 €","0,09 €","0,13 €","0,09 €"
Jungle Hollow,,Common,258,Tarkir: Dragonstorm,https://product-images.s3.cardmarket.com/1/TDM/818308/818308.jpg,12517,"0,02 €","0,08 €","0,06 €","0,07 €","0,08 €"
Karakyk Guardian,,Uncommon,198,Tarkir: Dragonstorm,https://product-images.s3.cardmarket.com/1/TDM/818982/818982.jpg,7553,"0,02 €","0,08 €","0,06 €","0,06 €","0,15 €"
Kheru Goldkeeper,,Uncommon,199,Tarkir: Dragonstorm,https://product-images.s3.cardmarket.com/1/TDM/819358/819358.jpg,5782,"0,02 €","0,19 €","0,16 €","0,16 €","0,18 €"
Kin-Tree Nurturer,,Common,83,Tarkir: Dragonstorm,https://product-images.s3.cardmarket.com/1/TDM/819373/819373.jpg,14270,"0,02 €","0,10 €","0,08 €","0,20 €","0,02 €"
Kin-Tree Severance,,Uncommon,200,Tarkir: Dragonstorm,https://product-images.s3.cardmarket.com/1/TDM/819354/819354.jpg,7426,"0,02 €","0,08 €","0,08 €","0,08 €","0,03 €"
Kishla Skimmer,,Uncommon,201,Tarkir: Dragonstorm,https://product-images.s3.cardmarket.com/1/TDM/819014/819014.jpg,7894,"0,02 €","0,13 €","0,13 €","0,12 €","0,11 €"
Kishla Trawlers,,Uncommon,50,Tarkir: Dragonstorm,https://product-images.s3.cardmarket.com/1/TDM/819388/819388.jpg,7893,"0,02 €","0,07 €","0,06 €","0,04 €","0,02 €"
Kishla Village,,Rare,259,Tarkir: Dragonstorm,https://product-images.s3.cardmarket.com/1/TDM/817888/817888.jpg,3802,"0,10 €","0,27 €","0,29 €","0,24 €","0,28 €"
Knockout Maneuver,,Uncommon,147,Tarkir: Dragonstorm,https://product-images.s3.cardmarket.com/1/TDM/819394/819394.jpg,7624,"0,02 €","0,02 €","0,21 €","0,07 €","0,04 €"
"Kotis, the Fangkeeper",,Rare,202,Tarkir: Dragonstorm,https://product-images.s3.cardmarket.com/1/TDM/818218/818218.jpg,3013,"0,10 €","0,28 €","0,26 €","0,25 €","0,32 €"
Krotiq Nestguard,,Common,148,Tarkir: Dragonstorm,https://product-images.s3.cardmarket.com/1/TDM/819380/819380.jpg,14181,"0,02 €","0,04 €","0,03 €","0,03 €","0,02 €"
Krumar Initiate,,Uncommon,84,Tarkir: Dragonstorm,https://product-images.s3.cardmarket.com/1/TDM/819379/819379.jpg,7883,"0,02 €","0,17 €","0,07 €","0,20 €","0,02 €"
Lasyd Prowler,,Rare,149,Tarkir: Dragonstorm,https://product-images.s3.cardmarket.com/1/TDM/819015/819015.jpg,4493,"0,02 €","0,11 €","0,15 €","0,10 €","0,05 €"
Lie in Wait,,Uncommon,203,Tarkir: Dragonstorm,https://product-images.s3.cardmarket.com/1/TDM/817860/817860.jpg,7550,"0,02 €","0,13 €","0,11 €","0,10 €","0,05 €"
Lightfoot Technique,,Common,14,Tarkir: Dragonstorm,https://product-images.s3.cardmarket.com/1/TDM/819386/819386.jpg,13982,"0,02 €","0,06 €","0,06 €","0,05 €","0,16 €"
Lotuslight Dancers,,Rare,204,Tarkir: Dragonstorm,https://product-images.s3.cardmarket.com/1/TDM/818221/818221.jpg,4262,"0,02 €","0,19 €","0,17 €","0,19 €","0,02 €"
Loxodon Battle Priest,,Uncommon,15,Tarkir: Dragonstorm,https://product-images.s3.cardmarket.com/1/TDM/818999/818999.jpg,7876,"0,02 €","0,08 €","0,06 €","0,11 €","0,12 €"
Maelstrom of the Spirit Dragon,,Rare,260,Tarkir: Dragonstorm,https://product-images.s3.cardmarket.com/1/TDM/818309/818309.jpg,1788,"0,39 €","0,90 €","0,93 €","0,86 €","0,90 €"
Magmatic Hellkite,,Rare,111,Tarkir: Dragonstorm,https://product-images.s3.cardmarket.com/1/TDM/817841/817841.jpg,2504,"0,10 €","0,45 €","0,51 €","0,41 €","0,31 €"
Mammoth Bellow,,Uncommon,205,Tarkir: Dragonstorm,https://product-images.s3.cardmarket.com/1/TDM/819352/819352.jpg,7971,"0,02 €","0,06 €","0,07 €","0,11 €","0,02 €"
Marang River Regent // Coil and Catch,,Rare,51,Tarkir: Dragonstorm,https://product-images.s3.cardmarket.com/1/TDM/818642/818642.jpg,1295,"0,80 €","2,89 €","2,76 €","2,70 €","2,98 €"
Mardu Devotee,,Common,16,Tarkir: Dragonstorm,https://product-images.s3.cardmarket.com/1/TDM/818640/818640.jpg,12594,"0,02 €","0,18 €","0,09 €","0,17 €","0,33 €"
Mardu Monument,,Uncommon,245,Tarkir: Dragonstorm,https://product-images.s3.cardmarket.com/1/TDM/817879/817879.jpg,7520,"0,02 €","0,08 €","0,11 €","0,17 €","0,02 €"
Mardu Siegebreaker,,Rare,206,Tarkir: Dragonstorm,https://product-images.s3.cardmarket.com/1/TDM/819012/819012.jpg,2705,"0,10 €","0,51 €","0,47 €","0,53 €","0,29 €"
Marshal of the Lost,,Uncommon,207,Tarkir: Dragonstorm,https://product-images.s3.cardmarket.com/1/TDM/819374/819374.jpg,7207,"0,02 €","0,08 €","0,09 €","0,08 €","0,02 €"
Meticulous Artisan,,Common,112,Tarkir: Dragonstorm,https://product-images.s3.cardmarket.com/1/TDM/817937/817937.jpg,14288,"0,02 €","0,06 €","0,04 €","0,07 €","0,05 €"
Mistrise Village,,Rare,261,Tarkir: Dragonstorm,https://product-images.s3.cardmarket.com/1/TDM/817889/817889.jpg,1754,£4.49,"6,38 €","6,23 €","6,33 €","6,55 €"
Molten Exhale,,Common,113,Tarkir: Dragonstorm,https://product-images.s3.cardmarket.com/1/TDM/818984/818984.jpg,14136,"0,02 €","0,10 €","0,09 €","0,12 €","0,15 €"
Monastery Messenger,,Common,208,Tarkir: Dragonstorm,https://product-images.s3.cardmarket.com/1/TDM/817861/817861.jpg,14604,"0,02 €","0,07 €","0,04 €","0,08 €","0,02 €"
Mountain,V.1,Land,275,Tarkir: Dragonstorm,https://product-images.s3.cardmarket.com/1/TDM/817911/817911.jpg,456,"0,88 €","1,20 €","1,48 €","1,39 €","1,68 €"
Mountain,V.2,Land,283,Tarkir: Dragonstorm,https://product-images.s3.cardmarket.com/1/TDM/817913/817913.jpg,4039,"0,02 €","0,14 €","0,18 €","0,14 €","0,23 €"
Mountain,V.3,Land,284,Tarkir: Dragonstorm,https://product-images.s3.cardmarket.com/1/TDM/817915/817915.jpg,3218,"0,04 €","0,15 €","0,16 €","0,16 €","0,13 €"
Mox Jasper,,Mythic,246,Tarkir: Dragonstorm,https://product-images.s3.cardmarket.com/1/TDM/817880/817880.jpg,1280,"7,00 €","8,72 €","8,48 €","8,43 €","8,47 €"
Mystic Monastery,,Uncommon,262,Tarkir: Dragonstorm,https://product-images.s3.cardmarket.com/1/TDM/818310/818310.jpg,7938,"0,02 €","0,11 €","0,11 €","0,11 €","0,09 €"
Naga Fleshcrafter,,Rare,52,Tarkir: Dragonstorm,https://product-images.s3.cardmarket.com/1/TDM/818009/818009.jpg,3368,"0,02 €","0,29 €","0,31 €","0,31 €","0,27 €"
"Narset, Jeskai Waymaster",,Rare,209,Tarkir: Dragonstorm,https://product-images.s3.cardmarket.com/1/TDM/818242/818242.jpg,3018,"0,02 €","0,24 €","0,22 €","0,19 €","0,09 €"
Narset's Rebuke,,Common,114,Tarkir: Dragonstorm,https://product-images.s3.cardmarket.com/1/TDM/818989/818989.jpg,14320,"0,02 €","0,06 €","0,06 €","0,08 €","0,15 €"
Nature's Rhythm,,Rare,150,Tarkir: Dragonstorm,https://product-images.s3.cardmarket.com/1/TDM/818646/818646.jpg,1103,£0.45,"2,42 €","2,39 €","2,26 €","3,03 €"
"Neriv, Heart of the Storm",,Mythic,210,Tarkir: Dragonstorm,https://product-images.s3.cardmarket.com/1/TDM/817862/817862.jpg,1403,£1.25,"2,01 €","1,94 €","1,90 €","1,51 €"
New Way Forward,,Rare,211,Tarkir: Dragonstorm,https://product-images.s3.cardmarket.com/1/TDM/817864/817864.jpg,4527,"0,02 €","0,14 €","0,14 €","0,13 €","0,13 €"
Nightblade Brigade,,Common,85,Tarkir: Dragonstorm,https://product-images.s3.cardmarket.com/1/TDM/818138/818138.jpg,13425,"0,02 €","0,06 €","0,05 €","0,06 €","0,02 €"
Nomad Outpost,,Uncommon,263,Tarkir: Dragonstorm,https://product-images.s3.cardmarket.com/1/TDM/817947/817947.jpg,6728,"0,02 €","0,15 €","0,15 €","0,16 €","0,14 €"
Opulent Palace,,Uncommon,264,Tarkir: Dragonstorm,https://product-images.s3.cardmarket.com/1/TDM/818311/818311.jpg,6149,£0.02,"0,16 €","0,16 €","0,17 €","0,12 €"
Osseous Exhale,,Common,17,Tarkir: Dragonstorm,https://product-images.s3.cardmarket.com/1/TDM/817815/817815.jpg,14412,"0,02 €","0,05 €","0,04 €","0,03 €","0,02 €"
Overwhelming Surge,,Uncommon,115,Tarkir: Dragonstorm,https://product-images.s3.cardmarket.com/1/TDM/818443/818443.jpg,7447,"0,02 €","0,17 €","0,11 €","0,12 €","0,16 €"
Perennation,,Mythic,212,Tarkir: Dragonstorm,https://product-images.s3.cardmarket.com/1/TDM/818248/818248.jpg,1806,"0,08 €","0,43 €","0,46 €","0,42 €","0,50 €"
Piercing Exhale,,Common,151,Tarkir: Dragonstorm,https://product-images.s3.cardmarket.com/1/TDM/818647/818647.jpg,14212,"0,02 €","0,05 €","0,08 €","0,05 €","0,02 €"
Plains,V.1,Land,272,Tarkir: Dragonstorm,https://product-images.s3.cardmarket.com/1/TDM/817895/817895.jpg,2116,"0,08 €","0,56 €","0,55 €","0,56 €","0,17 €"
Plains,V.2,Land,277,Tarkir: Dragonstorm,https://product-images.s3.cardmarket.com/1/TDM/817917/817917.jpg,3968,"0,02 €","0,21 €","0,15 €","0,14 €","0,18 €"
Plains,V.3,Land,278,Tarkir: Dragonstorm,https://product-images.s3.cardmarket.com/1/TDM/817906/817906.jpg,3924,"0,02 €","0,18 €","0,15 €","0,19 €","0,10 €"
Poised Practitioner,,Common,18,Tarkir: Dragonstorm,https://product-images.s3.cardmarket.com/1/TDM/818991/818991.jpg,14347,"0,02 €","0,07 €","0,07 €","0,10 €","0,05 €"
Purging Stormbrood // Absorb Essence,,Uncommon,213,Tarkir: Dragonstorm,https://product-images.s3.cardmarket.com/1/TDM/818253/818253.jpg,7325,"0,02 €","0,08 €","0,08 €","0,06 €","0,04 €"
Qarsi Revenant,,Rare,86,Tarkir: Dragonstorm,https://product-images.s3.cardmarket.com/1/TDM/819395/819395.jpg,1151,"0,40 €","1,29 €","1,39 €","1,37 €","1,62 €"
Rainveil Rejuvenator,,Uncommon,152,Tarkir: Dragonstorm,https://product-images.s3.cardmarket.com/1/TDM/819009/819009.jpg,7297,"0,02 €","0,14 €","0,08 €","0,09 €","0,25 €"
Rakshasa's Bargain,,Uncommon,214,Tarkir: Dragonstorm,https://product-images.s3.cardmarket.com/1/TDM/817866/817866.jpg,4530,£0.02,"0,39 €","0,38 €","0,35 €","0,60 €"
Rally the Monastery,,Uncommon,19,Tarkir: Dragonstorm,https://product-images.s3.cardmarket.com/1/TDM/819390/819390.jpg,6684,£0.02,"0,15 €","0,14 €","0,13 €","0,07 €"
Rebellious Strike,,Common,20,Tarkir: Dragonstorm,https://product-images.s3.cardmarket.com/1/TDM/817816/817816.jpg,13903,"0,02 €","0,04 €","0,07 €","0,04 €","0,02 €"
Rediscover the Way,,Rare,215,Tarkir: Dragonstorm,https://product-images.s3.cardmarket.com/1/TDM/817867/817867.jpg,3626,"0,05 €","0,20 €","0,20 €","0,21 €","0,18 €"
Reigning Victor,,Common,216,Tarkir: Dragonstorm,https://product-images.s3.cardmarket.com/1/TDM/817868/817868.jpg,14527,"0,02 €","0,06 €","0,04 €","0,04 €","0,02 €"
Reputable Merchant,,Common,217,Tarkir: Dragonstorm,https://product-images.s3.cardmarket.com/1/TDM/817869/817869.jpg,14742,"0,02 €","0,02 €","0,04 €","0,05 €","0,02 €"
Rescue Leopard,,Common,116,Tarkir: Dragonstorm,https://product-images.s3.cardmarket.com/1/TDM/819368/819368.jpg,14420,"0,02 €","0,05 €","0,04 €","0,04 €","0,02 €"
Reverberating Summons,,Uncommon,117,Tarkir: Dragonstorm,https://product-images.s3.cardmarket.com/1/TDM/819392/819392.jpg,7900,"0,02 €","0,08 €","0,06 €","0,08 €","0,05 €"
Revival of the Ancestors,,Rare,218,Tarkir: Dragonstorm,https://product-images.s3.cardmarket.com/1/TDM/819389/819389.jpg,4703,£0.02,"0,13 €","0,14 €","0,13 €","0,08 €"
Riling Dawnbreaker // Signaling Roar,,Common,21,Tarkir: Dragonstorm,https://product-images.s3.cardmarket.com/1/TDM/818123/818123.jpg,14180,"0,02 €","0,08 €","0,05 €","0,03 €","0,05 €"
Ringing Strike Mastery,,Common,53,Tarkir: Dragonstorm,https://product-images.s3.cardmarket.com/1/TDM/818131/818131.jpg,13508,"0,02 €","0,03 €","0,05 €","0,03 €","0,02 €"
Rite of Renewal,,Uncommon,153,Tarkir: Dragonstorm,https://product-images.s3.cardmarket.com/1/TDM/819351/819351.jpg,7839,"0,02 €","0,09 €","0,06 €","0,10 €","0,02 €"
Riverwalk Technique,,Common,54,Tarkir: Dragonstorm,https://product-images.s3.cardmarket.com/1/TDM/817826/817826.jpg,14221,"0,02 €","0,06 €","0,03 €","0,06 €","0,03 €"
Riverwheel Sweep,,Uncommon,219,Tarkir: Dragonstorm,https://product-images.s3.cardmarket.com/1/TDM/818650/818650.jpg,7829,"0,02 €","0,09 €","0,06 €","0,07 €","0,02 €"
Roamer's Routine,,Common,154,Tarkir: Dragonstorm,https://product-images.s3.cardmarket.com/1/TDM/817850/817850.jpg,13822,"0,02 €","0,05 €","0,07 €","0,06 €","0,05 €"
Roar of Endless Song,,Rare,220,Tarkir: Dragonstorm,https://product-images.s3.cardmarket.com/1/TDM/818256/818256.jpg,4794,"0,02 €","0,16 €","0,16 €","0,13 €","0,12 €"
Roiling Dragonstorm,,Uncommon,55,Tarkir: Dragonstorm,https://product-images.s3.cardmarket.com/1/TDM/819363/819363.jpg,5839,"0,02 €","0,27 €","0,23 €","0,25 €","0,16 €"
Rot-Curse Rakshasa,,Mythic,87,Tarkir: Dragonstorm,https://product-images.s3.cardmarket.com/1/TDM/817835/817835.jpg,1723,£0.70,"1,43 €","1,56 €","1,45 €","1,04 €"
Rugged Highlands,,Common,265,Tarkir: Dragonstorm,https://product-images.s3.cardmarket.com/1/TDM/818312/818312.jpg,12724,"0,02 €","0,02 €","0,05 €","0,03 €","0,02 €"
Runescale Stormbrood // Chilling Screech,,Uncommon,221,Tarkir: Dragonstorm,https://product-images.s3.cardmarket.com/1/TDM/819362/819362.jpg,6675,"0,02 €","0,11 €","0,12 €","0,09 €","0,14 €"
Sage of the Fang,,Uncommon,155,Tarkir: Dragonstorm,https://product-images.s3.cardmarket.com/1/TDM/817851/817851.jpg,7450,"0,02 €","0,11 €","0,09 €","0,13 €","0,02 €"
Sage of the Skies,,Rare,22,Tarkir: Dragonstorm,https://product-images.s3.cardmarket.com/1/TDM/818124/818124.jpg,3523,"0,10 €","0,21 €","0,25 €","0,25 €","0,28 €"
Sagu Pummeler,,Common,156,Tarkir: Dragonstorm,https://product-images.s3.cardmarket.com/1/TDM/819370/819370.jpg,14387,"0,02 €","0,07 €","0,04 €","0,06 €","0,15 €"
Sagu Wildling // Roost Seek,,Common,157,Tarkir: Dragonstorm,https://product-images.s3.cardmarket.com/1/TDM/819377/819377.jpg,9043,"0,02 €","0,17 €","0,15 €","0,17 €","0,11 €"
Salt Road Packbeast,,Common,23,Tarkir: Dragonstorm,https://product-images.s3.cardmarket.com/1/TDM/819011/819011.jpg,11188,"0,02 €","0,11 €","0,11 €","0,11 €","0,07 €"
Salt Road Skirmish,,Uncommon,88,Tarkir: Dragonstorm,https://product-images.s3.cardmarket.com/1/TDM/818139/818139.jpg,7584,"0,02 €","0,07 €","0,06 €","0,04 €","0,02 €"
Sandskitter Outrider,,Common,89,Tarkir: Dragonstorm,https://product-images.s3.cardmarket.com/1/TDM/819383/819383.jpg,14220,"0,02 €","0,05 €","0,04 €","0,05 €","0,05 €"
Sandsteppe Citadel,,Uncommon,266,Tarkir: Dragonstorm,https://product-images.s3.cardmarket.com/1/TDM/817890/817890.jpg,6811,£0.02,"0,13 €","0,15 €","0,14 €","0,13 €"
"Sarkhan, Dragon Ascendant",,Rare,118,Tarkir: Dragonstorm,https://product-images.s3.cardmarket.com/1/TDM/819013/819013.jpg,3049,"0,10 €","0,23 €","0,30 €","0,25 €","0,20 €"
Sarkhan's Resolve,,Common,158,Tarkir: Dragonstorm,https://product-images.s3.cardmarket.com/1/TDM/818182/818182.jpg,14003,"0,02 €","0,06 €","0,05 €","0,06 €","0,02 €"
Scavenger Regent // Exude Toxin,,Rare,90,Tarkir: Dragonstorm,https://product-images.s3.cardmarket.com/1/TDM/819365/819365.jpg,2153,£0.10,"0,65 €","0,74 €","0,71 €","0,75 €"
Scoured Barrens,,Common,267,Tarkir: Dragonstorm,https://product-images.s3.cardmarket.com/1/TDM/818313/818313.jpg,11958,"0,02 €","0,06 €","0,07 €","0,06 €","0,02 €"
Seize Opportunity,,Common,119,Tarkir: Dragonstorm,https://product-images.s3.cardmarket.com/1/TDM/817842/817842.jpg,13752,"0,02 €","0,12 €","0,09 €","0,07 €","0,10 €"
Severance Priest,,Rare,222,Tarkir: Dragonstorm,https://product-images.s3.cardmarket.com/1/TDM/817944/817944.jpg,4392,"0,02 €","0,08 €","0,10 €","0,10 €","0,02 €"
"Shiko, Paragon of the Way",,Mythic,223,Tarkir: Dragonstorm,https://product-images.s3.cardmarket.com/1/TDM/817945/817945.jpg,1340,"1,96 €","2,44 €","2,38 €","2,51 €","2,50 €"
Shock Brigade,,Common,120,Tarkir: Dragonstorm,https://product-images.s3.cardmarket.com/1/TDM/817843/817843.jpg,13254,"0,02 €","0,11 €","0,10 €","0,12 €","0,23 €"
Shocking Sharpshooter,,Uncommon,121,Tarkir: Dragonstorm,https://product-images.s3.cardmarket.com/1/TDM/818166/818166.jpg,5341,"0,02 €","0,14 €","0,15 €","0,12 €","0,15 €"
Sibsig Appraiser,,Common,56,Tarkir: Dragonstorm,https://product-images.s3.cardmarket.com/1/TDM/817827/817827.jpg,13717,"0,02 €","0,04 €","0,05 €","0,04 €","0,02 €"
"Sidisi, Regent of the Mire",,Rare,92,Tarkir: Dragonstorm,https://product-images.s3.cardmarket.com/1/TDM/817948/817948.jpg,3235,"0,05 €","0,29 €","0,26 €","0,28 €","0,19 €"
Sinkhole Surveyor,,Rare,93,Tarkir: Dragonstorm,https://product-images.s3.cardmarket.com/1/TDM/817836/817836.jpg,3730,"0,02 €","0,25 €","0,26 €","0,20 €","0,10 €"
Skirmish Rhino,,Uncommon,224,Tarkir: Dragonstorm,https://product-images.s3.cardmarket.com/1/TDM/817870/817870.jpg,7142,"0,02 €","0,15 €","0,15 €","0,18 €","0,24 €"
Smile at Death,,Mythic,24,Tarkir: Dragonstorm,https://product-images.s3.cardmarket.com/1/TDM/817817/817817.jpg,1113,"1,40 €","2,10 €","2,11 €","2,24 €","2,44 €"
Snakeskin Veil,,Common,159,Tarkir: Dragonstorm,https://product-images.s3.cardmarket.com/1/TDM/817938/817938.jpg,11948,"0,02 €","0,09 €","0,08 €","0,09 €","0,04 €"
Snowmelt Stag,,Common,57,Tarkir: Dragonstorm,https://product-images.s3.cardmarket.com/1/TDM/819367/819367.jpg,14264,"0,02 €","0,05 €","0,03 €","0,05 €","0,04 €"
Songcrafter Mage,,Rare,225,Tarkir: Dragonstorm,https://product-images.s3.cardmarket.com/1/TDM/817871/817871.jpg,4340,"0,02 €","0,18 €","0,22 €","0,21 €","0,07 €"
Sonic Shrieker,,Uncommon,226,Tarkir: Dragonstorm,https://product-images.s3.cardmarket.com/1/TDM/818651/818651.jpg,7522,"0,02 €","0,07 €","0,08 €","0,08 €","0,06 €"
Spectral Denial,,Uncommon,58,Tarkir: Dragonstorm,https://product-images.s3.cardmarket.com/1/TDM/818132/818132.jpg,5672,"0,02 €","0,18 €","0,18 €","0,19 €","0,15 €"
Stadium Headliner,,Rare,122,Tarkir: Dragonstorm,https://product-images.s3.cardmarket.com/1/TDM/819001/819001.jpg,2083,"0,09 €","0,47 €","0,50 €","0,51 €","0,55 €"
Stalwart Successor,,Uncommon,227,Tarkir: Dragonstorm,https://product-images.s3.cardmarket.com/1/TDM/818260/818260.jpg,7486,"0,02 €","0,15 €","0,15 €","0,10 €","0,05 €"
Starry-Eyed Skyrider,,Uncommon,25,Tarkir: Dragonstorm,https://product-images.s3.cardmarket.com/1/TDM/817818/817818.jpg,6953,£0.02,"0,13 €","0,12 €","0,13 €","0,06 €"
Static Snare,,Uncommon,26,Tarkir: Dragonstorm,https://product-images.s3.cardmarket.com/1/TDM/818981/818981.jpg,7305,"0,02 €","0,11 €","0,09 €","0,09 €","0,05 €"
Stillness in Motion,,Rare,59,Tarkir: Dragonstorm,https://product-images.s3.cardmarket.com/1/TDM/818133/818133.jpg,5148,"0,02 €","0,08 €","0,15 €","0,11 €","0,06 €"
Stormbeacon Blade,,Uncommon,27,Tarkir: Dragonstorm,https://product-images.s3.cardmarket.com/1/TDM/818125/818125.jpg,7388,"0,02 €","0,13 €","0,10 €","0,14 €","0,10 €"
Stormplain Detainment,,Common,28,Tarkir: Dragonstorm,https://product-images.s3.cardmarket.com/1/TDM/819364/819364.jpg,14118,"0,02 €","0,05 €","0,04 €","0,05 €","0,02 €"
Stormscale Scion,,Mythic,123,Tarkir: Dragonstorm,https://product-images.s3.cardmarket.com/1/TDM/819384/819384.jpg,1488,"2,59 €","3,07 €","3,16 €","3,16 €","2,99 €"
Stormshriek Feral // Flush Out,,Common,124,Tarkir: Dragonstorm,https://product-images.s3.cardmarket.com/1/TDM/817844/817844.jpg,12992,"0,02 €","0,09 €","0,11 €","0,08 €","0,12 €"
Strategic Betrayal,,Uncommon,94,Tarkir: Dragonstorm,https://product-images.s3.cardmarket.com/1/TDM/819005/819005.jpg,3104,£0.02,"0,43 €","0,41 €","0,44 €","0,42 €"
Sultai Devotee,,Common,160,Tarkir: Dragonstorm,https://product-images.s3.cardmarket.com/1/TDM/818185/818185.jpg,14118,"0,02 €","0,14 €","0,06 €","0,17 €","0,10 €"
Sultai Monument,,Uncommon,247,Tarkir: Dragonstorm,https://product-images.s3.cardmarket.com/1/TDM/817881/817881.jpg,7829,"0,02 €","0,07 €","0,06 €","0,07 €","0,06 €"
Summit Intimidator,,Common,125,Tarkir: Dragonstorm,https://product-images.s3.cardmarket.com/1/TDM/818645/818645.jpg,14634,"0,02 €","0,07 €","0,03 €","0,05 €","0,02 €"
Sunpearl Kirin,,Uncommon,29,Tarkir: Dragonstorm,https://product-images.s3.cardmarket.com/1/TDM/817819/817819.jpg,4169,"0,02 €","0,31 €","0,27 €","0,30 €","0,20 €"
Sunset Strikemaster,,Uncommon,126,Tarkir: Dragonstorm,https://product-images.s3.cardmarket.com/1/TDM/817845/817845.jpg,5901,"0,02 €","0,12 €","0,19 €","0,13 €","0,09 €"
"Surrak, Elusive Hunter",,Rare,161,Tarkir: Dragonstorm,https://product-images.s3.cardmarket.com/1/TDM/817852/817852.jpg,2163,£0.10,"0,57 €","0,61 €","0,62 €","0,18 €"
Swamp,V.1,Land,274,Tarkir: Dragonstorm,https://product-images.s3.cardmarket.com/1/TDM/817908/817908.jpg,1850,£0.10,"0,68 €","0,68 €","0,62 €","0,47 €"
Swamp,V.2,Land,281,Tarkir: Dragonstorm,https://product-images.s3.cardmarket.com/1/TDM/817910/817910.jpg,3604,"0,04 €","0,26 €","0,17 €","0,24 €","0,21 €"
Swamp,V.3,Land,282,Tarkir: Dragonstorm,https://product-images.s3.cardmarket.com/1/TDM/817912/817912.jpg,2524,"0,02 €","0,18 €","0,17 €","0,11 €","0,18 €"
Swiftwater Cliffs,,Common,268,Tarkir: Dragonstorm,https://product-images.s3.cardmarket.com/1/TDM/817891/817891.jpg,12486,"0,02 €","0,06 €","0,06 €","0,08 €","0,02 €"
Synchronized Charge,,Uncommon,162,Tarkir: Dragonstorm,https://product-images.s3.cardmarket.com/1/TDM/817939/817939.jpg,6795,"0,02 €","0,11 €","0,13 €","0,08 €","0,24 €"
"Taigam, Master Opportunist",,Mythic,60,Tarkir: Dragonstorm,https://product-images.s3.cardmarket.com/1/TDM/819017/819017.jpg,1840,"0,94 €","1,32 €","1,19 €","1,23 €","0,90 €"
Teeming Dragonstorm,,Uncommon,30,Tarkir: Dragonstorm,https://product-images.s3.cardmarket.com/1/TDM/818998/818998.jpg,7700,"0,02 €","0,09 €","0,07 €","0,10 €","0,05 €"
Tempest Hawk,,Common,31,Tarkir: Dragonstorm,https://product-images.s3.cardmarket.com/1/TDM/818126/818126.jpg,7422,"0,02 €","0,33 €","0,33 €","0,27 €","0,11 €"
Temur Battlecrier,,Rare,228,Tarkir: Dragonstorm,https://product-images.s3.cardmarket.com/1/TDM/817872/817872.jpg,2041,"0,18 €","0,45 €","0,42 €","0,46 €","0,68 €"
Temur Devotee,,Common,61,Tarkir: Dragonstorm,https://product-images.s3.cardmarket.com/1/TDM/817828/817828.jpg,14429,"0,02 €","0,04 €","0,04 €","0,06 €","0,02 €"
Temur Monument,,Uncommon,248,Tarkir: Dragonstorm,https://product-images.s3.cardmarket.com/1/TDM/817882/817882.jpg,7822,"0,02 €","0,09 €","0,05 €","0,10 €","0,02 €"
Temur Tawnyback,,Common,229,Tarkir: Dragonstorm,https://product-images.s3.cardmarket.com/1/TDM/817873/817873.jpg,14751,"0,02 €","0,06 €","0,05 €","0,06 €","0,10 €"
Tersa Lightshatter,,Rare,127,Tarkir: Dragonstorm,https://product-images.s3.cardmarket.com/1/TDM/817846/817846.jpg,2115,£0.23,"0,96 €","1,03 €","0,99 €","0,71 €"
"Teval, Arbiter of Virtue",,Mythic,230,Tarkir: Dragonstorm,https://product-images.s3.cardmarket.com/1/TDM/818652/818652.jpg,1990,"0,24 €","0,67 €","0,64 €","0,73 €","0,50 €"
The Sibsig Ceremony,,Rare,91,Tarkir: Dragonstorm,https://product-images.s3.cardmarket.com/1/TDM/818643/818643.jpg,3716,"0,10 €","0,21 €","0,28 €","0,23 €","0,10 €"
Thornwood Falls,,Common,269,Tarkir: Dragonstorm,https://product-images.s3.cardmarket.com/1/TDM/817892/817892.jpg,12894,"0,02 €","0,08 €","0,05 €","0,09 €","0,10 €"
Thunder of Unity,,Rare,231,Tarkir: Dragonstorm,https://product-images.s3.cardmarket.com/1/TDM/817874/817874.jpg,4336,"0,02 €","0,13 €","0,16 €","0,13 €","0,05 €"
Trade Route Envoy,,Common,163,Tarkir: Dragonstorm,https://product-images.s3.cardmarket.com/1/TDM/819018/819018.jpg,14232,"0,02 €","0,02 €","0,04 €","0,03 €","0,02 €"
Tranquil Cove,,Common,270,Tarkir: Dragonstorm,https://product-images.s3.cardmarket.com/1/TDM/817893/817893.jpg,12548,"0,02 €","0,02 €","0,05 €","0,03 €","0,02 €"
Traveling Botanist,,Uncommon,164,Tarkir: Dragonstorm,https://product-images.s3.cardmarket.com/1/TDM/819372/819372.jpg,7358,"0,02 €","0,11 €","0,08 €","0,11 €","0,02 €"
Twin Bolt,,Common,128,Tarkir: Dragonstorm,https://product-images.s3.cardmarket.com/1/TDM/818168/818168.jpg,14335,"0,02 €","0,06 €","0,03 €","0,03 €","0,05 €"
Twinmaw Stormbrood // Charring Bite,,Uncommon,232,Tarkir: Dragonstorm,https://product-images.s3.cardmarket.com/1/TDM/819003/819003.jpg,5477,£0.02,"0,20 €","0,14 €","0,21 €","0,25 €"
"Ugin, Eye of the Storms",,Mythic,1,Tarkir: Dragonstorm,https://product-images.s3.cardmarket.com/1/TDM/817919/817919.jpg,683,"34,00 €","34,25 €","34,30 €","34,80 €","36,16 €"
Unburied Earthcarver,,Common,95,Tarkir: Dragonstorm,https://product-images.s3.cardmarket.com/1/TDM/819387/819387.jpg,14307,"0,02 €","0,04 €","0,03 €","0,06 €","0,02 €"
Underfoot Underdogs,,Common,129,Tarkir: Dragonstorm,https://product-images.s3.cardmarket.com/1/TDM/819391/819391.jpg,13953,"0,02 €","0,05 €","0,09 €","0,04 €","0,02 €"
Undergrowth Leopard,,Common,165,Tarkir: Dragonstorm,https://product-images.s3.cardmarket.com/1/TDM/819010/819010.jpg,13468,"0,02 €","0,12 €","0,09 €","0,09 €","0,14 €"
Unending Whisper,,Common,62,Tarkir: Dragonstorm,https://product-images.s3.cardmarket.com/1/TDM/817829/817829.jpg,13662,"0,02 €","0,08 €","0,07 €","0,06 €","0,02 €"
United Battlefront,,Rare,32,Tarkir: Dragonstorm,https://product-images.s3.cardmarket.com/1/TDM/817935/817935.jpg,2998,"0,10 €","0,32 €","0,35 €","0,36 €","0,15 €"
Unrooted Ancestor,,Uncommon,96,Tarkir: Dragonstorm,https://product-images.s3.cardmarket.com/1/TDM/819371/819371.jpg,8037,"0,02 €","0,07 €","0,04 €","0,05 €","0,08 €"
Unsparing Boltcaster,,Uncommon,130,Tarkir: Dragonstorm,https://product-images.s3.cardmarket.com/1/TDM/818170/818170.jpg,7825,"0,02 €","0,06 €","0,06 €","0,08 €","0,07 €"
"Ureni, the Song Unending",,Mythic,233,Tarkir: Dragonstorm,https://product-images.s3.cardmarket.com/1/TDM/818280/818280.jpg,1072,£1.44,"2,33 €","2,44 €","2,31 €","2,43 €"
Ureni's Rebuff,,Uncommon,63,Tarkir: Dragonstorm,https://product-images.s3.cardmarket.com/1/TDM/818996/818996.jpg,7797,"0,02 €","0,06 €","0,07 €","0,09 €","0,05 €"
Venerated Stormsinger,,Uncommon,97,Tarkir: Dragonstorm,https://product-images.s3.cardmarket.com/1/TDM/818140/818140.jpg,6289,£0.02,"0,11 €","0,13 €","0,14 €","0,08 €"
Veteran Ice Climber,,Uncommon,64,Tarkir: Dragonstorm,https://product-images.s3.cardmarket.com/1/TDM/817830/817830.jpg,7475,"0,02 €","0,08 €","0,12 €","0,07 €","0,02 €"
Voice of Victory,,Rare,33,Tarkir: Dragonstorm,https://product-images.s3.cardmarket.com/1/TDM/817820/817820.jpg,437,"11,95 €","14,52 €","14,02 €","14,85 €","14,24 €"
Wail of War,,Uncommon,98,Tarkir: Dragonstorm,https://product-images.s3.cardmarket.com/1/TDM/818159/818159.jpg,7415,"0,02 €","0,04 €","0,07 €","0,08 €","0,14 €"
War Effort,,Uncommon,131,Tarkir: Dragonstorm,https://product-images.s3.cardmarket.com/1/TDM/819016/819016.jpg,7480,"0,02 €","0,08 €","0,08 €","0,07 €","0,02 €"
Warden of the Grove,,Rare,166,Tarkir: Dragonstorm,https://product-images.s3.cardmarket.com/1/TDM/817853/817853.jpg,1579,£0.21,"0,86 €","0,86 €","0,91 €","1,16 €"
Watcher of the Wayside,,Common,249,Tarkir: Dragonstorm,https://product-images.s3.cardmarket.com/1/TDM/817883/817883.jpg,14304,"0,02 €","0,14 €","0,05 €","0,10 €","0,03 €"
Wayspeaker Bodyguard,,Uncommon,34,Tarkir: Dragonstorm,https://product-images.s3.cardmarket.com/1/TDM/817821/817821.jpg,7952,"0,02 €","0,06 €","0,05 €","0,07 €","0,02 €"
Whirlwing Stormbrood // Dynamic Soar,,Uncommon,234,Tarkir: Dragonstorm,https://product-images.s3.cardmarket.com/1/TDM/817875/817875.jpg,9108,"0,02 €","0,09 €","0,11 €","0,07 €","0,02 €"
Wild Ride,,Common,132,Tarkir: Dragonstorm,https://product-images.s3.cardmarket.com/1/TDM/818172/818172.jpg,11487,"0,02 €","0,10 €","0,13 €","0,11 €","0,16 €"
Wind-Scarred Crag,,Common,271,Tarkir: Dragonstorm,https://product-images.s3.cardmarket.com/1/TDM/817894/817894.jpg,12519,"0,02 €","0,10 €","0,05 €","0,10 €","0,02 €"
Windcrag Siege,,Rare,235,Tarkir: Dragonstorm,https://product-images.s3.cardmarket.com/1/TDM/818281/818281.jpg,1102,"0,99 €","1,75 €","1,80 €","1,82 €","2,20 €"
Wingblade Disciple,,Uncommon,65,Tarkir: Dragonstorm,https://product-images.s3.cardmarket.com/1/TDM/819382/819382.jpg,7530,"0,02 €","0,08 €","0,06 €","0,08 €","0,10 €"
Wingspan Stride,,Common,66,Tarkir: Dragonstorm,https://product-images.s3.cardmarket.com/1/TDM/819361/819361.jpg,13984,"0,02 €","0,07 €","0,06 €","0,06 €","0,06 €"
Winternight Stories,,Rare,67,Tarkir: Dragonstorm,https://product-images.s3.cardmarket.com/1/TDM/818986/818986.jpg,1012,"0,25 €","0,74 €","1,12 €","0,77 €","0,40 €"
Worthy Cost,,Common,99,Tarkir: Dragonstorm,https://product-images.s3.cardmarket.com/1/TDM/819004/819004.jpg,13173,"0,02 €","0,07 €","0,08 €","0,07 €","0,26 €"
Yathan Roadwatcher,,Rare,236,Tarkir: Dragonstorm,https://product-images.s3.cardmarket.com/1/TDM/818653/818653.jpg,4217,"0,02 €","0,16 €","0,14 €","0,13 €","0,14 €"
Yathan Tombguard,,Uncommon,100,Tarkir: Dragonstorm,https://product-images.s3.cardmarket.com/1/TDM/819008/819008.jpg,6974,"0,02 €","0,13 €","0,12 €","0,12 €","0,02 €"
"Zurgo, Thunder's Decree",,Rare,237,Tarkir: Dragonstorm,https://product-images.s3.cardmarket.com/1/TDM/818282/818282.jpg,2900,"0,10 €","0,23 €","0,26 €","0,27 €","0,32 €"
Zurgo's Vanguard,,Uncommon,133,Tarkir: Dragonstorm,https://product-images.s3.cardmarket.com/1/TDM/819397/819397.jpg,7297,"0,02 €","0,12 €","0,11 €","0,11 €","0,02 €"
Abrade,,Common,131,The Lost Caverns of Ixalan,https://product-images.s3.cardmarket.com/1/LCI/744007/744007.jpg,8813,"0,02 €","0,10 €","0,10 €","0,13 €","0,04 €"
"Abuelo, Ancestral Echo",,Rare,219,The Lost Caverns of Ixalan,https://product-images.s3.cardmarket.com/1/LCI/744044/744044.jpg,3548,"0,05 €","0,24 €","0,20 €","0,20 €","0,20 €"
Abuelo's Awakening,,Rare,1,The Lost Caverns of Ixalan,https://product-images.s3.cardmarket.com/1/LCI/734680/734680.jpg,4389,"0,05 €","0,16 €","0,14 €","0,15 €","0,10 €"
Abyssal Gorestalker,,Uncommon,87,The Lost Caverns of Ixalan,https://product-images.s3.cardmarket.com/1/LCI/743207/743207.jpg,9093,"0,02 €","0,12 €","0,04 €","0,03 €","0,02 €"
"Aclazotz, Deepest Betrayal // Temple of the Dead",,Mythic,88,The Lost Caverns of Ixalan,https://product-images.s3.cardmarket.com/1/LCI/742062/742062.jpg,872,"5,45 €","6,61 €","6,65 €","6,51 €","6,75 €"
Acolyte of Aclazotz,,Common,89,The Lost Caverns of Ixalan,https://product-images.s3.cardmarket.com/1/LCI/741095/741095.jpg,11434,"0,02 €","0,06 €","0,08 €","0,07 €","0,06 €"
Acrobatic Leap,,Common,2,The Lost Caverns of Ixalan,https://product-images.s3.cardmarket.com/1/LCI/743946/743946.jpg,11580,"0,02 €","0,09 €","0,10 €","0,05 €","0,02 €"
Adaptive Gemguard,,Common,3,The Lost Caverns of Ixalan,https://product-images.s3.cardmarket.com/1/LCI/743947/743947.jpg,12324,"0,02 €","0,06 €","0,04 €","0,02 €","0,02 €"
"Akal Pakal, First Among Equals",,Rare,44,The Lost Caverns of Ixalan,https://product-images.s3.cardmarket.com/1/LCI/743967/743967.jpg,4477,"0,05 €","0,13 €","0,16 €","0,16 €","0,13 €"
"Akawalli, the Seething Tower",,Uncommon,220,The Lost Caverns of Ixalan,https://product-images.s3.cardmarket.com/1/LCI/740874/740874.jpg,8704,"0,02 €","0,06 €","0,04 €","0,03 €","0,02 €"
Amalia Benavides Aguirre,,Rare,221,The Lost Caverns of Ixalan,https://product-images.s3.cardmarket.com/1/LCI/743217/743217.jpg,1557,"0,24 €","0,94 €","0,84 €","0,92 €","1,30 €"
Ancestors' Aid,,Common,132,The Lost Caverns of Ixalan,https://product-images.s3.cardmarket.com/1/LCI/743390/743390.jpg,10235,"0,02 €","0,09 €","0,09 €","0,08 €","0,06 €"
Ancestral Reminiscence,,Common,45,The Lost Caverns of Ixalan,https://product-images.s3.cardmarket.com/1/LCI/743202/743202.jpg,12019,"0,02 €","0,05 €","0,05 €","0,02 €","0,02 €"
"Anim Pakal, Thousandth Moon",,Rare,223,The Lost Caverns of Ixalan,https://product-images.s3.cardmarket.com/1/LCI/743219/743219.jpg,696,"3,00 €","4,45 €","4,33 €","4,44 €","4,21 €"
Another Chance,,Common,90,The Lost Caverns of Ixalan,https://product-images.s3.cardmarket.com/1/LCI/743985/743985.jpg,11362,"0,02 €","0,09 €","0,07 €","0,06 €","0,02 €"
Armored Kincaller,,Common,174,The Lost Caverns of Ixalan,https://product-images.s3.cardmarket.com/1/LCI/743212/743212.jpg,11219,"0,02 €","0,06 €","0,06 €","0,11 €","0,24 €"
Attentive Sunscribe,,Common,4,The Lost Caverns of Ixalan,https://product-images.s3.cardmarket.com/1/LCI/743948/743948.jpg,12133,"0,02 €","0,04 €","0,05 €","0,04 €","0,02 €"
Bartolomé del Presidio,,Uncommon,224,The Lost Caverns of Ixalan,https://product-images.s3.cardmarket.com/1/LCI/744045/744045.jpg,7848,"0,02 €","0,19 €","0,15 €","0,12 €","0,15 €"
Basking Capybara,,Common,175,The Lost Caverns of Ixalan,https://product-images.s3.cardmarket.com/1/LCI/744028/744028.jpg,11369,"0,02 €","0,02 €","0,03 €","0,02 €","0,02 €"
Bat Colony,,Uncommon,5,The Lost Caverns of Ixalan,https://product-images.s3.cardmarket.com/1/LCI/743949/743949.jpg,9091,"0,02 €","0,07 €","0,08 €","0,06 €","0,02 €"
Bedrock Tortoise,,Rare,176,The Lost Caverns of Ixalan,https://product-images.s3.cardmarket.com/1/LCI/743391/743391.jpg,1699,"0,15 €","0,47 €","0,52 €","0,50 €","0,45 €"
Belligerent Yearling,,Uncommon,133,The Lost Caverns of Ixalan,https://product-images.s3.cardmarket.com/1/LCI/744008/744008.jpg,7732,"0,02 €","0,08 €","0,11 €","0,12 €","0,10 €"
Bitter Triumph,,Uncommon,91,The Lost Caverns of Ixalan,https://product-images.s3.cardmarket.com/1/LCI/743986/743986.jpg,2017,£0.42,"1,34 €","1,28 €","1,37 €","1,46 €"
Bloodletter of Aclazotz,,Mythic,92,The Lost Caverns of Ixalan,https://product-images.s3.cardmarket.com/1/LCI/743987/743987.jpg,603,"21,55 €","24,07 €","25,18 €","25,11 €","24,99 €"
Bloodthorn Flail,,Uncommon,93,The Lost Caverns of Ixalan,https://product-images.s3.cardmarket.com/1/LCI/741109/741109.jpg,8807,"0,02 €","0,10 €","0,11 €","0,07 €","0,02 €"
Bonehoard Dracosaur,,Mythic,134,The Lost Caverns of Ixalan,https://product-images.s3.cardmarket.com/1/LCI/743024/743024.jpg,727,"8,95 €","10,70 €","10,40 €","10,39 €","11,66 €"
Brackish Blunder,,Common,46,The Lost Caverns of Ixalan,https://product-images.s3.cardmarket.com/1/LCI/743968/743968.jpg,11883,"0,02 €","0,09 €","0,04 €","0,03 €","0,02 €"
Braided Net // Braided Quipu,,Rare,47,The Lost Caverns of Ixalan,https://product-images.s3.cardmarket.com/1/LCI/743969/743969.jpg,4748,"0,03 €","0,28 €","0,21 €","0,33 €","0,18 €"
"Brass's Tunnel-Grinder // Tecutlan, the Searing Rift",,Rare,135,The Lost Caverns of Ixalan,https://product-images.s3.cardmarket.com/1/LCI/741005/741005.jpg,519,"0,50 €","1,54 €","1,68 €","1,68 €","2,11 €"
Brazen Blademaster,,Common,136,The Lost Caverns of Ixalan,https://product-images.s3.cardmarket.com/1/LCI/743025/743025.jpg,12043,"0,02 €","0,05 €","0,04 €","0,04 €","0,02 €"
"Breeches, Eager Pillager",,Rare,137,The Lost Caverns of Ixalan,https://product-images.s3.cardmarket.com/1/LCI/744009/744009.jpg,1819,"0,09 €","0,51 €","0,46 €","0,44 €","0,50 €"
Bringer of the Last Gift,,Rare,94,The Lost Caverns of Ixalan,https://product-images.s3.cardmarket.com/1/LCI/743020/743020.jpg,1745,"0,10 €","0,41 €","0,46 €","0,42 €","0,45 €"
Broodrage Mycoid,,Common,95,The Lost Caverns of Ixalan,https://product-images.s3.cardmarket.com/1/LCI/741003/741003.jpg,11601,"0,02 €","0,08 €","0,05 €","0,05 €","0,05 €"
Buried Treasure,,Common,246,The Lost Caverns of Ixalan,https://product-images.s3.cardmarket.com/1/LCI/744049/744049.jpg,11665,"0,02 €","0,09 €","0,06 €","0,05 €","0,02 €"
Burning Sun Cavalry,,Common,138,The Lost Caverns of Ixalan,https://product-images.s3.cardmarket.com/1/LCI/734655/734655.jpg,11898,"0,02 €","0,05 €","0,06 €","0,05 €","0,02 €"
Calamitous Cave-In,,Uncommon,139,The Lost Caverns of Ixalan,https://product-images.s3.cardmarket.com/1/LCI/744010/744010.jpg,9397,"0,02 €","0,07 €","0,05 €","0,06 €","0,04 €"
Canonized in Blood,,Uncommon,96,The Lost Caverns of Ixalan,https://product-images.s3.cardmarket.com/1/LCI/741004/741004.jpg,9134,"0,02 €","0,10 €","0,05 €","0,03 €","0,02 €"
Caparocti Sunborn,,Uncommon,226,The Lost Caverns of Ixalan,https://product-images.s3.cardmarket.com/1/LCI/742073/742073.jpg,9198,"0,02 €","0,07 €","0,07 €","0,07 €","0,05 €"
"Captain Storm, Cosmium Raider",,Uncommon,227,The Lost Caverns of Ixalan,https://product-images.s3.cardmarket.com/1/LCI/744046/744046.jpg,7907,"0,02 €","0,14 €","0,14 €","0,12 €","0,25 €"
Captivating Cave,,Land,268,The Lost Caverns of Ixalan,https://product-images.s3.cardmarket.com/1/LCI/740883/740883.jpg,15931,"0,02 €","0,03 €","0,07 €","0,04 €","0,02 €"
Careening Mine Cart,,Uncommon,247,The Lost Caverns of Ixalan,https://product-images.s3.cardmarket.com/1/LCI/744050/744050.jpg,8624,"0,02 €","0,08 €","0,10 €","0,09 €","0,12 €"
Cartographer's Companion,,Common,248,The Lost Caverns of Ixalan,https://product-images.s3.cardmarket.com/1/LCI/741101/741101.jpg,12351,"0,02 €","0,03 €","0,03 €","0,02 €","0,03 €"
Cavern of Souls,,Mythic,269,The Lost Caverns of Ixalan,https://product-images.s3.cardmarket.com/1/LCI/744058/744058.jpg,430,"33,00 €","35,98 €","35,87 €","36,15 €","38,12 €"
Cavern Stomper,,Common,177,The Lost Caverns of Ixalan,https://product-images.s3.cardmarket.com/1/LCI/742068/742068.jpg,10832,"0,02 €","0,05 €","0,05 €","0,03 €","0,02 €"
Cavernous Maw,,Uncommon,270,The Lost Caverns of Ixalan,https://product-images.s3.cardmarket.com/1/LCI/734675/734675.jpg,8877,"0,02 €","0,06 €","0,09 €","0,05 €","0,04 €"
Cenote Scout,,Uncommon,178,The Lost Caverns of Ixalan,https://product-images.s3.cardmarket.com/1/LCI/744029/744029.jpg,7057,£0.02,"0,20 €","0,19 €","0,13 €","0,05 €"
Chart a Course,,Uncommon,48,The Lost Caverns of Ixalan,https://product-images.s3.cardmarket.com/1/LCI/743013/743013.jpg,6056,"0,02 €","0,17 €","0,15 €","0,13 €","0,05 €"
Child of the Volcano,,Common,140,The Lost Caverns of Ixalan,https://product-images.s3.cardmarket.com/1/LCI/744011/744011.jpg,12298,"0,02 €","0,03 €","0,04 €","0,03 €","0,02 €"
"Chimil, the Inner Sun",,Mythic,249,The Lost Caverns of Ixalan,https://product-images.s3.cardmarket.com/1/LCI/744051/744051.jpg,374,"11,00 €","12,95 €","12,61 €","12,68 €","14,20 €"
Chupacabra Echo,,Uncommon,97,The Lost Caverns of Ixalan,https://product-images.s3.cardmarket.com/1/LCI/743988/743988.jpg,8539,"0,02 €","0,09 €","0,09 €","0,12 €","0,32 €"
Clay-Fired Bricks // Cosmium Kiln,,Uncommon,6,The Lost Caverns of Ixalan,https://product-images.s3.cardmarket.com/1/LCI/743005/743005.jpg,7202,"0,02 €","0,19 €","0,16 €","0,18 €","0,49 €"
Coati Scavenger,,Uncommon,179,The Lost Caverns of Ixalan,https://product-images.s3.cardmarket.com/1/LCI/740869/740869.jpg,8754,"0,02 €","0,05 €","0,05 €","0,03 €","0,06 €"
Cogwork Wrestler,,Common,49,The Lost Caverns of Ixalan,https://product-images.s3.cardmarket.com/1/LCI/740860/740860.jpg,10002,"0,02 €","0,06 €","0,08 €","0,10 €","0,13 €"
Colossadactyl,,Uncommon,180,The Lost Caverns of Ixalan,https://product-images.s3.cardmarket.com/1/LCI/741112/741112.jpg,8525,"0,02 €","0,08 €","0,10 €","0,11 €","0,20 €"
Compass Gnome,,Common,250,The Lost Caverns of Ixalan,https://product-images.s3.cardmarket.com/1/LCI/743223/743223.jpg,12084,"0,02 €","0,02 €","0,06 €","0,05 €","0,02 €"
Confounding Riddle,,Uncommon,50,The Lost Caverns of Ixalan,https://product-images.s3.cardmarket.com/1/LCI/743203/743203.jpg,6521,"0,02 €","0,14 €","0,15 €","0,15 €","0,06 €"
Contested Game Ball,,Uncommon,251,The Lost Caverns of Ixalan,https://product-images.s3.cardmarket.com/1/LCI/743038/743038.jpg,9673,"0,02 €","0,13 €","0,08 €","0,12 €","0,39 €"
Corpses of the Lost,,Rare,98,The Lost Caverns of Ixalan,https://product-images.s3.cardmarket.com/1/LCI/743208/743208.jpg,3390,"0,05 €","0,16 €","0,26 €","0,20 €","0,11 €"
Cosmium Blast,,Common,7,The Lost Caverns of Ixalan,https://product-images.s3.cardmarket.com/1/LCI/743006/743006.jpg,11961,"0,02 €","0,04 €","0,07 €","0,04 €","0,02 €"
Cosmium Confluence,,Rare,181,The Lost Caverns of Ixalan,https://product-images.s3.cardmarket.com/1/LCI/743034/743034.jpg,5219,"0,02 €","0,14 €","0,12 €","0,14 €","0,19 €"
Council of Echoes,,Uncommon,51,The Lost Caverns of Ixalan,https://product-images.s3.cardmarket.com/1/LCI/742059/742059.jpg,9785,"0,02 €","0,04 €","0,03 €","0,04 €","0,15 €"
Curator of Sun's Creation,,Uncommon,141,The Lost Caverns of Ixalan,https://product-images.s3.cardmarket.com/1/LCI/744012/744012.jpg,8908,"0,02 €","0,11 €","0,11 €","0,11 €","0,06 €"
Daring Discovery,,Common,142,The Lost Caverns of Ixalan,https://product-images.s3.cardmarket.com/1/LCI/743026/743026.jpg,11836,"0,02 €","0,06 €","0,04 €","0,03 €","0,02 €"
Dauntless Dismantler,,Uncommon,8,The Lost Caverns of Ixalan,https://product-images.s3.cardmarket.com/1/LCI/743950/743950.jpg,6614,"0,02 €","0,23 €","0,06 €","0,18 €","0,12 €"
Dead Weight,,Common,99,The Lost Caverns of Ixalan,https://product-images.s3.cardmarket.com/1/LCI/743989/743989.jpg,11882,"0,02 €","0,05 €","0,03 €","0,02 €","0,11 €"
Deathcap Marionette,,Common,100,The Lost Caverns of Ixalan,https://product-images.s3.cardmarket.com/1/LCI/743990/743990.jpg,10800,"0,02 €","0,12 €","0,06 €","0,13 €","0,14 €"
Deconstruction Hammer,,Common,9,The Lost Caverns of Ixalan,https://product-images.s3.cardmarket.com/1/LCI/742057/742057.jpg,11760,"0,02 €","0,06 €","0,07 €","0,05 €","0,02 €"
Deep-Cavern Bat,,Uncommon,102,The Lost Caverns of Ixalan,https://product-images.s3.cardmarket.com/1/LCI/743992/743992.jpg,2739,"0,10 €","0,70 €","0,69 €","0,73 €","0,79 €"
Deep Goblin Skulltaker,,Common,101,The Lost Caverns of Ixalan,https://product-images.s3.cardmarket.com/1/LCI/743991/743991.jpg,11658,"0,02 €","0,03 €","0,03 €","0,02 €","0,02 €"
Deepfathom Echo,,Rare,228,The Lost Caverns of Ixalan,https://product-images.s3.cardmarket.com/1/LCI/742072/742072.jpg,4486,"0,02 €","0,24 €","0,22 €","0,20 €","0,08 €"
Deeproot Pilgrimage,,Rare,52,The Lost Caverns of Ixalan,https://product-images.s3.cardmarket.com/1/LCI/743204/743204.jpg,2150,"0,30 €","0,76 €","0,74 €","0,75 €","0,48 €"
Defossilize,,Uncommon,103,The Lost Caverns of Ixalan,https://product-images.s3.cardmarket.com/1/LCI/740865/740865.jpg,8844,"0,02 €","0,15 €","0,09 €","0,08 €","0,02 €"
Diamond Pick-Axe,,Uncommon,143,The Lost Caverns of Ixalan,https://product-images.s3.cardmarket.com/1/LCI/744013/744013.jpg,3415,"0,05 €","0,25 €","0,30 €","0,26 €","0,21 €"
Didact Echo,,Common,53,The Lost Caverns of Ixalan,https://product-images.s3.cardmarket.com/1/LCI/741093/741093.jpg,12411,"0,02 €","0,06 €","0,04 €","0,05 €","0,05 €"
Digsite Conservator,,Uncommon,252,The Lost Caverns of Ixalan,https://product-images.s3.cardmarket.com/1/LCI/743396/743396.jpg,9620,"0,02 €","0,03 €","0,05 €","0,05 €","0,02 €"
Dinotomaton,,Common,144,The Lost Caverns of Ixalan,https://product-images.s3.cardmarket.com/1/LCI/743027/743027.jpg,11575,"0,02 €","0,06 €","0,06 €","0,08 €","0,02 €"
Dire Flail // Dire Blunderbuss,,Rare,145,The Lost Caverns of Ixalan,https://product-images.s3.cardmarket.com/1/LCI/741099/741099.jpg,5533,"0,02 €","0,10 €","0,11 €","0,09 €","0,02 €"
Disruptor Wanderglyph,,Common,253,The Lost Caverns of Ixalan,https://product-images.s3.cardmarket.com/1/LCI/742076/742076.jpg,12505,"0,02 €","0,02 €","0,03 €","0,03 €","0,02 €"
Disturbed Slumber,,Common,182,The Lost Caverns of Ixalan,https://product-images.s3.cardmarket.com/1/LCI/740870/740870.jpg,11923,"0,02 €","0,10 €","0,08 €","0,09 €","0,08 €"
Dowsing Device // Geode Grotto,,Uncommon,146,The Lost Caverns of Ixalan,https://product-images.s3.cardmarket.com/1/LCI/742066/742066.jpg,6143,"0,02 €","0,12 €","0,14 €","0,13 €","0,11 €"
Dreadmaw's Ire,,Uncommon,147,The Lost Caverns of Ixalan,https://product-images.s3.cardmarket.com/1/LCI/743028/743028.jpg,5028,"0,02 €","0,17 €","0,17 €","0,18 €","0,17 €"
Dusk Rose Reliquary,,Uncommon,10,The Lost Caverns of Ixalan,https://product-images.s3.cardmarket.com/1/LCI/743951/743951.jpg,6392,"0,02 €","0,15 €","0,16 €","0,11 €","0,12 €"
Earthshaker Dreadmaw,,Uncommon,183,The Lost Caverns of Ixalan,https://product-images.s3.cardmarket.com/1/LCI/744030/744030.jpg,7888,"0,02 €","0,16 €","0,14 €","0,17 €","0,49 €"
Eaten by Piranhas,,Uncommon,54,The Lost Caverns of Ixalan,https://product-images.s3.cardmarket.com/1/LCI/741000/741000.jpg,5768,"0,02 €","0,18 €","0,17 €","0,18 €","0,10 €"
Echo of Dusk,,Common,104,The Lost Caverns of Ixalan,https://product-images.s3.cardmarket.com/1/LCI/743021/743021.jpg,11543,"0,02 €","0,10 €","0,07 €","0,06 €","0,05 €"
Echoing Deeps,,Rare,271,The Lost Caverns of Ixalan,https://product-images.s3.cardmarket.com/1/LCI/740884/740884.jpg,2090,"0,29 €","0,48 €","0,65 €","0,57 €","0,48 €"
Enterprising Scallywag,,Uncommon,148,The Lost Caverns of Ixalan,https://product-images.s3.cardmarket.com/1/LCI/744014/744014.jpg,9586,"0,02 €","0,11 €","0,11 €","0,14 €","0,05 €"
Envoy of Okinec Ahau,,Common,11,The Lost Caverns of Ixalan,https://product-images.s3.cardmarket.com/1/LCI/743007/743007.jpg,11889,"0,02 €","0,03 €","0,05 €","0,04 €","0,05 €"
Etali's Favor,,Common,149,The Lost Caverns of Ixalan,https://product-images.s3.cardmarket.com/1/LCI/743029/743029.jpg,10398,"0,02 €","0,04 €","0,08 €","0,05 €","0,02 €"
Explorer's Cache,,Uncommon,184,The Lost Caverns of Ixalan,https://product-images.s3.cardmarket.com/1/LCI/743035/743035.jpg,9003,"0,02 €","0,04 €","0,08 €","0,06 €","0,03 €"
Fabrication Foundry,,Rare,12,The Lost Caverns of Ixalan,https://product-images.s3.cardmarket.com/1/LCI/743952/743952.jpg,4105,"0,05 €","0,15 €","0,14 €","0,13 €","0,14 €"
Family Reunion,,Common,13,The Lost Caverns of Ixalan,https://product-images.s3.cardmarket.com/1/LCI/743199/743199.jpg,11164,"0,02 €","0,09 €","0,05 €","0,03 €","0,07 €"
Fanatical Offering,,Common,105,The Lost Caverns of Ixalan,https://product-images.s3.cardmarket.com/1/LCI/743993/743993.jpg,1892,"1,66 €","2,30 €","2,52 €","2,35 €","2,19 €"
Forest,,Land,291,The Lost Caverns of Ixalan,https://product-images.s3.cardmarket.com/1/LCI/734679/734679.jpg,2853,"0,19 €","0,46 €","0,53 €","0,49 €","0,30 €"
Forgotten Monument,,Uncommon,272,The Lost Caverns of Ixalan,https://product-images.s3.cardmarket.com/1/LCI/743226/743226.jpg,9020,"0,02 €","0,08 €","0,08 €","0,08 €","0,27 €"
Frilled Cave-Wurm,,Common,57,The Lost Caverns of Ixalan,https://product-images.s3.cardmarket.com/1/LCI/740862/740862.jpg,12336,"0,02 €","0,03 €","0,03 €","0,03 €","0,02 €"
Fungal Fortitude,,Common,106,The Lost Caverns of Ixalan,https://product-images.s3.cardmarket.com/1/LCI/743994/743994.jpg,10100,"0,02 €","0,06 €","0,10 €","0,07 €","0,05 €"
Gargantuan Leech,,Uncommon,107,The Lost Caverns of Ixalan,https://product-images.s3.cardmarket.com/1/LCI/743995/743995.jpg,9239,"0,02 €","0,10 €","0,07 €","0,10 €","0,02 €"
Geological Appraiser,,Uncommon,150,The Lost Caverns of Ixalan,https://product-images.s3.cardmarket.com/1/LCI/744015/744015.jpg,8673,£0.02,"0,16 €","0,14 €","0,10 €","0,06 €"
Get Lost,,Rare,14,The Lost Caverns of Ixalan,https://product-images.s3.cardmarket.com/1/LCI/743953/743953.jpg,916,"4,20 €","5,09 €","5,07 €","5,12 €","4,58 €"
"Ghalta, Stampede Tyrant",,Mythic,185,The Lost Caverns of Ixalan,https://product-images.s3.cardmarket.com/1/LCI/741113/741113.jpg,293,"13,00 €","14,91 €","14,74 €","14,06 €","15,40 €"
"Gishath, Sun's Avatar",,Mythic,229,The Lost Caverns of Ixalan,https://product-images.s3.cardmarket.com/1/LCI/744047/744047.jpg,873,"1,60 €","3,39 €","3,64 €","3,18 €","2,53 €"
Glimpse the Core,,Uncommon,186,The Lost Caverns of Ixalan,https://product-images.s3.cardmarket.com/1/LCI/734657/734657.jpg,7082,£0.02,"0,17 €","0,19 €","0,21 €","0,24 €"
Glorifier of Suffering,,Common,15,The Lost Caverns of Ixalan,https://product-images.s3.cardmarket.com/1/LCI/742058/742058.jpg,11860,"0,02 €","0,05 €","0,05 €","0,05 €","0,02 €"
Glowcap Lantern,,Uncommon,187,The Lost Caverns of Ixalan,https://product-images.s3.cardmarket.com/1/LCI/743213/743213.jpg,8765,"0,02 €","0,19 €","0,13 €","0,13 €","0,04 €"
Goblin Tomb Raider,,Common,151,The Lost Caverns of Ixalan,https://product-images.s3.cardmarket.com/1/LCI/740867/740867.jpg,5830,£0.02,"0,28 €","0,32 €","0,28 €","0,23 €"
Goldfury Strider,,Uncommon,152,The Lost Caverns of Ixalan,https://product-images.s3.cardmarket.com/1/LCI/744016/744016.jpg,10098,"0,02 €","0,06 €","0,04 €","0,05 €","0,02 €"
Grasping Shadows // Shadows' Lair,,Uncommon,108,The Lost Caverns of Ixalan,https://product-images.s3.cardmarket.com/1/LCI/743022/743022.jpg,7789,"0,02 €","0,10 €","0,11 €","0,09 €","0,11 €"
Greedy Freebooter,,Common,109,The Lost Caverns of Ixalan,https://product-images.s3.cardmarket.com/1/LCI/743996/743996.jpg,5676,"0,02 €","0,22 €","0,19 €","0,24 €","0,20 €"
"Growing Rites of Itlimoc / Itlimoc, Cradle of the Sun",,Rare,188,The Lost Caverns of Ixalan,https://product-images.s3.cardmarket.com/1/LCI/743214/743214.jpg,1204,"1,97 €","3,80 €","3,72 €","3,92 €","3,87 €"
Guardian of the Great Door,,Uncommon,16,The Lost Caverns of Ixalan,https://product-images.s3.cardmarket.com/1/LCI/743954/743954.jpg,9144,"0,02 €","0,12 €","0,04 €","0,03 €","0,08 €"
Helping Hand,,Uncommon,17,The Lost Caverns of Ixalan,https://product-images.s3.cardmarket.com/1/LCI/743200/743200.jpg,4665,"0,04 €","0,21 €","0,22 €","0,18 €","0,07 €"
Hermitic Nautilus,,Uncommon,58,The Lost Caverns of Ixalan,https://product-images.s3.cardmarket.com/1/LCI/743971/743971.jpg,9731,"0,02 €","0,02 €","0,04 €","0,04 €","0,15 €"
Hidden Cataract,,Land,273,The Lost Caverns of Ixalan,https://product-images.s3.cardmarket.com/1/LCI/743227/743227.jpg,16881,"0,02 €","0,06 €","0,07 €","0,03 €","0,02 €"
Hidden Courtyard,,Land,274,The Lost Caverns of Ixalan,https://product-images.s3.cardmarket.com/1/LCI/740885/740885.jpg,16663,"0,02 €","0,05 €","0,08 €","0,05 €","0,03 €"
Hidden Necropolis,,Land,275,The Lost Caverns of Ixalan,https://product-images.s3.cardmarket.com/1/LCI/740886/740886.jpg,16239,"0,02 €","0,07 €","0,07 €","0,06 €","0,03 €"
Hidden Nursery,,Land,276,The Lost Caverns of Ixalan,https://product-images.s3.cardmarket.com/1/LCI/740887/740887.jpg,15328,"0,02 €","0,05 €","0,08 €","0,05 €","0,03 €"
Hidden Volcano,,Land,277,The Lost Caverns of Ixalan,https://product-images.s3.cardmarket.com/1/LCI/740888/740888.jpg,15671,"0,02 €","0,15 €","0,12 €","0,10 €","0,02 €"
Hit the Mother Lode,,Rare,153,The Lost Caverns of Ixalan,https://product-images.s3.cardmarket.com/1/LCI/741111/741111.jpg,3960,"0,05 €","0,22 €","0,20 €","0,21 €","0,13 €"
Hotfoot Gnome,,Common,154,The Lost Caverns of Ixalan,https://product-images.s3.cardmarket.com/1/LCI/740868/740868.jpg,11937,"0,02 €","0,02 €","0,03 €","0,02 €","0,02 €"
Hoverstone Pilgrim,,Uncommon,254,The Lost Caverns of Ixalan,https://product-images.s3.cardmarket.com/1/LCI/744052/744052.jpg,9501,"0,02 €","0,06 €","0,07 €","0,07 €","0,02 €"
"Huatli, Poet of Unity // Roar of the Fifth People",,Mythic,189,The Lost Caverns of Ixalan,https://product-images.s3.cardmarket.com/1/LCI/740871/740871.jpg,1509,"0,44 €","0,61 €","0,69 €","0,69 €","0,82 €"
Huatli's Final Strike,,Common,190,The Lost Caverns of Ixalan,https://product-images.s3.cardmarket.com/1/LCI/734658/734658.jpg,11784,"0,02 €","0,05 €","0,05 €","0,02 €","0,02 €"
Hulking Raptor,,Rare,191,The Lost Caverns of Ixalan,https://product-images.s3.cardmarket.com/1/LCI/744031/744031.jpg,1147,"0,45 €","0,95 €","1,05 €","1,00 €","0,75 €"
Hunter's Blowgun,,Common,255,The Lost Caverns of Ixalan,https://product-images.s3.cardmarket.com/1/LCI/743224/743224.jpg,6438,"0,02 €","0,14 €","0,17 €","0,15 €","0,14 €"
Hurl into History,,Uncommon,59,The Lost Caverns of Ixalan,https://product-images.s3.cardmarket.com/1/LCI/742060/742060.jpg,9558,"0,02 €","0,09 €","0,04 €","0,02 €","0,10 €"
Idol of the Deep King // Sovereign's Macuahuitl,,Common,155,The Lost Caverns of Ixalan,https://product-images.s3.cardmarket.com/1/LCI/744017/744017.jpg,13100,"0,02 €","0,03 €","0,03 €","0,03 €","0,02 €"
In the Presence of Ages,,Common,192,The Lost Caverns of Ixalan,https://product-images.s3.cardmarket.com/1/LCI/743392/743392.jpg,11502,"0,02 €","0,08 €","0,03 €","0,03 €","0,02 €"
"Inti, Seneschal of the Sun",,Rare,156,The Lost Caverns of Ixalan,https://product-images.s3.cardmarket.com/1/LCI/741006/741006.jpg,1685,"1,00 €","1,87 €","1,92 €","1,94 €","2,03 €"
Intrepid Paleontologist,,Rare,193,The Lost Caverns of Ixalan,https://product-images.s3.cardmarket.com/1/LCI/744032/744032.jpg,2575,"0,08 €","0,33 €","0,28 €","0,35 €","0,16 €"
Inverted Iceberg // Iceberg Titan,,Common,60,The Lost Caverns of Ixalan,https://product-images.s3.cardmarket.com/1/LCI/743206/743206.jpg,12904,"0,02 €","0,12 €","0,07 €","0,08 €","0,02 €"
Ironpaw Aspirant,,Common,18,The Lost Caverns of Ixalan,https://product-images.s3.cardmarket.com/1/LCI/743008/743008.jpg,11255,"0,02 €","0,04 €","0,04 €","0,03 €","0,02 €"
Island,,Land,288,The Lost Caverns of Ixalan,https://product-images.s3.cardmarket.com/1/LCI/734676/734676.jpg,4554,"0,10 €","0,31 €","0,41 €","0,38 €","0,45 €"
"Itzquinth, Firstborn of Gishath",,Uncommon,230,The Lost Caverns of Ixalan,https://product-images.s3.cardmarket.com/1/LCI/740876/740876.jpg,9103,"0,02 €","0,03 €","0,10 €","0,06 €","0,03 €"
Ixalli's Lorekeeper,,Uncommon,194,The Lost Caverns of Ixalan,https://product-images.s3.cardmarket.com/1/LCI/740872/740872.jpg,8144,"0,02 €","0,08 €","0,10 €","0,09 €","0,08 €"
Jade Seedstones // Jadeheart Attendant,,Uncommon,195,The Lost Caverns of Ixalan,https://product-images.s3.cardmarket.com/1/LCI/743215/743215.jpg,8616,"0,02 €","0,03 €","0,04 €","0,03 €","0,02 €"
Jadelight Spelunker,,Rare,196,The Lost Caverns of Ixalan,https://product-images.s3.cardmarket.com/1/LCI/743393/743393.jpg,4109,"0,09 €","0,17 €","0,18 €","0,18 €","0,15 €"
Join the Dead,,Common,110,The Lost Caverns of Ixalan,https://product-images.s3.cardmarket.com/1/LCI/743997/743997.jpg,11548,"0,02 €","0,09 €","0,08 €","0,11 €","0,02 €"
Kaslem's Stonetree // Kaslem's Strider,,Common,197,The Lost Caverns of Ixalan,https://product-images.s3.cardmarket.com/1/LCI/740873/740873.jpg,13116,"0,02 €","0,13 €","0,05 €","0,14 €","0,11 €"
"Kellan, Daring Traveler // Journey On",,Rare,231,The Lost Caverns of Ixalan,https://product-images.s3.cardmarket.com/1/LCI/743395/743395.jpg,4209,"0,05 €","0,14 €","0,12 €","0,13 €","0,05 €"
Kinjalli's Dawnrunner,,Uncommon,19,The Lost Caverns of Ixalan,https://product-images.s3.cardmarket.com/1/LCI/743955/743955.jpg,9525,"0,02 €","0,04 €","0,02 €","0,02 €","0,02 €"
Kitesail Larcenist,,Rare,61,The Lost Caverns of Ixalan,https://product-images.s3.cardmarket.com/1/LCI/743014/743014.jpg,2023,"0,15 €","0,42 €","0,54 €","0,54 €","0,60 €"
"Kutzil, Malamet Exemplar",,Uncommon,232,The Lost Caverns of Ixalan,https://product-images.s3.cardmarket.com/1/LCI/740877/740877.jpg,1178,"0,15 €","0,94 €","0,86 €","0,86 €","0,85 €"
Kutzil's Flanker,,Rare,20,The Lost Caverns of Ixalan,https://product-images.s3.cardmarket.com/1/LCI/741107/741107.jpg,1384,"0,05 €","0,73 €","0,66 €","0,70 €","0,62 €"
Lodestone Needle // Guidestone Compass,,Uncommon,62,The Lost Caverns of Ixalan,https://product-images.s3.cardmarket.com/1/LCI/743015/743015.jpg,7835,"0,02 €","0,07 €","0,09 €","0,12 €","0,05 €"
Magmatic Galleon,,Rare,157,The Lost Caverns of Ixalan,https://product-images.s3.cardmarket.com/1/LCI/743030/743030.jpg,4661,"0,02 €","0,17 €","0,15 €","0,13 €","0,23 €"
Malamet Battle Glyph,,Uncommon,198,The Lost Caverns of Ixalan,https://product-images.s3.cardmarket.com/1/LCI/744033/744033.jpg,8992,"0,02 €","0,07 €","0,04 €","0,02 €","0,02 €"
Malamet Brawler,,Common,199,The Lost Caverns of Ixalan,https://product-images.s3.cardmarket.com/1/LCI/744034/744034.jpg,11531,"0,02 €","0,03 €","0,03 €","0,02 €","0,03 €"
Malamet Scythe,,Common,200,The Lost Caverns of Ixalan,https://product-images.s3.cardmarket.com/1/LCI/744035/744035.jpg,12109,"0,02 €","0,05 €","0,04 €","0,03 €","0,02 €"
Malamet Veteran,,Common,201,The Lost Caverns of Ixalan,https://product-images.s3.cardmarket.com/1/LCI/744036/744036.jpg,11863,"0,02 €","0,05 €","0,03 €","0,03 €","0,02 €"
Malamet War Scribe,,Uncommon,21,The Lost Caverns of Ixalan,https://product-images.s3.cardmarket.com/1/LCI/743956/743956.jpg,9545,"0,02 €","0,07 €","0,03 €","0,03 €","0,20 €"
"Malcolm, Alluring Scoundrel",,Rare,63,The Lost Caverns of Ixalan,https://product-images.s3.cardmarket.com/1/LCI/743205/743205.jpg,546,"0,99 €","2,00 €","1,80 €","1,96 €","1,31 €"
Malicious Eclipse,,Uncommon,111,The Lost Caverns of Ixalan,https://product-images.s3.cardmarket.com/1/LCI/743998/743998.jpg,7261,"0,02 €","0,15 €","0,13 €","0,09 €","0,07 €"
Marauding Brinefang,,Common,64,The Lost Caverns of Ixalan,https://product-images.s3.cardmarket.com/1/LCI/740863/740863.jpg,11123,"0,02 €","0,06 €","0,08 €","0,07 €","0,08 €"
Market Gnome,,Uncommon,22,The Lost Caverns of Ixalan,https://product-images.s3.cardmarket.com/1/LCI/743009/743009.jpg,7913,"0,02 €","0,12 €","0,12 €","0,13 €","0,09 €"
Master's Guide-Mural // Master's Manufactory,,Uncommon,233,The Lost Caverns of Ixalan,https://product-images.s3.cardmarket.com/1/LCI/744048/744048.jpg,8206,"0,02 €","0,05 €","0,05 €","0,07 €","0,02 €"
"Matzalantli, the Great Door // The Core",,Rare,256,The Lost Caverns of Ixalan,https://product-images.s3.cardmarket.com/1/LCI/744053/744053.jpg,725,"0,25 €","1,50 €","1,51 €","1,51 €","1,83 €"
Mephitic Draught,,Common,112,The Lost Caverns of Ixalan,https://product-images.s3.cardmarket.com/1/LCI/743999/743999.jpg,9500,"0,02 €","0,05 €","0,15 €","0,07 €","0,06 €"
Merfolk Cave-Diver,,Uncommon,65,The Lost Caverns of Ixalan,https://product-images.s3.cardmarket.com/1/LCI/743973/743973.jpg,10719,"0,02 €","0,10 €","0,08 €","0,08 €","0,02 €"
Might of the Ancestors,,Uncommon,23,The Lost Caverns of Ixalan,https://product-images.s3.cardmarket.com/1/LCI/743010/743010.jpg,9459,"0,02 €","0,12 €","0,04 €","0,03 €","0,39 €"
Miner's Guidewing,,Common,24,The Lost Caverns of Ixalan,https://product-images.s3.cardmarket.com/1/LCI/743957/743957.jpg,10565,"0,02 €","0,12 €","0,06 €","0,07 €","0,02 €"
Mineshaft Spider,,Common,202,The Lost Caverns of Ixalan,https://product-images.s3.cardmarket.com/1/LCI/744037/744037.jpg,12064,"0,02 €","0,06 €","0,05 €","0,03 €","0,11 €"
Mischievous Pup,,Uncommon,25,The Lost Caverns of Ixalan,https://product-images.s3.cardmarket.com/1/LCI/740998/740998.jpg,9305,"0,02 €","0,10 €","0,07 €","0,12 €","0,20 €"
Molten Collapse,,Rare,234,The Lost Caverns of Ixalan,https://product-images.s3.cardmarket.com/1/LCI/742074/742074.jpg,2205,"0,10 €","0,59 €","0,52 €","0,54 €","0,44 €"
Mountain,,Land,290,The Lost Caverns of Ixalan,https://product-images.s3.cardmarket.com/1/LCI/734678/734678.jpg,4461,"0,09 €","0,36 €","0,40 €","0,42 €","0,60 €"
"Nicanzil, Current Conductor",,Uncommon,236,The Lost Caverns of Ixalan,https://product-images.s3.cardmarket.com/1/LCI/740878/740878.jpg,10542,"0,02 €","0,06 €","0,07 €","0,07 €","0,02 €"
Nurturing Bristleback,,Common,203,The Lost Caverns of Ixalan,https://product-images.s3.cardmarket.com/1/LCI/744038/744038.jpg,10934,"0,02 €","0,08 €","0,08 €","0,06 €","0,03 €"
Oaken Siren,,Common,66,The Lost Caverns of Ixalan,https://product-images.s3.cardmarket.com/1/LCI/743972/743972.jpg,11178,"0,02 €","0,16 €","0,09 €","0,12 €","0,06 €"
"Ojer Axonil, Deepest Might // Temple of Power",,Mythic,158,The Lost Caverns of Ixalan,https://product-images.s3.cardmarket.com/1/LCI/743031/743031.jpg,115,"29,95 €","29,17 €","21,03 €","27,70 €","22,90 €"
"Ojer Kaslem, Deepest Growth // Temple of Cultivation",,Mythic,204,The Lost Caverns of Ixalan,https://product-images.s3.cardmarket.com/1/LCI/742069/742069.jpg,606,"3,49 €","5,12 €","4,86 €","4,89 €","4,55 €"
"Ojer Pakpatiq, Deepest Epoch // Temple of Cyclical Time",,Mythic,67,The Lost Caverns of Ixalan,https://product-images.s3.cardmarket.com/1/LCI/743974/743974.jpg,717,"1,75 €","3,01 €","2,76 €","3,03 €","3,21 €"
"Ojer Taq, Deepest Foundation // Temple of Civilization",,Mythic,26,The Lost Caverns of Ixalan,https://product-images.s3.cardmarket.com/1/LCI/741091/741091.jpg,610,"17,92 €","22,00 €","21,39 €","22,03 €","21,28 €"
Oltec Archaeologists,,Common,27,The Lost Caverns of Ixalan,https://product-images.s3.cardmarket.com/1/LCI/740857/740857.jpg,12124,"0,02 €","0,09 €","0,05 €","0,10 €","0,20 €"
Oltec Cloud Guard,,Common,28,The Lost Caverns of Ixalan,https://product-images.s3.cardmarket.com/1/LCI/743958/743958.jpg,12010,"0,02 €","0,07 €","0,03 €","0,02 €","0,02 €"
Orazca Puzzle-Door,,Common,68,The Lost Caverns of Ixalan,https://product-images.s3.cardmarket.com/1/LCI/743016/743016.jpg,12102,"0,02 €","0,03 €","0,04 €","0,03 €","0,02 €"
Oteclan Landmark // Oteclan Levitator,,Common,29,The Lost Caverns of Ixalan,https://product-images.s3.cardmarket.com/1/LCI/740999/740999.jpg,13029,"0,02 €","0,10 €","0,04 €","0,07 €","0,02 €"
Out of Air,,Common,69,The Lost Caverns of Ixalan,https://product-images.s3.cardmarket.com/1/LCI/743975/743975.jpg,11541,"0,02 €","0,06 €","0,05 €","0,08 €","0,02 €"
Over the Edge,,Common,205,The Lost Caverns of Ixalan,https://product-images.s3.cardmarket.com/1/LCI/744039/744039.jpg,10825,"0,02 €","0,19 €","0,07 €","0,17 €","0,07 €"
Palani's Hatcher,,Rare,237,The Lost Caverns of Ixalan,https://product-images.s3.cardmarket.com/1/LCI/743220/743220.jpg,2164,"0,10 €","0,31 €","0,32 €","0,29 €","0,22 €"
Panicked Altisaur,,Common,159,The Lost Caverns of Ixalan,https://product-images.s3.cardmarket.com/1/LCI/734656/734656.jpg,10950,"0,02 €","0,07 €","0,07 €","0,05 €","0,02 €"
Pathfinding Axejaw,,Common,206,The Lost Caverns of Ixalan,https://product-images.s3.cardmarket.com/1/LCI/744040/744040.jpg,11138,"0,02 €","0,05 €","0,07 €","0,06 €","0,02 €"
Petrify,,Common,30,The Lost Caverns of Ixalan,https://product-images.s3.cardmarket.com/1/LCI/743959/743959.jpg,10225,"0,02 €","0,06 €","0,12 €","0,07 €","0,02 €"
Pirate Hat,,Common,70,The Lost Caverns of Ixalan,https://product-images.s3.cardmarket.com/1/LCI/743976/743976.jpg,12033,"0,02 €","0,03 €","0,08 €","0,05 €","0,02 €"
Pit of Offerings,,Uncommon,278,The Lost Caverns of Ixalan,https://product-images.s3.cardmarket.com/1/LCI/740889/740889.jpg,5869,"0,02 €","0,19 €","0,20 €","0,18 €","0,23 €"
Plains,,Land,287,The Lost Caverns of Ixalan,https://product-images.s3.cardmarket.com/1/LCI/744060/744060.jpg,6994,"0,09 €","0,31 €","0,30 €","0,33 €","0,61 €"
Plundering Pirate,,Common,160,The Lost Caverns of Ixalan,https://product-images.s3.cardmarket.com/1/LCI/744018/744018.jpg,11697,"0,02 €","0,03 €","0,03 €","0,02 €","0,02 €"
Poetic Ingenuity,,Rare,161,The Lost Caverns of Ixalan,https://product-images.s3.cardmarket.com/1/LCI/744019/744019.jpg,4031,"0,05 €","0,16 €","0,16 €","0,17 €","0,20 €"
Poison Dart Frog,,Common,207,The Lost Caverns of Ixalan,https://product-images.s3.cardmarket.com/1/LCI/743036/743036.jpg,7531,"0,02 €","0,17 €","0,13 €","0,16 €","0,18 €"
Preacher of the Schism,,Rare,113,The Lost Caverns of Ixalan,https://product-images.s3.cardmarket.com/1/LCI/744000/744000.jpg,1362,"1,88 €","2,51 €","2,60 €","2,47 €","3,02 €"
Primordial Gnawer,,Common,114,The Lost Caverns of Ixalan,https://product-images.s3.cardmarket.com/1/LCI/741096/741096.jpg,12105,"0,02 €","0,05 €","0,03 €","0,04 €","0,02 €"
Promising Vein,,Land,279,The Lost Caverns of Ixalan,https://product-images.s3.cardmarket.com/1/LCI/742078/742078.jpg,14077,"0,02 €","0,15 €","0,12 €","0,15 €","0,09 €"
Pugnacious Hammerskull,,Rare,208,The Lost Caverns of Ixalan,https://product-images.s3.cardmarket.com/1/LCI/741007/741007.jpg,1975,"0,10 €","0,40 €","0,41 €","0,41 €","0,29 €"
Queen's Bay Paladin,,Rare,115,The Lost Caverns of Ixalan,https://product-images.s3.cardmarket.com/1/LCI/744001/744001.jpg,4860,"0,05 €","0,20 €","0,18 €","0,21 €","0,04 €"
Quicksand Whirlpool,,Common,31,The Lost Caverns of Ixalan,https://product-images.s3.cardmarket.com/1/LCI/743960/743960.jpg,11936,"0,02 €","0,02 €","0,03 €","0,02 €","0,02 €"
Quintorius Kand,,Mythic,238,The Lost Caverns of Ixalan,https://product-images.s3.cardmarket.com/1/LCI/742075/742075.jpg,1518,"0,50 €","1,18 €","1,14 €","1,40 €","1,45 €"
Rampaging Ceratops,,Uncommon,162,The Lost Caverns of Ixalan,https://product-images.s3.cardmarket.com/1/LCI/742067/742067.jpg,8470,"0,02 €","0,04 €","0,03 €","0,03 €","0,02 €"
Rampaging Spiketail,,Common,116,The Lost Caverns of Ixalan,https://product-images.s3.cardmarket.com/1/LCI/743023/743023.jpg,11400,"0,02 €","0,06 €","0,05 €","0,06 €","0,10 €"
Ray of Ruin,,Common,117,The Lost Caverns of Ixalan,https://product-images.s3.cardmarket.com/1/LCI/741097/741097.jpg,12294,"0,02 €","0,04 €","0,03 €","0,02 €","0,02 €"
Relic's Roar,,Common,71,The Lost Caverns of Ixalan,https://product-images.s3.cardmarket.com/1/LCI/743977/743977.jpg,10971,"0,02 €","0,05 €","0,09 €","0,08 €","0,02 €"
Resplendent Angel,,Mythic,32,The Lost Caverns of Ixalan,https://product-images.s3.cardmarket.com/1/LCI/743961/743961.jpg,686,"4,00 €","4,69 €","4,79 €","4,80 €","4,64 €"
Restless Anchorage,,Rare,280,The Lost Caverns of Ixalan,https://product-images.s3.cardmarket.com/1/LCI/744059/744059.jpg,992,"0,50 €","1,44 €","1,31 €","1,36 €","1,40 €"
Restless Prairie,,Rare,281,The Lost Caverns of Ixalan,https://product-images.s3.cardmarket.com/1/LCI/743040/743040.jpg,2716,"0,10 €","0,38 €","0,36 €","0,35 €","0,38 €"
Restless Reef,,Rare,282,The Lost Caverns of Ixalan,https://product-images.s3.cardmarket.com/1/LCI/740890/740890.jpg,974,"0,99 €","1,69 €","1,76 €","1,70 €","1,55 €"
Restless Ridgeline,,Rare,283,The Lost Caverns of Ixalan,https://product-images.s3.cardmarket.com/1/LCI/743228/743228.jpg,1938,£0.10,"0,39 €","0,40 €","0,29 €","0,19 €"
Restless Vents,,Rare,284,The Lost Caverns of Ixalan,https://product-images.s3.cardmarket.com/1/LCI/743041/743041.jpg,2492,"0,05 €","0,32 €","0,36 €","0,34 €","0,25 €"
River Herald Guide,,Common,209,The Lost Caverns of Ixalan,https://product-images.s3.cardmarket.com/1/LCI/742070/742070.jpg,11967,"0,02 €","0,06 €","0,07 €","0,06 €","0,02 €"
River Herald Scout,,Common,72,The Lost Caverns of Ixalan,https://product-images.s3.cardmarket.com/1/LCI/743978/743978.jpg,11954,"0,02 €","0,07 €","0,07 €","0,07 €","0,02 €"
Roaming Throne,,Rare,258,The Lost Caverns of Ixalan,https://product-images.s3.cardmarket.com/1/LCI/742077/742077.jpg,351,£17.00,"28,36 €","27,56 €","28,54 €","28,35 €"
Ruin-Lurker Bat,,Uncommon,33,The Lost Caverns of Ixalan,https://product-images.s3.cardmarket.com/1/LCI/743011/743011.jpg,5522,"0,02 €","0,18 €","0,16 €","0,16 €","0,18 €"
Rumbling Rockslide,,Common,163,The Lost Caverns of Ixalan,https://product-images.s3.cardmarket.com/1/LCI/743032/743032.jpg,12089,"0,02 €","0,05 €","0,05 €","0,06 €","0,07 €"
Runaway Boulder,,Common,259,The Lost Caverns of Ixalan,https://product-images.s3.cardmarket.com/1/LCI/743039/743039.jpg,11037,"0,02 €","0,08 €","0,07 €","0,09 €","0,02 €"
Sage of Days,,Common,73,The Lost Caverns of Ixalan,https://product-images.s3.cardmarket.com/1/LCI/743979/743979.jpg,12374,"0,02 €","0,04 €","0,06 €","0,02 €","0,02 €"
"Saheeli, the Sun's Brilliance",,Mythic,239,The Lost Caverns of Ixalan,https://product-images.s3.cardmarket.com/1/LCI/740879/740879.jpg,1120,"0,50 €","0,85 €","0,85 €","0,85 €","0,99 €"
Saheeli's Lattice // Mastercraft Raptor,,Uncommon,164,The Lost Caverns of Ixalan,https://product-images.s3.cardmarket.com/1/LCI/744020/744020.jpg,7924,"0,02 €","0,12 €","0,11 €","0,13 €","0,24 €"
Sanguine Evangelist,,Rare,34,The Lost Caverns of Ixalan,https://product-images.s3.cardmarket.com/1/LCI/743012/743012.jpg,2076,"0,09 €","0,44 €","0,38 €","0,52 €","1,09 €"
Scampering Surveyor,,Uncommon,260,The Lost Caverns of Ixalan,https://product-images.s3.cardmarket.com/1/LCI/744054/744054.jpg,7156,"0,02 €","0,14 €","0,15 €","0,14 €","0,10 €"
Screaming Phantom,,Common,118,The Lost Caverns of Ixalan,https://product-images.s3.cardmarket.com/1/LCI/744002/744002.jpg,11947,"0,02 €","0,07 €","0,03 €","0,02 €","0,02 €"
Scytheclaw Raptor,,Uncommon,165,The Lost Caverns of Ixalan,https://product-images.s3.cardmarket.com/1/LCI/744021/744021.jpg,7159,"0,02 €","0,12 €","0,13 €","0,14 €","0,03 €"
Seeker of Sunlight,,Common,210,The Lost Caverns of Ixalan,https://product-images.s3.cardmarket.com/1/LCI/744041/744041.jpg,11917,"0,02 €","0,11 €","0,08 €","0,11 €","0,02 €"
Seismic Monstrosaur,,Common,166,The Lost Caverns of Ixalan,https://product-images.s3.cardmarket.com/1/LCI/743033/743033.jpg,10840,"0,02 €","0,10 €","0,11 €","0,12 €","0,14 €"
Self-Reflection,,Uncommon,74,The Lost Caverns of Ixalan,https://product-images.s3.cardmarket.com/1/LCI/743980/743980.jpg,9328,"0,02 €","0,16 €","0,05 €","0,04 €","0,35 €"
Sentinel of the Nameless City,,Rare,211,The Lost Caverns of Ixalan,https://product-images.s3.cardmarket.com/1/LCI/744042/744042.jpg,1350,"0,25 €","0,78 €","0,76 €","0,85 €","0,62 €"
Shipwreck Sentry,,Common,75,The Lost Caverns of Ixalan,https://product-images.s3.cardmarket.com/1/LCI/743017/743017.jpg,12174,"0,02 €","0,03 €","0,07 €","0,04 €","0,02 €"
Sinuous Benthisaur,,Uncommon,76,The Lost Caverns of Ixalan,https://product-images.s3.cardmarket.com/1/LCI/743981/743981.jpg,9451,"0,02 €","0,04 €","0,06 €","0,04 €","0,04 €"
Skullcap Snail,,Common,119,The Lost Caverns of Ixalan,https://product-images.s3.cardmarket.com/1/LCI/744003/744003.jpg,10842,"0,02 €","0,10 €","0,11 €","0,17 €","0,02 €"
Soaring Sandwing,,Common,35,The Lost Caverns of Ixalan,https://product-images.s3.cardmarket.com/1/LCI/741092/741092.jpg,11442,"0,02 €","0,03 €","0,06 €","0,03 €","0,02 €"
Song of Stupefaction,,Common,77,The Lost Caverns of Ixalan,https://product-images.s3.cardmarket.com/1/LCI/741094/741094.jpg,12400,"0,02 €","0,06 €","0,04 €","0,05 €","0,02 €"
Sorcerous Spyglass,,Uncommon,261,The Lost Caverns of Ixalan,https://product-images.s3.cardmarket.com/1/LCI/744055/744055.jpg,9710,"0,02 €","0,05 €","0,03 €","0,06 €","0,03 €"
Soulcoil Viper,,Uncommon,120,The Lost Caverns of Ixalan,https://product-images.s3.cardmarket.com/1/LCI/741110/741110.jpg,9201,"0,02 €","0,09 €","0,07 €","0,07 €","0,06 €"
Souls of the Lost,,Rare,121,The Lost Caverns of Ixalan,https://product-images.s3.cardmarket.com/1/LCI/742063/742063.jpg,2897,£0.05,"0,23 €","0,27 €","0,25 €","0,14 €"
Sovereign Okinec Ahau,,Mythic,240,The Lost Caverns of Ixalan,https://product-images.s3.cardmarket.com/1/LCI/740880/740880.jpg,453,"1,45 €","2,46 €","2,18 €","2,27 €","2,05 €"
Spelunking,,Uncommon,213,The Lost Caverns of Ixalan,https://product-images.s3.cardmarket.com/1/LCI/734663/734663.jpg,1274,"2,00 €","2,63 €","2,59 €","2,63 €","2,85 €"
Spring-Loaded Sawblades // Bladewheel Chariot,,Uncommon,36,The Lost Caverns of Ixalan,https://product-images.s3.cardmarket.com/1/LCI/743962/743962.jpg,6389,"0,02 €","0,14 €","0,18 €","0,15 €","0,02 €"
Spyglass Siren,,Uncommon,78,The Lost Caverns of Ixalan,https://product-images.s3.cardmarket.com/1/LCI/741001/741001.jpg,2424,"0,04 €","0,63 €","0,65 €","0,65 €","0,69 €"
Squirming Emergence,,Rare,241,The Lost Caverns of Ixalan,https://product-images.s3.cardmarket.com/1/LCI/741100/741100.jpg,2425,"0,10 €","0,40 €","0,37 €","0,41 €","0,38 €"
Staggering Size,,Common,214,The Lost Caverns of Ixalan,https://product-images.s3.cardmarket.com/1/LCI/741114/741114.jpg,11528,"0,02 €","0,05 €","0,08 €","0,05 €","0,03 €"
Stalactite Stalker,,Rare,122,The Lost Caverns of Ixalan,https://product-images.s3.cardmarket.com/1/LCI/740866/740866.jpg,2876,"0,05 €","0,31 €","0,37 €","0,38 €","0,37 €"
Starving Revenant,,Rare,123,The Lost Caverns of Ixalan,https://product-images.s3.cardmarket.com/1/LCI/742064/742064.jpg,3872,"0,05 €","0,17 €","0,16 €","0,17 €","0,10 €"
Staunch Crewmate,,Uncommon,79,The Lost Caverns of Ixalan,https://product-images.s3.cardmarket.com/1/LCI/740864/740864.jpg,8386,"0,02 €","0,11 €","0,10 €","0,08 €","0,11 €"
Stinging Cave Crawler,,Uncommon,124,The Lost Caverns of Ixalan,https://product-images.s3.cardmarket.com/1/LCI/743209/743209.jpg,8796,"0,02 €","0,06 €","0,06 €","0,03 €","0,02 €"
Subterranean Schooner,,Rare,80,The Lost Caverns of Ixalan,https://product-images.s3.cardmarket.com/1/LCI/742061/742061.jpg,3407,"0,09 €","0,37 €","0,27 €","0,27 €","0,20 €"
Sunbird Standard // Sunbird Effigy,,Uncommon,262,The Lost Caverns of Ixalan,https://product-images.s3.cardmarket.com/1/LCI/744056/744056.jpg,8081,"0,02 €","0,11 €","0,07 €","0,09 €","0,02 €"
Sunfire Torch,,Common,167,The Lost Caverns of Ixalan,https://product-images.s3.cardmarket.com/1/LCI/744022/744022.jpg,12073,"0,02 €","0,05 €","0,03 €","0,02 €","0,02 €"
Sunken Citadel,,Rare,285,The Lost Caverns of Ixalan,https://product-images.s3.cardmarket.com/1/LCI/743042/743042.jpg,2252,"0,29 €","0,82 €","0,66 €","0,65 €","0,88 €"
Sunshot Militia,,Common,168,The Lost Caverns of Ixalan,https://product-images.s3.cardmarket.com/1/LCI/744023/744023.jpg,10821,"0,02 €","0,11 €","0,09 €","0,11 €","0,06 €"
Swamp,,Land,289,The Lost Caverns of Ixalan,https://product-images.s3.cardmarket.com/1/LCI/734677/734677.jpg,5878,"0,09 €","0,29 €","0,33 €","0,32 €","0,58 €"
Swashbuckler's Whip,,Uncommon,263,The Lost Caverns of Ixalan,https://product-images.s3.cardmarket.com/1/LCI/741115/741115.jpg,9476,"0,02 €","0,14 €","0,07 €","0,16 €","0,06 €"
Synapse Necromage,,Uncommon,125,The Lost Caverns of Ixalan,https://product-images.s3.cardmarket.com/1/LCI/744004/744004.jpg,9359,"0,02 €","0,07 €","0,06 €","0,06 €","0,04 €"
Tarrian's Journal // The Tomb of Aclazotz,,Rare,126,The Lost Caverns of Ixalan,https://product-images.s3.cardmarket.com/1/LCI/744005/744005.jpg,2071,"0,05 €","0,61 €","0,55 €","0,61 €","0,45 €"
Tarrian's Soulcleaver,,Rare,264,The Lost Caverns of Ixalan,https://product-images.s3.cardmarket.com/1/LCI/744057/744057.jpg,986,"0,45 €","1,35 €","1,35 €","1,30 €","1,62 €"
Tectonic Hazard,,Common,169,The Lost Caverns of Ixalan,https://product-images.s3.cardmarket.com/1/LCI/744024/744024.jpg,5025,"0,02 €","0,22 €","0,24 €","0,27 €","0,11 €"
Tendril of the Mycotyrant,,Uncommon,215,The Lost Caverns of Ixalan,https://product-images.s3.cardmarket.com/1/LCI/744043/744043.jpg,9380,"0,02 €","0,09 €","0,08 €","0,07 €","0,02 €"
Terror Tide,,Rare,127,The Lost Caverns of Ixalan,https://product-images.s3.cardmarket.com/1/LCI/741098/741098.jpg,2721,"0,05 €","0,35 €","0,29 €","0,32 €","0,15 €"
The Ancient One,,Mythic,222,The Lost Caverns of Ixalan,https://product-images.s3.cardmarket.com/1/LCI/742071/742071.jpg,1119,"0,49 €","1,46 €","1,23 €","1,31 €","2,95 €"
The Belligerent,,Rare,225,The Lost Caverns of Ixalan,https://product-images.s3.cardmarket.com/1/LCI/740875/740875.jpg,4380,"0,02 €","0,21 €","0,20 €","0,17 €","0,12 €"
The Enigma Jewel // Locus of Enlightenment,,Mythic,55,The Lost Caverns of Ixalan,https://product-images.s3.cardmarket.com/1/LCI/743970/743970.jpg,1006,"0,93 €","1,73 €","1,80 €","1,74 €","1,65 €"
The Everflowing Well // The Myriad Pools,,Rare,56,The Lost Caverns of Ixalan,https://product-images.s3.cardmarket.com/1/LCI/740861/740861.jpg,2903,"0,05 €","0,22 €","0,25 €","0,22 €","0,21 €"
The Millennium Calendar,,Mythic,257,The Lost Caverns of Ixalan,https://product-images.s3.cardmarket.com/1/LCI/741102/741102.jpg,871,"1,00 €","1,67 €","1,57 €","1,62 €","1,99 €"
The Mycotyrant,,Mythic,235,The Lost Caverns of Ixalan,https://product-images.s3.cardmarket.com/1/LCI/743218/743218.jpg,1190,£0.41,"0,91 €","0,82 €","0,83 €","0,70 €"
The Skullspore Nexus,,Mythic,212,The Lost Caverns of Ixalan,https://product-images.s3.cardmarket.com/1/LCI/743216/743216.jpg,795,"5,49 €","6,46 €","6,34 €","6,29 €","6,42 €"
Thousand Moons Crackshot,,Common,37,The Lost Caverns of Ixalan,https://product-images.s3.cardmarket.com/1/LCI/740859/740859.jpg,12354,"0,02 €","0,02 €","0,02 €","0,02 €","0,02 €"
Thousand Moons Infantry,,Common,38,The Lost Caverns of Ixalan,https://product-images.s3.cardmarket.com/1/LCI/743963/743963.jpg,11975,"0,02 €","0,06 €","0,04 €","0,03 €","0,02 €"
Thousand Moons Smithy // Barracks of the Thousand,,Rare,39,The Lost Caverns of Ixalan,https://product-images.s3.cardmarket.com/1/LCI/743964/743964.jpg,1405,"0,15 €","1,19 €","1,19 €","1,13 €","1,41 €"
Thrashing Brontodon,,Uncommon,216,The Lost Caverns of Ixalan,https://product-images.s3.cardmarket.com/1/LCI/743394/743394.jpg,9535,"0,02 €","0,10 €","0,07 €","0,09 €","0,02 €"
Threefold Thunderhulk,,Rare,265,The Lost Caverns of Ixalan,https://product-images.s3.cardmarket.com/1/LCI/743225/743225.jpg,2002,"0,10 €","0,33 €","0,37 €","0,33 €","0,40 €"
Throne of the Grim Captain // The Grim Captain,,Rare,266,The Lost Caverns of Ixalan,https://product-images.s3.cardmarket.com/1/LCI/741116/741116.jpg,4895,"0,03 €","0,10 €","0,13 €","0,12 €","0,05 €"
Tinker's Tote,,Common,40,The Lost Caverns of Ixalan,https://product-images.s3.cardmarket.com/1/LCI/743965/743965.jpg,11476,"0,02 €","0,08 €","0,04 €","0,03 €","0,02 €"
Tishana's Tidebinder,,Rare,81,The Lost Caverns of Ixalan,https://product-images.s3.cardmarket.com/1/LCI/743018/743018.jpg,1285,£3.00,"4,46 €","4,27 €","4,42 €","5,40 €"
Tithing Blade // Consuming Sepulcher,,Common,128,The Lost Caverns of Ixalan,https://product-images.s3.cardmarket.com/1/LCI/742065/742065.jpg,4122,£0.09,"0,49 €","0,63 €","0,57 €","0,51 €"
Treasure Map / Treasure Cove,,Rare,267,The Lost Caverns of Ixalan,https://product-images.s3.cardmarket.com/1/LCI/741009/741009.jpg,2515,"0,10 €","0,30 €","0,33 €","0,27 €","0,29 €"
Triumphant Chomp,,Uncommon,170,The Lost Caverns of Ixalan,https://product-images.s3.cardmarket.com/1/LCI/744025/744025.jpg,8193,"0,02 €","0,09 €","0,13 €","0,15 €","0,05 €"
Trumpeting Carnosaur,,Rare,171,The Lost Caverns of Ixalan,https://product-images.s3.cardmarket.com/1/LCI/743211/743211.jpg,1664,"0,80 €","1,62 €","1,55 €","1,75 €","1,40 €"
Twists and Turns // Mycoid Maze,,Uncommon,217,The Lost Caverns of Ixalan,https://product-images.s3.cardmarket.com/1/LCI/741008/741008.jpg,7645,£0.02,"0,13 €","0,12 €","0,13 €","0,03 €"
"Uchbenbak, the Great Mistake",,Uncommon,242,The Lost Caverns of Ixalan,https://product-images.s3.cardmarket.com/1/LCI/743221/743221.jpg,9360,"0,02 €","0,07 €","0,06 €","0,08 €","0,05 €"
Unlucky Drop,,Common,82,The Lost Caverns of Ixalan,https://product-images.s3.cardmarket.com/1/LCI/743019/743019.jpg,12228,"0,02 €","0,06 €","0,03 €","0,02 €","0,02 €"
Unstable Glyphbridge // Sandswirl Wanderglyph,,Rare,41,The Lost Caverns of Ixalan,https://product-images.s3.cardmarket.com/1/LCI/743966/743966.jpg,3508,"0,06 €","0,23 €","0,22 €","0,24 €","0,28 €"
Vanguard of the Rose,,Uncommon,42,The Lost Caverns of Ixalan,https://product-images.s3.cardmarket.com/1/LCI/741108/741108.jpg,9427,"0,02 €","0,06 €","0,05 €","0,08 €","0,02 €"
Visage of Dread // Dread Osseosaur,,Uncommon,129,The Lost Caverns of Ixalan,https://product-images.s3.cardmarket.com/1/LCI/744006/744006.jpg,8222,"0,02 €","0,08 €","0,06 €","0,09 €","0,02 €"
"Vito, Fanatic of Aclazotz",,Mythic,243,The Lost Caverns of Ixalan,https://product-images.s3.cardmarket.com/1/LCI/740881/740881.jpg,1300,"0,40 €","0,66 €","0,69 €","0,66 €","0,93 €"
Vito's Inquisitor,,Common,130,The Lost Caverns of Ixalan,https://product-images.s3.cardmarket.com/1/LCI/743210/743210.jpg,11547,"0,02 €","0,03 €","0,07 €","0,05 €","0,02 €"
Volatile Fault,,Uncommon,286,The Lost Caverns of Ixalan,https://product-images.s3.cardmarket.com/1/LCI/742079/742079.jpg,7584,"0,02 €","0,14 €","0,17 €","0,16 €","0,11 €"
Volatile Wanderglyph,,Common,172,The Lost Caverns of Ixalan,https://product-images.s3.cardmarket.com/1/LCI/744026/744026.jpg,11851,"0,02 €","0,12 €","0,08 €","0,08 €","0,02 €"
Wail of the Forgotten,,Rare,244,The Lost Caverns of Ixalan,https://product-images.s3.cardmarket.com/1/LCI/740882/740882.jpg,3493,"0,02 €","0,15 €","0,18 €","0,19 €","0,05 €"
Walk with the Ancestors,,Common,218,The Lost Caverns of Ixalan,https://product-images.s3.cardmarket.com/1/LCI/743037/743037.jpg,11669,"0,02 €","0,08 €","0,08 €","0,10 €","0,02 €"
Warden of the Inner Sky,,Rare,43,The Lost Caverns of Ixalan,https://product-images.s3.cardmarket.com/1/LCI/743201/743201.jpg,2457,"0,15 €","0,37 €","0,43 €","0,47 €","0,48 €"
Waterlogged Hulk // Watertight Gondola,,Uncommon,83,The Lost Caverns of Ixalan,https://product-images.s3.cardmarket.com/1/LCI/743982/743982.jpg,8326,"0,02 €","0,10 €","0,05 €","0,08 €","0,02 €"
Waterwind Scout,,Common,84,The Lost Caverns of Ixalan,https://product-images.s3.cardmarket.com/1/LCI/743983/743983.jpg,11810,"0,02 €","0,05 €","0,04 €","0,02 €","0,02 €"
Waylaying Pirates,,Common,85,The Lost Caverns of Ixalan,https://product-images.s3.cardmarket.com/1/LCI/741002/741002.jpg,12026,"0,02 €","0,06 €","0,06 €","0,06 €","0,02 €"
Zoetic Glyph,,Uncommon,86,The Lost Caverns of Ixalan,https://product-images.s3.cardmarket.com/1/LCI/743984/743984.jpg,7297,"0,02 €","0,08 €","0,13 €","0,15 €","0,02 €"
Zoyowa Lava-Tongue,,Uncommon,245,The Lost Caverns of Ixalan,https://product-images.s3.cardmarket.com/1/LCI/743222/743222.jpg,8511,"0,02 €","0,08 €","0,07 €","0,09 €","0,06 €"
Zoyowa's Justice,,Uncommon,173,The Lost Caverns of Ixalan,https://product-images.s3.cardmarket.com/1/LCI/744027/744027.jpg,7799,"0,02 €","0,17 €","0,14 €","0,17 €","0,05 €"
A Tale for the Ages,,Rare,34,Wilds of Eldraine,https://product-images.s3.cardmarket.com/1/WOE/728023/728023.jpg,3989,"0,04 €","0,28 €","0,16 €","0,21 €","0,13 €"
Agatha of the Vile Cauldron,,Mythic,199,Wilds of Eldraine,https://product-images.s3.cardmarket.com/1/WOE/729562/729562.jpg,905,"0,50 €","1,15 €","1,10 €","1,01 €","0,99 €"
Agatha's Champion,,Uncommon,160,Wilds of Eldraine,https://product-images.s3.cardmarket.com/1/WOE/730025/730025.jpg,10093,"0,02 €","0,06 €","0,05 €","0,08 €","0,13 €"
Agatha's Soul Cauldron,,Mythic,242,Wilds of Eldraine,https://product-images.s3.cardmarket.com/1/WOE/729738/729738.jpg,588,"23,50 €","26,91 €","27,00 €","27,33 €","27,39 €"
Aquatic Alchemist // Bubble Up,,Common,40,Wilds of Eldraine,https://product-images.s3.cardmarket.com/1/WOE/728465/728465.jpg,9719,"0,02 €","0,13 €","0,09 €","0,15 €","0,02 €"
Archive Dragon,,Uncommon,41,Wilds of Eldraine,https://product-images.s3.cardmarket.com/1/WOE/729727/729727.jpg,10594,"0,02 €","0,07 €","0,06 €","0,05 €","0,20 €"
Archon of the Wild Rose,,Rare,1,Wilds of Eldraine,https://product-images.s3.cardmarket.com/1/WOE/730002/730002.jpg,3247,"0,10 €","0,17 €","0,17 €","0,17 €","0,07 €"
Archon's Glory,,Common,2,Wilds of Eldraine,https://product-images.s3.cardmarket.com/1/WOE/729036/729036.jpg,9809,"0,02 €","0,07 €","0,04 €","0,03 €","0,06 €"
Armory Mice,,Common,3,Wilds of Eldraine,https://product-images.s3.cardmarket.com/1/WOE/729901/729901.jpg,10184,"0,02 €","0,08 €","0,09 €","0,06 €","0,03 €"
"Ash, Party Crasher",,Uncommon,201,Wilds of Eldraine,https://product-images.s3.cardmarket.com/1/WOE/728417/728417.jpg,9298,"0,02 €","0,09 €","0,10 €","0,08 €","0,10 €"
"Ashiok, Wicked Manipulator",,Mythic,78,Wilds of Eldraine,https://product-images.s3.cardmarket.com/1/WOE/729055/729055.jpg,1591,"0,27 €","0,59 €","0,64 €","0,69 €","0,62 €"
Ashiok's Reaper,,Uncommon,79,Wilds of Eldraine,https://product-images.s3.cardmarket.com/1/WOE/725331/725331.jpg,8628,"0,02 €","0,16 €","0,12 €","0,17 €","0,14 €"
Asinine Antics,,Mythic,42,Wilds of Eldraine,https://product-images.s3.cardmarket.com/1/WOE/729905/729905.jpg,1459,"0,24 €","0,76 €","0,66 €","0,72 €","0,28 €"
Back for Seconds,,Uncommon,80,Wilds of Eldraine,https://product-images.s3.cardmarket.com/1/WOE/728453/728453.jpg,8138,"0,02 €","0,13 €","0,14 €","0,12 €","0,10 €"
Barrow Naughty,,Common,81,Wilds of Eldraine,https://product-images.s3.cardmarket.com/1/WOE/728462/728462.jpg,9793,"0,02 €","0,14 €","0,08 €","0,15 €","0,16 €"
Beanstalk Wurm // Plant Beans,,Common,161,Wilds of Eldraine,https://product-images.s3.cardmarket.com/1/WOE/729028/729028.jpg,8481,"0,02 €","0,07 €","0,10 €","0,09 €","0,02 €"
Belligerent of the Ball,,Uncommon,120,Wilds of Eldraine,https://product-images.s3.cardmarket.com/1/WOE/729737/729737.jpg,10579,"0,02 €","0,03 €","0,03 €","0,03 €","0,04 €"
Bellowing Bruiser // Beat a Path,,Common,121,Wilds of Eldraine,https://product-images.s3.cardmarket.com/1/WOE/729040/729040.jpg,10414,"0,02 €","0,07 €","0,05 €","0,04 €","0,05 €"
Beluna Grandsquall // Seek Thrills,,Mythic,220,Wilds of Eldraine,https://product-images.s3.cardmarket.com/1/WOE/729563/729563.jpg,1805,"0,20 €","0,32 €","0,36 €","0,27 €","0,04 €"
Beluna's Gatekeeper // Entry Denied,,Common,43,Wilds of Eldraine,https://product-images.s3.cardmarket.com/1/WOE/728476/728476.jpg,9990,"0,02 €","0,04 €","0,03 €","0,02 €","0,04 €"
Beseech the Mirror,,Mythic,82,Wilds of Eldraine,https://product-images.s3.cardmarket.com/1/WOE/729564/729564.jpg,843,£11.50,"15,10 €","14,98 €","15,31 €","15,96 €"
Besotted Knight // Betroth the Beast,,Common,4,Wilds of Eldraine,https://product-images.s3.cardmarket.com/1/WOE/729030/729030.jpg,9870,"0,02 €","0,07 €","0,11 €","0,15 €","0,02 €"
Bespoke Battlegarb,,Common,122,Wilds of Eldraine,https://product-images.s3.cardmarket.com/1/WOE/729923/729923.jpg,10401,"0,02 €","0,02 €","0,03 €","0,04 €","0,04 €"
Bestial Bloodline,,Common,162,Wilds of Eldraine,https://product-images.s3.cardmarket.com/1/WOE/728069/728069.jpg,10125,"0,02 €","0,11 €","0,06 €","0,12 €","0,02 €"
Bitter Chill,,Uncommon,44,Wilds of Eldraine,https://product-images.s3.cardmarket.com/1/WOE/729899/729899.jpg,9045,"0,02 €","0,06 €","0,09 €","0,11 €","0,02 €"
Blossoming Tortoise,,Mythic,163,Wilds of Eldraine,https://product-images.s3.cardmarket.com/1/WOE/729898/729898.jpg,518,"3,00 €","5,36 €","5,28 €","5,48 €","5,54 €"
Boundary Lands Ranger,,Uncommon,123,Wilds of Eldraine,https://product-images.s3.cardmarket.com/1/WOE/729922/729922.jpg,10143,"0,02 €","0,13 €","0,09 €","0,13 €","0,15 €"
Bramble Familiar // Fetch Quest,,Rare,164,Wilds of Eldraine,https://product-images.s3.cardmarket.com/1/WOE/728109/728109.jpg,1550,"0,15 €","0,51 €","0,52 €","0,50 €","0,43 €"
Brave the Wilds,,Common,165,Wilds of Eldraine,https://product-images.s3.cardmarket.com/1/WOE/728455/728455.jpg,8427,"0,02 €","0,16 €","0,10 €","0,13 €","0,02 €"
Break the Spell,,Common,5,Wilds of Eldraine,https://product-images.s3.cardmarket.com/1/WOE/728013/728013.jpg,9414,"0,02 €","0,10 €","0,08 €","0,12 €","0,02 €"
Callous Sell-Sword // Burn Together,,Uncommon,221,Wilds of Eldraine,https://product-images.s3.cardmarket.com/1/WOE/728102/728102.jpg,4279,"0,02 €","0,19 €","0,23 €","0,20 €","0,21 €"
Candy Grapple,,Common,83,Wilds of Eldraine,https://product-images.s3.cardmarket.com/1/WOE/728037/728037.jpg,7637,"0,02 €","0,22 €","0,16 €","0,21 €","0,09 €"
Candy Trail,,Common,243,Wilds of Eldraine,https://product-images.s3.cardmarket.com/1/WOE/728105/728105.jpg,1832,"0,05 €","0,59 €","0,65 €","0,62 €","0,51 €"
Chancellor of Tales,,Uncommon,45,Wilds of Eldraine,https://product-images.s3.cardmarket.com/1/WOE/728458/728458.jpg,9703,"0,02 €","0,10 €","0,09 €","0,10 €","0,02 €"
Charmed Clothier,,Common,6,Wilds of Eldraine,https://product-images.s3.cardmarket.com/1/WOE/728015/728015.jpg,10310,"0,02 €","0,02 €","0,03 €","0,02 €","0,02 €"
Charming Scoundrel,,Rare,124,Wilds of Eldraine,https://product-images.s3.cardmarket.com/1/WOE/729978/729978.jpg,1531,"0,15 €","0,82 €","0,73 €","0,90 €","0,75 €"
Cheeky House-Mouse // Squeak By,,Uncommon,7,Wilds of Eldraine,https://product-images.s3.cardmarket.com/1/WOE/729050/729050.jpg,6941,"0,02 €","0,12 €","0,15 €","0,13 €","0,04 €"
Collector's Vault,,Uncommon,244,Wilds of Eldraine,https://product-images.s3.cardmarket.com/1/WOE/730017/730017.jpg,3265,"0,04 €","0,32 €","0,33 €","0,31 €","0,34 €"
Commune with Nature,,Common,166,Wilds of Eldraine,https://product-images.s3.cardmarket.com/1/WOE/728463/728463.jpg,9450,"0,02 €","0,02 €","0,06 €","0,03 €","0,03 €"
Conceited Witch // Price of Beauty,,Common,84,Wilds of Eldraine,https://product-images.s3.cardmarket.com/1/WOE/729921/729921.jpg,9720,"0,02 €","0,05 €","0,05 €","0,03 €","0,02 €"
Cooped Up,,Common,8,Wilds of Eldraine,https://product-images.s3.cardmarket.com/1/WOE/729561/729561.jpg,10446,"0,02 €","0,10 €","0,05 €","0,03 €","0,09 €"
Cruel Somnophage // Can't Wake Up,,Rare,222,Wilds of Eldraine,https://product-images.s3.cardmarket.com/1/WOE/728415/728415.jpg,1711,"0,10 €","0,58 €","0,55 €","0,55 €","0,96 €"
Crystal Grotto,,Common,254,Wilds of Eldraine,https://product-images.s3.cardmarket.com/1/WOE/728467/728467.jpg,6095,"0,02 €","0,14 €","0,14 €","0,17 €","0,11 €"
Curse of the Werefox,,Common,167,Wilds of Eldraine,https://product-images.s3.cardmarket.com/1/WOE/730016/730016.jpg,10043,"0,02 €","0,11 €","0,06 €","0,10 €","0,09 €"
Cursed Courtier,,Uncommon,9,Wilds of Eldraine,https://product-images.s3.cardmarket.com/1/WOE/729956/729956.jpg,10583,"0,02 €","0,07 €","0,04 €","0,06 €","0,05 €"
Cut In,,Common,125,Wilds of Eldraine,https://product-images.s3.cardmarket.com/1/WOE/729041/729041.jpg,10319,"0,02 €","0,05 €","0,04 €","0,04 €","0,03 €"
Decadent Dragon // Expensive Taste,,Rare,223,Wilds of Eldraine,https://product-images.s3.cardmarket.com/1/WOE/725334/725334.jpg,1983,"0,12 €","0,97 €","0,81 €","0,89 €","0,74 €"
Devouring Sugarmaw // Have for Dinner,,Rare,224,Wilds of Eldraine,https://product-images.s3.cardmarket.com/1/WOE/728114/728114.jpg,4984,£0.02,"0,09 €","0,10 €","0,10 €","0,10 €"
Diminisher Witch,,Common,46,Wilds of Eldraine,https://product-images.s3.cardmarket.com/1/WOE/728479/728479.jpg,10551,"0,02 €","0,03 €","0,02 €","0,02 €","0,02 €"
Discerning Financier,,Uncommon,10,Wilds of Eldraine,https://product-images.s3.cardmarket.com/1/WOE/728016/728016.jpg,9330,"0,02 €","0,16 €","0,15 €","0,16 €","0,28 €"
Disdainful Stroke,,Uncommon,47,Wilds of Eldraine,https://product-images.s3.cardmarket.com/1/WOE/729904/729904.jpg,8968,"0,02 €","0,05 €","0,13 €","0,06 €","0,02 €"
Dream Spoilers,,Uncommon,85,Wilds of Eldraine,https://product-images.s3.cardmarket.com/1/WOE/728038/728038.jpg,10160,"0,02 €","0,07 €","0,09 €","0,07 €","0,05 €"
Dutiful Griffin,,Uncommon,11,Wilds of Eldraine,https://product-images.s3.cardmarket.com/1/WOE/728473/728473.jpg,10569,"0,02 €","0,04 €","0,03 €","0,05 €","0,05 €"
Edgewall Inn,,Uncommon,255,Wilds of Eldraine,https://product-images.s3.cardmarket.com/1/WOE/730019/730019.jpg,8819,"0,02 €","0,16 €","0,14 €","0,16 €","0,11 €"
Edgewall Pack,,Common,126,Wilds of Eldraine,https://product-images.s3.cardmarket.com/1/WOE/728481/728481.jpg,10067,"0,02 €","0,03 €","0,06 €","0,05 €","0,03 €"
Eerie Interference,,Uncommon,12,Wilds of Eldraine,https://product-images.s3.cardmarket.com/1/WOE/729043/729043.jpg,9470,"0,02 €","0,09 €","0,08 €","0,08 €","0,03 €"
Ego Drain,,Uncommon,86,Wilds of Eldraine,https://product-images.s3.cardmarket.com/1/WOE/729925/729925.jpg,8802,"0,02 €","0,06 €","0,10 €","0,06 €","0,10 €"
Elusive Otter // Grove's Bounty,,Rare,225,Wilds of Eldraine,https://product-images.s3.cardmarket.com/1/WOE/728374/728374.jpg,2603,"0,12 €","0,26 €","0,34 €","0,33 €","0,05 €"
Elvish Archivist,,Rare,168,Wilds of Eldraine,https://product-images.s3.cardmarket.com/1/WOE/729954/729954.jpg,3131,"0,10 €","0,28 €","0,28 €","0,29 €","0,25 €"
Embereth Veteran,,Uncommon,127,Wilds of Eldraine,https://product-images.s3.cardmarket.com/1/WOE/730009/730009.jpg,9334,"0,02 €","0,09 €","0,07 €","0,07 €","0,04 €"
Eriette of the Charmed Apple,,Mythic,202,Wilds of Eldraine,https://product-images.s3.cardmarket.com/1/WOE/728080/728080.jpg,632,"1,20 €","2,15 €","2,18 €","2,16 €","2,11 €"
Eriette's Tempting Apple,,Uncommon,245,Wilds of Eldraine,https://product-images.s3.cardmarket.com/1/WOE/729568/729568.jpg,8436,"0,02 €","0,12 €","0,13 €","0,13 €","0,02 €"
Eriette's Whisper,,Common,88,Wilds of Eldraine,https://product-images.s3.cardmarket.com/1/WOE/728041/728041.jpg,10197,"0,02 €","0,13 €","0,05 €","0,03 €","0,02 €"
Evolving Wilds,,Common,256,Wilds of Eldraine,https://product-images.s3.cardmarket.com/1/WOE/729726/729726.jpg,6542,"0,02 €","0,08 €","0,08 €","0,09 €","0,05 €"
Expel the Interlopers,,Rare,13,Wilds of Eldraine,https://product-images.s3.cardmarket.com/1/WOE/729025/729025.jpg,2770,"0,09 €","0,21 €","0,24 €","0,23 €","0,15 €"
Extraordinary Journey,,Rare,48,Wilds of Eldraine,https://product-images.s3.cardmarket.com/1/WOE/729729/729729.jpg,4400,"0,05 €","0,22 €","0,21 €","0,21 €","0,15 €"
Faerie Dreamthief,,Uncommon,89,Wilds of Eldraine,https://product-images.s3.cardmarket.com/1/WOE/729907/729907.jpg,5928,"0,02 €","0,20 €","0,17 €","0,16 €","0,21 €"
Faerie Fencing,,Uncommon,90,Wilds of Eldraine,https://product-images.s3.cardmarket.com/1/WOE/728042/728042.jpg,7149,"0,02 €","0,07 €","0,15 €","0,11 €","0,12 €"
Farsight Ritual,,Rare,49,Wilds of Eldraine,https://product-images.s3.cardmarket.com/1/WOE/728411/728411.jpg,4543,"0,05 €","0,19 €","0,15 €","0,15 €","0,10 €"
Faunsbane Troll,,Rare,203,Wilds of Eldraine,https://product-images.s3.cardmarket.com/1/WOE/728083/728083.jpg,5615,"0,04 €","0,21 €","0,16 €","0,25 €","0,13 €"
Feed the Cauldron,,Common,91,Wilds of Eldraine,https://product-images.s3.cardmarket.com/1/WOE/729039/729039.jpg,9754,"0,02 €","0,09 €","0,07 €","0,05 €","0,02 €"
Fell Horseman // Deathly Ride,,Common,92,Wilds of Eldraine,https://product-images.s3.cardmarket.com/1/WOE/729886/729886.jpg,9253,"0,02 €","0,14 €","0,09 €","0,13 €","0,10 €"
Feral Encounter,,Rare,169,Wilds of Eldraine,https://product-images.s3.cardmarket.com/1/WOE/728110/728110.jpg,4169,"0,05 €","0,17 €","0,16 €","0,13 €","0,05 €"
Ferocious Werefox // Guard Change,,Common,170,Wilds of Eldraine,https://product-images.s3.cardmarket.com/1/WOE/729739/729739.jpg,9616,"0,02 €","0,05 €","0,07 €","0,04 €","0,02 €"
Flick a Coin,,Common,128,Wilds of Eldraine,https://product-images.s3.cardmarket.com/1/WOE/728057/728057.jpg,7320,"0,02 €","0,16 €","0,12 €","0,11 €","0,07 €"
Food Fight,,Rare,129,Wilds of Eldraine,https://product-images.s3.cardmarket.com/1/WOE/729048/729048.jpg,5289,"0,04 €","0,10 €","0,09 €","0,08 €","0,05 €"
Forest,V.1,Land,266,Wilds of Eldraine,https://product-images.s3.cardmarket.com/1/WOE/725339/725339.jpg,2439,"0,15 €","0,48 €","0,50 €","0,61 €","0,67 €"
Forest,V.2,Land,275,Wilds of Eldraine,https://product-images.s3.cardmarket.com/1/WOE/729735/729735.jpg,7503,"0,02 €","0,14 €","0,13 €","0,12 €","0,25 €"
Forest,V.3,Land,276,Wilds of Eldraine,https://product-images.s3.cardmarket.com/1/WOE/729734/729734.jpg,7484,"0,02 €","0,11 €","0,10 €","0,11 €","0,10 €"
Frantic Firebolt,,Common,130,Wilds of Eldraine,https://product-images.s3.cardmarket.com/1/WOE/729736/729736.jpg,9822,"0,02 €","0,07 €","0,07 €","0,11 €","0,15 €"
Freeze in Place,,Common,50,Wilds of Eldraine,https://product-images.s3.cardmarket.com/1/WOE/728027/728027.jpg,8456,"0,02 €","0,10 €","0,12 €","0,11 €","0,10 €"
Frolicking Familiar // Blow Off Steam,,Uncommon,226,Wilds of Eldraine,https://product-images.s3.cardmarket.com/1/WOE/729053/729053.jpg,6974,"0,02 €","0,12 €","0,15 €","0,17 €","0,21 €"
Frostbridge Guard,,Common,14,Wilds of Eldraine,https://product-images.s3.cardmarket.com/1/WOE/728017/728017.jpg,9999,"0,02 €","0,12 €","0,05 €","0,08 €","0,02 €"
Gadwick's First Duel,,Uncommon,51,Wilds of Eldraine,https://product-images.s3.cardmarket.com/1/WOE/729021/729021.jpg,9881,"0,02 €","0,08 €","0,06 €","0,08 €","0,05 €"
Gallant Pie-Wielder,,Uncommon,15,Wilds of Eldraine,https://product-images.s3.cardmarket.com/1/WOE/729966/729966.jpg,10404,"0,02 €","0,06 €","0,04 €","0,06 €","0,02 €"
Galvanic Giant // Storm Reading,,Uncommon,52,Wilds of Eldraine,https://product-images.s3.cardmarket.com/1/WOE/728471/728471.jpg,9811,"0,02 €","0,14 €","0,09 €","0,13 €","0,02 €"
Gingerbread Hunter // Puny Snack,,Uncommon,227,Wilds of Eldraine,https://product-images.s3.cardmarket.com/1/WOE/728103/728103.jpg,9998,"0,02 €","0,10 €","0,08 €","0,08 €","0,10 €"
Gingerbrute,,Common,246,Wilds of Eldraine,https://product-images.s3.cardmarket.com/1/WOE/729928/729928.jpg,3648,"0,03 €","0,28 €","0,25 €","0,23 €","0,25 €"
Glass Casket,,Uncommon,16,Wilds of Eldraine,https://product-images.s3.cardmarket.com/1/WOE/728019/728019.jpg,9614,"0,02 €","0,03 €","0,08 €","0,05 €","0,05 €"
Gnawing Crescendo,,Common,131,Wilds of Eldraine,https://product-images.s3.cardmarket.com/1/WOE/729572/729572.jpg,8959,"0,02 €","0,08 €","0,09 €","0,11 €","0,13 €"
"Goddric, Cloaked Reveler",,Rare,132,Wilds of Eldraine,https://product-images.s3.cardmarket.com/1/WOE/729924/729924.jpg,4597,"0,05 €","0,09 €","0,12 €","0,09 €","0,12 €"
Grabby Giant // That's Mine,,Common,133,Wilds of Eldraine,https://product-images.s3.cardmarket.com/1/WOE/729565/729565.jpg,9232,"0,02 €","0,10 €","0,07 €","0,08 €","0,28 €"
Graceful Takedown,,Uncommon,171,Wilds of Eldraine,https://product-images.s3.cardmarket.com/1/WOE/729985/729985.jpg,10394,"0,02 €","0,04 €","0,04 €","0,05 €","0,10 €"
Grand Ball Guest,,Common,134,Wilds of Eldraine,https://product-images.s3.cardmarket.com/1/WOE/729962/729962.jpg,10669,"0,02 €","0,04 €","0,05 €","0,03 €","0,03 €"
"Greta, Sweettooth Scourge",,Uncommon,205,Wilds of Eldraine,https://product-images.s3.cardmarket.com/1/WOE/728087/728087.jpg,7669,"0,02 €","0,13 €","0,14 €","0,15 €","0,15 €"
Gruff Triplets,,Rare,172,Wilds of Eldraine,https://product-images.s3.cardmarket.com/1/WOE/729035/729035.jpg,1834,£0.10,"0,35 €","0,40 €","0,40 €","0,59 €"
Gumdrop Poisoner // Tempt with Treats,,Rare,93,Wilds of Eldraine,https://product-images.s3.cardmarket.com/1/WOE/729900/729900.jpg,3285,"0,05 €","0,37 €","0,20 €","0,24 €","0,05 €"
Hamlet Glutton,,Common,173,Wilds of Eldraine,https://product-images.s3.cardmarket.com/1/WOE/729557/729557.jpg,10183,"0,02 €","0,05 €","0,08 €","0,09 €","0,02 €"
Harried Spearguard,,Common,135,Wilds of Eldraine,https://product-images.s3.cardmarket.com/1/WOE/729046/729046.jpg,8637,"0,02 €","0,08 €","0,12 €","0,10 €","0,02 €"
Heartflame Duelist // Heartflame Slash,,Rare,228,Wilds of Eldraine,https://product-images.s3.cardmarket.com/1/WOE/730015/730015.jpg,3214,"0,04 €","0,19 €","0,19 €","0,18 €","0,10 €"
Hearth Elemental // Stoke Genius,,Uncommon,136,Wilds of Eldraine,https://product-images.s3.cardmarket.com/1/WOE/729027/729027.jpg,8054,£0.02,"0,19 €","0,17 €","0,22 €","0,59 €"
High Fae Negotiator,,Uncommon,94,Wilds of Eldraine,https://product-images.s3.cardmarket.com/1/WOE/730020/730020.jpg,9905,"0,02 €","0,05 €","0,11 €","0,05 €","0,06 €"
Hollow Scavenger // Bakery Raid,,Common,174,Wilds of Eldraine,https://product-images.s3.cardmarket.com/1/WOE/729889/729889.jpg,9453,"0,02 €","0,09 €","0,08 €","0,07 €","0,02 €"
Hopeful Vigil,,Common,17,Wilds of Eldraine,https://product-images.s3.cardmarket.com/1/WOE/728020/728020.jpg,9421,"0,02 €","0,07 €","0,11 €","0,06 €","0,06 €"
Hopeless Nightmare,,Common,95,Wilds of Eldraine,https://product-images.s3.cardmarket.com/1/WOE/729893/729893.jpg,2194,"0,10 €","0,70 €","0,61 €","0,68 €","0,70 €"
Horned Loch-Whale // Lagoon Breach,,Rare,53,Wilds of Eldraine,https://product-images.s3.cardmarket.com/1/WOE/729026/729026.jpg,2523,"0,10 €","0,28 €","0,27 €","0,22 €","0,27 €"
Howling Galefang,,Uncommon,175,Wilds of Eldraine,https://product-images.s3.cardmarket.com/1/WOE/729896/729896.jpg,10442,"0,02 €","0,05 €","0,05 €","0,05 €","0,05 €"
Hylda of the Icy Crown,,Mythic,206,Wilds of Eldraine,https://product-images.s3.cardmarket.com/1/WOE/728088/728088.jpg,764,"0,90 €","1,46 €","1,65 €","1,60 €","1,05 €"
Hylda's Crown of Winter,,Rare,247,Wilds of Eldraine,https://product-images.s3.cardmarket.com/1/WOE/729725/729725.jpg,2056,"0,10 €","0,40 €","0,38 €","0,41 €","0,38 €"
Ice Out,,Common,54,Wilds of Eldraine,https://product-images.s3.cardmarket.com/1/WOE/729941/729941.jpg,9657,"0,02 €","0,12 €","0,11 €","0,10 €","0,06 €"
Icewrought Sentry,,Uncommon,55,Wilds of Eldraine,https://product-images.s3.cardmarket.com/1/WOE/728375/728375.jpg,9035,"0,02 €","0,10 €","0,12 €","0,12 €","0,05 €"
"Imodane, the Pyrohammer",,Rare,137,Wilds of Eldraine,https://product-images.s3.cardmarket.com/1/WOE/729559/729559.jpg,3163,"0,02 €","0,19 €","0,21 €","0,18 €","0,07 €"
Imodane's Recruiter // Train Troops,,Uncommon,229,Wilds of Eldraine,https://product-images.s3.cardmarket.com/1/WOE/729573/729573.jpg,5943,"0,02 €","0,12 €","0,15 €","0,12 €","0,25 €"
Ingenious Prodigy,,Rare,56,Wilds of Eldraine,https://product-images.s3.cardmarket.com/1/WOE/728464/728464.jpg,1812,"0,10 €","0,56 €","0,51 €","0,60 €","0,43 €"
Into the Fae Court,,Common,57,Wilds of Eldraine,https://product-images.s3.cardmarket.com/1/WOE/728466/728466.jpg,10050,"0,02 €","0,04 €","0,03 €","0,02 €","0,03 €"
Island,V.1,Land,263,Wilds of Eldraine,https://product-images.s3.cardmarket.com/1/WOE/725336/725336.jpg,1953,"0,20 €","0,62 €","0,57 €","0,73 €","0,55 €"
Island,V.2,Land,269,Wilds of Eldraine,https://product-images.s3.cardmarket.com/1/WOE/730024/730024.jpg,7489,"0,02 €","0,07 €","0,07 €","0,06 €","0,02 €"
Island,V.3,Land,270,Wilds of Eldraine,https://product-images.s3.cardmarket.com/1/WOE/729952/729952.jpg,7332,"0,02 €","0,12 €","0,12 €","0,17 €","0,10 €"
"Johann, Apprentice Sorcerer",,Uncommon,207,Wilds of Eldraine,https://product-images.s3.cardmarket.com/1/WOE/728090/728090.jpg,9607,"0,02 €","0,06 €","0,06 €","0,05 €","0,11 €"
Johann's Stopgap,,Common,58,Wilds of Eldraine,https://product-images.s3.cardmarket.com/1/WOE/728480/728480.jpg,10195,"0,02 €","0,05 €","0,03 €","0,02 €","0,05 €"
"Kellan, the Fae-Blooded // Birthright Boon",,Mythic,230,Wilds of Eldraine,https://product-images.s3.cardmarket.com/1/WOE/729991/729991.jpg,508,"3,00 €","5,94 €","6,01 €","5,89 €","6,53 €"
Kellan's Lightblades,,Common,18,Wilds of Eldraine,https://product-images.s3.cardmarket.com/1/WOE/729885/729885.jpg,10387,"0,02 €","0,08 €","0,10 €","0,06 €","0,28 €"
Kindled Heroism,,Common,138,Wilds of Eldraine,https://product-images.s3.cardmarket.com/1/WOE/728456/728456.jpg,10462,"0,02 €","0,03 €","0,03 €","0,04 €","0,04 €"
Knight of Doves,,Uncommon,19,Wilds of Eldraine,https://product-images.s3.cardmarket.com/1/WOE/729575/729575.jpg,9857,"0,02 €","0,16 €","0,13 €","0,17 €","0,02 €"
Korvold and the Noble Thief,,Uncommon,139,Wilds of Eldraine,https://product-images.s3.cardmarket.com/1/WOE/729891/729891.jpg,9516,"0,02 €","0,14 €","0,12 €","0,11 €","0,16 €"
Leaping Ambush,,Common,177,Wilds of Eldraine,https://product-images.s3.cardmarket.com/1/WOE/728111/728111.jpg,9886,"0,02 €","0,08 €","0,07 €","0,10 €","0,03 €"
Lich-Knights' Conquest,,Rare,96,Wilds of Eldraine,https://product-images.s3.cardmarket.com/1/WOE/728474/728474.jpg,1221,"0,20 €","1,09 €","0,90 €","1,09 €","0,75 €"
Likeness Looter,,Rare,208,Wilds of Eldraine,https://product-images.s3.cardmarket.com/1/WOE/728092/728092.jpg,695,"0,74 €","1,77 €","1,55 €","1,69 €","1,58 €"
Living Lectern,,Common,59,Wilds of Eldraine,https://product-images.s3.cardmarket.com/1/WOE/728412/728412.jpg,10522,"0,02 €","0,06 €","0,04 €","0,05 €","0,02 €"
"Lord Skitter, Sewer King",,Rare,97,Wilds of Eldraine,https://product-images.s3.cardmarket.com/1/WOE/728043/728043.jpg,562,"2,00 €","3,10 €","2,96 €","3,14 €","2,90 €"
Lord Skitter's Blessing,,Rare,98,Wilds of Eldraine,https://product-images.s3.cardmarket.com/1/WOE/728470/728470.jpg,2707,"0,10 €","0,34 €","0,31 €","0,24 €","0,49 €"
Lord Skitter's Butcher,,Uncommon,99,Wilds of Eldraine,https://product-images.s3.cardmarket.com/1/WOE/728045/728045.jpg,6838,"0,02 €","0,17 €","0,14 €","0,12 €","0,10 €"
Merfolk Coralsmith,,Common,60,Wilds of Eldraine,https://product-images.s3.cardmarket.com/1/WOE/728030/728030.jpg,10326,"0,02 €","0,03 €","0,04 €","0,03 €","0,03 €"
Merry Bards,,Common,140,Wilds of Eldraine,https://product-images.s3.cardmarket.com/1/WOE/729047/729047.jpg,10659,"0,02 €","0,04 €","0,05 €","0,06 €","0,02 €"
Minecart Daredevil // Ride the Rails,,Common,141,Wilds of Eldraine,https://product-images.s3.cardmarket.com/1/WOE/729931/729931.jpg,10125,"0,02 €","0,09 €","0,07 €","0,09 €","0,02 €"
Mintstrosity,,Common,100,Wilds of Eldraine,https://product-images.s3.cardmarket.com/1/WOE/728046/728046.jpg,9624,"0,02 €","0,05 €","0,06 €","0,05 €","0,02 €"
Misleading Motes,,Common,61,Wilds of Eldraine,https://product-images.s3.cardmarket.com/1/WOE/730035/730035.jpg,10552,"0,02 €","0,04 €","0,02 €","0,02 €","0,02 €"
Mocking Sprite,,Common,62,Wilds of Eldraine,https://product-images.s3.cardmarket.com/1/WOE/729882/729882.jpg,9897,"0,02 €","0,10 €","0,12 €","0,09 €","0,08 €"
Moment of Valor,,Common,20,Wilds of Eldraine,https://product-images.s3.cardmarket.com/1/WOE/728022/728022.jpg,10073,"0,02 €","0,08 €","0,04 €","0,02 €","0,08 €"
Monstrous Rage,,Uncommon,142,Wilds of Eldraine,https://product-images.s3.cardmarket.com/1/WOE/729918/729918.jpg,2674,"0,30 €","0,94 €","0,97 €","0,97 €","0,88 €"
Moonshaker Cavalry,,Mythic,21,Wilds of Eldraine,https://product-images.s3.cardmarket.com/1/WOE/729890/729890.jpg,734,"7,88 €","10,24 €","10,25 €","10,17 €","10,70 €"
Mosswood Dreadknight // Dread Whispers,,Rare,231,Wilds of Eldraine,https://product-images.s3.cardmarket.com/1/WOE/728104/728104.jpg,1925,"0,10 €","0,61 €","0,70 €","0,67 €","0,46 €"
Mountain,V.1,Land,265,Wilds of Eldraine,https://product-images.s3.cardmarket.com/1/WOE/725338/725338.jpg,4971,"0,08 €","0,22 €","0,28 €","0,21 €","0,06 €"
Mountain,V.2,Land,273,Wilds of Eldraine,https://product-images.s3.cardmarket.com/1/WOE/729930/729930.jpg,5051,"0,02 €","0,10 €","0,08 €","0,11 €","0,25 €"
Mountain,V.3,Land,274,Wilds of Eldraine,https://product-images.s3.cardmarket.com/1/WOE/730001/730001.jpg,4843,"0,02 €","0,08 €","0,11 €","0,06 €","0,02 €"
"Neva, Stalked by Nightmares",,Uncommon,209,Wilds of Eldraine,https://product-images.s3.cardmarket.com/1/WOE/728469/728469.jpg,8795,"0,02 €","0,09 €","0,11 €","0,09 €","0,05 €"
Night of the Sweets' Revenge,,Uncommon,178,Wilds of Eldraine,https://product-images.s3.cardmarket.com/1/WOE/729910/729910.jpg,3827,"0,05 €","0,28 €","0,28 €","0,28 €","0,30 €"
Not Dead After All,,Common,101,Wilds of Eldraine,https://product-images.s3.cardmarket.com/1/WOE/729892/729892.jpg,2313,"0,40 €","0,97 €","0,91 €","0,97 €","1,14 €"
"Obyra, Dreaming Duelist",,Uncommon,210,Wilds of Eldraine,https://product-images.s3.cardmarket.com/1/WOE/728093/728093.jpg,8648,"0,02 €","0,12 €","0,15 €","0,14 €","0,12 €"
Obyra's Attendants // Desperate Parry,,Common,63,Wilds of Eldraine,https://product-images.s3.cardmarket.com/1/WOE/729056/729056.jpg,10045,"0,02 €","0,02 €","0,09 €","0,03 €","0,02 €"
Picklock Prankster // Free the Fae,,Uncommon,64,Wilds of Eldraine,https://product-images.s3.cardmarket.com/1/WOE/730003/730003.jpg,3532,"0,09 €","0,41 €","0,48 €","0,46 €","0,19 €"
Picnic Ruiner // Stolen Goodies,,Uncommon,232,Wilds of Eldraine,https://product-images.s3.cardmarket.com/1/WOE/730026/730026.jpg,8210,"0,02 €","0,09 €","0,10 €","0,12 €","0,15 €"
Plains,V.1,Land,262,Wilds of Eldraine,https://product-images.s3.cardmarket.com/1/WOE/729733/729733.jpg,3973,"0,10 €","0,27 €","0,43 €","0,33 €","0,23 €"
Plains,V.2,Land,267,Wilds of Eldraine,https://product-images.s3.cardmarket.com/1/WOE/725340/725340.jpg,7674,"0,02 €","0,05 €","0,08 €","0,05 €","0,02 €"
Plains,V.3,Land,268,Wilds of Eldraine,https://product-images.s3.cardmarket.com/1/WOE/729916/729916.jpg,7260,"0,02 €","0,13 €","0,09 €","0,14 €","0,02 €"
Plunge into Winter,,Common,22,Wilds of Eldraine,https://product-images.s3.cardmarket.com/1/WOE/725329/725329.jpg,8919,"0,02 €","0,08 €","0,12 €","0,07 €","0,02 €"
Pollen-Shield Hare // Hare Raising,,Rare,233,Wilds of Eldraine,https://product-images.s3.cardmarket.com/1/WOE/729045/729045.jpg,2527,"0,05 €","0,30 €","0,23 €","0,30 €","0,30 €"
Prophetic Prism,,Common,249,Wilds of Eldraine,https://product-images.s3.cardmarket.com/1/WOE/729723/729723.jpg,8459,"0,02 €","0,08 €","0,07 €","0,07 €","0,07 €"
Protective Parents,,Common,24,Wilds of Eldraine,https://product-images.s3.cardmarket.com/1/WOE/728454/728454.jpg,10643,"0,02 €","0,05 €","0,05 €","0,05 €","0,03 €"
Questing Druid // Seek the Beast,,Rare,234,Wilds of Eldraine,https://product-images.s3.cardmarket.com/1/WOE/729569/729569.jpg,2415,£0.30,"0,97 €","1,04 €","0,95 €","1,69 €"
Quick Study,,Common,65,Wilds of Eldraine,https://product-images.s3.cardmarket.com/1/WOE/729560/729560.jpg,6989,"0,02 €","0,18 €","0,18 €","0,19 €","0,20 €"
Raging Battle Mouse,,Rare,143,Wilds of Eldraine,https://product-images.s3.cardmarket.com/1/WOE/728373/728373.jpg,3472,"0,02 €","0,12 €","0,18 €","0,13 €","0,10 €"
Rankle's Prank,,Rare,102,Wilds of Eldraine,https://product-images.s3.cardmarket.com/1/WOE/728475/728475.jpg,2415,"0,10 €","0,43 €","0,38 €","0,38 €","0,47 €"
Rat Out,,Common,103,Wilds of Eldraine,https://product-images.s3.cardmarket.com/1/WOE/729728/729728.jpg,8625,"0,02 €","0,10 €","0,13 €","0,06 €","0,02 €"
Ratcatcher Trainee // Pest Problem,,Common,144,Wilds of Eldraine,https://product-images.s3.cardmarket.com/1/WOE/729019/729019.jpg,9351,"0,02 €","0,04 €","0,11 €","0,08 €","0,02 €"
Realm-Scorcher Hellkite,,Mythic,145,Wilds of Eldraine,https://product-images.s3.cardmarket.com/1/WOE/728059/728059.jpg,1527,"0,25 €","0,73 €","0,76 €","0,76 €","0,85 €"
Redcap Gutter-Dweller,,Rare,146,Wilds of Eldraine,https://product-images.s3.cardmarket.com/1/WOE/728064/728064.jpg,3632,"0,02 €","0,19 €","0,17 €","0,23 €","0,18 €"
Redcap Thief,,Common,147,Wilds of Eldraine,https://product-images.s3.cardmarket.com/1/WOE/728460/728460.jpg,9714,"0,02 €","0,05 €","0,07 €","0,04 €","0,02 €"
Redtooth Genealogist,,Common,179,Wilds of Eldraine,https://product-images.s3.cardmarket.com/1/WOE/729034/729034.jpg,10270,"0,02 €","0,03 €","0,04 €","0,02 €","0,02 €"
Redtooth Vanguard,,Uncommon,180,Wilds of Eldraine,https://product-images.s3.cardmarket.com/1/WOE/729961/729961.jpg,10066,"0,02 €","0,06 €","0,08 €","0,09 €","0,10 €"
Regal Bunnicorn,,Rare,25,Wilds of Eldraine,https://product-images.s3.cardmarket.com/1/WOE/729957/729957.jpg,1963,£0.20,"0,80 €","0,74 €","0,73 €","0,53 €"
Restless Bivouac,,Rare,257,Wilds of Eldraine,https://product-images.s3.cardmarket.com/1/WOE/728107/728107.jpg,2460,"0,10 €","0,48 €","0,48 €","0,50 €","0,32 €"
Restless Cottage,,Rare,258,Wilds of Eldraine,https://product-images.s3.cardmarket.com/1/WOE/729052/729052.jpg,1370,"0,95 €","1,64 €","1,50 €","1,50 €","1,18 €"
Restless Fortress,,Rare,259,Wilds of Eldraine,https://product-images.s3.cardmarket.com/1/WOE/728108/728108.jpg,1820,"0,19 €","0,64 €","0,63 €","0,62 €","0,56 €"
Restless Spire,,Rare,260,Wilds of Eldraine,https://product-images.s3.cardmarket.com/1/WOE/725335/725335.jpg,3179,"0,10 €","0,39 €","0,40 €","0,36 €","0,35 €"
Restless Vinestalk,,Rare,261,Wilds of Eldraine,https://product-images.s3.cardmarket.com/1/WOE/729020/729020.jpg,2637,"0,15 €","0,49 €","0,47 €","0,48 €","0,58 €"
Return from the Wilds,,Common,181,Wilds of Eldraine,https://product-images.s3.cardmarket.com/1/WOE/729566/729566.jpg,8447,"0,02 €","0,18 €","0,14 €","0,10 €","0,06 €"
Return Triumphant,,Common,26,Wilds of Eldraine,https://product-images.s3.cardmarket.com/1/WOE/729953/729953.jpg,8865,"0,02 €","0,12 €","0,10 €","0,08 €","0,04 €"
Rimefur Reindeer,,Common,27,Wilds of Eldraine,https://product-images.s3.cardmarket.com/1/WOE/728472/728472.jpg,10212,"0,02 €","0,05 €","0,06 €","0,05 €","0,02 €"
Rootrider Faun,,Common,182,Wilds of Eldraine,https://product-images.s3.cardmarket.com/1/WOE/728072/728072.jpg,9999,"0,02 €","0,05 €","0,06 €","0,06 €","0,02 €"
Rotisserie Elemental,,Rare,148,Wilds of Eldraine,https://product-images.s3.cardmarket.com/1/WOE/729932/729932.jpg,5524,"0,04 €","0,10 €","0,11 €","0,11 €","0,14 €"
"Rowan, Scion of War",,Mythic,211,Wilds of Eldraine,https://product-images.s3.cardmarket.com/1/WOE/728094/728094.jpg,1657,"0,25 €","0,67 €","0,50 €","0,67 €","0,42 €"
Rowan's Grim Search,,Common,104,Wilds of Eldraine,https://product-images.s3.cardmarket.com/1/WOE/728048/728048.jpg,5056,"0,02 €","0,13 €","0,20 €","0,18 €","0,05 €"
Royal Treatment,,Uncommon,183,Wilds of Eldraine,https://product-images.s3.cardmarket.com/1/WOE/728073/728073.jpg,3301,"0,05 €","0,43 €","0,37 €","0,41 €","0,40 €"
"Ruby, Daring Tracker",,Uncommon,212,Wilds of Eldraine,https://product-images.s3.cardmarket.com/1/WOE/728095/728095.jpg,6904,£0.02,"0,12 €","0,19 €","0,17 €","0,13 €"
Savior of the Sleeping,,Common,28,Wilds of Eldraine,https://product-images.s3.cardmarket.com/1/WOE/729888/729888.jpg,10185,"0,02 €","0,07 €","0,06 €","0,06 €","0,04 €"
Scalding Viper // Steam Clean,,Rare,235,Wilds of Eldraine,https://product-images.s3.cardmarket.com/1/WOE/729919/729919.jpg,2176,"0,10 €","0,32 €","0,43 €","0,34 €","0,20 €"
Scarecrow Guide,,Common,250,Wilds of Eldraine,https://product-images.s3.cardmarket.com/1/WOE/729032/729032.jpg,9984,"0,02 €","0,18 €","0,08 €","0,15 €","0,05 €"
Scream Puff,,Common,105,Wilds of Eldraine,https://product-images.s3.cardmarket.com/1/WOE/728049/728049.jpg,9808,"0,02 €","0,04 €","0,04 €","0,02 €","0,04 €"
Sentinel of Lost Lore,,Rare,184,Wilds of Eldraine,https://product-images.s3.cardmarket.com/1/WOE/729051/729051.jpg,4548,"0,05 €","0,19 €","0,18 €","0,19 €","0,11 €"
Sharae of Numbing Depths,,Uncommon,213,Wilds of Eldraine,https://product-images.s3.cardmarket.com/1/WOE/728096/728096.jpg,8347,"0,02 €","0,08 €","0,13 €","0,10 €","0,05 €"
Shatter the Oath,,Common,106,Wilds of Eldraine,https://product-images.s3.cardmarket.com/1/WOE/729912/729912.jpg,10303,"0,02 €","0,10 €","0,05 €","0,07 €","0,02 €"
Shrouded Shepherd // Cleave Shadows,,Uncommon,236,Wilds of Eldraine,https://product-images.s3.cardmarket.com/1/WOE/728372/728372.jpg,8973,"0,02 €","0,12 €","0,10 €","0,13 €","0,09 €"
Skewer Slinger,,Common,149,Wilds of Eldraine,https://product-images.s3.cardmarket.com/1/WOE/729018/729018.jpg,10030,"0,02 €","0,10 €","0,05 €","0,09 €","0,20 €"
Skybeast Tracker,,Common,185,Wilds of Eldraine,https://product-images.s3.cardmarket.com/1/WOE/729037/729037.jpg,10516,"0,02 €","0,08 €","0,04 €","0,07 €","0,10 €"
Sleep-Cursed Faerie,,Rare,66,Wilds of Eldraine,https://product-images.s3.cardmarket.com/1/WOE/729942/729942.jpg,2445,"0,10 €","0,32 €","0,32 €","0,28 €","0,13 €"
Sleight of Hand,,Common,67,Wilds of Eldraine,https://product-images.s3.cardmarket.com/1/WOE/729567/729567.jpg,4970,"0,02 €","0,20 €","0,23 €","0,17 €","0,17 €"
Slumbering Keepguard,,Common,29,Wilds of Eldraine,https://product-images.s3.cardmarket.com/1/WOE/729903/729903.jpg,7739,"0,02 €","0,10 €","0,09 €","0,06 €","0,02 €"
Snaremaster Sprite,,Common,68,Wilds of Eldraine,https://product-images.s3.cardmarket.com/1/WOE/725330/725330.jpg,4682,"0,02 €","0,22 €","0,19 €","0,19 €","0,24 €"
Solitary Sanctuary,,Uncommon,30,Wilds of Eldraine,https://product-images.s3.cardmarket.com/1/WOE/730021/730021.jpg,8385,"0,02 €","0,13 €","0,14 €","0,15 €","0,02 €"
Song of Totentanz,,Rare,150,Wilds of Eldraine,https://product-images.s3.cardmarket.com/1/WOE/730027/730027.jpg,937,"1,00 €","2,21 €","2,30 €","2,39 €","1,98 €"
Soul-Guide Lantern,,Uncommon,251,Wilds of Eldraine,https://product-images.s3.cardmarket.com/1/WOE/729960/729960.jpg,6213,"0,02 €","0,17 €","0,17 €","0,18 €","0,19 €"
Specter of Mortality,,Rare,107,Wilds of Eldraine,https://product-images.s3.cardmarket.com/1/WOE/729906/729906.jpg,5590,"0,02 €","0,11 €","0,10 €","0,10 €","0,30 €"
Spell Stutter,,Common,69,Wilds of Eldraine,https://product-images.s3.cardmarket.com/1/WOE/729570/729570.jpg,8230,"0,02 €","0,08 €","0,15 €","0,07 €","0,02 €"
Spellbook Vendor,,Rare,31,Wilds of Eldraine,https://product-images.s3.cardmarket.com/1/WOE/729038/729038.jpg,3096,"0,09 €","0,29 €","0,30 €","0,35 €","0,52 €"
Spellscorn Coven // Take It Back,,Uncommon,237,Wilds of Eldraine,https://product-images.s3.cardmarket.com/1/WOE/728459/728459.jpg,10485,"0,02 €","0,09 €","0,08 €","0,05 €","0,07 €"
Spider Food,,Common,186,Wilds of Eldraine,https://product-images.s3.cardmarket.com/1/WOE/728075/728075.jpg,8793,"0,02 €","0,11 €","0,13 €","0,11 €","0,09 €"
Spiteful Hexmage,,Rare,108,Wilds of Eldraine,https://product-images.s3.cardmarket.com/1/WOE/728051/728051.jpg,2490,£0.07,"0,21 €","0,24 €","0,22 €","0,10 €"
Splashy Spellcaster,,Uncommon,70,Wilds of Eldraine,https://product-images.s3.cardmarket.com/1/WOE/729574/729574.jpg,10318,"0,02 €","0,07 €","0,09 €","0,08 €","0,06 €"
Stingblade Assassin,,Common,109,Wilds of Eldraine,https://product-images.s3.cardmarket.com/1/WOE/728478/728478.jpg,9463,"0,02 €","0,12 €","0,08 €","0,13 €","0,13 €"
Stockpiling Celebrant,,Common,32,Wilds of Eldraine,https://product-images.s3.cardmarket.com/1/WOE/728416/728416.jpg,9930,"0,02 €","0,10 €","0,07 €","0,07 €","0,04 €"
Stonesplitter Bolt,,Uncommon,151,Wilds of Eldraine,https://product-images.s3.cardmarket.com/1/WOE/729731/729731.jpg,9557,"0,02 €","0,09 €","0,10 €","0,09 €","0,05 €"
Stormkeld Prowler,,Common,71,Wilds of Eldraine,https://product-images.s3.cardmarket.com/1/WOE/729049/729049.jpg,12140,"0,02 €","0,02 €","0,03 €","0,03 €","0,02 €"
Stormkeld Vanguard // Bear Down,,Uncommon,187,Wilds of Eldraine,https://product-images.s3.cardmarket.com/1/WOE/729938/729938.jpg,7638,"0,02 €","0,18 €","0,17 €","0,20 €","0,21 €"
Stroke of Midnight,,Uncommon,33,Wilds of Eldraine,https://product-images.s3.cardmarket.com/1/WOE/730006/730006.jpg,3688,"0,10 €","0,50 €","0,47 €","0,56 €","0,32 €"
Succumb to the Cold,,Uncommon,72,Wilds of Eldraine,https://product-images.s3.cardmarket.com/1/WOE/729881/729881.jpg,9274,"0,02 €","0,11 €","0,11 €","0,13 €","0,10 €"
Sugar Rush,,Common,110,Wilds of Eldraine,https://product-images.s3.cardmarket.com/1/WOE/729897/729897.jpg,8800,"0,02 €","0,05 €","0,09 €","0,05 €","0,11 €"
Swamp,V.1,Land,264,Wilds of Eldraine,https://product-images.s3.cardmarket.com/1/WOE/725337/725337.jpg,1808,"0,20 €","0,71 €","0,64 €","0,74 €","0,98 €"
Swamp,V.2,Land,271,Wilds of Eldraine,https://product-images.s3.cardmarket.com/1/WOE/729730/729730.jpg,4815,"0,02 €","0,17 €","0,13 €","0,14 €","0,19 €"
Swamp,V.3,Land,272,Wilds of Eldraine,https://product-images.s3.cardmarket.com/1/WOE/729927/729927.jpg,5138,"0,02 €","0,11 €","0,12 €","0,14 €","0,19 €"
Sweettooth Witch,,Common,111,Wilds of Eldraine,https://product-images.s3.cardmarket.com/1/WOE/729895/729895.jpg,9460,"0,02 €","0,09 €","0,07 €","0,06 €","0,03 €"
"Syr Armont, the Redeemer",,Uncommon,214,Wilds of Eldraine,https://product-images.s3.cardmarket.com/1/WOE/728097/728097.jpg,11858,"0,02 €","0,07 €","0,04 €","0,06 €","0,05 €"
"Syr Ginger, the Meal Ender",,Rare,252,Wilds of Eldraine,https://product-images.s3.cardmarket.com/1/WOE/728477/728477.jpg,1589,"0,20 €","0,91 €","0,83 €","0,94 €","0,95 €"
Taken by Nightmares,,Uncommon,112,Wilds of Eldraine,https://product-images.s3.cardmarket.com/1/WOE/728053/728053.jpg,10097,"0,02 €","0,07 €","0,06 €","0,06 €","0,02 €"
"Talion, the Kindly Lord",,Mythic,215,Wilds of Eldraine,https://product-images.s3.cardmarket.com/1/WOE/728098/728098.jpg,224,"3,80 €","8,43 €","8,30 €","8,39 €","8,75 €"
Talion's Messenger,,Rare,73,Wilds of Eldraine,https://product-images.s3.cardmarket.com/1/WOE/730008/730008.jpg,2883,"0,09 €","0,19 €","0,24 €","0,24 €","0,05 €"
Tangled Colony,,Rare,113,Wilds of Eldraine,https://product-images.s3.cardmarket.com/1/WOE/729024/729024.jpg,1769,"0,10 €","0,41 €","0,43 €","0,33 €","0,29 €"
Tanglespan Lookout,,Uncommon,188,Wilds of Eldraine,https://product-images.s3.cardmarket.com/1/WOE/729017/729017.jpg,10463,"0,02 €","0,11 €","0,12 €","0,11 €","0,18 €"
Tattered Ratter,,Uncommon,152,Wilds of Eldraine,https://product-images.s3.cardmarket.com/1/WOE/728410/728410.jpg,9855,"0,02 €","0,08 €","0,09 €","0,09 €","0,05 €"
Tempest Hart // Scan the Clouds,,Uncommon,238,Wilds of Eldraine,https://product-images.s3.cardmarket.com/1/WOE/729571/729571.jpg,9403,"0,02 €","0,11 €","0,09 €","0,11 €","0,59 €"
Tenacious Tomeseeker,,Uncommon,74,Wilds of Eldraine,https://product-images.s3.cardmarket.com/1/WOE/728418/728418.jpg,10113,"0,02 €","0,08 €","0,07 €","0,10 €","0,09 €"
Territorial Witchstalker,,Common,189,Wilds of Eldraine,https://product-images.s3.cardmarket.com/1/WOE/728077/728077.jpg,10365,"0,02 €","0,04 €","0,06 €","0,05 €","0,02 €"
The Apprentice's Folly,,Rare,200,Wilds of Eldraine,https://product-images.s3.cardmarket.com/1/WOE/728113/728113.jpg,3757,"0,10 €","0,19 €","0,21 €","0,17 €","0,22 €"
The End,,Rare,87,Wilds of Eldraine,https://product-images.s3.cardmarket.com/1/WOE/728461/728461.jpg,2206,"0,05 €","0,47 €","0,42 €","0,51 €","0,33 €"
The Goose Mother,,Rare,204,Wilds of Eldraine,https://product-images.s3.cardmarket.com/1/WOE/728085/728085.jpg,1347,"0,30 €","0,91 €","0,78 €","0,89 €","0,83 €"
The Huntsman's Redemption,,Rare,176,Wilds of Eldraine,https://product-images.s3.cardmarket.com/1/WOE/728409/728409.jpg,2760,"0,10 €","0,43 €","0,32 €","0,31 €","0,50 €"
The Irencrag,,Rare,248,Wilds of Eldraine,https://product-images.s3.cardmarket.com/1/WOE/729029/729029.jpg,2208,"0,15 €","0,43 €","0,44 €","0,50 €","0,10 €"
The Princess Takes Flight,,Uncommon,23,Wilds of Eldraine,https://product-images.s3.cardmarket.com/1/WOE/729902/729902.jpg,9293,"0,02 €","0,10 €","0,08 €","0,08 €","0,02 €"
The Witch's Vanity,,Uncommon,119,Wilds of Eldraine,https://product-images.s3.cardmarket.com/1/WOE/730005/730005.jpg,7921,"0,02 €","0,05 €","0,09 €","0,05 €","0,10 €"
Threadbind Clique // Rip the Seams,,Uncommon,239,Wilds of Eldraine,https://product-images.s3.cardmarket.com/1/WOE/729031/729031.jpg,9463,"0,02 €","0,10 €","0,11 €","0,10 €","0,05 €"
Three Blind Mice,,Rare,35,Wilds of Eldraine,https://product-images.s3.cardmarket.com/1/WOE/729023/729023.jpg,2417,"0,10 €","0,32 €","0,31 €","0,30 €","0,24 €"
Three Bowls of Porridge,,Uncommon,253,Wilds of Eldraine,https://product-images.s3.cardmarket.com/1/WOE/728106/728106.jpg,9669,"0,02 €","0,09 €","0,08 €","0,10 €","0,02 €"
Thunderous Debut,,Rare,190,Wilds of Eldraine,https://product-images.s3.cardmarket.com/1/WOE/730018/730018.jpg,4799,"0,02 €","0,13 €","0,15 €","0,20 €","0,15 €"
Titanic Growth,,Common,191,Wilds of Eldraine,https://product-images.s3.cardmarket.com/1/WOE/728079/728079.jpg,10276,"0,02 €","0,09 €","0,07 €","0,08 €","0,02 €"
Toadstool Admirer,,Common,192,Wilds of Eldraine,https://product-images.s3.cardmarket.com/1/WOE/729909/729909.jpg,9855,"0,02 €","0,06 €","0,05 €","0,04 €","0,02 €"
Torch the Tower,,Common,153,Wilds of Eldraine,https://product-images.s3.cardmarket.com/1/WOE/728457/728457.jpg,2643,"0,03 €","0,70 €","0,75 €","0,82 €","0,77 €"
"Totentanz, Swarm Piper",,Uncommon,216,Wilds of Eldraine,https://product-images.s3.cardmarket.com/1/WOE/725333/725333.jpg,8367,"0,02 €","0,09 €","0,10 €","0,09 €","0,09 €"
Tough Cookie,,Uncommon,193,Wilds of Eldraine,https://product-images.s3.cardmarket.com/1/WOE/729944/729944.jpg,6620,"0,02 €","0,15 €","0,15 €","0,17 €","0,03 €"
Troublemaker Ouphe,,Common,194,Wilds of Eldraine,https://product-images.s3.cardmarket.com/1/WOE/725332/725332.jpg,2653,"0,02 €","0,27 €","0,37 €","0,26 €","0,27 €"
"Troyan, Gutsy Explorer",,Uncommon,217,Wilds of Eldraine,https://product-images.s3.cardmarket.com/1/WOE/728099/728099.jpg,8594,"0,02 €","0,09 €","0,10 €","0,07 €","0,08 €"
Tuinvale Guide,,Common,36,Wilds of Eldraine,https://product-images.s3.cardmarket.com/1/WOE/728025/728025.jpg,10690,"0,02 €","0,03 €","0,03 €","0,05 €","0,03 €"
Twining Twins // Swift Spiral,,Rare,240,Wilds of Eldraine,https://product-images.s3.cardmarket.com/1/WOE/728468/728468.jpg,3787,"0,07 €","0,18 €","0,19 €","0,17 €","0,15 €"
Twisted Fealty,,Uncommon,154,Wilds of Eldraine,https://product-images.s3.cardmarket.com/1/WOE/728066/728066.jpg,6111,£0.02,"0,21 €","0,23 €","0,17 €","0,20 €"
Twisted Sewer-Witch,,Uncommon,114,Wilds of Eldraine,https://product-images.s3.cardmarket.com/1/WOE/729054/729054.jpg,8290,"0,02 €","0,14 €","0,12 €","0,11 €","0,06 €"
Two-Headed Hunter // Twice the Rage,,Uncommon,155,Wilds of Eldraine,https://product-images.s3.cardmarket.com/1/WOE/728067/728067.jpg,9355,"0,02 €","0,11 €","0,14 €","0,13 €","0,24 €"
Unassuming Sage,,Common,37,Wilds of Eldraine,https://product-images.s3.cardmarket.com/1/WOE/729884/729884.jpg,10635,"0,02 €","0,04 €","0,05 €","0,04 €","0,02 €"
Unruly Catapult,,Common,156,Wilds of Eldraine,https://product-images.s3.cardmarket.com/1/WOE/729042/729042.jpg,6539,"0,02 €","0,10 €","0,12 €","0,10 €","0,16 €"
Up the Beanstalk,,Uncommon,195,Wilds of Eldraine,https://product-images.s3.cardmarket.com/1/WOE/728112/728112.jpg,2196,"0,99 €","1,94 €","1,92 €","1,89 €","2,05 €"
Vantress Transmuter // Croaking Curse,,Common,75,Wilds of Eldraine,https://product-images.s3.cardmarket.com/1/WOE/729883/729883.jpg,9933,"0,02 €","0,04 €","0,06 €","0,03 €","0,02 €"
Verdant Outrider,,Common,196,Wilds of Eldraine,https://product-images.s3.cardmarket.com/1/WOE/729558/729558.jpg,10348,"0,02 €","0,06 €","0,07 €","0,07 €","0,09 €"
Virtue of Courage // Embereth Blaze,,Mythic,157,Wilds of Eldraine,https://product-images.s3.cardmarket.com/1/WOE/729975/729975.jpg,1056,"0,98 €","1,50 €","1,55 €","1,45 €","1,20 €"
Virtue of Knowledge // Vantress Visions,,Mythic,76,Wilds of Eldraine,https://product-images.s3.cardmarket.com/1/WOE/729887/729887.jpg,618,"3,50 €","4,56 €","4,57 €","4,57 €","4,50 €"
Virtue of Loyalty // Ardenvale Fealty,,Mythic,38,Wilds of Eldraine,https://product-images.s3.cardmarket.com/1/WOE/729926/729926.jpg,1059,"4,50 €","6,48 €","6,29 €","6,54 €","5,85 €"
Virtue of Persistence // Locthwain Scorn,,Mythic,115,Wilds of Eldraine,https://product-images.s3.cardmarket.com/1/WOE/729044/729044.jpg,1013,"6,49 €","7,63 €","7,99 €","7,72 €","7,25 €"
Virtue of Strength // Garenbrig Growth,,Mythic,197,Wilds of Eldraine,https://product-images.s3.cardmarket.com/1/WOE/730022/730022.jpg,978,"2,49 €","3,21 €","3,28 €","3,34 €","3,97 €"
Voracious Vermin,,Common,116,Wilds of Eldraine,https://product-images.s3.cardmarket.com/1/WOE/728413/728413.jpg,7100,"0,02 €","0,15 €","0,12 €","0,10 €","0,17 €"
Warehouse Tabby,,Common,117,Wilds of Eldraine,https://product-images.s3.cardmarket.com/1/WOE/729022/729022.jpg,8747,"0,02 €","0,10 €","0,08 €","0,08 €","0,02 €"
Water Wings,,Common,77,Wilds of Eldraine,https://product-images.s3.cardmarket.com/1/WOE/728035/728035.jpg,9314,"0,02 €","0,17 €","0,10 €","0,12 €","0,35 €"
Welcome to Sweettooth,,Uncommon,198,Wilds of Eldraine,https://product-images.s3.cardmarket.com/1/WOE/729933/729933.jpg,8245,"0,02 €","0,15 €","0,13 €","0,12 €","0,04 €"
Werefox Bodyguard,,Rare,39,Wilds of Eldraine,https://product-images.s3.cardmarket.com/1/WOE/728414/728414.jpg,2034,"0,15 €","0,67 €","0,55 €","0,57 €","0,64 €"
Wicked Visitor,,Common,118,Wilds of Eldraine,https://product-images.s3.cardmarket.com/1/WOE/728055/728055.jpg,9077,"0,02 €","0,07 €","0,09 €","0,10 €","0,06 €"
"Will, Scion of Peace",,Mythic,218,Wilds of Eldraine,https://product-images.s3.cardmarket.com/1/WOE/728100/728100.jpg,929,"0,38 €","0,81 €","0,74 €","0,77 €","1,02 €"
Witch's Mark,,Common,158,Wilds of Eldraine,https://product-images.s3.cardmarket.com/1/WOE/729949/729949.jpg,6340,"0,02 €","0,15 €","0,14 €","0,12 €","0,05 €"
Witchstalker Frenzy,,Uncommon,159,Wilds of Eldraine,https://product-images.s3.cardmarket.com/1/WOE/729908/729908.jpg,5017,"0,02 €","0,18 €","0,23 €","0,25 €","0,02 €"
Woodland Acolyte // Mend the Wilds,,Uncommon,241,Wilds of Eldraine,https://product-images.s3.cardmarket.com/1/WOE/729951/729951.jpg,9235,"0,02 €","0,13 €","0,10 €","0,11 €","0,03 €"
"Yenna, Redtooth Regent",,Rare,219,Wilds of Eldraine,https://product-images.s3.cardmarket.com/1/WOE/728101/728101.jpg,567,"0,10 €","1,31 €","1,17 €","1,29 €","1,20 €"
Adaptive Automaton,,Rare,723,Magic: The Gathering Foundations: Starter Collection,https://product-images.s3.cardmarket.com/1/SFDN/796175/796175.jpg,1562,"0,49 €","0,92 €","0,90 €","0,94 €","0,92 €"
Angel of Vitality,,Uncommon,706,Magic: The Gathering Foundations: Starter Collection,https://product-images.s3.cardmarket.com/1/SFDN/796152/796152.jpg,1834,"0,13 €","0,35 €","0,36 €","0,31 €","0,48 €"
Angelic Destiny,,Mythic,565,Magic: The Gathering Foundations: Starter Collection,https://product-images.s3.cardmarket.com/1/SFDN/796502/796502.jpg,1548,"0,99 €","1,45 €","1,45 €","1,48 €","1,53 €"
Arcane Signet,,Uncommon,1,Magic: The Gathering Foundations: Starter Collection,https://product-images.s3.cardmarket.com/1/SFDN/797453/797453.jpg,1337,"0,95 €","1,41 €","1,65 €","1,55 €","1,45 €"
Arcanis the Omnipotent,,Rare,585,Magic: The Gathering Foundations: Starter Collection,https://product-images.s3.cardmarket.com/1/SFDN/795811/795811.jpg,1959,"0,09 €","0,34 €","0,33 €","0,30 €","0,34 €"
Archway Angel,,Uncommon,566,Magic: The Gathering Foundations: Starter Collection,https://product-images.s3.cardmarket.com/1/SFDN/795754/795754.jpg,1953,"0,02 €","0,07 €","0,23 €","0,09 €","0,03 €"
"Aurelia, the Warleader",,Mythic,651,Magic: The Gathering Foundations: Starter Collection,https://product-images.s3.cardmarket.com/1/SFDN/796071/796071.jpg,1350,"7,01 €","7,86 €","8,03 €","7,77 €","7,54 €"
"Ayli, Eternal Pilgrim",,Rare,652,Magic: The Gathering Foundations: Starter Collection,https://product-images.s3.cardmarket.com/1/SFDN/796075/796075.jpg,1791,"0,19 €","0,42 €","0,48 €","0,41 €","0,36 €"
Azorius Guildgate,,Common,683,Magic: The Gathering Foundations: Starter Collection,https://product-images.s3.cardmarket.com/1/SFDN/796129/796129.jpg,1410,"0,05 €","0,16 €","0,19 €","0,14 €","0,08 €"
Ball Lightning,,Rare,618,Magic: The Gathering Foundations: Starter Collection,https://product-images.s3.cardmarket.com/1/SFDN/795929/795929.jpg,1748,"0,15 €","0,38 €","0,48 €","0,49 €","0,54 €"
Ballyrush Banneret,,Common,567,Magic: The Gathering Foundations: Starter Collection,https://product-images.s3.cardmarket.com/1/SFDN/795756/795756.jpg,1794,"0,05 €","0,16 €","0,30 €","0,24 €","0,27 €"
Basilisk Collar,,Rare,669,Magic: The Gathering Foundations: Starter Collection,https://product-images.s3.cardmarket.com/1/SFDN/796109/796109.jpg,1298,"3,00 €","3,53 €","3,53 €","3,40 €","3,45 €"
Bolt Bend,,Uncommon,619,Magic: The Gathering Foundations: Starter Collection,https://product-images.s3.cardmarket.com/1/SFDN/795932/795932.jpg,1325,"2,50 €","3,07 €","3,03 €","3,04 €","3,20 €"
Boros Charm,,Uncommon,721,Magic: The Gathering Foundations: Starter Collection,https://product-images.s3.cardmarket.com/1/SFDN/796171/796171.jpg,1289,"3,80 €","5,10 €","4,99 €","5,07 €","4,94 €"
Boros Guildgate,,Common,684,Magic: The Gathering Foundations: Starter Collection,https://product-images.s3.cardmarket.com/1/SFDN/796130/796130.jpg,1504,"0,05 €","0,14 €","0,21 €","0,11 €","0,25 €"
Charming Prince,,Rare,568,Magic: The Gathering Foundations: Starter Collection,https://product-images.s3.cardmarket.com/1/SFDN/795760/795760.jpg,1511,"0,60 €","1,08 €","1,00 €","0,96 €","0,99 €"
Chart a Course,,Uncommon,586,Magic: The Gathering Foundations: Starter Collection,https://product-images.s3.cardmarket.com/1/SFDN/795815/795815.jpg,1774,£0.05,"0,17 €","0,31 €","0,22 €","0,24 €"
Circuitous Route,,Uncommon,635,Magic: The Gathering Foundations: Starter Collection,https://product-images.s3.cardmarket.com/1/SFDN/796015/796015.jpg,1970,"0,10 €","0,42 €","0,32 €","0,29 €","0,52 €"
Cloudblazer,,Uncommon,653,Magic: The Gathering Foundations: Starter Collection,https://product-images.s3.cardmarket.com/1/SFDN/796078/796078.jpg,1862,"0,02 €","0,14 €","0,14 €","0,16 €","0,10 €"
Command Tower,,Common,3,Magic: The Gathering Foundations: Starter Collection,https://product-images.s3.cardmarket.com/1/SFDN/796501/796501.jpg,1504,"0,55 €","1,02 €","1,16 €","1,00 €","0,98 €"
Confiscate,,Uncommon,709,Magic: The Gathering Foundations: Starter Collection,https://product-images.s3.cardmarket.com/1/SFDN/796155/796155.jpg,2000,"0,05 €","0,17 €","0,25 €","0,17 €","0,10 €"
Crash Through,,Common,620,Magic: The Gathering Foundations: Starter Collection,https://product-images.s3.cardmarket.com/1/SFDN/795934/795934.jpg,1756,"0,09 €","0,16 €","0,29 €","0,19 €","0,21 €"
Crawling Barrens,,Rare,685,Magic: The Gathering Foundations: Starter Collection,https://product-images.s3.cardmarket.com/1/SFDN/796131/796131.jpg,1799,"0,10 €","0,19 €","0,19 €","0,18 €","0,25 €"
Crusader of Odric,,Common,569,Magic: The Gathering Foundations: Starter Collection,https://product-images.s3.cardmarket.com/1/SFDN/795761/795761.jpg,1584,"0,02 €","0,10 €","0,13 €","0,10 €","0,10 €"
Cryptic Caves,,Uncommon,686,Magic: The Gathering Foundations: Starter Collection,https://product-images.s3.cardmarket.com/1/SFDN/796132/796132.jpg,1850,£0.07,"0,16 €","0,16 €","0,14 €","0,19 €"
Cultivator's Caravan,,Rare,670,Magic: The Gathering Foundations: Starter Collection,https://product-images.s3.cardmarket.com/1/SFDN/796112/796112.jpg,1966,"0,05 €","0,10 €","0,13 €","0,12 €","0,09 €"
Darksteel Colossus,,Mythic,671,Magic: The Gathering Foundations: Starter Collection,https://product-images.s3.cardmarket.com/1/SFDN/796115/796115.jpg,1805,"1,07 €","1,77 €","1,79 €","1,77 €","1,66 €"
Dawnwing Marshal,,Uncommon,570,Magic: The Gathering Foundations: Starter Collection,https://product-images.s3.cardmarket.com/1/SFDN/795762/795762.jpg,1797,"0,06 €","0,25 €","0,29 €","0,22 €","0,10 €"
Deadly Brew,,Uncommon,654,Magic: The Gathering Foundations: Starter Collection,https://product-images.s3.cardmarket.com/1/SFDN/796080/796080.jpg,1837,"0,08 €","0,23 €","0,23 €","0,24 €","0,17 €"
Deathmark,,Uncommon,601,Magic: The Gathering Foundations: Starter Collection,https://product-images.s3.cardmarket.com/1/SFDN/795877/795877.jpg,1860,"0,05 €","0,22 €","0,33 €","0,24 €","0,15 €"
Demolition Field,,Uncommon,687,Magic: The Gathering Foundations: Starter Collection,https://product-images.s3.cardmarket.com/1/SFDN/796133/796133.jpg,1570,"0,20 €","0,34 €","0,40 €","0,34 €","0,39 €"
Demonic Pact,,Mythic,602,Magic: The Gathering Foundations: Starter Collection,https://product-images.s3.cardmarket.com/1/SFDN/795880/795880.jpg,1900,"0,50 €","1,00 €","1,01 €","1,00 €","1,00 €"
Desecration Demon,,Rare,603,Magic: The Gathering Foundations: Starter Collection,https://product-images.s3.cardmarket.com/1/SFDN/795883/795883.jpg,1868,£0.10,"0,41 €","0,34 €","0,33 €","0,99 €"
Devout Decree,,Uncommon,571,Magic: The Gathering Foundations: Starter Collection,https://product-images.s3.cardmarket.com/1/SFDN/795765/795765.jpg,1869,"0,05 €","0,26 €","0,33 €","0,40 €","0,10 €"
Diamond Mare,,Uncommon,672,Magic: The Gathering Foundations: Starter Collection,https://product-images.s3.cardmarket.com/1/SFDN/796118/796118.jpg,1857,"0,07 €","0,14 €","0,18 €","0,14 €","0,25 €"
Dictate of Kruphix,,Rare,587,Magic: The Gathering Foundations: Starter Collection,https://product-images.s3.cardmarket.com/1/SFDN/795822/795822.jpg,1232,"0,47 €","0,74 €","0,63 €","0,59 €","0,75 €"
Dimir Guildgate,,Common,688,Magic: The Gathering Foundations: Starter Collection,https://product-images.s3.cardmarket.com/1/SFDN/796134/796134.jpg,1486,"0,05 €","0,11 €","0,16 €","0,09 €","0,05 €"
Disenchant,,Common,572,Magic: The Gathering Foundations: Starter Collection,https://product-images.s3.cardmarket.com/1/SFDN/795766/795766.jpg,1829,"0,05 €","0,19 €","0,19 €","0,14 €","0,14 €"
Dive Down,,Common,588,Magic: The Gathering Foundations: Starter Collection,https://product-images.s3.cardmarket.com/1/SFDN/795826/795826.jpg,1754,"0,05 €","0,22 €","0,30 €","0,18 €","0,22 €"
Dragon Mage,,Uncommon,621,Magic: The Gathering Foundations: Starter Collection,https://product-images.s3.cardmarket.com/1/SFDN/795937/795937.jpg,1764,"0,05 €","0,19 €","0,19 €","0,17 €","0,09 €"
Dragonmaster Outcast,,Mythic,622,Magic: The Gathering Foundations: Starter Collection,https://product-images.s3.cardmarket.com/1/SFDN/795949/795949.jpg,1820,£0.20,"0,46 €","0,41 €","0,43 €","0,45 €"
Dread Summons,,Rare,604,Magic: The Gathering Foundations: Starter Collection,https://product-images.s3.cardmarket.com/1/SFDN/795888/795888.jpg,1961,"0,10 €","0,24 €","0,26 €","0,26 €","0,35 €"
Driver of the Dead,,Common,605,Magic: The Gathering Foundations: Starter Collection,https://product-images.s3.cardmarket.com/1/SFDN/795891/795891.jpg,1567,"0,02 €","0,08 €","0,16 €","0,11 €","0,10 €"
Drogskol Reaver,,Rare,655,Magic: The Gathering Foundations: Starter Collection,https://product-images.s3.cardmarket.com/1/SFDN/796082/796082.jpg,1692,"0,25 €","0,63 €","0,71 €","0,62 €","0,95 €"
Dryad Militant,,Uncommon,656,Magic: The Gathering Foundations: Starter Collection,https://product-images.s3.cardmarket.com/1/SFDN/796084/796084.jpg,1782,"0,04 €","0,23 €","0,35 €","0,25 €","0,35 €"
Duress,,Common,606,Magic: The Gathering Foundations: Starter Collection,https://product-images.s3.cardmarket.com/1/SFDN/795893/795893.jpg,1655,"0,10 €","0,37 €","0,39 €","0,31 €","0,25 €"
Enigma Drake,,Uncommon,657,Magic: The Gathering Foundations: Starter Collection,https://product-images.s3.cardmarket.com/1/SFDN/796085/796085.jpg,1895,"0,06 €","0,19 €","0,25 €","0,12 €","0,09 €"
Expedition Map,,Common,724,Magic: The Gathering Foundations: Starter Collection,https://product-images.s3.cardmarket.com/1/SFDN/796177/796177.jpg,1577,"0,80 €","1,15 €","1,25 €","1,13 €","1,32 €"
Feed the Swarm,,Common,712,Magic: The Gathering Foundations: Starter Collection,https://product-images.s3.cardmarket.com/1/SFDN/796158/796158.jpg,1665,"0,24 €","0,37 €","0,37 €","0,39 €","0,36 €"
Feldon's Cane,,Uncommon,673,Magic: The Gathering Foundations: Starter Collection,https://product-images.s3.cardmarket.com/1/SFDN/796119/796119.jpg,1575,"0,12 €","0,40 €","0,43 €","0,36 €","0,36 €"
Felidar Cub,,Common,573,Magic: The Gathering Foundations: Starter Collection,https://product-images.s3.cardmarket.com/1/SFDN/795769/795769.jpg,1770,"0,05 €","0,17 €","0,19 €","0,17 €","0,05 €"
Felidar Retreat,,Rare,574,Magic: The Gathering Foundations: Starter Collection,https://product-images.s3.cardmarket.com/1/SFDN/795771/795771.jpg,984,"1,00 €","1,58 €","1,41 €","1,49 €","1,45 €"
Fierce Empath,,Common,636,Magic: The Gathering Foundations: Starter Collection,https://product-images.s3.cardmarket.com/1/SFDN/796019/796019.jpg,1524,£0.05,"0,14 €","0,18 €","0,16 €","0,10 €"
Finale of Revelation,,Mythic,589,Magic: The Gathering Foundations: Starter Collection,https://product-images.s3.cardmarket.com/1/SFDN/795829/795829.jpg,1799,"0,10 €","0,31 €","0,26 €","0,34 €","0,21 €"
Fireshrieker,,Uncommon,674,Magic: The Gathering Foundations: Starter Collection,https://product-images.s3.cardmarket.com/1/SFDN/796120/796120.jpg,1295,"0,09 €","0,22 €","0,11 €","0,10 €","0,08 €"
Flashfreeze,,Uncommon,590,Magic: The Gathering Foundations: Starter Collection,https://product-images.s3.cardmarket.com/1/SFDN/795837/795837.jpg,1827,"0,02 €","0,18 €","0,32 €","0,20 €","0,35 €"
Fog Bank,,Uncommon,591,Magic: The Gathering Foundations: Starter Collection,https://product-images.s3.cardmarket.com/1/SFDN/795840/795840.jpg,1790,"0,10 €","0,25 €","0,19 €","0,29 €","0,25 €"
Fumigate,,Rare,575,Magic: The Gathering Foundations: Starter Collection,https://product-images.s3.cardmarket.com/1/SFDN/795773/795773.jpg,1799,"0,14 €","0,27 €","0,22 €","0,21 €","0,25 €"
"Fynn, the Fangbearer",,Uncommon,637,Magic: The Gathering Foundations: Starter Collection,https://product-images.s3.cardmarket.com/1/SFDN/796022/796022.jpg,1796,"0,08 €","0,16 €","0,22 €","0,15 €","0,25 €"
"Garna, Bloodfist of Keld",,Uncommon,658,Magic: The Gathering Foundations: Starter Collection,https://product-images.s3.cardmarket.com/1/SFDN/796086/796086.jpg,1958,"0,07 €","0,21 €","0,23 €","0,17 €","0,09 €"
Gate Colossus,,Uncommon,675,Magic: The Gathering Foundations: Starter Collection,https://product-images.s3.cardmarket.com/1/SFDN/796121/796121.jpg,1641,"0,03 €","0,11 €","0,13 €","0,11 €","0,12 €"
Gatekeeper of Malakir,,Uncommon,713,Magic: The Gathering Foundations: Starter Collection,https://product-images.s3.cardmarket.com/1/SFDN/796159/796159.jpg,1907,"0,10 €","0,19 €","0,44 €","0,20 €","0,49 €"
Gateway Sneak,,Uncommon,592,Magic: The Gathering Foundations: Starter Collection,https://product-images.s3.cardmarket.com/1/SFDN/795844/795844.jpg,1931,"0,02 €","0,11 €","0,14 €","0,13 €","0,20 €"
Ghitu Lavarunner,,Common,623,Magic: The Gathering Foundations: Starter Collection,https://product-images.s3.cardmarket.com/1/SFDN/795978/795978.jpg,2985,"0,02 €","0,18 €","0,21 €","0,11 €","0,02 €"
Giant Cindermaw,,Uncommon,624,Magic: The Gathering Foundations: Starter Collection,https://product-images.s3.cardmarket.com/1/SFDN/795980/795980.jpg,1860,"0,04 €","0,18 €","0,21 €","0,13 €","0,05 €"
Gigantosaurus,,Rare,718,Magic: The Gathering Foundations: Starter Collection,https://product-images.s3.cardmarket.com/1/SFDN/796164/796164.jpg,1906,"0,95 €","1,77 €","1,78 €","1,72 €","1,46 €"
Gilded Lotus,,Rare,725,Magic: The Gathering Foundations: Starter Collection,https://product-images.s3.cardmarket.com/1/SFDN/796178/796178.jpg,1622,"0,40 €","0,82 €","0,87 €","0,82 €","0,75 €"
Gnarlback Rhino,,Uncommon,638,Magic: The Gathering Foundations: Starter Collection,https://product-images.s3.cardmarket.com/1/SFDN/796025/796025.jpg,1911,"0,04 €","0,13 €","0,14 €","0,12 €","0,18 €"
Golgari Guildgate,,Common,689,Magic: The Gathering Foundations: Starter Collection,https://product-images.s3.cardmarket.com/1/SFDN/796135/796135.jpg,1417,"0,05 €","0,14 €","0,15 €","0,14 €","0,05 €"
Gratuitous Violence,,Rare,715,Magic: The Gathering Foundations: Starter Collection,https://product-images.s3.cardmarket.com/1/SFDN/796161/796161.jpg,1897,"0,35 €","0,83 €","0,84 €","0,94 €","0,80 €"
Gruul Guildgate,,Common,690,Magic: The Gathering Foundations: Starter Collection,https://product-images.s3.cardmarket.com/1/SFDN/796136/796136.jpg,1492,"0,02 €","0,17 €","0,15 €","0,15 €","0,14 €"
Guttersnipe,,Uncommon,716,Magic: The Gathering Foundations: Starter Collection,https://product-images.s3.cardmarket.com/1/SFDN/796162/796162.jpg,1679,"0,08 €","0,30 €","0,33 €","0,32 €","0,34 €"
"Halana and Alena, Partners",,Rare,659,Magic: The Gathering Foundations: Starter Collection,https://product-images.s3.cardmarket.com/1/SFDN/796087/796087.jpg,1632,"0,48 €","0,96 €","0,81 €","0,73 €","0,94 €"
Harbinger of the Tides,,Rare,593,Magic: The Gathering Foundations: Starter Collection,https://product-images.s3.cardmarket.com/1/SFDN/795847/795847.jpg,2025,£0.10,"0,23 €","0,32 €","0,28 €","0,17 €"
Harmless Offering,,Rare,625,Magic: The Gathering Foundations: Starter Collection,https://product-images.s3.cardmarket.com/1/SFDN/795985/795985.jpg,1738,"0,14 €","0,32 €","0,28 €","0,25 €","0,40 €"
Hedron Archive,,Uncommon,726,Magic: The Gathering Foundations: Starter Collection,https://product-images.s3.cardmarket.com/1/SFDN/796179/796179.jpg,1793,"0,10 €","0,17 €","0,26 €","0,21 €","0,16 €"
Heroes' Bane,,Rare,639,Magic: The Gathering Foundations: Starter Collection,https://product-images.s3.cardmarket.com/1/SFDN/796029/796029.jpg,1991,"0,07 €","0,24 €","0,22 €","0,32 €","0,10 €"
Hinterland Sanctifier,,Common,730,Magic: The Gathering Foundations: Starter Collection,https://product-images.s3.cardmarket.com/1/SFDN/796182/796182.jpg,4418,"0,43 €","0,73 €","0,87 €","0,93 €","0,65 €"
Hoarding Dragon,,Uncommon,626,Magic: The Gathering Foundations: Starter Collection,https://product-images.s3.cardmarket.com/1/SFDN/795988/795988.jpg,1893,"0,06 €","0,11 €","0,15 €","0,11 €","0,20 €"
Immersturm Predator,,Rare,660,Magic: The Gathering Foundations: Starter Collection,https://product-images.s3.cardmarket.com/1/SFDN/796088/796088.jpg,1933,"0,09 €","0,16 €","0,20 €","0,16 €","0,18 €"
Impact Tremors,,Common,717,Magic: The Gathering Foundations: Starter Collection,https://product-images.s3.cardmarket.com/1/SFDN/796163/796163.jpg,1290,"1,60 €","2,15 €","2,35 €","2,20 €","1,95 €"
Imperious Perfect,,Uncommon,719,Magic: The Gathering Foundations: Starter Collection,https://product-images.s3.cardmarket.com/1/SFDN/796165/796165.jpg,2826,"0,10 €","0,28 €","0,27 €","0,30 €","0,30 €"
Izzet Guildgate,,Common,691,Magic: The Gathering Foundations: Starter Collection,https://product-images.s3.cardmarket.com/1/SFDN/796137/796137.jpg,1469,"0,05 €","0,22 €","0,21 €","0,41 €","0,05 €"
Kalastria Highborn,,Rare,607,Magic: The Gathering Foundations: Starter Collection,https://product-images.s3.cardmarket.com/1/SFDN/795896/795896.jpg,1965,£0.10,"0,50 €","0,51 €","0,47 €","0,55 €"
Knight of Grace,,Uncommon,576,Magic: The Gathering Foundations: Starter Collection,https://product-images.s3.cardmarket.com/1/SFDN/795776/795776.jpg,1808,"0,03 €","0,26 €","0,21 €","0,28 €","0,49 €"
Knight of Malice,,Uncommon,608,Magic: The Gathering Foundations: Starter Collection,https://product-images.s3.cardmarket.com/1/SFDN/795899/795899.jpg,1849,"0,02 €","0,28 €","0,25 €","0,30 €","0,49 €"
"Lathliss, Dragon Queen",,Rare,627,Magic: The Gathering Foundations: Starter Collection,https://product-images.s3.cardmarket.com/1/SFDN/795991/795991.jpg,1873,£0.20,"0,86 €","0,73 €","0,73 €","2,10 €"
"Linden, the Steadfast Queen",,Rare,577,Magic: The Gathering Foundations: Starter Collection,https://product-images.s3.cardmarket.com/1/SFDN/795778/795778.jpg,1862,£0.10,"0,30 €","0,27 €","0,27 €","0,15 €"
Lyra Dawnbringer,,Mythic,707,Magic: The Gathering Foundations: Starter Collection,https://product-images.s3.cardmarket.com/1/SFDN/796153/796153.jpg,1675,"2,48 €","3,14 €","3,32 €","3,26 €","2,48 €"
Maelstrom Pulse,,Rare,661,Magic: The Gathering Foundations: Starter Collection,https://product-images.s3.cardmarket.com/1/SFDN/796091/796091.jpg,1890,"0,17 €","0,41 €","0,36 €","0,40 €","0,88 €"
Make a Stand,,Uncommon,708,Magic: The Gathering Foundations: Starter Collection,https://product-images.s3.cardmarket.com/1/SFDN/796154/796154.jpg,1967,"0,09 €","0,24 €","0,23 €","0,25 €","0,19 €"
Massacre Wurm,,Mythic,714,Magic: The Gathering Foundations: Starter Collection,https://product-images.s3.cardmarket.com/1/SFDN/796160/796160.jpg,1384,"1,78 €","2,45 €","2,49 €","2,47 €","2,35 €"
Mazemind Tome,,Rare,676,Magic: The Gathering Foundations: Starter Collection,https://product-images.s3.cardmarket.com/1/SFDN/796122/796122.jpg,1760,"0,10 €","0,25 €","0,30 €","0,25 €","0,35 €"
Maze's End,,Mythic,727,Magic: The Gathering Foundations: Starter Collection,https://product-images.s3.cardmarket.com/1/SFDN/796181/796181.jpg,1816,"0,80 €","1,21 €","1,37 €","1,22 €","1,57 €"
Mentor of the Meek,,Rare,578,Magic: The Gathering Foundations: Starter Collection,https://product-images.s3.cardmarket.com/1/SFDN/795785/795785.jpg,1439,"0,09 €","0,16 €","0,12 €","0,11 €","0,12 €"
Midnight Reaper,,Rare,609,Magic: The Gathering Foundations: Starter Collection,https://product-images.s3.cardmarket.com/1/SFDN/795902/795902.jpg,1770,"0,10 €","0,23 €","0,27 €","0,25 €","0,35 €"
Mindsparker,,Uncommon,628,Magic: The Gathering Foundations: Starter Collection,https://product-images.s3.cardmarket.com/1/SFDN/795995/795995.jpg,1935,"0,04 €","0,19 €","0,24 €","0,24 €","0,10 €"
Mold Adder,,Uncommon,640,Magic: The Gathering Foundations: Starter Collection,https://product-images.s3.cardmarket.com/1/SFDN/796033/796033.jpg,1771,"0,05 €","0,22 €","0,22 €","0,20 €","0,18 €"
Mortify,,Uncommon,662,Magic: The Gathering Foundations: Starter Collection,https://product-images.s3.cardmarket.com/1/SFDN/796094/796094.jpg,1753,"0,10 €","0,18 €","0,29 €","0,23 €","0,15 €"
Myojin of Night's Reach,,Rare,610,Magic: The Gathering Foundations: Starter Collection,https://product-images.s3.cardmarket.com/1/SFDN/795905/795905.jpg,1976,"0,19 €","0,52 €","0,48 €","0,53 €","0,49 €"
Mystical Teachings,,Uncommon,594,Magic: The Gathering Foundations: Starter Collection,https://product-images.s3.cardmarket.com/1/SFDN/795850/795850.jpg,1826,"0,08 €","0,13 €","0,27 €","0,16 €","0,08 €"
Negate,,Common,710,Magic: The Gathering Foundations: Starter Collection,https://product-images.s3.cardmarket.com/1/SFDN/796156/796156.jpg,1674,"0,10 €","0,26 €","0,26 €","0,25 €","0,25 €"
Nullpriest of Oblivion,,Rare,611,Magic: The Gathering Foundations: Starter Collection,https://product-images.s3.cardmarket.com/1/SFDN/795908/795908.jpg,1724,"0,19 €","0,34 €","0,31 €","0,27 €","0,36 €"
Obliterating Bolt,,Uncommon,629,Magic: The Gathering Foundations: Starter Collection,https://product-images.s3.cardmarket.com/1/SFDN/795997/795997.jpg,1632,"0,10 €","0,36 €","0,34 €","0,32 €","0,10 €"
Ordeal of Nylea,,Uncommon,641,Magic: The Gathering Foundations: Starter Collection,https://product-images.s3.cardmarket.com/1/SFDN/796036/796036.jpg,1887,"0,08 €","0,16 €","0,25 €","0,15 €","0,10 €"
Orzhov Guildgate,,Common,692,Magic: The Gathering Foundations: Starter Collection,https://product-images.s3.cardmarket.com/1/SFDN/796138/796138.jpg,1452,"0,05 €","0,12 €","0,13 €","0,10 €","0,05 €"
"Ovika, Enigma Goliath",,Rare,663,Magic: The Gathering Foundations: Starter Collection,https://product-images.s3.cardmarket.com/1/SFDN/796096/796096.jpg,1915,"0,08 €","0,20 €","0,19 €","0,21 €","0,10 €"
Pelakka Wurm,,Uncommon,720,Magic: The Gathering Foundations: Starter Collection,https://product-images.s3.cardmarket.com/1/SFDN/796169/796169.jpg,1960,"0,05 €","0,17 €","0,20 €","0,19 €","0,10 €"
Predator Ooze,,Rare,642,Magic: The Gathering Foundations: Starter Collection,https://product-images.s3.cardmarket.com/1/SFDN/796039/796039.jpg,1956,£0.10,"0,33 €","0,36 €","0,35 €","0,17 €"
Primal Might,,Rare,643,Magic: The Gathering Foundations: Starter Collection,https://product-images.s3.cardmarket.com/1/SFDN/796042/796042.jpg,1962,"0,08 €","0,16 €","0,20 €","0,15 €","0,10 €"
Prime Speaker Zegana,,Rare,664,Magic: The Gathering Foundations: Starter Collection,https://product-images.s3.cardmarket.com/1/SFDN/796099/796099.jpg,1854,"0,09 €","0,21 €","0,26 €","0,23 €","0,27 €"
Primeval Bounty,,Mythic,644,Magic: The Gathering Foundations: Starter Collection,https://product-images.s3.cardmarket.com/1/SFDN/796044/796044.jpg,1776,"0,24 €","0,44 €","0,42 €","0,46 €","0,52 €"
Pulse Tracker,,Common,612,Magic: The Gathering Foundations: Starter Collection,https://product-images.s3.cardmarket.com/1/SFDN/795911/795911.jpg,1897,"0,06 €","0,18 €","0,32 €","0,22 €","0,25 €"
Pyromancer's Goggles,,Mythic,677,Magic: The Gathering Foundations: Starter Collection,https://product-images.s3.cardmarket.com/1/SFDN/796123/796123.jpg,1651,"0,77 €","1,05 €","0,92 €","0,92 €","0,98 €"
Rakdos Guildgate,,Common,693,Magic: The Gathering Foundations: Starter Collection,https://product-images.s3.cardmarket.com/1/SFDN/796139/796139.jpg,1467,"0,05 €","0,12 €","0,14 €","0,08 €","0,05 €"
"Ramos, Dragon Engine",,Mythic,678,Magic: The Gathering Foundations: Starter Collection,https://product-images.s3.cardmarket.com/1/SFDN/796124/796124.jpg,1820,"1,01 €","1,42 €","1,69 €","1,43 €","0,97 €"
Rampaging Baloths,,Rare,645,Magic: The Gathering Foundations: Starter Collection,https://product-images.s3.cardmarket.com/1/SFDN/796046/796046.jpg,1652,"0,27 €","0,39 €","0,37 €","0,39 €","0,30 €"
Ravenous Giant,,Uncommon,630,Magic: The Gathering Foundations: Starter Collection,https://product-images.s3.cardmarket.com/1/SFDN/796000/796000.jpg,1641,"0,02 €","0,07 €","0,08 €","0,08 €","0,10 €"
Redcap Gutter-Dweller,,Rare,631,Magic: The Gathering Foundations: Starter Collection,https://product-images.s3.cardmarket.com/1/SFDN/796003/796003.jpg,2010,"0,04 €","0,20 €","0,17 €","0,18 €","0,20 €"
Regal Caracal,,Rare,579,Magic: The Gathering Foundations: Starter Collection,https://product-images.s3.cardmarket.com/1/SFDN/795788/795788.jpg,1862,"0,36 €","0,73 €","0,90 €","0,84 €","0,75 €"
Release the Dogs,,Uncommon,580,Magic: The Gathering Foundations: Starter Collection,https://product-images.s3.cardmarket.com/1/SFDN/795790/795790.jpg,1875,"0,04 €","0,25 €","0,22 €","0,13 €","0,18 €"
Rite of Replication,,Rare,711,Magic: The Gathering Foundations: Starter Collection,https://product-images.s3.cardmarket.com/1/SFDN/796157/796157.jpg,2000,"0,18 €","0,47 €","0,56 €","0,45 €","0,50 €"
River's Rebuke,,Rare,595,Magic: The Gathering Foundations: Starter Collection,https://product-images.s3.cardmarket.com/1/SFDN/795854/795854.jpg,1659,£0.20,"0,63 €","0,60 €","0,53 €","0,74 €"
Sanguine Indulgence,,Common,613,Magic: The Gathering Foundations: Starter Collection,https://product-images.s3.cardmarket.com/1/SFDN/795913/795913.jpg,1861,"0,02 €","0,09 €","0,16 €","0,12 €","0,18 €"
Savage Ventmaw,,Uncommon,665,Magic: The Gathering Foundations: Starter Collection,https://product-images.s3.cardmarket.com/1/SFDN/796101/796101.jpg,1055,"0,30 €","0,55 €","0,43 €","0,40 €","0,46 €"
Selesnya Guildgate,,Common,694,Magic: The Gathering Foundations: Starter Collection,https://product-images.s3.cardmarket.com/1/SFDN/796140/796140.jpg,1473,"0,05 €","0,17 €","0,16 €","0,15 €","0,05 €"
Shipwreck Dowser,,Uncommon,596,Magic: The Gathering Foundations: Starter Collection,https://product-images.s3.cardmarket.com/1/SFDN/795856/795856.jpg,1611,"0,02 €","0,13 €","0,12 €","0,15 €","0,02 €"
Simic Guildgate,,Common,695,Magic: The Gathering Foundations: Starter Collection,https://product-images.s3.cardmarket.com/1/SFDN/796141/796141.jpg,1459,"0,05 €","0,15 €","0,19 €","0,09 €","0,09 €"
Sol Ring,,Uncommon,2,Magic: The Gathering Foundations: Starter Collection,https://product-images.s3.cardmarket.com/1/SFDN/796500/796500.jpg,1412,"1,49 €","1,85 €","1,87 €","1,98 €","1,88 €"
Sorcerous Spyglass,,Uncommon,679,Magic: The Gathering Foundations: Starter Collection,https://product-images.s3.cardmarket.com/1/SFDN/796125/796125.jpg,2121,"0,04 €","0,12 €","0,15 €","0,10 €","0,25 €"
Soul-Guide Lantern,,Uncommon,680,Magic: The Gathering Foundations: Starter Collection,https://product-images.s3.cardmarket.com/1/SFDN/796126/796126.jpg,1788,"0,08 €","0,17 €","0,21 €","0,20 €","0,25 €"
Sphinx of the Final Word,,Mythic,597,Magic: The Gathering Foundations: Starter Collection,https://product-images.s3.cardmarket.com/1/SFDN/795859/795859.jpg,1934,"0,24 €","0,48 €","0,45 €","0,41 €","0,99 €"
Springbloom Druid,,Common,646,Magic: The Gathering Foundations: Starter Collection,https://product-images.s3.cardmarket.com/1/SFDN/796050/796050.jpg,1744,"0,10 €","0,21 €","0,45 €","0,22 €","0,10 €"
Stasis Snare,,Uncommon,581,Magic: The Gathering Foundations: Starter Collection,https://product-images.s3.cardmarket.com/1/SFDN/795793/795793.jpg,2938,"0,02 €","0,10 €","0,13 €","0,11 €","0,10 €"
Steel Hellkite,,Rare,681,Magic: The Gathering Foundations: Starter Collection,https://product-images.s3.cardmarket.com/1/SFDN/796127/796127.jpg,1877,"0,10 €","0,18 €","0,20 €","0,17 €","0,16 €"
Stromkirk Noble,,Rare,632,Magic: The Gathering Foundations: Starter Collection,https://product-images.s3.cardmarket.com/1/SFDN/796006/796006.jpg,1995,"0,09 €","0,24 €","0,26 €","0,20 €","0,14 €"
"Surrak, the Hunt Caller",,Rare,647,Magic: The Gathering Foundations: Starter Collection,https://product-images.s3.cardmarket.com/1/SFDN/796054/796054.jpg,1909,"0,08 €","0,24 €","0,23 €","0,21 €","0,62 €"
"Syr Alin, the Lion's Claw",,Uncommon,582,Magic: The Gathering Foundations: Starter Collection,https://product-images.s3.cardmarket.com/1/SFDN/795796/795796.jpg,1940,"0,02 €","0,06 €","0,12 €","0,08 €","0,04 €"
Taurean Mauler,,Rare,633,Magic: The Gathering Foundations: Starter Collection,https://product-images.s3.cardmarket.com/1/SFDN/796008/796008.jpg,1585,"0,67 €","0,90 €","0,80 €","0,74 €","0,99 €"
Teach by Example,,Uncommon,666,Magic: The Gathering Foundations: Starter Collection,https://product-images.s3.cardmarket.com/1/SFDN/796103/796103.jpg,1909,"0,02 €","0,20 €","0,19 €","0,12 €","0,25 €"
Tempest Djinn,,Rare,598,Magic: The Gathering Foundations: Starter Collection,https://product-images.s3.cardmarket.com/1/SFDN/795862/795862.jpg,1999,"0,09 €","0,19 €","0,25 €","0,20 €","0,15 €"
Temple of Abandon,,Rare,696,Magic: The Gathering Foundations: Starter Collection,https://product-images.s3.cardmarket.com/1/SFDN/796142/796142.jpg,1788,"0,09 €","0,18 €","0,19 €","0,17 €","0,25 €"
Temple of Deceit,,Rare,697,Magic: The Gathering Foundations: Starter Collection,https://product-images.s3.cardmarket.com/1/SFDN/796143/796143.jpg,1730,"0,09 €","0,16 €","0,22 €","0,21 €","0,20 €"
Temple of Enlightenment,,Rare,698,Magic: The Gathering Foundations: Starter Collection,https://product-images.s3.cardmarket.com/1/SFDN/796144/796144.jpg,1789,"0,09 €","0,15 €","0,22 €","0,16 €","0,10 €"
Temple of Epiphany,,Rare,699,Magic: The Gathering Foundations: Starter Collection,https://product-images.s3.cardmarket.com/1/SFDN/796145/796145.jpg,1784,"0,09 €","0,23 €","0,26 €","0,15 €","0,18 €"
Temple of Malady,,Rare,700,Magic: The Gathering Foundations: Starter Collection,https://product-images.s3.cardmarket.com/1/SFDN/796146/796146.jpg,1804,"0,08 €","0,14 €","0,22 €","0,19 €","0,10 €"
Temple of Malice,,Rare,701,Magic: The Gathering Foundations: Starter Collection,https://product-images.s3.cardmarket.com/1/SFDN/796147/796147.jpg,1668,"0,09 €","0,21 €","0,21 €","0,21 €","0,17 €"
Temple of Mystery,,Rare,702,Magic: The Gathering Foundations: Starter Collection,https://product-images.s3.cardmarket.com/1/SFDN/796148/796148.jpg,1826,"0,08 €","0,07 €","0,25 €","0,16 €","0,09 €"
Temple of Plenty,,Rare,703,Magic: The Gathering Foundations: Starter Collection,https://product-images.s3.cardmarket.com/1/SFDN/796149/796149.jpg,1770,"0,09 €","0,15 €","0,19 €","0,18 €","0,25 €"
Temple of Silence,,Rare,704,Magic: The Gathering Foundations: Starter Collection,https://product-images.s3.cardmarket.com/1/SFDN/796150/796150.jpg,1798,£0.10,"0,27 €","0,23 €","0,26 €","0,44 €"
Temple of Triumph,,Rare,705,Magic: The Gathering Foundations: Starter Collection,https://product-images.s3.cardmarket.com/1/SFDN/796151/796151.jpg,1844,"0,09 €","0,16 €","0,23 €","0,19 €","0,10 €"
Three Tree Mascot,,Common,682,Magic: The Gathering Foundations: Starter Collection,https://product-images.s3.cardmarket.com/1/SFDN/796128/796128.jpg,1881,"0,02 €","0,27 €","0,19 €","0,30 €","0,89 €"
Tribute to Hunger,,Uncommon,614,Magic: The Gathering Foundations: Starter Collection,https://product-images.s3.cardmarket.com/1/SFDN/795916/795916.jpg,1842,"0,05 €","0,28 €","0,35 €","0,24 €","0,20 €"
Trygon Predator,,Uncommon,667,Magic: The Gathering Foundations: Starter Collection,https://product-images.s3.cardmarket.com/1/SFDN/796106/796106.jpg,1590,"0,02 €","0,11 €","0,15 €","0,13 €","0,02 €"
Unflinching Courage,,Uncommon,722,Magic: The Gathering Foundations: Starter Collection,https://product-images.s3.cardmarket.com/1/SFDN/796173/796173.jpg,1934,"0,09 €","0,17 €","0,22 €","0,18 €","0,15 €"
Unsummon,,Common,599,Magic: The Gathering Foundations: Starter Collection,https://product-images.s3.cardmarket.com/1/SFDN/795867/795867.jpg,1674,"0,05 €","0,27 €","0,36 €","0,28 €","0,25 €"
Valorous Stance,,Uncommon,583,Magic: The Gathering Foundations: Starter Collection,https://product-images.s3.cardmarket.com/1/SFDN/795805/795805.jpg,1928,"0,04 €","0,17 €","0,20 €","0,18 €","0,18 €"
Vampiric Rites,,Uncommon,615,Magic: The Gathering Foundations: Starter Collection,https://product-images.s3.cardmarket.com/1/SFDN/795920/795920.jpg,1890,"0,09 €","0,20 €","0,24 €","0,19 €","0,14 €"
Venom Connoisseur,,Uncommon,648,Magic: The Gathering Foundations: Starter Collection,https://product-images.s3.cardmarket.com/1/SFDN/796058/796058.jpg,1863,"0,04 €","0,23 €","0,18 €","0,26 €","0,99 €"
Viashino Pyromancer,,Common,634,Magic: The Gathering Foundations: Starter Collection,https://product-images.s3.cardmarket.com/1/SFDN/796012/796012.jpg,1707,"0,04 €","0,19 €","0,26 €","0,14 €","0,14 €"
Vile Entomber,,Uncommon,616,Magic: The Gathering Foundations: Starter Collection,https://product-images.s3.cardmarket.com/1/SFDN/795922/795922.jpg,1235,"0,10 €","0,18 €","0,14 €","0,13 €","0,16 €"
Vizier of the Menagerie,,Mythic,649,Magic: The Gathering Foundations: Starter Collection,https://product-images.s3.cardmarket.com/1/SFDN/796065/796065.jpg,1831,£0.49,"0,96 €","1,05 €","0,91 €","0,92 €"
Voracious Greatshark,,Rare,600,Magic: The Gathering Foundations: Starter Collection,https://product-images.s3.cardmarket.com/1/SFDN/795874/795874.jpg,2041,"0,08 €","0,13 €","0,16 €","0,13 €","0,10 €"
Wildborn Preserver,,Rare,650,Magic: The Gathering Foundations: Starter Collection,https://product-images.s3.cardmarket.com/1/SFDN/796068/796068.jpg,1855,"0,08 €","0,26 €","0,28 €","0,29 €","0,60 €"
Wilt-Leaf Liege,,Rare,668,Magic: The Gathering Foundations: Starter Collection,https://product-images.s3.cardmarket.com/1/SFDN/796108/796108.jpg,1885,"0,19 €","0,51 €","0,44 €","0,51 €","0,33 €"
Wishclaw Talisman,,Rare,617,Magic: The Gathering Foundations: Starter Collection,https://product-images.s3.cardmarket.com/1/SFDN/795925/795925.jpg,1249,£1.74,"2,54 €","2,43 €","2,36 €","2,55 €"
"Zetalpa, Primal Dawn",,Rare,584,Magic: The Gathering Foundations: Starter Collection,https://product-images.s3.cardmarket.com/1/SFDN/795809/795809.jpg,1890,"0,09 €","0,14 €","0,17 €","0,16 €","0,20 €"
Ancient Cornucopia,V.1,Mythic,16,The Big Score,https://product-images.s3.cardmarket.com/1/BIG/764489/764489.jpg,1196,"1,40 €","2,42 €","2,25 €","2,25 €","2,49 €"
Ancient Cornucopia,V.2,Mythic,46,The Big Score,https://product-images.s3.cardmarket.com/1/BIG/764490/764490.jpg,141,"7,90 €","9,36 €","9,47 €","9,55 €","8,99 €"
Ancient Cornucopia,V.3,Mythic,81,The Big Score,https://product-images.s3.cardmarket.com/1/BIG/764322/764322.jpg,210,"4,19 €","5,37 €","7,15 €","6,08 €","5,99 €"
Bristlebud Farmer,V.1,Mythic,17,The Big Score,https://product-images.s3.cardmarket.com/1/BIG/764466/764466.jpg,1361,"0,99 €","1,70 €","1,52 €","1,66 €","1,21 €"
Bristlebud Farmer,V.2,Mythic,47,The Big Score,https://product-images.s3.cardmarket.com/1/BIG/764475/764475.jpg,138,"5,19 €","6,40 €","7,37 €","6,13 €","5,99 €"
Bristlebud Farmer,V.3,Mythic,82,The Big Score,https://product-images.s3.cardmarket.com/1/BIG/764485/764485.jpg,189,"2,65 €","3,69 €","4,97 €","3,94 €","3,79 €"
Collector's Cage,V.1,Mythic,1,The Big Score,https://product-images.s3.cardmarket.com/1/BIG/764491/764491.jpg,1358,"1,92 €","2,48 €","2,56 €","2,42 €","2,45 €"
Collector's Cage,V.2,Mythic,31,The Big Score,https://product-images.s3.cardmarket.com/1/BIG/764470/764470.jpg,209,"8,89 €","8,56 €","9,67 €","8,84 €","7,67 €"
Collector's Cage,V.3,Mythic,66,The Big Score,https://product-images.s3.cardmarket.com/1/BIG/764479/764479.jpg,261,"5,98 €","6,20 €","5,33 €","5,97 €","5,49 €"
Esoteric Duplicator,V.1,Mythic,5,The Big Score,https://product-images.s3.cardmarket.com/1/BIG/764286/764286.jpg,1165,"1,19 €","1,79 €","1,83 €","1,76 €","1,70 €"
Esoteric Duplicator,V.2,Mythic,35,The Big Score,https://product-images.s3.cardmarket.com/1/BIG/764300/764300.jpg,132,£4.99,"7,04 €","7,23 €","7,53 €","9,95 €"
Esoteric Duplicator,V.3,Mythic,70,The Big Score,https://product-images.s3.cardmarket.com/1/BIG/764316/764316.jpg,152,"3,98 €","4,24 €","4,25 €","4,37 €","9,95 €"
Fomori Vault,V.1,Mythic,29,The Big Score,https://product-images.s3.cardmarket.com/1/BIG/763669/763669.jpg,690,"8,99 €","10,44 €","9,99 €","10,09 €","10,65 €"
Fomori Vault,V.2,Mythic,59,The Big Score,https://product-images.s3.cardmarket.com/1/BIG/763678/763678.jpg,64,"21,33 €","28,77 €","27,33 €","28,96 €","29,98 €"
Fomori Vault,V.3,Mythic,94,The Big Score,https://product-images.s3.cardmarket.com/1/BIG/763683/763683.jpg,78,"16,40 €","17,80 €","17,46 €","17,22 €","15,90 €"
Generous Plunderer,V.1,Mythic,11,The Big Score,https://product-images.s3.cardmarket.com/1/BIG/764464/764464.jpg,363,"3,59 €","6,82 €","6,53 €","6,60 €","6,49 €"
Generous Plunderer,V.2,Mythic,41,The Big Score,https://product-images.s3.cardmarket.com/1/BIG/764473/764473.jpg,69,"14,19 €","16,21 €","15,82 €","15,66 €","14,00 €"
Generous Plunderer,V.3,Mythic,76,The Big Score,https://product-images.s3.cardmarket.com/1/BIG/764483/764483.jpg,72,"7,98 €","7,82 €","7,69 €","7,80 €","7,49 €"
Grand Abolisher,V.1,Mythic,2,The Big Score,https://product-images.s3.cardmarket.com/1/BIG/764284/764284.jpg,361,"6,75 €","8,92 €","8,44 €","8,92 €","9,32 €"
Grand Abolisher,V.2,Mythic,32,The Big Score,https://product-images.s3.cardmarket.com/1/BIG/764298/764298.jpg,42,"17,00 €","15,86 €","14,19 €","17,99 €","14,50 €"
Grand Abolisher,V.3,Mythic,67,The Big Score,https://product-images.s3.cardmarket.com/1/BIG/764480/764480.jpg,50,"10,50 €","11,27 €","9,81 €","10,82 €","10,00 €"
Greed's Gambit,V.1,Mythic,8,The Big Score,https://product-images.s3.cardmarket.com/1/BIG/764289/764289.jpg,1690,"0,20 €","0,50 €","0,47 €","0,51 €","0,75 €"
Greed's Gambit,V.2,Mythic,38,The Big Score,https://product-images.s3.cardmarket.com/1/BIG/764303/764303.jpg,192,"1,45 €","2,07 €","2,26 €","2,44 €","3,24 €"
Greed's Gambit,V.3,Mythic,73,The Big Score,https://product-images.s3.cardmarket.com/1/BIG/764319/764319.jpg,160,"0,99 €","1,79 €","1,41 €","1,62 €","0,80 €"
Harvester of Misery,V.1,Mythic,9,The Big Score,https://product-images.s3.cardmarket.com/1/BIG/764462/764462.jpg,620,"3,80 €","4,91 €","5,31 €","4,94 €","6,16 €"
Harvester of Misery,V.2,Mythic,39,The Big Score,https://product-images.s3.cardmarket.com/1/BIG/764471/764471.jpg,114,"10,02 €","13,62 €","13,07 €","13,67 €","11,99 €"
Harvester of Misery,V.3,Mythic,74,The Big Score,https://product-images.s3.cardmarket.com/1/BIG/764481/764481.jpg,115,"8,98 €","10,30 €","11,31 €","9,77 €","9,99 €"
Hostile Investigator,V.1,Mythic,10,The Big Score,https://product-images.s3.cardmarket.com/1/BIG/764463/764463.jpg,1732,"0,68 €","1,07 €","1,07 €","1,23 €","0,91 €"
Hostile Investigator,V.2,Mythic,40,The Big Score,https://product-images.s3.cardmarket.com/1/BIG/764472/764472.jpg,243,"3,34 €","3,28 €","6,14 €","3,59 €","3,30 €"
Hostile Investigator,V.3,Mythic,75,The Big Score,https://product-images.s3.cardmarket.com/1/BIG/764482/764482.jpg,269,"2,03 €","0,19 €","5,55 €","2,71 €","0,74 €"
Legion Extruder,V.1,Mythic,12,The Big Score,https://product-images.s3.cardmarket.com/1/BIG/764465/764465.jpg,650,"2,55 €","5,18 €","5,69 €","5,45 €","4,99 €"
Legion Extruder,V.2,Mythic,42,The Big Score,https://product-images.s3.cardmarket.com/1/BIG/764474/764474.jpg,52,£10.00,"16,19 €","13,67 €","15,42 €","16,22 €"
Legion Extruder,V.3,Mythic,77,The Big Score,https://product-images.s3.cardmarket.com/1/BIG/764484/764484.jpg,96,"9,25 €","9,79 €","6,63 €","8,74 €","9,84 €"
"Loot, the Key to Everything",V.1,Mythic,21,The Big Score,https://product-images.s3.cardmarket.com/1/BIG/763666/763666.jpg,1657,"0,36 €","0,67 €","0,68 €","0,64 €","0,40 €"
"Loot, the Key to Everything",V.2,Mythic,51,The Big Score,https://product-images.s3.cardmarket.com/1/BIG/763675/763675.jpg,141,"4,48 €","9,55 €","11,33 €","10,57 €","12,49 €"
"Loot, the Key to Everything",V.3,Mythic,62,The Big Score,https://product-images.s3.cardmarket.com/1/BIG/763679/763679.jpg,27,"37,90 €","37,70 €","53,41 €","45,64 €","39,99 €"
"Loot, the Key to Everything",V.4,Mythic,86,The Big Score,https://product-images.s3.cardmarket.com/1/BIG/763681/763681.jpg,178,"3,65 €","4,25 €","4,78 €","4,31 €","3,99 €"
Lost Jitte,V.1,Mythic,23,The Big Score,https://product-images.s3.cardmarket.com/1/BIG/764296/764296.jpg,956,"3,56 €","4,76 €","4,56 €","4,75 €","4,19 €"
Lost Jitte,V.2,Mythic,53,The Big Score,https://product-images.s3.cardmarket.com/1/BIG/764310/764310.jpg,123,"13,84 €","14,60 €","14,41 €","13,97 €","15,08 €"
Lost Jitte,V.3,Mythic,88,The Big Score,https://product-images.s3.cardmarket.com/1/BIG/764326/764326.jpg,130,"6,20 €","7,19 €","7,34 €","7,06 €","6,80 €"
Lotus Ring,V.1,Mythic,24,The Big Score,https://product-images.s3.cardmarket.com/1/BIG/764468/764468.jpg,1761,"0,42 €","0,95 €","0,97 €","0,89 €","0,90 €"
Lotus Ring,V.2,Mythic,54,The Big Score,https://product-images.s3.cardmarket.com/1/BIG/764311/764311.jpg,214,"1,70 €","3,94 €","3,98 €","3,88 €","4,49 €"
Lotus Ring,V.3,Mythic,63,The Big Score,https://product-images.s3.cardmarket.com/1/BIG/764313/764313.jpg,42,"16,03 €","8,56 €","47,52 €","18,16 €","17,84 €"
Lotus Ring,V.4,Mythic,89,The Big Score,https://product-images.s3.cardmarket.com/1/BIG/764327/764327.jpg,188,"2,05 €","3,15 €","3,65 €","3,08 €","2,95 €"
Memory Vessel,V.1,Mythic,13,The Big Score,https://product-images.s3.cardmarket.com/1/BIG/764290/764290.jpg,2448,"0,13 €","0,26 €","0,36 €","0,29 €","0,30 €"
Memory Vessel,V.2,Mythic,43,The Big Score,https://product-images.s3.cardmarket.com/1/BIG/764304/764304.jpg,204,"1,32 €","1,26 €","2,07 €","1,61 €","1,62 €"
Memory Vessel,V.3,Mythic,78,The Big Score,https://product-images.s3.cardmarket.com/1/BIG/764320/764320.jpg,212,"0,64 €","0,55 €","0,95 €","0,69 €","0,80 €"
Molten Duplication,V.1,Mythic,14,The Big Score,https://product-images.s3.cardmarket.com/1/BIG/764291/764291.jpg,515,"11,69 €","13,12 €","13,18 €","12,64 €","11,23 €"
Molten Duplication,V.2,Mythic,44,The Big Score,https://product-images.s3.cardmarket.com/1/BIG/764305/764305.jpg,33,£13.10,"16,98 €","17,35 €","14,92 €","12,43 €"
Molten Duplication,V.3,Mythic,79,The Big Score,https://product-images.s3.cardmarket.com/1/BIG/764321/764321.jpg,60,"19,68 €","31,56 €","18,28 €","27,27 €","19,00 €"
Nexus of Becoming,V.1,Mythic,25,The Big Score,https://product-images.s3.cardmarket.com/1/BIG/764297/764297.jpg,1008,£0.68,"1,64 €","1,64 €","1,63 €","1,29 €"
Nexus of Becoming,V.2,Mythic,55,The Big Score,https://product-images.s3.cardmarket.com/1/BIG/764312/764312.jpg,77,"7,98 €","7,77 €","7,56 €","7,43 €","7,99 €"
Nexus of Becoming,V.3,Mythic,90,The Big Score,https://product-images.s3.cardmarket.com/1/BIG/764328/764328.jpg,126,"3,90 €","3,61 €","4,20 €","3,68 €","3,98 €"
Oltec Matterweaver,V.1,Mythic,3,The Big Score,https://product-images.s3.cardmarket.com/1/BIG/764285/764285.jpg,871,"1,00 €","1,75 €","1,76 €","1,73 €","1,72 €"
Oltec Matterweaver,V.2,Mythic,33,The Big Score,https://product-images.s3.cardmarket.com/1/BIG/764299/764299.jpg,131,"4,99 €","6,97 €","5,95 €","6,93 €","6,21 €"
Oltec Matterweaver,V.3,Mythic,68,The Big Score,https://product-images.s3.cardmarket.com/1/BIG/764315/764315.jpg,153,"2,97 €","3,96 €","3,92 €","3,67 €","3,50 €"
Omenpath Journey,V.1,Mythic,18,The Big Score,https://product-images.s3.cardmarket.com/1/BIG/764293/764293.jpg,969,"1,87 €","2,76 €","2,69 €","2,61 €","2,44 €"
Omenpath Journey,V.2,Mythic,48,The Big Score,https://product-images.s3.cardmarket.com/1/BIG/764307/764307.jpg,122,"8,98 €","9,54 €","10,19 €","9,80 €","9,80 €"
Omenpath Journey,V.3,Mythic,83,The Big Score,https://product-images.s3.cardmarket.com/1/BIG/764323/764323.jpg,126,"2,97 €","6,44 €","6,61 €","5,91 €","5,95 €"
Pest Control,V.1,Mythic,22,The Big Score,https://product-images.s3.cardmarket.com/1/BIG/764295/764295.jpg,913,"5,26 €","7,37 €","7,67 €","7,34 €","6,54 €"
Pest Control,V.2,Mythic,52,The Big Score,https://product-images.s3.cardmarket.com/1/BIG/764309/764309.jpg,184,"17,50 €","17,82 €","22,57 €","19,38 €","15,50 €"
Pest Control,V.3,Mythic,87,The Big Score,https://product-images.s3.cardmarket.com/1/BIG/764325/764325.jpg,145,"12,95 €","19,90 €","23,17 €","21,71 €","13,99 €"
Rest in Peace,V.1,Mythic,4,The Big Score,https://product-images.s3.cardmarket.com/1/BIG/763665/763665.jpg,786,"0,47 €","0,81 €","0,80 €","0,70 €","0,74 €"
Rest in Peace,V.2,Mythic,34,The Big Score,https://product-images.s3.cardmarket.com/1/BIG/763672/763672.jpg,78,"3,86 €","3,53 €","4,15 €","3,68 €","2,00 €"
Rest in Peace,V.3,Mythic,69,The Big Score,https://product-images.s3.cardmarket.com/1/BIG/763680/763680.jpg,108,"2,19 €","2,56 €","2,51 €","2,49 €","2,48 €"
Sandstorm Salvager,V.1,Mythic,19,The Big Score,https://product-images.s3.cardmarket.com/1/BIG/764294/764294.jpg,1005,"1,56 €","2,13 €","2,24 €","2,23 €","1,74 €"
Sandstorm Salvager,V.2,Mythic,49,The Big Score,https://product-images.s3.cardmarket.com/1/BIG/764308/764308.jpg,115,"5,56 €","5,02 €","6,22 €","5,20 €","4,89 €"
Sandstorm Salvager,V.3,Mythic,84,The Big Score,https://product-images.s3.cardmarket.com/1/BIG/764324/764324.jpg,139,"3,95 €","6,53 €","5,37 €","5,95 €","4,99 €"
Simulacrum Synthesizer,V.1,Mythic,6,The Big Score,https://product-images.s3.cardmarket.com/1/BIG/764287/764287.jpg,672,"29,75 €","31,51 €","32,71 €","31,90 €","30,00 €"
Simulacrum Synthesizer,V.2,Mythic,36,The Big Score,https://product-images.s3.cardmarket.com/1/BIG/764301/764301.jpg,91,"70,00 €","78,18 €","72,94 €","76,66 €","84,74 €"
Simulacrum Synthesizer,V.3,Mythic,71,The Big Score,https://product-images.s3.cardmarket.com/1/BIG/764317/764317.jpg,80,"41,49 €","46,47 €","48,69 €","46,52 €","45,51 €"
Sword of Wealth and Power,V.1,Mythic,26,The Big Score,https://product-images.s3.cardmarket.com/1/BIG/759025/759025.jpg,710,"8,78 €","12,01 €","12,07 €","11,71 €","12,06 €"
Sword of Wealth and Power,V.2,Mythic,56,The Big Score,https://product-images.s3.cardmarket.com/1/BIG/759026/759026.jpg,103,"32,32 €","33,11 €","36,06 €","34,73 €","46,50 €"
Sword of Wealth and Power,V.3,Mythic,64,The Big Score,https://product-images.s3.cardmarket.com/1/BIG/764314/764314.jpg,22,"110,00 €","103,52 €","108,91 €","107,24 €","110,00 €"
Sword of Wealth and Power,V.4,Mythic,91,The Big Score,https://product-images.s3.cardmarket.com/1/BIG/759027/759027.jpg,115,"19,85 €","19,98 €","18,68 €","19,70 €","15,98 €"
Tarnation Vista,V.1,Mythic,30,The Big Score,https://product-images.s3.cardmarket.com/1/BIG/764469/764469.jpg,1358,£0.31,"1,21 €","1,15 €","1,07 €","1,00 €"
Tarnation Vista,V.2,Mythic,60,The Big Score,https://product-images.s3.cardmarket.com/1/BIG/764477/764477.jpg,234,"3,49 €","5,36 €","6,44 €","5,70 €","5,45 €"
Tarnation Vista,V.3,Mythic,65,The Big Score,https://product-images.s3.cardmarket.com/1/BIG/759023/759023.jpg,29,"18,31 €","18,30 €","18,60 €","19,21 €","18,95 €"
Tarnation Vista,V.4,Mythic,95,The Big Score,https://product-images.s3.cardmarket.com/1/BIG/764487/764487.jpg,184,"2,69 €","3,06 €","3,73 €","3,26 €","3,50 €"
Territory Forge,V.1,Mythic,15,The Big Score,https://product-images.s3.cardmarket.com/1/BIG/764292/764292.jpg,2300,"0,20 €","0,33 €","0,37 €","0,34 €","0,29 €"
Territory Forge,V.2,Mythic,45,The Big Score,https://product-images.s3.cardmarket.com/1/BIG/764306/764306.jpg,194,"1,43 €","1,80 €","1,85 €","1,66 €","1,86 €"
Territory Forge,V.3,Mythic,80,The Big Score,https://product-images.s3.cardmarket.com/1/BIG/764488/764488.jpg,201,"0,50 €","1,01 €","0,88 €","1,39 €","0,99 €"
Torpor Orb,V.1,Mythic,27,The Big Score,https://product-images.s3.cardmarket.com/1/BIG/759021/759021.jpg,322,"2,89 €","4,18 €","4,38 €","4,30 €","4,95 €"
Torpor Orb,V.2,Mythic,57,The Big Score,https://product-images.s3.cardmarket.com/1/BIG/759022/759022.jpg,78,"15,90 €","22,85 €","21,21 €","21,23 €","29,94 €"
Torpor Orb,V.3,Mythic,92,The Big Score,https://product-images.s3.cardmarket.com/1/BIG/759024/759024.jpg,38,"8,90 €","10,22 €","8,75 €","9,70 €","9,99 €"
Transmutation Font,V.1,Mythic,28,The Big Score,https://product-images.s3.cardmarket.com/1/BIG/763668/763668.jpg,1085,"0,45 €","1,04 €","0,97 €","0,89 €","0,91 €"
Transmutation Font,V.2,Mythic,58,The Big Score,https://product-images.s3.cardmarket.com/1/BIG/763677/763677.jpg,135,"4,60 €","4,43 €","4,35 €","4,45 €","4,00 €"
Transmutation Font,V.3,Mythic,93,The Big Score,https://product-images.s3.cardmarket.com/1/BIG/763682/763682.jpg,150,"2,39 €","2,71 €","2,87 €","3,09 €","3,99 €"
Vaultborn Tyrant,V.1,Mythic,20,The Big Score,https://product-images.s3.cardmarket.com/1/BIG/764467/764467.jpg,326,"22,28 €","27,31 €","27,90 €","27,44 €","24,00 €"
Vaultborn Tyrant,V.2,Mythic,50,The Big Score,https://product-images.s3.cardmarket.com/1/BIG/764476/764476.jpg,54,"35,83 €","59,08 €","56,55 €","57,27 €","55,00 €"
Vaultborn Tyrant,V.3,Mythic,61,The Big Score,https://product-images.s3.cardmarket.com/1/BIG/764478/764478.jpg,18,"109,95 €","111,12 €","122,11 €","112,35 €","99,00 €"
Vaultborn Tyrant,V.4,Mythic,85,The Big Score,https://product-images.s3.cardmarket.com/1/BIG/764486/764486.jpg,33,£26.00,"37,05 €","35,75 €","34,65 €","43,89 €"
Worldwalker Helm,V.1,Mythic,7,The Big Score,https://product-images.s3.cardmarket.com/1/BIG/764288/764288.jpg,688,"2,95 €","4,18 €","4,26 €","3,99 €","4,04 €"
Worldwalker Helm,V.2,Mythic,37,The Big Score,https://product-images.s3.cardmarket.com/1/BIG/764302/764302.jpg,80,"13,99 €","18,13 €","17,03 €","18,27 €","14,50 €"
Worldwalker Helm,V.3,Mythic,72,The Big Score,https://product-images.s3.cardmarket.com/1/BIG/764318/764318.jpg,77,"5,95 €","6,15 €","6,34 €","6,46 €","6,50 €"
Adamant Will,,Common,488,Magic: The Gathering Foundations: Beginner Box,https://product-images.s3.cardmarket.com/1/BFDN/798204/798204.jpg,228,"0,02 €","0,26 €","0,15 €","0,24 €","0,25 €"
Aggressive Mammoth,,Rare,551,Magic: The Gathering Foundations: Beginner Box,https://product-images.s3.cardmarket.com/1/BFDN/797987/797987.jpg,277,"0,15 €","0,44 €","0,59 €","0,60 €","0,55 €"
Ancestor Dragon,,Rare,489,Magic: The Gathering Foundations: Beginner Box,https://product-images.s3.cardmarket.com/1/BFDN/797812/797812.jpg,356,"0,25 €","0,43 €","0,50 €","0,42 €","0,25 €"
Angelic Edict,,Common,490,Magic: The Gathering Foundations: Beginner Box,https://product-images.s3.cardmarket.com/1/BFDN/797814/797814.jpg,254,"0,05 €","0,23 €","0,15 €","0,21 €","0,02 €"
Battle-Rattle Shaman,,Uncommon,533,Magic: The Gathering Foundations: Beginner Box,https://product-images.s3.cardmarket.com/1/BFDN/797928/797928.jpg,287,"0,02 €","0,15 €","0,14 €","0,07 €","0,02 €"
Bear Cub,,Common,552,Magic: The Gathering Foundations: Beginner Box,https://product-images.s3.cardmarket.com/1/BFDN/797988/797988.jpg,182,"0,13 €","0,60 €","0,66 €","1,00 €","0,02 €"
Beginner Box Theme Card: Cats,,Tip Card,F01,Magic: The Gathering Foundations: Beginner Box,https://product-images.s3.cardmarket.com/1/BFDN/798011/798011.jpg,57,"0,05 €","0,07 €","0,08 €","0,08 €","0,10 €"
Beginner Box Theme Card: Elves,,Tip Card,F09,Magic: The Gathering Foundations: Beginner Box,https://product-images.s3.cardmarket.com/1/BFDN/798188/798188.jpg,65,"0,05 €","0,08 €","0,09 €","0,09 €","0,10 €"
Beginner Box Theme Card: Goblins,,Tip Card,F07,Magic: The Gathering Foundations: Beginner Box,https://product-images.s3.cardmarket.com/1/BFDN/798220/798220.jpg,64,"0,05 €","0,08 €","0,12 €","0,12 €","0,10 €"
Beginner Box Theme Card: Healing,,Tip Card,F03,Magic: The Gathering Foundations: Beginner Box,https://product-images.s3.cardmarket.com/1/BFDN/798211/798211.jpg,63,"0,05 €","0,13 €","0,16 €","0,16 €","0,15 €"
Beginner Box Theme Card: Inferno,,Tip Card,F08,Magic: The Gathering Foundations: Beginner Box,https://product-images.s3.cardmarket.com/1/BFDN/798196/798196.jpg,65,"0,05 €","0,16 €","0,16 €","0,17 €","0,15 €"
Beginner Box Theme Card: Pirates,,Tip Card,F04,Magic: The Gathering Foundations: Beginner Box,https://product-images.s3.cardmarket.com/1/BFDN/798215/798215.jpg,63,"0,05 €","0,06 €","0,08 €","0,08 €","0,10 €"
Beginner Box Theme Card: Primal,,Tip Card,F10,Magic: The Gathering Foundations: Beginner Box,https://product-images.s3.cardmarket.com/1/BFDN/798201/798201.jpg,68,"0,05 €","0,08 €","0,09 €","0,09 €","0,10 €"
Beginner Box Theme Card: Undead,,Tip Card,F06,Magic: The Gathering Foundations: Beginner Box,https://product-images.s3.cardmarket.com/1/BFDN/798222/798222.jpg,62,"0,05 €","0,12 €","0,21 €","0,18 €","0,20 €"
Beginner Box Theme Card: Vampires,,Tip Card,F02,Magic: The Gathering Foundations: Beginner Box,https://product-images.s3.cardmarket.com/1/BFDN/798208/798208.jpg,53,"0,05 €","0,03 €","0,22 €","0,22 €","0,10 €"
Beginner Box Theme Card: Wizards,,Tip Card,F05,Magic: The Gathering Foundations: Beginner Box,https://product-images.s3.cardmarket.com/1/BFDN/798192/798192.jpg,63,"0,05 €","0,08 €","0,10 €","0,10 €","0,10 €"
Biogenic Upgrade,,Uncommon,553,Magic: The Gathering Foundations: Beginner Box,https://product-images.s3.cardmarket.com/1/BFDN/797989/797989.jpg,253,"0,11 €","0,23 €","0,31 €","0,25 €","0,24 €"
Bishop's Soldier,,Common,491,Magic: The Gathering Foundations: Beginner Box,https://product-images.s3.cardmarket.com/1/BFDN/797815/797815.jpg,215,"0,05 €","0,16 €","0,14 €","0,10 €","0,28 €"
Bloodtithe Collector,,Uncommon,516,Magic: The Gathering Foundations: Beginner Box,https://product-images.s3.cardmarket.com/1/BFDN/797883/797883.jpg,288,"0,02 €","0,13 €","0,12 €","0,11 €","0,10 €"
Burrog Befuddler,,Common,504,Magic: The Gathering Foundations: Beginner Box,https://product-images.s3.cardmarket.com/1/BFDN/797852/797852.jpg,265,"0,04 €","0,23 €","0,22 €","0,19 €","0,25 €"
Cancel,,Common,505,Magic: The Gathering Foundations: Beginner Box,https://product-images.s3.cardmarket.com/1/BFDN/797854/797854.jpg,238,"0,10 €","0,18 €","0,27 €","0,21 €","0,05 €"
Carnelian Orb of Dragonkind,,Common,534,Magic: The Gathering Foundations: Beginner Box,https://product-images.s3.cardmarket.com/1/BFDN/797931/797931.jpg,162,"0,20 €","0,53 €","0,90 €","0,44 €","0,90 €"
Cemetery Recruitment,,Common,517,Magic: The Gathering Foundations: Beginner Box,https://product-images.s3.cardmarket.com/1/BFDN/797885/797885.jpg,218,"0,10 €","0,16 €","0,22 €","0,21 €","0,39 €"
Corsair Captain,,Rare,506,Magic: The Gathering Foundations: Beginner Box,https://product-images.s3.cardmarket.com/1/BFDN/797856/797856.jpg,383,£0.10,"0,23 €","0,30 €","0,27 €","0,25 €"
Crossway Troublemakers,,Rare,518,Magic: The Gathering Foundations: Beginner Box,https://product-images.s3.cardmarket.com/1/BFDN/797890/797890.jpg,335,"0,25 €","0,29 €","0,32 €","0,30 €","0,23 €"
Crow of Dark Tidings,,Common,519,Magic: The Gathering Foundations: Beginner Box,https://product-images.s3.cardmarket.com/1/BFDN/797893/797893.jpg,224,"0,05 €","0,15 €","0,20 €","0,15 €","0,37 €"
Deadly Plot,,Uncommon,520,Magic: The Gathering Foundations: Beginner Box,https://product-images.s3.cardmarket.com/1/BFDN/797897/797897.jpg,240,"0,10 €","0,28 €","0,29 €","0,21 €","0,28 €"
Deadly Riposte,,Common,492,Magic: The Gathering Foundations: Beginner Box,https://product-images.s3.cardmarket.com/1/BFDN/797816/797816.jpg,246,£0.05,"0,13 €","0,32 €","0,11 €","0,05 €"
Death Baron,,Rare,521,Magic: The Gathering Foundations: Beginner Box,https://product-images.s3.cardmarket.com/1/BFDN/797900/797900.jpg,201,"2,88 €","3,76 €","3,52 €","3,55 €","3,79 €"
Dragon Fodder,,Common,535,Magic: The Gathering Foundations: Beginner Box,https://product-images.s3.cardmarket.com/1/BFDN/797937/797937.jpg,2461,"0,02 €","0,09 €","0,14 €","0,12 €","0,02 €"
Dragonlord's Servant,,Uncommon,536,Magic: The Gathering Foundations: Beginner Box,https://product-images.s3.cardmarket.com/1/BFDN/797938/797938.jpg,219,£0.11,"0,18 €","0,23 €","0,25 €","0,50 €"
Dropkick Bomber,,Rare,537,Magic: The Gathering Foundations: Beginner Box,https://product-images.s3.cardmarket.com/1/BFDN/797940/797940.jpg,335,"1,19 €","2,02 €","1,78 €","2,20 €","1,19 €"
Druid of the Cowl,,Common,554,Magic: The Gathering Foundations: Beginner Box,https://product-images.s3.cardmarket.com/1/BFDN/797990/797990.jpg,180,"0,10 €","0,14 €","0,38 €","0,23 €","0,19 €"
Eaten by Piranhas,,Uncommon,507,Magic: The Gathering Foundations: Beginner Box,https://product-images.s3.cardmarket.com/1/BFDN/797857/797857.jpg,210,"0,10 €","0,22 €","0,28 €","0,20 €","0,26 €"
Elspeth's Smite,,Uncommon,493,Magic: The Gathering Foundations: Beginner Box,https://product-images.s3.cardmarket.com/1/BFDN/797819/797819.jpg,224,£0.10,"0,55 €","0,53 €","0,77 €","0,64 €"
Exclusion Mage,,Uncommon,508,Magic: The Gathering Foundations: Beginner Box,https://product-images.s3.cardmarket.com/1/BFDN/797860/797860.jpg,273,"0,05 €","0,23 €","0,27 €","0,21 €","0,25 €"
Fire Elemental,,Common,538,Magic: The Gathering Foundations: Beginner Box,https://product-images.s3.cardmarket.com/1/BFDN/797943/797943.jpg,274,"0,03 €","0,17 €","0,11 €","0,19 €","0,02 €"
Goblin Firebomb,,Common,562,Magic: The Gathering Foundations: Beginner Box,https://product-images.s3.cardmarket.com/1/BFDN/798003/798003.jpg,272,"0,03 €","0,12 €","0,11 €","0,08 €","0,10 €"
Goblin Oriflamme,,Uncommon,539,Magic: The Gathering Foundations: Beginner Box,https://product-images.s3.cardmarket.com/1/BFDN/797946/797946.jpg,255,"0,10 €","0,19 €","0,24 €","0,14 €","0,25 €"
Goblin Smuggler,,Common,540,Magic: The Gathering Foundations: Beginner Box,https://product-images.s3.cardmarket.com/1/BFDN/797950/797950.jpg,226,"0,07 €","0,19 €","0,17 €","0,15 €","0,27 €"
Herald of Faith,,Uncommon,494,Magic: The Gathering Foundations: Beginner Box,https://product-images.s3.cardmarket.com/1/BFDN/797822/797822.jpg,271,"0,10 €","0,25 €","0,24 €","0,16 €","0,25 €"
Highborn Vampire,,Common,522,Magic: The Gathering Foundations: Beginner Box,https://product-images.s3.cardmarket.com/1/BFDN/797902/797902.jpg,260,"0,05 €","0,12 €","0,11 €","0,09 €","0,05 €"
Ingenious Leonin,,Uncommon,495,Magic: The Gathering Foundations: Beginner Box,https://product-images.s3.cardmarket.com/1/BFDN/797826/797826.jpg,268,£0.05,"0,25 €","0,16 €","0,15 €","0,07 €"
Inspiring Overseer,,Common,496,Magic: The Gathering Foundations: Beginner Box,https://product-images.s3.cardmarket.com/1/BFDN/797828/797828.jpg,1550,"0,02 €","0,14 €","0,19 €","0,20 €","0,42 €"
Into the Roil,,Common,509,Magic: The Gathering Foundations: Beginner Box,https://product-images.s3.cardmarket.com/1/BFDN/797863/797863.jpg,1924,"0,02 €","0,09 €","0,14 €","0,18 €","0,17 €"
Jazal Goldmane,,Rare,497,Magic: The Gathering Foundations: Beginner Box,https://product-images.s3.cardmarket.com/1/BFDN/797832/797832.jpg,326,"0,14 €","0,34 €","0,35 €","0,33 €","0,11 €"
Joraga Invocation,,Uncommon,555,Magic: The Gathering Foundations: Beginner Box,https://product-images.s3.cardmarket.com/1/BFDN/797991/797991.jpg,288,"0,02 €","0,22 €","0,19 €","0,16 €","0,25 €"
Kargan Dragonrider,,Common,541,Magic: The Gathering Foundations: Beginner Box,https://product-images.s3.cardmarket.com/1/BFDN/797954/797954.jpg,256,"0,03 €","0,21 €","0,20 €","0,13 €","0,24 €"
Kindled Fury,,Common,542,Magic: The Gathering Foundations: Beginner Box,https://product-images.s3.cardmarket.com/1/BFDN/797958/797958.jpg,260,"0,03 €","0,19 €","0,14 €","0,17 €","0,29 €"
Kitesail Corsair,,Common,510,Magic: The Gathering Foundations: Beginner Box,https://product-images.s3.cardmarket.com/1/BFDN/797865/797865.jpg,268,£0.04,"0,12 €","0,18 €","0,11 €","0,20 €"
Leonin Skyhunter,,Uncommon,498,Magic: The Gathering Foundations: Beginner Box,https://product-images.s3.cardmarket.com/1/BFDN/797835/797835.jpg,242,"0,11 €","0,31 €","0,25 €","0,24 €","0,24 €"
Leonin Vanguard,,Uncommon,499,Magic: The Gathering Foundations: Beginner Box,https://product-images.s3.cardmarket.com/1/BFDN/797837/797837.jpg,143,"0,25 €","0,62 €","0,62 €","0,54 €","0,66 €"
Maalfeld Twins,,Uncommon,523,Magic: The Gathering Foundations: Beginner Box,https://product-images.s3.cardmarket.com/1/BFDN/797903/797903.jpg,290,"0,05 €","0,10 €","0,18 €","0,09 €","0,05 €"
Magnigoth Sentry,,Common,556,Magic: The Gathering Foundations: Beginner Box,https://product-images.s3.cardmarket.com/1/BFDN/797992/797992.jpg,279,"0,05 €","0,19 €","0,16 €","0,10 €","0,10 €"
Moment of Craving,,Common,524,Magic: The Gathering Foundations: Beginner Box,https://product-images.s3.cardmarket.com/1/BFDN/797905/797905.jpg,1553,"0,02 €","0,14 €","0,21 €","0,17 €","0,22 €"
Moment of Triumph,,Common,500,Magic: The Gathering Foundations: Beginner Box,https://product-images.s3.cardmarket.com/1/BFDN/797841/797841.jpg,206,£0.05,"0,10 €","0,32 €","0,16 €","0,10 €"
Mystic Archaeologist,,Rare,511,Magic: The Gathering Foundations: Beginner Box,https://product-images.s3.cardmarket.com/1/BFDN/797867/797867.jpg,430,"0,08 €","0,15 €","0,19 €","0,19 €","0,10 €"
New Horizons,,Common,557,Magic: The Gathering Foundations: Beginner Box,https://product-images.s3.cardmarket.com/1/BFDN/797994/797994.jpg,244,"0,05 €","0,18 €","0,21 €","0,19 €","0,25 €"
Offer Immortality,,Common,525,Magic: The Gathering Foundations: Beginner Box,https://product-images.s3.cardmarket.com/1/BFDN/797909/797909.jpg,198,"0,11 €","0,19 €","0,29 €","0,22 €","0,06 €"
Opt,,Common,512,Magic: The Gathering Foundations: Beginner Box,https://product-images.s3.cardmarket.com/1/BFDN/797870/797870.jpg,4400,"0,02 €","0,09 €","0,14 €","0,07 €","0,08 €"
Pacifism,,Common,501,Magic: The Gathering Foundations: Beginner Box,https://product-images.s3.cardmarket.com/1/BFDN/797843/797843.jpg,198,£0.05,"0,28 €","0,28 €","0,31 €","0,49 €"
Pirate's Cutlass,,Common,563,Magic: The Gathering Foundations: Beginner Box,https://product-images.s3.cardmarket.com/1/BFDN/798005/798005.jpg,262,"0,04 €","0,14 €","0,13 €","0,14 €","0,20 €"
Prayer of Binding,,Uncommon,502,Magic: The Gathering Foundations: Beginner Box,https://product-images.s3.cardmarket.com/1/BFDN/797847/797847.jpg,284,£0.05,"0,21 €","0,26 €","0,23 €","0,10 €"
Quick Study,,Common,513,Magic: The Gathering Foundations: Beginner Box,https://product-images.s3.cardmarket.com/1/BFDN/797872/797872.jpg,189,"0,11 €","0,41 €","0,44 €","0,32 €","0,75 €"
Raging Redcap,,Common,543,Magic: The Gathering Foundations: Beginner Box,https://product-images.s3.cardmarket.com/1/BFDN/797961/797961.jpg,248,"0,04 €","0,19 €","0,13 €","0,13 €","0,49 €"
Rapacious Dragon,,Common,544,Magic: The Gathering Foundations: Beginner Box,https://product-images.s3.cardmarket.com/1/BFDN/797965/797965.jpg,229,£0.05,"0,10 €","0,19 €","0,09 €","0,10 €"
Scorching Dragonfire,,Common,545,Magic: The Gathering Foundations: Beginner Box,https://product-images.s3.cardmarket.com/1/BFDN/797968/797968.jpg,241,£0.05,"0,19 €","0,28 €","0,12 €","0,10 €"
Seize the Spoils,,Common,546,Magic: The Gathering Foundations: Beginner Box,https://product-images.s3.cardmarket.com/1/BFDN/797970/797970.jpg,153,"0,28 €","0,60 €","0,53 €","0,69 €","0,75 €"
Skeleton Archer,,Common,526,Magic: The Gathering Foundations: Beginner Box,https://product-images.s3.cardmarket.com/1/BFDN/797910/797910.jpg,254,"0,05 €","0,07 €","0,21 €","0,11 €","0,05 €"
Skyraker Giant,,Common,547,Magic: The Gathering Foundations: Beginner Box,https://product-images.s3.cardmarket.com/1/BFDN/797973/797973.jpg,266,"0,03 €","0,16 €","0,12 €","0,14 €","0,02 €"
Starlight Snare,,Common,514,Magic: The Gathering Foundations: Beginner Box,https://product-images.s3.cardmarket.com/1/BFDN/797875/797875.jpg,254,"0,05 €","0,16 €","0,14 €","0,13 €","0,02 €"
Storm Fleet Spy,,Uncommon,515,Magic: The Gathering Foundations: Beginner Box,https://product-images.s3.cardmarket.com/1/BFDN/797879/797879.jpg,283,"0,02 €","0,10 €","0,11 €","0,05 €","0,02 €"
Suspicious Shambler,,Common,527,Magic: The Gathering Foundations: Beginner Box,https://product-images.s3.cardmarket.com/1/BFDN/797912/797912.jpg,1654,"0,02 €","0,07 €","0,09 €","0,07 €","0,10 €"
Swab Goblin,,Common,548,Magic: The Gathering Foundations: Beginner Box,https://product-images.s3.cardmarket.com/1/BFDN/797977/797977.jpg,251,"0,04 €","0,18 €","0,13 €","0,10 €","0,02 €"
Tajuru Pathwarden,,Common,558,Magic: The Gathering Foundations: Beginner Box,https://product-images.s3.cardmarket.com/1/BFDN/797995/797995.jpg,244,£0.05,"0,20 €","0,14 €","0,12 €","0,09 €"
Terror of Mount Velus,,Rare,549,Magic: The Gathering Foundations: Beginner Box,https://product-images.s3.cardmarket.com/1/BFDN/797980/797980.jpg,258,"0,49 €","1,42 €","1,25 €","1,35 €","1,54 €"
Thornweald Archer,,Common,559,Magic: The Gathering Foundations: Beginner Box,https://product-images.s3.cardmarket.com/1/BFDN/797997/797997.jpg,1746,"0,02 €","0,17 €","0,21 €","0,21 €","0,26 €"
Thrashing Brontodon,,Uncommon,560,Magic: The Gathering Foundations: Beginner Box,https://product-images.s3.cardmarket.com/1/BFDN/797998/797998.jpg,268,£0.05,"0,14 €","0,23 €","0,16 €","0,05 €"
Twinblade Paladin,,Uncommon,503,Magic: The Gathering Foundations: Beginner Box,https://product-images.s3.cardmarket.com/1/BFDN/797850/797850.jpg,158,"0,24 €","0,46 €","0,78 €","0,76 €","1,45 €"
Uncharted Haven,,Common,564,Magic: The Gathering Foundations: Beginner Box,https://product-images.s3.cardmarket.com/1/BFDN/798008/798008.jpg,2250,£0.02,"0,13 €","0,10 €","0,05 €","0,20 €"
Undying Malice,,Common,528,Magic: The Gathering Foundations: Beginner Box,https://product-images.s3.cardmarket.com/1/BFDN/797915/797915.jpg,1535,"0,30 €","0,85 €","0,88 €","0,87 €","0,99 €"
Untamed Hunger,,Common,529,Magic: The Gathering Foundations: Beginner Box,https://product-images.s3.cardmarket.com/1/BFDN/797917/797917.jpg,287,"0,04 €","0,17 €","0,13 €","0,16 €","0,25 €"
Vampire Interloper,,Common,530,Magic: The Gathering Foundations: Beginner Box,https://product-images.s3.cardmarket.com/1/BFDN/797920/797920.jpg,252,"0,08 €","0,15 €","0,16 €","0,10 €","0,05 €"
Vampire Neonate,,Common,531,Magic: The Gathering Foundations: Beginner Box,https://product-images.s3.cardmarket.com/1/BFDN/797921/797921.jpg,203,£0.05,"0,20 €","0,21 €","0,12 €","0,15 €"
Vampire Spawn,,Common,532,Magic: The Gathering Foundations: Beginner Box,https://product-images.s3.cardmarket.com/1/BFDN/797925/797925.jpg,222,£0.05,"0,55 €","0,30 €","0,66 €","0,05 €"
Volley Veteran,,Uncommon,550,Magic: The Gathering Foundations: Beginner Box,https://product-images.s3.cardmarket.com/1/BFDN/797985/797985.jpg,230,"0,11 €","0,13 €","0,27 €","0,16 €","0,16 €"
Wildheart Invoker,,Common,561,Magic: The Gathering Foundations: Beginner Box,https://product-images.s3.cardmarket.com/1/BFDN/798000/798000.jpg,254,£0.02,"0,13 €","0,19 €","0,12 €","0,11 €"
