name,real_name,country,seller_type,sales_count,available_items,rating,approval_very_good,approval_good,approval_neutral,approval_bad,shipping_days,street_address,postal_code,city
0807Pokerhontas,Jeannette Radloff,Germany,Professional,2373,29237,Outstanding,100 %,0 %,0 %,0 %,13,Otto-Brahm-Str. 9,13088,Berlin
1990-SHOP,1990 SHOP,Germany,Professional,1566,4318,Outstanding,100 %,0 %,0 %,0 %,16,Auf Der Leite 16,82380,Peißenberg
1UPrm,pack man srls,Italy,Professional,648,15373,Very good,98 %,0 %,2 %,0 %,11,Viale Partenope 88,00177,Roma
2D6STORE,2d6 Store S.L.U,Spain,Professional,586,2265,Outstanding,99.7 %,0.3 %,0 %,0 %,11,CM. San Rafael 115,29006,Málaga
2depiques,2 de Piques,Spain,Professional,2475,19644,Outstanding,100 %,0 %,0 %,0 %,9,Sant Miquel 7,08241,Manresa
2KCompanyTCG,Julyan Decaluwe,Belgium,Professional,3737,7701,Outstanding,100 %,0 %,0 %,0 %,16,527 Vieux chemin de Binche,7000,Mons
2TGAMECAFE,2TGAMECAFE,Spain,Powerseller,60,28993,Outstanding,100 %,0 %,0 %,0 %,9,Medico Temistocles Almagro 32 Bajo 1,03300,Orihuela
3SixMagic,3SixMagic Ltd,United Kingdom,Professional,1621,46,Very good,97 %,0 %,2 %,1 %,26,9 George Street,S80 1QJ,Worksop
4TUGA,4TUGA,Germany,Powerseller,2156,30246,Outstanding,100 %,0 %,0 %,0 %,11,Caspar-David-Friedrich-Str. 37d,01217,Dresden
7cards,Andre Xander,Germany,Professional,1065,65945,Outstanding,100 %,0 %,0 %,0 %,15,Haydn Str 8,76761,Rülzheim
AbbysSTORE,Occhi e mani j.d.o.o.,Croatia,Professional,1816,56957,Outstanding,100 %,0 %,0 %,0 %,17,Prešernova 3,10000,Zagreb
ABC-Gaming-79,ABC Informatique,France,Professional,1353,613,Outstanding,100 %,0 %,0 %,0 %,11,76 BIS Rue Du Poitou,79130,Secondigny
AbsolutMintCard,Absolut Mint Card,France,Powerseller,4918,62937,Outstanding,100 %,0 %,0 %,0 %,14,6 Rue Georges Brassens,31140,Fonbeauzard
Accentgaming,Accent Gaming (Dunfermline) LTD,United Kingdom,Professional,188,332,Outstanding,98 %,2 %,0 %,0 %,18,15 New Row,KY12 7EA,Dunfermline
AceOfHeartsKG,Ace of Hearts HOFER KG,Austria,Powerseller,129,210,Outstanding,100 %,0 %,0 %,0 %,14,Georgenberg 346,5431,Kuchl
Acidbeast,Uwe Ellsaesser,Germany,Professional,9578,2610,Outstanding,100 %,0 %,0 %,0 %,13,Comeniusstr. 3,74321,Bietigheim-Bissingen
AcmeGamesNW,Acme Games,United Kingdom,Professional,3532,720,Outstanding,99 %,1 %,0 %,0 %,10,7 Lloyd St,LL30 2UU,Llandudno
AdCardCollectibles,Adriano Cardoso,Portugal,Professional,22033,173725,Outstanding,98.8 %,0.6 %,0.6 %,0 %,18,"Rua Padre Alfredo Fernandes de Brito, Nº20, Loja 3",2665-527,Venda do Pinheiro
AdiBaba,Le Dragon Joueur - La Caverne d'Adi Baba,France,Professional,205,19,Outstanding,100 %,0 %,0 %,0 %,11,52 Rue De La République,42400,Saint-Chamond
Adrien1987,Adrien Gauthier,France,Professional,6206,304,Outstanding,100 %,0 %,0 %,0 %,12,17 Place de la République,08600,Givet
Adventures-Sold0,Sold0 srls,Italy,Professional,189,1699,Outstanding,100 %,0 %,0 %,0 %,14,Corso Dante 58,14100,Asti
AetherQuelle,AetherQuelle,Germany,Professional,737,4003,Outstanding,100 %,0 %,0 %,0 %,11,Europastr. 98a,24976,Handewitt
AffairsEchirolles,Affair's,France,Professional,352,59,Outstanding,99 %,0 %,1 %,0 %,14,21 Avenue Salvador Allende,38130,Echirolles
AFGAMES,AF Games Milano,Italy,Professional,7041,30233,Outstanding,100 %,0 %,0 %,0 %,14,Piazza Damiano Chiesa 11,20149,Milano (MI)
afistfulofdice,A Fistful of Dice,United Kingdom,Professional,253,4921,Outstanding,100 %,0 %,0 %,0 %,8,69 Elm Grove,PO5 1JF,Southsea
AfoCardVault,AFOCARDVAULT,Spain,Professional,2656,32347,Outstanding,99 %,1 %,0 %,0 %,9,"Gran Via De Les Cortes Catalanes 278, 6-2",08004,Barcelona
agumakestokens,AGU Agnieszka Zagórska,Poland,Professional,3880,3594,Outstanding,99 %,1 %,0 %,0 %,20,Kresowa 9,30-394,Kraków
Aitarak,Fernandes da Silva's Ludus,Switzerland,Professional,9867,21424,Outstanding,99.2 %,0.8 %,0 %,0 %,7,Konstanzerstrasse 38,8280,Kreuzlingen
AJ-Seller,Ali Talha Sükür,Germany,Professional,2247,4091,Outstanding,100 %,0 %,0 %,0 %,16,Homfelder Str. 19,28325,Bremen
AJ-TCG,AJ-TCG ltd,United Kingdom,Professional,1753,9194,Outstanding,99 %,0.5 %,0.5 %,0 %,12,54 Manchester Road,PR1 3YH,Preston
Akarui-86,Francisco Costa,Portugal,Professional,339,15848,Outstanding,100 %,0 %,0 %,0 %,14,Travessa Da Rua Do Passal 9,9500-097,Ponta Delgada
Akeycollects,Akeycollects LTD,United Kingdom,Professional,669,38,Outstanding,99 %,1 %,0 %,0 %,14,"3rd Floor, 86-90 Paul Street,",EC2A 4NE,"London,"
Akibaloots,Padrón Soluciones,Spain,Professional,97,1782,Outstanding,100 %,0 %,0 %,0 %,8,"Paseo de la estación,  1, Buen Lugar",35430,Firgas
Akihara,Akihara GmbH,Switzerland,Professional,0,664,,,,,,0,Tössfeldstrasse 67B,8406,Winterthur
Akinari1994,Alex Mazzoni,Italy,Professional,755,220,Outstanding,100 %,0 %,0 %,0 %,11,Corso Del guercino 25A,44042,Cento(FE)
akinos06,auto-entreprise,France,Professional,417,375,Outstanding,100 %,0 %,0 %,0 %,11,15 rue des échelles,38120,saint-égreve
alea77,Magic Fun Torino,Italy,Professional,5170,17441,Outstanding,100 %,0 %,0 %,0 %,14,Via Gioachino Rossini 21D,10124,Torino
alecardsandgame96,Alessandro Medici,Italy,Professional,210,2781,Very good,98 %,0 %,2 %,0 %,14,Via Roveglia Ruffini 67,10040,Leini (TO)
ALFA-TCG,ALFA TCG,Switzerland,Professional,1764,15914,Outstanding,100 %,0 %,0 %,0 %,9,Pappelstrasse 20,4106,Therwil
Alfka,Alfka's Mana Market,United Kingdom,Professional,1189,11545,Outstanding,100 %,0 %,0 %,0 %,10,Online Store,PL65LQ,Plymouth
All-In-TCGames,ALL-IN-TCGAMES,Spain,Powerseller,4003,26404,Outstanding,100 %,0 %,0 %,0 %,10,C/La Longuera Nº63 Edif.La Puntilla 3A,38410,Los Realejos
All-In-TCG,All-In TCG,France,Professional,1193,9100,Outstanding,100 %,0 %,0 %,0 %,12,1 rue relinde,67200,Strasbourg
All4play,All4Play,France,Powerseller,1878,4755,Outstanding,100 %,0 %,0 %,0 %,11,203 avenue de Grande-Bretagne,31300,TOULOUSE
allcardsindeck,All Cards In Deck,France,Professional,5421,9299,Outstanding,99.2 %,0.4 %,0.4 %,0 %,12,8TER GRANDE RUE,91940,SAINT JEAN DE BEAUREGARD
Allgaeu-TCG,Allgäu TCG,Germany,Powerseller,4948,11776,Outstanding,100 %,0 %,0 %,0 %,11,Stampfweg 5b,87463,Dietmannsried
Allofgeek,All Of Geek By Jonax,Belgium,Professional,183,250,Outstanding,100 %,0 %,0 %,0 %,10,Grand Route 332,4610,Beyne-Heusay
AllYouCanPlay,All You Can Play,Italy,Powerseller,1202,5087,Outstanding,100 %,0 %,0 %,0 %,16,Via Placida 21,98121,Messina
AlpacaTCG,"Alpaca Chinchona, E.S.P.J.",Spain,Professional,1161,4120,Outstanding,100 %,0 %,0 %,0 %,9,Calle José Antela Conde 19 Bajo,36205,VIGO
AlphaGremlin,Alpha Collector,Austria,Powerseller,158,605,Outstanding,100 %,0 %,0 %,0 %,20,Rudolf-Nurejew-Promenade 1/4/2,1220,Vienna
AlphaTCG,Christos Georgiou,Cyprus,Professional,27511,10613,Outstanding,99.4 %,0.6 %,0 %,0 %,,P.O. Box 62595,8066,Paphos
AlpManga,ALP'MANGA,France,Professional,2726,5708,Outstanding,100 %,0 %,0 %,0 %,14,23 Rue Des Fossés,38350,La Mure
AltdorGames,Kaissa Ioannina,Greece,Professional,5383,93355,Outstanding,100 %,0 %,0 %,0 %,17,Z. Kaplani 4-6,45444,Ioannina
altrove,Altrove di Michele Polo,Italy,Professional,3994,5617,Outstanding,100 %,0 %,0 %,0 %,18,Via Einaudi 42,09127,Cagliari
AM-giochi,AM GIOCHI E FUMETTI,Italy,Professional,9527,51396,Outstanding,99 %,0 %,1 %,0 %,23,VIA A BARDELLI 4,33035,MARTIGNACCO (UD)
amazingtoys,Amazing Enterprise AG,Switzerland,Professional,1298,33046,Outstanding,100 %,0 %,0 %,0 %,5,Zweierstrasse 123,8003,Zürich
AMpos,FRIKLAND,Spain,Professional,2475,1022,Very good,97 %,1 %,2 %,0 %,7,Cabeza 2,18800,Baza
AndreHerrmann,Speedybricks,Germany,Professional,1051,14782,Outstanding,100 %,0 %,0 %,0 %,11,Stapelholmer Weg 25,24963,Tarp
andretainment,Andrétainment,Germany,Professional,3277,30,Outstanding,100 %,0 %,0 %,0 %,13,Waldstr. 3,56459,Bellingen
Andycards,Andycards Srl,Italy,Professional,29419,7141,Outstanding,100 %,0 %,0 %,0 %,11,Via Achille Grandi 66,48123,Ravenna (RA)
Andys-Pokeshop,Andreas Tanski,Germany,Professional,19515,2944,Outstanding,98.8 %,1.2 %,0 %,0 %,17,Döbrabergstr. 18,50765,Köln
Angeli-e-Draghi,A&D Fantasy srl Angeli e Draghi,Italy,Professional,18770,399100,Outstanding,97.9 %,2.1 %,0 %,0 %,14,Via Luigi Vanvitelli 5/7,00153,ROMA
AngoloNerd,L'Angolo Nerd,Italy,Professional,814,311,Outstanding,100 %,0 %,0 %,0 %,11,Via delle Primule 7,71043,Manfredonia (FG)
ANIGAME,ANIGAME,Austria,Professional,528,9888,Outstanding,98 %,1 %,1 %,0 %,15,Jakoministraße 8,8010,Graz
ANIMA-CARDS,Anima Cards,France,Professional,11965,2774,Outstanding,99.7 %,0.3 %,0 %,0 %,12,180 chemin de la charrière lot 29,38690,COLOMBE
Animehousegr,PANAGIOTIS TZORTZIS,Greece,Professional,15695,219037,Outstanding,99 %,1 %,0 %,0 %,22,Kallidopouloy 26,54642,Thessaloniki
antoct1991,Antonino Germana,Italy,Professional,3020,7384,Outstanding,99 %,0 %,1 %,0 %,21,via Sant’ Eligio 26,95039,Trecastagni
antredemondes,comelli et lefevre SARL,France,Professional,219,8785,Very good,95 %,2 %,3 %,0 %,12,11 rue Austerlitz,60200,Compiègne
Antredujeu,L'antre du Jeu (La Diagonale du Fou),France,Powerseller,40892,425101,Outstanding,99.7 %,0.3 %,0 %,0 %,11,39 rue du vieux sextier,84000,Avignon
Apokalypsia,Anke Lückingsmeier,Germany,Professional,416,3390,Outstanding,100 %,0 %,0 %,0 %,8,Markfeldstr. 8,32130,Enger
Apothicarte,APOTHICARTE,France,Professional,5971,29746,Outstanding,98.7 %,1.3 %,0 %,0 %,14,5 Rue Saint Silain,24000,PERIGUEUX
Appalaway,Markus Alterauge,Germany,Professional,3052,28831,Outstanding,98 %,1 %,1 %,0 %,9,Alperscheid 1,57489,Drolshagen
aquariustcg,Sascha Knoop,Germany,Professional,7012,59317,Outstanding,100 %,0 %,0 %,0 %,11,Luisenstraße 7,13505,Berlin
aquilon-tcg,l'aquilon,France,Professional,2278,52695,Outstanding,100 %,0 %,0 %,0 %,9,9 Rue De La Rafiniere,73460,Gresy Sur Isère
Aradhirs-Kartenwelt,Patrick Mertens Trading Cards,Germany,Professional,681,13969,Outstanding,100 %,0 %,0 %,0 %,8,Oskarstr. 43,46149,Oberhausen
Aragorn44,Dieter Staab,Germany,Professional,15862,4537,Outstanding,100 %,0 %,0 %,0 %,13,Conrad-Röntgen-Str. 3,66450,Bexbach
Arakemon,Arakemon,France,Professional,142,298,Outstanding,98 %,2 %,0 %,0 %,9,"Chemin, De Pech Mary",11600,Aragon
Arantelien,Geis und Lambrecht GbR,Germany,Professional,3181,118027,Outstanding,100 %,0 %,0 %,0 %,13,Appelstr. 1,35305,Grünberg
arcadiacggenova,Queen Esmeralda SRL,Italy,Professional,2257,14935,Outstanding,100 %,0 %,0 %,0 %,14,Corso Buenos Aires 10R,16129,Genova
arcadiagamesragusa,ISEKAI  WORLD s.r.l.s.,Italy,Professional,416,195,Outstanding,100 %,0 %,0 %,0 %,18,Via Demostene 30,97100,Ragusa
ArcadiaGamesSP,Arcadia Srl,Italy,Professional,7182,2893,Outstanding,100 %,0 %,0 %,0 %,18,Via Felice Cavallotti 85,19121,La Spezia
arcadiamazzetta,Galaxy Srl,Italy,Professional,229,248,Outstanding,100 %,0 %,0 %,0 %,18,Via Severino Ferrari 83,19124,La Spezia
Arcana-Trieste,Arcana Distribution Srl,Italy,Powerseller,113972,3485971,Outstanding,100 %,0 %,0 %,0 %,16,Viale Gabriele D'Annunzio 29/F,34138,Trieste
ArcanaFrisia,ArcanaFrisia,Netherlands,Powerseller,20080,12334,Outstanding,100 %,0 %,0 %,0 %,13,Postbus 18,9244ZN,Beetsterzwaag
ArcaneBex,Beck Wittmann,Germany,Professional,1215,11309,Outstanding,100 %,0 %,0 %,0 %,11,Waldkauzweg 104,50997,Köln
ArcaneShop,Sebastian Nazaruk,Poland,Professional,3,2987,,100 %,0 %,0 %,0 %,8,Jana Dekerta 17/18,96-300,Żyrardów
ArcanumITA,Arcanum s.a.s.,Italy,Professional,12115,253935,Outstanding,100 %,0 %,0 %,0 %,16,Via Fiume 31-33,80038,Pomigliano d'Arco
ArcheAJeux,AAJ,France,Professional,10493,2730,Outstanding,100 %,0 %,0 %,0 %,14,Rue De La Porte 85,29200,Brest
ArchetypeTCG,Emeline Lejeune,France,Professional,587,1179,Outstanding,100 %,0 %,0 %,0 %,7,60 rue François 1er,75008,PARIS
Archonium,Samuel Quehen,France,Professional,4335,351,Outstanding,100 %,0 %,0 %,0 %,12,35 rue de l'église,56690,Landevant
ArenaGamesBE,Corentin Bellard,Belgium,Professional,9,133,Good,100 %,0 %,0 %,0 %,9,Rue Joseph Dufrane 10F,7080,Frameries
ArenaGames,ARENA GAMES,Spain,Professional,3211,3340,Outstanding,100 %,0 %,0 %,0 %,6,"Setenil, nº 13",29400,Ronda (Málaga)
Aria-trading,Lucas Saillour,France,Professional,903,1618,Outstanding,100 %,0 %,0 %,0 %,12,1 Clos De La Minée,53150,Gesnes
Arivandale,Arivandale,Austria,Professional,1982,13803,Outstanding,100 %,0 %,0 %,0 %,15,Buchsgasse 35,1220,Wien
ARK-Games,ARK-Games,France,Professional,12152,20234,Outstanding,99 %,1 %,0 %,0 %,16,"16, rue Marcel Adam",95740,Frepillon
ArkadiAStore,ArkadiA Store,Spain,Professional,2748,36712,Outstanding,100 %,0 %,0 %,0 %,7,Virgen Del Pilar Nº2  2-B  (ArkadiA Store),11550,Chipiona
arveena,Arveena,Germany,Professional,2563,10704,Outstanding,100 %,0 %,0 %,0 %,19,Flinsbachstraße 11,54295,Trier
AsgardBCN,Tienda Asgard,Spain,Professional,16318,224119,Outstanding,100 %,0 %,0 %,0 %,7,"Francesc Macia, 33 (Local)",08912,Badalona
AstoraComics,Astora Comics,Spain,Professional,6183,9785,Outstanding,99.6 %,0.4 %,0 %,0 %,10,Montero Ríos 50,15706,Santiago de Compostela
AstroWill,William Dunn,United Kingdom,Professional,2680,34623,Outstanding,100 %,0 %,0 %,0 %,14,Bourne Drive,CT3 1FT,Littlebourne
ateneocomics,Ateneo Comics S.L.U.,Spain,Professional,3424,92854,Outstanding,100 %,0 %,0 %,0 %,8,Serrano 10,03003,ALICANTE
AtheneasHobby,ATHENEAS HOBBY S.L.,Spain,Professional,34600,9565,Outstanding,98.6 %,1.1 %,0.3 %,0 %,9,Martinez de la Rosa 100 local (Atheneas),29010,Malaga
AthensCollectibles,Athens Collectibles LP,Greece,Powerseller,27039,266,Outstanding,99.4 %,0.6 %,0 %,0 %,14,Iamvis 12,10443,Athens
AtlasTCG,"ATLAS ENTERTAINMENT, SOCIEDAD LIMITADA",Spain,Professional,1109,24264,Outstanding,100 %,0 %,0 %,0 %,9,"Calle Orense 70, Pl 9 Izq",28020,Madrid
AtomicCardsTCG,Atomic Cards,United Kingdom,Professional,1530,17690,Outstanding,100 %,0 %,0 %,0 %,14,T18 Hobley Drive,SN34NS,Swindon
AUBAZARDEYIRULD,SJ Office,Belgium,Professional,5161,33385,Outstanding,97 %,2 %,1 %,0 %,18,Avenue de l'Europe 14 - RDC,6000,Charleroi
Auenland,Auenland Inh. R. Nowak,Germany,Professional,13997,1545,Outstanding,100 %,0 %,0 %,0 %,13,Schwanenwall 7,44135,Dortmund
AuraTradingCardGames,Tiziano Orci,Italy,Powerseller,615,611,Outstanding,99 %,1 %,0 %,0 %,14,Via dell'Olmata 25,00048,nettuno
AuroraWolfTCG,GaymerWoelfin-TCG,Germany,Professional,2888,535,Outstanding,100 %,0 %,0 %,0 %,18,Hauptstraße 10,07616,Graitschen bei Bürgel
AVATAR-PL,AVATAR Maciej Wilkosz,Poland,Professional,5071,47166,Outstanding,100 %,0 %,0 %,0 %,24,Witczaka 2A,44-335,Jastrzębie Zdrój
Aviccenna,Michael Feuerstein,Germany,Professional,4011,11865,Outstanding,99.3 %,0.7 %,0 %,0 %,19,Alte Straße 49,04229,Leipzig
AxionNow,Axion  Now,United Kingdom,Professional,2889,140262,Outstanding,100 %,0 %,0 %,0 %,20,"1 Merrit House, Hill Avenue",HP6 5BQ,Amersham
Back-To-Magic,Johann Bargen,Germany,Professional,5998,8942,Outstanding,100 %,0 %,0 %,0 %,11,Detmolder Str. 75,33604,Bielefeld
BackSlash,Reece Simm,United Kingdom,Professional,3428,12618,Outstanding,98.4 %,1.6 %,0 %,0 %,10,11 Wellington Street,CW8 1EG,Northwich
BaffoTCG,Matteo Ragno,France,Professional,10,103,Good,100 %,0 %,0 %,0 %,15,Appart 4,16100,Cognac
balaviaris,John Papadakis,Greece,Professional,13301,1287,Outstanding,99 %,0 %,1 %,0 %,21,Evans 5,71201,Heraklion
Barricax,Mutina Cards & Games,Italy,Professional,11636,19038,Outstanding,99.5 %,0.5 %,0 %,0 %,14,Via G. Tartaglione 19,41123,Modena
BaT-Cards,B.a.T - Cards,Germany,Professional,1910,13272,Outstanding,100 %,0 %,0 %,0 %,11,Bergstraße. 18,69234,Dielheim
bathtcg,Bath TCG,United Kingdom,Professional,8375,548,Outstanding,100 %,0 %,0 %,0 %,10,4 Victoria Buildings,BA2 3EH,Bath
BattleBearTCG,Battle Bear GmbH & Co. KG,Germany,Powerseller,45373,331629,Outstanding,100 %,0 %,0 %,0 %,13,Fruchthallstraße 31,67655,Kaiserslautern
BattleMindTavern,BattleMindTavern,France,Professional,14773,308464,Outstanding,99.7 %,0.3 %,0 %,0 %,,15 RUE DE NORMANDIE,92400,COURBEVOIE
BazaarOfKoji,Bazaar Of Koji,France,Professional,12096,123033,Outstanding,98.7 %,1.3 %,0 %,0 %,16,1 rue Marie gallante,17000,la Rochelle
Bazaarofmagic,Bazaar of Magic,Netherlands,Powerseller,43036,841742,Outstanding,98.4 %,1.3 %,0.3 %,0 %,12,Rotterdamseweg 370 A9,2629HG,Delft
BB-Online-Handel,BB Online-Handel,Germany,Professional,6640,1273,Outstanding,100 %,0 %,0 %,0 %,11,Gutensweger Weg 1,39326,Klein Ammensleben
BB-Spiele,Collectibles-Hub GmbH,Germany,Powerseller,227885,153465,Outstanding,99.8 %,0.2 %,0 %,0 %,16,Kolbermoorer Str. 20,83026,Rosenheim
Beale,Fernando Estran Ramirez,Spain,Professional,7068,23281,Outstanding,99.5 %,0.5 %,0 %,0 %,12,Camino San Lazaro 44,38203,Tenerife
BedwyrLand,BedwyrLand,France,Professional,4866,7021,Outstanding,100 %,0 %,0 %,0 %,9,"16, Rue Des Sables",85670,La Chapelle-Palluau
BeerandPretzelGaming,Beer & Pretzel Gaming ltd,United Kingdom,Professional,283,88,Outstanding,100 %,0 %,0 %,0 %,12,95-95a Highgate,LA9 4EN,Kendal
beetle56,Jorge San Segundo,Spain,Professional,3566,49428,Outstanding,100 %,0 %,0 %,0 %,9,Valencia,46011,Valencia
Belharion,Arne Van Bochove,Germany,Professional,8377,6186,Outstanding,100 %,0 %,0 %,0 %,16,Friedenstraße 38a,35614,Aßlar
Bendel-Cards,Bendel's Cards,France,Professional,1382,243,Outstanding,100 %,0 %,0 %,0 %,11,4C chemin du boudonnet,05130,Tallard
Benjie,Chez Benjie,France,Powerseller,4849,6303,Outstanding,100 %,0 %,0 %,0 %,11,1 chemin de la blanchisserie,38100,Grenoble
Benjimoney23,Michael Katzlberger,Austria,Professional,2713,150,Outstanding,99.2 %,0.8 %,0 %,0 %,15,Friedrich Schlögl Gasse 12b,3011,Purkersdorf
bestmarmotte,Bertrand Fagnoni,France,Professional,2742,50132,Outstanding,100 %,0 %,0 %,0 %,18,25 rue de la Defense,92130,issy les moulineaux
BetaCards,Beta Card,Germany,Professional,9279,6504,Outstanding,100 %,0 %,0 %,0 %,11,Lilienweg 1,31171,Nordstemmen
Betooin,Les trésors de Betooin,France,Professional,3824,5056,Outstanding,100 %,0 %,0 %,0 %,12,8 rue des ormeaux,81200,Aussillon
BetterMagic,BetterMagic - Marco Klassen,Germany,Powerseller,466,7038,Outstanding,100 %,0 %,0 %,0 %,13,Papendiekstr. 71,32257,Bünde
BeyondGames,Pactimex sp. z o. o.,Poland,Professional,6485,36488,Outstanding,100 %,0 %,0 %,0 %,17,"Gen. Wl. Andersa 38, 8 pietro",15-113,Bialystok
Bigspenner,Paul Spence,United Kingdom,Professional,13972,75953,Outstanding,100 %,0 %,0 %,0 %,20,Sconce Lane Faweather Mistal,BD16 3BL,Bradford
biverboat,BIVERBOAT,France,Powerseller,49709,989026,Outstanding,100 %,0 %,0 %,0 %,16,28 rue Marcel Henaux,59700,Marcq en Baroeul
BizkyShop,Giacomo Dosso,Switzerland,Professional,65,317,Outstanding,100 %,0 %,0 %,0 %,7,Via Dei Lucchini 7A,6926,Montagnola
Bjoerns-Spot,Björn Pusch,Germany,Professional,686,2785,Outstanding,100 %,0 %,0 %,0 %,9,Helmholtzstr. 20,23562,Lübeck
BK-Trading,BK-Trading - Benjamin Kafka,Germany,Powerseller,6956,1378,Outstanding,100 %,0 %,0 %,0 %,16,Neckarstr. 9,73728,Esslingen
BlackCatGames,Mika Sadzakov und Joschka Sadzakov GbR,Germany,Professional,22308,22711,Outstanding,100 %,0 %,0 %,0 %,16,Briller Str. 23a,42105,Wuppertal
BlackDragonIT,Luca Della Corte,Italy,Powerseller,1623,29182,Outstanding,99.3 %,0 %,0.7 %,0 %,23,"Via Messina, 7",84098,Pontecagnano
BlackFlameGreece,Black Flame Collectables,Greece,Professional,16130,147578,Outstanding,99.7 %,0.3 %,0 %,0 %,16,Kouskoura Street 18,55131,Kalamaria Thessaloniki
BlackLotusCardstore,Black Lotus Cardstore,Italy,Professional,6968,150353,Outstanding,98.8 %,1.2 %,0 %,0 %,11,Galleria Mirabello 11/a,20081,Abbiategrasso
BlacklotusCZ,"Black Lotus, s. r. o.",Czech Republic,Professional,12058,230290,Outstanding,97.8 %,2.2 %,0 %,0 %,16,Zengrova 550/101,70300,Ostrava
BlacPhoenix,Dragonlord Games Würzburg,Germany,Professional,3136,1055,Outstanding,100 %,0 %,0 %,0 %,9,Wenzelstr. 18,97084,Würzburg
BlingKong,BlingKong,Netherlands,Professional,3086,1221,Outstanding,100 %,0 %,0 %,0 %,16,Ceciliastraat 13,6137AH,Sittard
BlockhouseGames,Blockhouse Games OY,Finland,Professional,1151,296,Outstanding,99 %,0 %,1 %,0 %,14,Kauppiaskatu 15,20100,Turku
Blodband,Blodband LTD,United Kingdom,Powerseller,867,10853,Good,95 %,1 %,3 %,1 %,21,"Blodband, Unit 13:101, The Guild",SP20RS,Wilton
blubb1-0,Dominic Aichinger,Austria,Professional,4165,4046,Outstanding,100 %,0 %,0 %,0 %,14,Ferdinand Porsche Ring 1/1/10/32,2700,Wiener Neustadt
BlueDragons-Shop,BlueDragons-Shop,Italy,Professional,14359,578475,Outstanding,100 %,0 %,0 %,0 %,20,Via Ventimiglia 115,41125,Modena
BlueRiderTCG,BlueRiderTCG JM,Spain,Professional,47,85,Outstanding,100 %,0 %,0 %,0 %,10,"C/ Benimuslem N°3, Bajo",46010,Valencia
boardsandswords,Boards and Swords Hobbies,United Kingdom,Professional,397,1519,Outstanding,100 %,0 %,0 %,0 %,10,3 Jubilee Parkway,DE21 4BJ,Derby
Bobbyvankenobby,Saschas Magic Shop,Germany,Powerseller,531,7852,Outstanding,100 %,0 %,0 %,0 %,12,Münchner Straße 25 A,85659,Forstern
Bolt-the-Bird-Ltd,Bolt the Bird LTD,United Kingdom,Professional,14455,26437,Outstanding,99.3 %,0.7 %,0 %,0 %,20,"FAO: Bolt the Bird LTD, Unit 6a & 6b, The Peel Centre, St Ann Way",GL1 5SF,Gloucester
BoltthebirdCZ,BoltthebirdCZ s.r.o.,Czech Republic,Professional,40819,1581109,Outstanding,99.5 %,0.4 %,0.1 %,0 %,27,Prostějovská 68/8,79817,Smržice
Boneshop-Goslar,www.Boneshop-Tabletop.com,Germany,Professional,4091,90432,Outstanding,100 %,0 %,0 %,0 %,19,Hauptstraße 48,38690,Goslar
boogoo,Boogooland,Greece,Professional,33,235,Good,100 %,0 %,0 %,0 %,16,Chatziargiri 64,38333,Volos
BoomKegGaming,Boom Keg Gaming Ltd.,United Kingdom,Professional,31539,347838,Outstanding,100 %,0 %,0 %,0 %,14,44 Springfield Road,NN15 6EA,Kettering
BoosterKoenig,BoosterKönig,Germany,Professional,237,278,Outstanding,100 %,0 %,0 %,0 %,13,Johann-Schmidt-Str. 11A,86899,Landsberg am Lech
boostertcgandmore,Alexander Preiß & Tom Tietjen GbR,Germany,Professional,4456,2332,Outstanding,100 %,0 %,0 %,0 %,18,Hans-Bredow-Straße 19,28307,Bremen
BorderlessTCG,BorderlessTCG,Germany,Professional,4997,14084,Outstanding,100 %,0 %,0 %,0 %,13,Bürg 14,94474,Vilshofen
Bougetonpion,sarl bouge ton pion,France,Professional,33,94,Good,100 %,0 %,0 %,0 %,7,10 Rue Jean Le Berre,29120,Pont L Abbé
BourneToys,Bourne Toys,United Kingdom,Professional,335,2160,Outstanding,100 %,0 %,0 %,0 %,12,"Unit 5, The Burghley Centre",PE10 9EG,Bourne
Boutique-TCG,Fantasy Cards,France,Professional,14909,607613,Outstanding,99.9 %,0.1 %,0 %,0 %,18,1 Bd. Charles De Gaulle,42120,Le Coteau
Bovarim,Bart Wiegant,Netherlands,Professional,4063,25825,Outstanding,100 %,0 %,0 %,0 %,11,Rietkamp 29,4133CR,Vianen
BowmanTCG,BOWMAN,Croatia,Professional,6338,118109,Outstanding,100 %,0 %,0 %,0 %,22,Vinogradska 5,31000,Osijek
BoxFreshGaming,Adam Midgley,United Kingdom,Professional,3397,10172,Outstanding,100 %,0 %,0 %,0 %,12,56 Ganners Lane,LS13 2NX,Leeds
BoxHorizons,BoxHorizons,France,Professional,5864,20929,Outstanding,100 %,0 %,0 %,0 %,9,13 Rue Du Mont Blanc,74000,ANNECY
bradpitkeeper,Maxime Martin,France,Professional,12022,71491,Outstanding,99.4 %,0.6 %,0 %,0 %,18,14 Rue Pierre Robin,69007,Lyon
BrandyBrand,BrandyBrand,Germany,Professional,5664,9645,Outstanding,100 %,0 %,0 %,0 %,8,Auf dem Halmburger 6,35043,Marburg
Brett42de,Brett 42,Germany,Professional,153,2166,Outstanding,100 %,0 %,0 %,0 %,11,Baustr. 63,31785,Hameln
Brettspielboerse,Die Brettspielbörse,Germany,Professional,932,395,Outstanding,100 %,0 %,0 %,0 %,15,Blumenstraße 4,38550,Isenbüttel
Brianofso,Trading Cards Schouwen,Netherlands,Professional,5935,13084,Outstanding,100 %,0 %,0 %,0 %,17,Dorpsweg 21,4327AA,Serooskerke
Brickfan,Brickfan_tcg,Germany,Professional,1518,2131,Outstanding,100 %,0 %,0 %,0 %,12,Stettiner Straße 6,35683,Dillenburg
bricksquadrat-mtg,Sven Rommel,Germany,Powerseller,2739,36362,Outstanding,100 %,0 %,0 %,0 %,11,Hirtenwiesen 11,74343,Sachsenheim
Brickznmore,TW's Brickznmore,Germany,Professional,4552,5159,Outstanding,100 %,0 %,0 %,0 %,13,Hauptstrasse 10,66894,Lambsborn
Brightblades,Leon Giannoulopoulos,Greece,Professional,7457,275068,Outstanding,100 %,0 %,0 %,0 %,11,Korai 7C,14561,Kifissia
bronco80it,Crossover snc di Farina Gianluca & C.,Italy,Professional,92,8884,Outstanding,98.5 %,1.5 %,0 %,0 %,14,Circonvallazione Ragusa 88 c/o Crossover Giochi e Fumetti,64100,Teramo
Bronhy,Filip Popović,Croatia,Professional,58320,35150,Outstanding,99.2 %,0.2 %,0.6 %,0 %,19,Črnomerec 56,10000,Zagreb
Bubimann28,Peter Wandinger,Germany,Powerseller,7376,71600,Outstanding,100 %,0 %,0 %,0 %,16,Graf-Ortlieb-Str. 1,84518,Garching
Budgiecards,Budgiecards,United Kingdom,Professional,12307,6799,Outstanding,100 %,0 %,0 %,0 %,,92 Warwick Road,M24 1HL,Manchester
BuiBui,BuiBui,Germany,Professional,17619,4712,Outstanding,99 %,0.7 %,0.3 %,0 %,16,Hildesheimer Str. 54a,30880,Laatzen
BulkParadise-TCG,BulkParadise-TCG,Germany,Powerseller,5702,15476,Outstanding,100 %,0 %,0 %,0 %,13,Schillerstraße 19,71522,Backnang
BulldogCardTraders,Bulldog Card Traders,United Kingdom,Professional,25942,29588,Outstanding,100 %,0 %,0 %,0 %,14,8 Wentbridge Path,WD6 4ET,Borehamwood
Bunkern,Bunkern,Denmark,Professional,10265,82552,Outstanding,100 %,0 %,0 %,0 %,10,Baggesens Alle 125,6700,Esbjerg
BurrowGames,Burrow Games,United Kingdom,Professional,160,915,Outstanding,100 %,0 %,0 %,0 %,12,46 Riverside Road,NR11SR,Norwich
bustedmagicuk,BustedMagicUK,United Kingdom,Professional,14577,36466,Outstanding,100 %,0 %,0 %,0 %,14,44 Letterickhills Crescent,G72 8XL,Cambuslang
BuyWithConfidence,BUYWITHCONFIDENCE,Italy,Professional,22031,454383,Outstanding,100 %,0 %,0 %,0 %,11,Via G.Piroli 2\B,29029,Niviano di Rivergaro (PC)
C-and-C-Collectibles,Card & Console Collectibles,Germany,Professional,345,64,Outstanding,100 %,0 %,0 %,0 %,11,Wiesensraße 3,98617,Obermaßfeld-Grimmenthal
c4gamers,C4GAMERS,Greece,Professional,22510,4101,Outstanding,98.6 %,0.8 %,0.6 %,0 %,19,sourmenon 46,55131,Thessaloniki
caceres2020,The Magic Well,Netherlands,Professional,3893,82183,Outstanding,100 %,0 %,0 %,0 %,11,St. Jorislaan 4,5611PM,Eindhoven
CairneyCards,Cairney Cards,United Kingdom,Powerseller,47636,192372,Outstanding,99.8 %,0 %,0.2 %,0 %,12,27 Long John Hill,NR1 2EJ,Norwich
CalaveraAzul,"LA CALAVERA AZUL IBERIA, SCCL",Spain,Professional,132,4313,Outstanding,100 %,0 %,0 %,0 %,7,Bellsolar 85 Local 3,08440,Cardedeu
CallJ,Autoentreprise,France,Professional,839,9509,Outstanding,100 %,0 %,0 %,0 %,21,2 rue du pré joli,44640,Saint jean de Boiseau
callum-mysticwarren,Mystic Warren,United Kingdom,Professional,694,8276,Outstanding,100 %,0 %,0 %,0 %,18,127 Warren Gardens,BT28 1HW,Lisburn
caossavona,Caos_Savona_Srl,Italy,Professional,2581,30,Outstanding,100 %,0 %,0 %,0 %,18,Via Montenotte 111/113 R,17100,Savona
CARAB,CARAB AG,Switzerland,Powerseller,114373,1871745,Outstanding,99.9 %,0.1 %,0 %,0 %,12,Zürichstrasse 31,6004,Luzern
Card-Club,"Card Club, Malina & Scholl GbR",Germany,Professional,3432,51,Outstanding,99.1 %,0.9 %,0 %,0 %,11,Untere Hauptstraße 19,68766,Hockenheim
Card-foundry,Philip Böni,Germany,Professional,36848,23404,Outstanding,98.9 %,0.7 %,0.2 %,0.2 %,23,Postfach 100366,42004,Wuppertal
Card-Investment,Guido Deggerich,Germany,Professional,4858,12796,Outstanding,99.4 %,0 %,0 %,0.6 %,13,Sandkornstr. 9,48432,Rheine
Card-Jungle,Thomas Siemes Sammelkartenhandel,Germany,Professional,7932,9745,Outstanding,100 %,0 %,0 %,0 %,16,Storchenweg 5,85586,Poing
Card-Knights,Fabian Matuczewski,Germany,Professional,3278,44947,Outstanding,98 %,2 %,0 %,0 %,16,Friedhofstr.4,38368,Grasleben
Card-Trader24,Cardtrader24,Germany,Professional,99002,249121,Outstanding,98.6 %,0.8 %,0.6 %,0 %,16,Friedrichstraße 5a,32791,Lage
card-universe,MTG Card Universe,Italy,Professional,2911,53162,Outstanding,100 %,0 %,0 %,0 %,16,"Via Del Platano , 7",57125,Livorno
Cardaccess,CARDACCESS,France,Professional,30554,5938,Outstanding,100 %,0 %,0 %,0 %,19,9 Avenue Pierre Brossolette,10000,Troyes
cardandsoul,Overkamp & Heidenreich GbR,Germany,Professional,294,22,Outstanding,100 %,0 %,0 %,0 %,11,Alte Poststr. 12,53840,Troisdorf
CardaniaCity,CardaniaCity,Germany,Professional,7203,3211,Outstanding,99.5 %,0.5 %,0 %,0 %,11,Langenstraße 53,49624,Löningen
CardAssassin,Hein&Maxzin GbR,Germany,Professional,3483,520,Outstanding,100 %,0 %,0 %,0 %,16,Frankfurter Str. 28,58553,Halver
CardBarn,Cloud Barn,Belgium,Professional,1843,26565,Outstanding,100 %,0 %,0 %,0 %,10,Kleineheidestraat 1,3360,Bierbeek
CardBeat,Yasin Ünlü,Germany,Professional,390,27,Outstanding,100 %,0 %,0 %,0 %,13,Kunreuthstr. 57,81249,München
CardboardCastle,Hippolyth Herremans,Belgium,Professional,492,16223,Outstanding,100 %,0 %,0 %,0 %,14,Emiel banningstraat 17,2000,Antwerpen
CardboardChemistry,Cardboard Chemistry,Netherlands,Professional,15194,1358,Outstanding,100 %,0 %,0 %,0 %,15,Ernst Bagelaarstraat 52,5246VP,Rosmalen
CardboardGarage,Cardboard Garage,Netherlands,Professional,2616,2117,Outstanding,100 %,0 %,0 %,0 %,9,Jan van den Bergstraat 62,2101XD,Heemstede
cardboardmerchants,Cardboard Merchants Ltd.,United Kingdom,Professional,3662,160,Outstanding,99.2 %,0.8 %,0 %,0 %,14,36 Plungar Close,NG8 3FW,Nottingham
CardbrosFR,Cardbros,France,Professional,105,2868,Outstanding,100 %,0 %,0 %,0 %,9,4 Impasse Des Lilas,18290,Mareuil-sur-Arnon
CardCavern,Nick Hall,United Kingdom,Powerseller,3545,63,Outstanding,99 %,1 %,0 %,0 %,10,118 Amberley Drive,BN3 8JQ,Hove
CardCollectorsCH,Cardcollectors,Switzerland,Professional,979,5216,Outstanding,100 %,0 %,0 %,0 %,7,Glärnischstrasse 30E,8712,Stäfa
cardcorner-at,CARDCORNER,Austria,Powerseller,794,9179,Outstanding,100 %,0 %,0 %,0 %,12,Alauntalstrasse 114/1,3500,Krems An Der Donau
cardcosmos,cardcosmos.de,Germany,Professional,2118,1222,Outstanding,100 %,0 %,0 %,0 %,16,Eckernförder Straße 9,24894,Tolk
CardCouncil,Card Council AG,Switzerland,Professional,14341,8040,Outstanding,100 %,0 %,0 %,0 %,7,Taangässli 2,3132,Riggisberg
CardCrack,CardCrack,Spain,Powerseller,9374,2975,Outstanding,99 %,1 %,0 %,0 %,10,"C/ Danza Invisible, 2, 2º IZQ.",29620,Torremolinos (Malaga)
CardCrusherUK,Cardcrusheruk LTD,United Kingdom,Professional,11090,17660,Outstanding,99.8 %,0.2 %,0 %,0 %,15,4 Parkside Grove,LS11 7LH,Leeds
Carddigga,Carddigga,Germany,Professional,1017,132,Outstanding,100 %,0 %,0 %,0 %,13,Geschwister-Scholl-Str. 9,86343,Königsbrunn Bei Augsburg
CardDroids,Gordian Knot Games Ltd,United Kingdom,Professional,2715,13795,Outstanding,100 %,0 %,0 %,0 %,10,Town Pier Square,DA11 0BJ,Gravesend
CardEmpireSK,"CardEmpire, s. r. o.",Slovakia,Professional,40928,28923,Outstanding,99.7 %,0.3 %,0 %,0 %,15,Namestie 1. Mája 23,90301,Senec
Cardexchange,Cardexchange.com,Netherlands,Powerseller,42875,295828,Outstanding,100 %,0 %,0 %,0 %,11,Nassaustraat 35,4241AJ,Arkel
Cardfanatic,Cardfanatic,Germany,Professional,11661,7483,Outstanding,100 %,0 %,0 %,0 %,16,Bergwerkstrasse 5,51491,Overath
Cardfreaks,Cardfreaks,Switzerland,Professional,10905,202006,Outstanding,99.2 %,0.8 %,0 %,0 %,9,Moosweg 7,3672,Oberdiessbach
CardGameCorner,GaVa S.r.l.,Italy,Powerseller,145227,1168470,Outstanding,97.7 %,1.7 %,0.4 %,0.2 %,23,Via Claudia Augusta 76/C,39100,Bolzano
CardGameNexus,Card Game Nexus Limited,United Kingdom,Professional,1212,203,Outstanding,100 %,0 %,0 %,0 %,14,13 Windmill Way,NN12 8BZ,Greens Norotn
CardGamePontediLegno,Cartolandia di Cimadom Federico,Italy,Professional,2249,2824,Outstanding,100 %,0 %,0 %,0 %,14,Via S. Pietro 7,25056,Ponte Di Legno (BS)
Cardgamestore,Cardgamestore,Netherlands,Professional,283,12,Good,94 %,3 %,1 %,2 %,19,Henri Ter Hallstraat 34,2548ZG,Den Haag
CardgazerTCG,Cardgazer TCG,Germany,Professional,93,443,Outstanding,100 %,0 %,0 %,0 %,11,Flämingstraße 4,15738,Zeuthen
CardHoundTCG,Testadura Andrea,Italy,Professional,850,3687,Outstanding,100 %,0 %,0 %,0 %,16,Via A.Cortesi 12,06059,Todi (PG)
CardHUB-Shop,Demetra SAS,Italy,Professional,1085,72,Outstanding,100 %,0 %,0 %,0 %,16,Calle Del Toresin 4,31406,Oderzo (TV)
Cardiologie,Marko Seifert,Germany,Professional,18791,727,Outstanding,100 %,0 %,0 %,0 %,,Bauernweg 106,09117,Chemnitz
cardLaus,cardLaus,Germany,Professional,1070,1849,Outstanding,100 %,0 %,0 %,0 %,10,Rubensstraße 29,15370,Fredersdorf
CardMagicianUK,CardMagicians,United Kingdom,Professional,649,18005,Outstanding,100 %,0 %,0 %,0 %,12,52 Pemberton Road,N4 1AZ,London
Cardman,Cardman,Germany,Powerseller,112577,17026,Outstanding,99.2 %,0.4 %,0.4 %,0 %,16,Finkensteg 6,02957,Weißkeißel
Cardmasterunite,CardMasterunite,United Kingdom,Professional,128,8773,Outstanding,100 %,0 %,0 %,0 %,,7 Isis Walk,LU7 3DB,LEIGHTON BUZZARD
Cardmondia,Till Stramm,Germany,Professional,8423,6887,Outstanding,100 %,0 %,0 %,0 %,11,Franzstraße 61,58091,Hagen
Cardmosphere,Cardmosphere,Germany,Professional,3742,2791,Outstanding,100 %,0 %,0 %,0 %,19,Balthasar-Neumann-Straße.1,76703,Münzesheim
CardNexus,Card Nexus,United Kingdom,Professional,23060,97137,Outstanding,100 %,0 %,0 %,0 %,14,26 Park Road West,DY8 3NQ,Stourbridge
Cardoreum,Cardoreum,Italy,Professional,2156,2871,Outstanding,100 %,0 %,0 %,0 %,11,Via Vincenzo Monti 44,20123,Milano
CardPlanetAustria,Harald Mautner,Austria,Powerseller,58507,565723,Outstanding,100 %,0 %,0 %,0 %,14,Albersdorf 419/3,8200,Albersdorf-Prebuch
Cardpoint,CARDPOINT Jan Ban s.p.,Slovenia,Professional,29602,341093,Outstanding,99.8 %,0.2 %,0 %,0 %,20,Zaloška cesta 18,1000,Ljubljana
cards-collect,Cards Collect,Germany,Professional,5563,124,Outstanding,100 %,0 %,0 %,0 %,11,Neue Straße 2,04575,Neukieritzsch
cards4future,Tobias Pabst,Austria,Professional,7866,57031,Outstanding,99.3 %,0.7 %,0 %,0 %,18,Oberbichlerweg 7/8,8430,Leibnitz
Cards4Kidz,Cards4Kidz,Italy,Professional,9181,18907,Outstanding,99.4 %,0 %,0.6 %,0 %,24,Via Lario 4,20811,Cesano maderno
Cards4U,Cards4U,Switzerland,Professional,6288,5118,Outstanding,100 %,0 %,0 %,0 %,5,Grubenstrasse 9,4222,Zwingen
cardsandcars,Cards&Cars Uwe Feierabend,Germany,Professional,1641,2247,Outstanding,100 %,0 %,0 %,0 %,8,Peterstr.10,53111,Bonn
CardsandRelics,CardsandRelics,Germany,Professional,725,6578,Outstanding,100 %,0 %,0 %,0 %,8,Mühlenstraße 63,46047,Oberhausen
CardsBeyond,CardsBeyond s.r.o.,Czech Republic,Professional,1100,602,Outstanding,100 %,0 %,0 %,0 %,15,Školská 689/20,11000,Praha
CardsCentral,Martin Steinheuer,Germany,Powerseller,41288,474916,Outstanding,100 %,0 %,0 %,0 %,13,Spiekermannstr. 11,45891,Gelsenkirchen
CardsCloud,Antonio Giaimi,Germany,Professional,9242,71271,Outstanding,100 %,0 %,0 %,0 %,16,Zimmerer Höhe 28,74226,Nordheim
CardSeekers,Cardseekers,Spain,Professional,4426,26654,Outstanding,100 %,0 %,0 %,0 %,9,Travesía benyamina n7,29620,Torremolinos
Cardsgamesenfoli,CardsgamesenFoli,France,Professional,5924,126798,Outstanding,100 %,0 %,0 %,0 %,14,"16, rue Marcel Adam",95740,FREPILLON
CardsGGC,Cards Grading Games & Collection,France,Professional,4758,80897,Outstanding,100 %,0 %,0 %,0 %,11,4 la Noe Ronde,35240,RETIERS
Cardsharks,Cardsharks,Germany,Professional,46887,235829,Outstanding,100 %,0 %,0 %,0 %,13,Königsberger Straße 35,46238,Bottrop
CardShip,CardShip,Spain,Professional,49,499,Outstanding,100 %,0 %,0 %,0 %,7,"Calle Xogo Da Ola N°4, Portal 3,3°N",36400,Porriño
CardsHive,Cards Hive,Greece,Professional,295,29,Outstanding,100 %,0 %,0 %,0 %,13,Alexandrou Svolou 44,54621,Thessaloniki
CardShopDudley,GEEK RETREAT DUDLEY,United Kingdom,Professional,2372,79,Outstanding,98 %,2 %,0 %,0 %,18,195 High Street,DY1 1QE,Dudley
Cardsity,Clément Sauvier,France,Professional,7136,1909,Outstanding,99.1 %,0.9 %,0 %,0 %,12,4 Rue De Valence,75005,Paris
CardsLEipzig,Maik Kynast,Germany,Professional,215,348,Outstanding,100 %,0 %,0 %,0 %,13,Leipziger Str. 104,04178,Leipzig
CardsMania,Martinez SAS di Martinez Bianchi Andres Carlos & C.,Italy,Powerseller,97779,1091791,Outstanding,99.5 %,0.5 %,0 %,0 %,18,"Via Flaminia, 134 L",47923,Rimini
CardsRealm,Cards Realm,Italy,Professional,19174,12997,Outstanding,100 %,0 %,0 %,0 %,23,Via Sardegna 2B,24127,Bergamo
CardsRift,CardsRift,Italy,Professional,38,37,Good,100 %,0 %,0 %,0 %,16,Palestro 10,20823,Lentate Sul Seveso
CardStoreAlcamo,CardStore,Italy,Professional,8480,116493,Outstanding,97 %,3 %,0 %,0 %,37,Via Vittorio Veneto n6,91011,Alcamo (TP)
cardstown,CardsTown di Ruffoli Luca,Italy,Professional,474,5665,Outstanding,100 %,0 %,0 %,0 %,14,Via A. Meucci 26,51035,Lamporecchio
CardTopiaDE,CardTopia,Germany,Professional,195,192,Outstanding,100 %,0 %,0 %,0 %,11,Kalthorststr. 1,68307,Mannheim
CardwalletEU,CARDWALLET.eu,Belgium,Powerseller,19889,256386,Outstanding,100 %,0 %,0 %,0 %,16,Pm us for shipping adress,2930,BS
Carfurle,Carfule TCG,France,Professional,5085,13716,Outstanding,100 %,0 %,0 %,0 %,14,4 impasse du Terrefort,31450,Ayguesvives
Cartacollect,CartaCollect,France,Powerseller,4374,13241,Outstanding,100 %,0 %,0 %,0 %,9,1 Allée Du Clos Du Parc,72530,Yvré L'Evêque
Cartapapa-GP,SAS PHYREXIAN TOWER,France,Powerseller,131272,1148053,Outstanding,99.3 %,0.4 %,0.2 %,0.1 %,13,21 Rue Des étuves,34000,MONTPELLIER
CARTECO,François TESTARD,France,Professional,2877,29613,Outstanding,100 %,0 %,0 %,0 %,12,BP 20020,71001,MACON CEDEX
CARTEMAGICSTORE,MAGIC STORE,France,Powerseller,9372,68874,Outstanding,100 %,0 %,0 %,0 %,7,23 Rue De La Haie Coq,93300,Aubervilliers
CartinhaBrilhante,Cartinha Brilhante,Spain,Professional,645,55551,Outstanding,100 %,0 %,0 %,0 %,7,"Calle Neon, 17, Loma Cabrera",04120,Almeria
CartographerTCG,CartographerTCG,Germany,Professional,2130,5920,Outstanding,100 %,0 %,0 %,0 %,9,Striesener Str. 36d,01307,Dresden
cartonpeleontcg,"EL CARTON PELEON, S.L.",Spain,Professional,2962,55660,Outstanding,100 %,0 %,0 %,0 %,12,Av. Josep Tarradellas 100. Local,08225,Terrassa
CashMarket15,Adrien Del Volgo,France,Professional,732,302,Outstanding,97 %,2 %,1 %,0 %,14,41 Avenue Des Volontaires,15000,Aurillac
castlecards,Castle Cards,United Kingdom,Professional,37792,65226,Outstanding,100 %,0 %,0 %,0 %,12,7 Park Street,CV32 4QN,Leamington Spa
cataclysm-uk,Cataclysm Games,United Kingdom,Professional,5761,851,Outstanding,100 %,0 %,0 %,0 %,14,45 Canterbury Street,ME7 5TR,Gillingham
cavernedujeu,LA CAVERNE DU JEU,France,Professional,10564,11222,Average,94 %,3 %,0 %,3 %,16,134 rue des jardins de la rocherie,62340,Pihens les guines
CbEntertainment,CBENTERTAINMENT,Spain,Professional,5238,4213,Outstanding,100 %,0 %,0 %,0 %,6,APARTADO DE CORREOS NUM. 65022,28031,MADRID
CCC-Cormano,CARDS CAPITAL CITY CORMANO,Italy,Professional,870,64,Outstanding,99.2 %,0.8 %,0 %,0 %,19,via mazzini 14,20095,cusano milanino
Ced34480,Cedtcg,France,Professional,966,3711,Outstanding,98 %,2 %,0 %,0 %,11,13 Rue Du Bel Air,34480,Laurens
CeeAge,Christoph Glomb Sammelkarten,Germany,Professional,7132,37035,Outstanding,100 %,0 %,0 %,0 %,19,Wienbergstraße 19,37186,Moringen
CelaenoComics,Celaeno Cómics,Spain,Professional,1765,3094,Outstanding,99 %,1 %,0 %,0 %,7,"Av. De La Aigüera 9, Local 1",03501,"Benidorm, Alicante"
celestial-gameshop,Celestial GameShop,Germany,Professional,806,480,Outstanding,97 %,3 %,0 %,0 %,21,Eckstrasse 23,66440,Blieskastel
CeltikRage,CeltikTCG,France,Professional,141,846,Outstanding,100 %,0 %,0 %,0 %,11,86 Rue Du Général Leclerc,50110,Cherbourg-en-Cotentin
CENTRUM-MTG,CENTRUM MTG,Poland,Powerseller,984,419,Outstanding,99.1 %,0.9 %,0 %,0 %,18,Bednarska 18/14,00-321,Warszawa
CerberusTCG,Chimera srl,Italy,Professional,32457,139065,Outstanding,99.3 %,0.7 %,0 %,0 %,18,Via Portanova 18,81031,Aversa (CE)
Ceriny,Thomas Spieß,Germany,Professional,724,12153,Outstanding,100 %,0 %,0 %,0 %,13,Volgersweg 20,30175,Hannover
cernyrytir,Cerny rytir (Black Knight),Germany,Powerseller,782906,673643,Outstanding,99.4 %,0.4 %,0.2 %,0 %,21,Charlottenstr. 34,01099,Dresden
chaudrondonyx-tcg,Le Chaudron d’Onyx - TCG,France,Professional,1236,4831,Outstanding,100 %,0 %,0 %,0 %,9,6 Avenue De Vert Bois,74960,Annecy
Checollect,www.checollect.es,Spain,Professional,257,164,Outstanding,99 %,1 %,0 %,0 %,7,"Avinguda De Les Corts Valencianes 46, 10",46980,Paterna
ChillMTG,Chill MTG,France,Professional,1285,3421,Outstanding,100 %,0 %,0 %,0 %,16,349 RUE DE LA QUARANTAINE,69400,VILLEFRANCHE SUR SAONE
ChimeraCollectibles,Chimera,Italy,Professional,5847,2195,Outstanding,100 %,0 %,0 %,0 %,15,Via Rimini 30,20142,Milano
ChimeraTrading,Chimera Trading di Biagio Ruocco,Italy,Powerseller,8629,201653,Outstanding,99.7 %,0.3 %,0 %,0 %,27,"Via Francesco Galdo, 1/3",84126,Salerno
Chris8698,Christian Francisco,Spain,Professional,4506,18705,Outstanding,100 %,0 %,0 %,0 %,10,Fernando Jimenez Nº11 3ºb,48004,Bilbao
CITADELLE,La Citadelle Des Jeux,Switzerland,Professional,16191,106837,Outstanding,100 %,0 %,0 %,0 %,7,Route de Saint-Cergue 303,1260,Nyon
ClaudiaHRO,Claudia Schlutow,Germany,Professional,10576,27776,Outstanding,100 %,0 %,0 %,0 %,12,Philipp-Brandin Straße 2,18146,Rostock
ClockworkDragon,ClockworkDragon Abingdon,United Kingdom,Professional,315,4045,Outstanding,100 %,0 %,0 %,0 %,12,42 Bath Street,OX14 3QH,Abingdon
cloudpostBA,"3via, s. r. o.",Slovakia,Powerseller,38893,2612,Outstanding,100 %,0 %,0 %,0 %,14,Vajnorská 100,83104,Bratislava
Clowns950,Dany Pouille,France,Professional,1286,1832,Outstanding,100 %,0 %,0 %,0 %,15,2 Rue De La Plante Aux Flamands,95350,Saint-Brice-sous-Forêt
cmtilines,cmtilines,Spain,Professional,2609,5428,Outstanding,100 %,0 %,0 %,0 %,10,"Avenida de Vigo, 99 4ºD",36940,Cangas
coleccionestcg,Colecciones TCG,Spain,Professional,218,2214,Outstanding,100 %,0 %,0 %,0 %,7,"Travesia De Cacheiras 17, Portal 4 2C",15883,Cacheiras
Coll3ctorHous3,Collector House,Italy,Professional,348,5502,Outstanding,100 %,0 %,0 %,0 %,11,"Via Garetti, 18",14100,Asti (AT)
collectionneur33,l'ANTRE DU COLLECTIONNEUR,France,Professional,794,1788,Outstanding,99.1 %,0.9 %,0 %,0 %,11,185 Rue De La Base Nautique,33190,FONTET
CollectorMTG,CollectorMTG,Italy,Professional,493,5097,Outstanding,100 %,0 %,0 %,0 %,11,"Viale Val Padana 65, scala A",00141,Roma
ColossalStore,Colossal Store S.L.,Spain,Professional,11659,10131,Outstanding,99.7 %,0 %,0.3 %,0 %,11,C/ Amadeo Arias nº10 (local),47014,Valladolid
comic-island,Planet Comics,Germany,Professional,733,293,Outstanding,100 %,0 %,0 %,0 %,11,Eichenstraße 7,99084,Erfurt
Comic-Portal,Comic-Portal,Germany,Professional,7238,3050,Outstanding,100 %,0 %,0 %,0 %,15,Peschelstr. 33,01139,Dresden
comicbuchversand,Comicbuchversand,Germany,Professional,1331,2350,Outstanding,100 %,0 %,0 %,0 %,8,Markt 5,02763,Zittau
ComicKomtur,Comic Komtur,Germany,Professional,1562,34,Outstanding,100 %,0 %,0 %,0 %,13,Bäckerstraße 21,32052,Herford
ComicsAddiction,Comics Addiction,Italy,Professional,341,370,Outstanding,100 %,0 %,0 %,0 %,23,via Montebello 14,21052,Busto Arsizio
Comix-Avenue,Comix Avenue,Italy,Powerseller,7625,20791,Outstanding,100 %,0 %,0 %,0 %,20,Via Marruvio 56,67051,Avezzano (AQ)
comixcafegr,Comix Café s.a.s,Italy,Professional,1704,6708,Outstanding,100 %,0 %,0 %,0 %,22,Piazza San Michele 4,58100,Grosseto
commandzone-admin,commandzone.nl,Netherlands,Professional,237,6246,Outstanding,100 %,0 %,0 %,0 %,13,Londenstraat 83,2034RV,Haarlem
ConfluxGames,Conflux Games & Events,Portugal,Professional,16208,78390,Outstanding,99 %,1 %,0 %,0 %,12,Avenida Carolina Michaelis 4,2795-046,Linda-a-Velha
CoreGames,Core Games,Germany,Powerseller,2087,21842,Outstanding,100 %,0 %,0 %,0 %,11,Bücklerweg 62,33104,Paderborn
CORP-F,SARL CORP.F,France,Professional,48784,232613,Outstanding,96.8 %,2.2 %,0.9 %,0.1 %,16,Balbronn 87,67200,Strasbourg
Corviacards,Stephanie Janeczek - Corviacards,Germany,Professional,806,22129,Outstanding,100 %,0 %,0 %,0 %,11,Heidenheimer Weg 17,91801,Markt Berolzheim
cp-cards,Philipp Eiling,Germany,Professional,585,5281,Outstanding,100 %,0 %,0 %,0 %,8,Sachsenwaldstraße 28,12157,Berlin
CrackThePack,Mark-Alexander Schweppe - CrackThePack,Germany,Professional,242,2088,Outstanding,100 %,0 %,0 %,0 %,8,Schillerstr. 1A,66606,St. Wendel
Crashou,Sébastien Morel,France,Professional,3645,85701,Outstanding,100 %,0 %,0 %,0 %,11,6 rue Maurice Molhant,59830,Bourghelles
CrCards,CrCards,Spain,Professional,8840,55563,Outstanding,100 %,0 %,0 %,0 %,10,"Avenida Claudio Coello, 3, Portal 1 1e",28850,Torrejón de Ardoz
CrimsCards,Crim's Cards,United Kingdom,Professional,4192,29889,Outstanding,100 %,0 %,0 %,0 %,10,36 Milton Road,NE16 3JD,Newcastle upon Tyne
criqueauxjeux,La Crique aux Jeux,France,Professional,2307,668,Outstanding,99 %,0 %,0 %,1 %,11,79 Grande Rue,89100,Sens
Critical-Hit-GC,Critical Hit Gamecenter Lda.,Portugal,Professional,2847,34257,Outstanding,100 %,0 %,0 %,0 %,11,Rua Casal Da Serra 11-A,2635-278,Rio De Mouro
cromwel,FORGES DE LUMIERE SARL,France,Professional,8689,10814,Outstanding,100 %,0 %,0 %,0 %,11,1 Place Clémence ISAURE,31320,CASTANET TOLOSAN
Crossover,Crossover,Germany,Powerseller,119679,9961,Outstanding,99.1 %,0.7 %,0.2 %,0 %,13,"Am Stadtplatz, 2",94060,Pocking
Crossroads-TCG,LMS Trading UG & Co. KG,Germany,Professional,18890,2357,Outstanding,100 %,0 %,0 %,0 %,13,Westring 112,44629,Herne
crovax878,Lukáš Valocký,Czech Republic,Powerseller,3708,7659,Outstanding,99 %,1 %,0 %,0 %,16,Bezručova 24,74101,Nový Jičín
CrowsArena,Frantz Bourdet,France,Professional,7106,14414,Outstanding,100 %,0 %,0 %,0 %,12,12 rue de la Juiverie,91150,Etampes
CrushCardStore,CrushCardStore,Italy,Powerseller,8825,1531,Outstanding,98 %,2 %,0 %,0 %,27,"Via Ottavio Rossi, 12",25127,Brescia (BS)
Cryptkeeper,Cryptkeeper,Finland,Professional,13183,201446,Outstanding,99.8 %,0.2 %,0 %,0 %,,Jungsundvägen 334a,65710,SINGSBY
Crytuz,Alex Borhof Versandhandel,Germany,Professional,4830,1334,Outstanding,100 %,0 %,0 %,0 %,11,Richterskamp 63,48527,Nordhorn
CTL-Games,CTL Games,France,Professional,9412,83694,Outstanding,99.1 %,0.9 %,0 %,0 %,11,2 Impasse des Larris,60320,NERY
CurryCards,CurryCards - Kürsat Yurdakul,Germany,Professional,91,9,Outstanding,100 %,0 %,0 %,0 %,11,Siechenhausstraße 12,47053,Duisburg
CutySark,Matteo Barca,Italy,Professional,2780,5591,Outstanding,100 %,0 %,0 %,0 %,11,"VIA vedreto, 115",47032,BERTINORO
Daijin-the-kitty,SHINIGAME S.A.S. DI ELIA MOZZAMBANI E C.,Italy,Professional,633,1074,Outstanding,100 %,0 %,0 %,0 %,14,Via Magenta 13,20028,San Vittore Olona
DailyTrading,Archinosse S.R.L.S.,Italy,Professional,23786,192073,Outstanding,98 %,1 %,1 %,0 %,23,Via degli Olmi. 26,06083,Bastia Umbra
dakrap-72,Danny Krappweis,Germany,Professional,18,4851,Good,100 %,0 %,0 %,0 %,16,Am See 1,97519,Riedbach
daktylus75,Sven Piegsa,Germany,Professional,25789,199433,Outstanding,100 %,0 %,0 %,0 %,13,Tilsiterstraße 94,45470,Mülheim Ruhr
Dalarmare,Mtg Fetch Lands Germany,Germany,Professional,3209,2563,Outstanding,99.6 %,0.4 %,0 %,0 %,11,Am Brauersgraben 7,26725,Emden
danidoe,Daniel Diebel,Germany,Professional,5969,45391,Outstanding,100 %,0 %,0 %,0 %,11,Penzendorfer Straße 56 B,91126,Schwabach
danoontje,Peter Brouwer,Netherlands,Powerseller,3116,2442,Outstanding,100 %,0 %,0 %,0 %,13,Buiten Kadijken 67,1018ZS,Amsterdam
DanTMTG,Daniel Thomas,United Kingdom,Professional,3480,947,Outstanding,100 %,0 %,0 %,0 %,10,28/29 Maxwell Road,PE27JE,Peterborough
Dany0n,DanyonsCardVault,United Kingdom,Professional,889,24,Outstanding,100 %,0 %,0 %,0 %,12,"Apartment 19, The Warehouse, 4 Plumptre Street",NG11JL,Nottingham
DarkSphere,Dark Sphere Ltd,United Kingdom,Professional,16979,98919,Outstanding,100 %,0 %,0 %,0 %,14,"Unit 8, W12 Shopping Centre",W12 8PP,London
DarthVenomium,Chris Collection Store,Netherlands,Professional,1032,2351,Outstanding,100 %,0 %,0 %,0 %,11,dr ariënsstraat 12,2211BB,Noordwijkerhout
DarumaGames,Jason Noguez,Spain,Professional,4638,11515,Outstanding,98.8 %,0.4 %,0.4 %,0.4 %,11,Calle Pintor Gisbert 10 1ºDerecha,03005,Alicante
das-Marmak,das-Marmak,Switzerland,Professional,90002,116059,Outstanding,99.4 %,0.6 %,0 %,0 %,8,Postfach 47,4657,Dulliken
DasKartenimperium,Das Kartenimperium,Germany,Professional,18384,82898,Outstanding,100 %,0 %,0 %,0 %,21,Unverhofftstraße 6,44263,Dortmund
dawue80,Daniel Wünsche,Germany,Powerseller,6604,19658,Outstanding,100 %,0 %,0 %,0 %,15,Kindergartenstrasse 8,76872,Minfeld
Dax-Cardstore,Dax-Cardstore,Germany,Professional,24402,375524,Outstanding,99 %,1 %,0 %,0 %,21,Teerosenweg 31,22177,Hamburg
daydreamer,Leon Guz,Germany,Powerseller,4872,282,Outstanding,100 %,0 %,0 %,0 %,13,Frankfurter Ring 14,80807,München
DC-Trading,DC Trading OG,Austria,Powerseller,50471,489,Outstanding,99 %,1 %,0 %,0 %,18,Meidlinger Hauptstraße 42-44/48,1120,Wien
Decale,Décalé Café²,France,Powerseller,838,9753,Outstanding,100 %,0 %,0 %,0 %,12,20 Gambetta,76210,Bolbec
DeckDiner,DeckDiner,Germany,Powerseller,766,1864,Outstanding,100 %,0 %,0 %,0 %,13,Steinacker 4,31089,Duingen
DeckHorizon,Mathéo Douet,France,Professional,409,4249,Outstanding,100 %,0 %,0 %,0 %,9,20 Allée De La Chandelle,95800,COURDIMANCHE
DeckRarities,Christian Stork Universal Deck Rarities,Germany,Professional,4287,50105,Outstanding,100 %,0 %,0 %,0 %,16,An der Breede 4,49525,Lengerich
DeckthroughTime,Lennart Hotz,Germany,Powerseller,658,18671,Outstanding,100 %,0 %,0 %,0 %,11,Mainzer Straße 8,55296,Lörzweiler
DefantasyZ,DfZ - Online,Spain,Professional,2869,6259,Outstanding,100 %,0 %,0 %,0 %,6,Alcalde Serafin Esteve 9 bajo Esq 1 de Maig,46680,Algemesí
DEFCONDUEZERO,DEFCON S.R.L.,Italy,Professional,1060,1983,Outstanding,100 %,0 %,0 %,0 %,16,Via Luigi Pomini 9/C,21053,Castellanza
DeKartonnenKwaak,De Kartonnen Kwaak,Netherlands,Professional,44584,223544,Outstanding,99.8 %,0 %,0.2 %,0 %,21,Wijttenbachweg 79,2343XX,Oegstgeest
DeKs-Trading,DeKs-Trading,Germany,Professional,4680,28451,Outstanding,100 %,0 %,0 %,0 %,13,Fittjenberg 26,28717,Bremen
DeMagicMarkt,DeMagicMarkt,Netherlands,Professional,17138,63038,Outstanding,100 %,0 %,0 %,0 %,12,Kolfbaanstraat 16,4814CL,Breda
Demo95,Crimella S.R.L.,Italy,Professional,2525,1187,Outstanding,100 %,0 %,0 %,0 %,9,Via Lombardia 1,22032,Albese Con Cassano (CO)
Der-Kartenladen,Ginter Pape Strautz GbR,Germany,Professional,49299,131262,Outstanding,99.7 %,0.3 %,0 %,0 %,13,Magdalenenstr. 66,20148,Hamburg
Der-KartenWolf-eU,David Wolf,Austria,Professional,1001,23066,Outstanding,100 %,0 %,0 %,0 %,11,Raiffeisenstraße 6,4061,Pasching
DerFreeze,NerdCorner,Germany,Professional,203,1458,Outstanding,100 %,0 %,0 %,0 %,11,Oststr. 46,59269,Beckum
DerKaHa,FreundAdrian,Germany,Professional,8621,271,Outstanding,98.5 %,1.5 %,0 %,0 %,21,Am Steinhof 38,04808,Wurzen
dermedic22,David Sahli,Switzerland,Professional,3586,28008,Outstanding,100 %,0 %,0 %,0 %,12,Lochäckerstrasse 14,8302,Kloten
DerNerdKing,Der Nerd King,Germany,Professional,2365,68843,Outstanding,100 %,0 %,0 %,0 %,,Dunkler Weg 11,30900,Wedemark
Devian-Magic-Cards,Devian Magic Cards,Spain,Powerseller,36715,146098,Outstanding,100 %,0 %,0 %,0 %,11,"Plaza Trafalgar, Nº5, 6º3ª",08913,Badalona
Devilfruit98,Daniel Leitner,Germany,Professional,1010,58,Good,93 %,3 %,4 %,0 %,24,Von Weber Straße 30,91074,Herzogenaurach
Devotion2Cards,Devotion2Cards – Randolph Klatt,Germany,Professional,7467,77851,Outstanding,100 %,0 %,0 %,0 %,13,Siebengebirgsstr. 1,53489,Sinzig
devric,DEVRIC,Portugal,Professional,21043,133292,Outstanding,100 %,0 %,0 %,0 %,9,Rua Antonio Feliciano Castilho n 298,4430-307,Vilar do Andorinho
Dexeway,Dexeway Cards,France,Professional,291,2,Outstanding,100 %,0 %,0 %,0 %,12,5 Allée Des Camélias,77340,Pontault-Combault
DFCards,DF Cards,Denmark,Professional,145,2985,Outstanding,100 %,0 %,0 %,0 %,9,Langfredparken 204,8471,Sabro
DFKerkyra,Digital Fantasy,Greece,Powerseller,11453,149184,Outstanding,100 %,0 %,0 %,0 %,17,Er. Moraiti 16,49100,Kerkyra
DHGames,DHGames - dhgames.fi,Finland,Professional,12721,20504,Outstanding,100 %,0 %,0 %,0 %,14,Itsenäisyydenkatu 38a C 22,28130,Pori
DHvonBahnhof,David Hron,Czech Republic,Professional,2073,585,Outstanding,100 %,0 %,0 %,0 %,14,Jaroslava Vrchlického 2796/19,43401,Most
Dibbi,Martin Blatter,Germany,Professional,4910,35190,Outstanding,100 %,0 %,0 %,0 %,13,Siebekingstr. 7,01309,Dresden
Dice-and-Drink,DICE AND DRINK,France,Professional,1007,1309,Outstanding,100 %,0 %,0 %,0 %,9,220 cours du Maréchal Gallieni,33400,TALENCE
DiceandDumplings,Dice And Dumplings,United Kingdom,Professional,28100,58370,Outstanding,99.7 %,0.1 %,0.2 %,0 %,16,5A Rosoman Road,SO192PH,Southampton
DiceDiceBaby,Dice Dice Baby Shop,United Kingdom,Professional,10,26,Good,100 %,0 %,0 %,0 %,11,"Dice Dice Baby, 31 Briggate",BD17 7BP,Shipley
Die-Toni,Antlu Fernandes da Silva,Switzerland,Professional,4531,34685,Outstanding,100 %,0 %,0 %,0 %,7,Weinbergstrasse 4,8762,Schwanden
DieSammelwelt,Sammelwelt e.K.,Germany,Professional,174,676,Outstanding,100 %,0 %,0 %,0 %,13,Zinnaer Str. 8,14943,Luckenwalde
Diethor,Dieter Van hammée,Belgium,Professional,531,1736,Outstanding,100 %,0 %,0 %,0 %,12,POLDERSTRAAT 67,2800,Mechelen
Dine11,Dine‘s Kartenzauberland,Germany,Professional,2671,19094,Outstanding,100 %,0 %,0 %,0 %,24,Tiefenbruchstr. 1a,45326,Essen
Dinosaurjr82,Leonardo Raggi,Italy,Professional,3860,11830,Outstanding,99 %,1 %,0 %,0 %,11,Via Bovio 41/C,60044,Fabriano (AN)
Distritozero-Bilbao,distritozero.es,Spain,Powerseller,89517,391400,Outstanding,99.7 %,0.3 %,0 %,0 %,12,Lehendakari Aguirre 186,48015,Bilbao
Distritozero-San,"Método PEL,, S.L.",Spain,Powerseller,8863,77095,Outstanding,99.5 %,0.5 %,0 %,0 %,11,C/ Alonso 15,39010,Santander
DISTRITOZERO-TOLOSA,"JOI Metodoa, S.L.",Spain,Powerseller,10554,2276,Outstanding,99.6 %,0.4 %,0 %,0 %,13,Larramendi 4,20400,Tolosa
Distritozero-Valla,Enrique Llano,Spain,Professional,1480,7189,Outstanding,99.7 %,0.3 %,0 %,0 %,9,Calle Toreros Nº4,47007,Valladolid
DiWiGo,DiWiGo,France,Professional,319,11850,Outstanding,100 %,0 %,0 %,0 %,10,4 Rue Des Mouzons,86210,VOUNEUIL SUR VIENNE
DKGames,DKGames,Switzerland,Professional,20831,87433,Outstanding,100 %,0 %,0 %,0 %,12,PO Box 110,1009,Pully
Dmx002,Ahmet Turgay,Germany,Professional,4080,1422,Outstanding,100 %,0 %,0 %,0 %,14,In der Maate 19,49152,Bad Essen
DnBCardsVillach,DnB Cards & Games GmbH,Austria,Professional,388,444,Outstanding,100 %,0 %,0 %,0 %,13,Hauptplatz 7,9500,Villach
Dobby66,Uwe Geyer,Germany,Professional,14712,153484,Outstanding,100 %,0 %,0 %,0 %,19,Pölitzstrasse 12,04155,Leipzig
Dobi-trading-CZ,DOBIS Trading s.r.o.,Czech Republic,Powerseller,17470,425420,Outstanding,99.7 %,0.3 %,0 %,0 %,20,Podbabská 81/17,16000,Praha
Dobi-trading-DE,David Dobis,Germany,Professional,276752,667271,Outstanding,99.6 %,0.3 %,0.1 %,0 %,20,Altmarkt 10 B/D,01067,Dresden
dobravoda,Jaroslav Jablonsky,Slovakia,Professional,8976,69887,Outstanding,100 %,0 %,0 %,0 %,11,Nabrezna 951/26,02401,Kysucke Nove Mesto
DocteurDreyMTG,Cedric Dreyer,France,Professional,6020,10977,Outstanding,100 %,0 %,0 %,0 %,9,17 Albert Schweitzer,68360,Soultz
DoctorOcio,Doctor Ocio,Spain,Professional,2074,11174,Outstanding,98 %,2 %,0 %,0 %,9,"Colón 7, Local",50007,Zaragoza
DOLCETNOR,LA FRIKIPEDIA,Spain,Professional,11738,184661,Outstanding,98 %,2 %,0 %,0 %,11,Ctra. Marina Nº 54 - TIENDA,08820,EL PRAT DE LLOBREGAT
DOMAINE-DES-CARTES,Entreprise Individuelle,France,Professional,1193,20,Very good,95 %,3 %,2 %,0 %,14,18 rue Négrier,59540,Caudry
Domi111,Dominic Ulke,Germany,Professional,33837,17425,Outstanding,99.2 %,0.6 %,0.2 %,0 %,13,Baumschulweg 23c,27578,Bremerhaven
Domme868610,Dominik Kurz,Germany,Professional,1030,9954,Outstanding,100 %,0 %,0 %,0 %,11,Ringstr 30c,56204,Hillscheid
DonMTG,Abel & Luff GbR,Germany,Powerseller,173385,29371,Outstanding,99.9 %,0.1 %,0 %,0 %,13,Lindenstr. 14,50674,Köln
Donnerblume,Johannes Hüsgens,Germany,Professional,4449,1215,Outstanding,100 %,0 %,0 %,0 %,13,Schulstraße 3a,41379,Brüggen
Doomstay0,Doomstay TCG,Germany,Professional,2009,28,Outstanding,100 %,0 %,0 %,0 %,10,Ensheimer Straße 28,66399,Mandelbachtal
Dooz-TCG,DOOZ TCG,France,Professional,9245,38406,Outstanding,100 %,0 %,0 %,0 %,11,12 rue des magasins,67000,Strasbourg
Dorimono,Dorimono Handelsbolag,Sweden,Professional,34,566,Good,100 %,0 %,0 %,0 %,14,Skrantahöjdsvägen 18,69142,Karlskoga
DottorZed,YLP di Mencucci Paolo,Italy,Professional,959,3395,Outstanding,100 %,0 %,0 %,0 %,14,"Via Europa, 18",53048,Bettolle SI
DPWTrading,DPW Trading GesbR,Austria,Professional,2205,8984,Outstanding,100 %,0 %,0 %,0 %,14,Klettendorf 4,8182,Puch Bei Weiz
Dracarysviterbo,Dracarys,Italy,Professional,28074,127612,Outstanding,98.2 %,1.8 %,0 %,0 %,21,Via Galvani 38 C,01100,Viterbo (VT)
DrachenBurg-TCG,Janik Von Der Burg,Germany,Powerseller,219,413,Outstanding,100 %,0 %,0 %,0 %,11,Akademiestraße 13,45219,Essen
DRAGONCT,CARIDAD ARTERO MORENO,Spain,Powerseller,46681,769115,Outstanding,99.6 %,0.4 %,0 %,0 %,8,"Calle Tierno Galvan, 15 Bajo, Tienda DragonCT",30203,Cartagena
Dragonesylosetas,(Dragones y Losetas) Extra Large Magic SL,Spain,Professional,1687,49794,Outstanding,99 %,1 %,0 %,0 %,7,"Isla de Arosa, 41, 8ºD",28035,Madrid
dragonfall5,Dragonfall Cards,United Kingdom,Professional,13865,32913,Outstanding,100 %,0 %,0 %,0 %,10,19 Ormonde Way,BN43 5YB,Shoreham-by-sea
Dragonfirecollect,Dragonfire collectibles,Greece,Professional,17,298,Good,100 %,0 %,0 %,0 %,14,MITROPOLITOU AGIAS PAYLOU 3,40003,Agia Larisas
Dragonphoenixinn,INNKEEPER.GR SINGLE MEMBER PC,Greece,Professional,2803,21197,Outstanding,100 %,0 %,0 %,0 %,25,Ilia Iliou 55,11744,Athens
dragonsdomain,Dragon's Domain,Germany,Professional,465,25641,Outstanding,99.1 %,0.9 %,0 %,0 %,13,Selker Weg 9,24878,Jagel
DragonWorldStore,Dragon World s.r.o.,Czech Republic,Professional,5877,176467,Outstanding,100 %,0 %,0 %,0 %,18,Raisova 381,273,71 Zlonice
Draskore,DévotionTCG,France,Powerseller,3771,15829,Outstanding,100 %,0 %,0 %,0 %,12,9 place du 11 novembre 1918,69500,Bron
dreadstar,Julián Alvarez Domínguez,Spain,Professional,2181,2798,Outstanding,99 %,1 %,0 %,0 %,10,"Roble, 13",45122,Argés
Dreamstcgcards,DREAMSTCGCARDS,Spain,Professional,4063,17132,Outstanding,100 %,0 %,0 %,0 %,7,Camino del Portillo 97,39197,Argoños
DScardsdk,Daniel Søgaard,Denmark,Professional,269,133,Outstanding,100 %,0 %,0 %,0 %,8,Salamanderparken 122,8260,Viby J
DUAL-GAMES,Dual Games SL,Spain,Powerseller,71155,7308,Outstanding,100 %,0 %,0 %,0 %,8,Calle Acisclo Diaz 5 bajo,30005,Murcia
DualCollect,DualCollect,Spain,Professional,331,8701,Outstanding,100 %,0 %,0 %,0 %,8,Carretera de Cardona 47,08241,Manresa
Dualitytek,DualityTek,Finland,Powerseller,289,1402,Outstanding,100 %,0 %,0 %,0 %,18,Sippulantie 39 A 1,40520,Jyväskylä
dudelbert,Dudelcorperation,Germany,Professional,2698,6635,Outstanding,99 %,0 %,1 %,0 %,16,Königsberger Straße 11,65830,Kriftel
DuellDudes,Semmler und Kirillov GbR,Germany,Professional,23048,760,Outstanding,98.2 %,0.9 %,0.3 %,0.6 %,11,Friedrich-Ebert-Straße 49,92421,Schwandorf
Dunpop-de,Dungeons & Popculture,Germany,Professional,18098,26757,Outstanding,100 %,0 %,0 %,0 %,,Feldstr. 36,25746,Heide
DutchFantasyForge,DutchFantasyForge,Germany,Powerseller,49,4651,Outstanding,100 %,0 %,0 %,0 %,9,Am Kreuzweg 11,21763,Neuenkirchen
Dynamite-Games-22,EURL Dynamite Games Lannion,France,Powerseller,1813,1206,Outstanding,100 %,0 %,0 %,0 %,9,9 Rue De La Mairie,22300,Lannion
E-S-TSAx,Merch-Hotspot,Germany,Professional,480,1748,Outstanding,100 %,0 %,0 %,0 %,8,Schlosserstr. 23,47055,Duisburg
EagleFlyTCG,Eagle Fly TCG,France,Professional,573,4374,Outstanding,100 %,0 %,0 %,0 %,12,57 Avenue John Fitzgerald Kennedy,03100,Montluçon
echoppe-de-drengi,Maxime Koch,France,Professional,5662,25958,Outstanding,100 %,0 %,0 %,0 %,14,27 Rue De Metz,57420,Saint Jure
Echoppe-du-Voyageur,Échoppe du voyageur,France,Professional,1794,18872,Outstanding,100 %,0 %,0 %,0 %,14,10 Rue Pélissier,67250,Merkwiller-Pechelbronn
EclipseGaming,Eclipse Gaming Limited,United Kingdom,Professional,4564,545,Outstanding,100 %,0 %,0 %,0 %,12,39 Railway Street,ME44RH,Chatham
Eclypse,Eclypse,France,Professional,17050,283985,Outstanding,100 %,0 %,0 %,0 %,11,15 Boulevard De La Gare,31500,Toulouse
EdizioneZero,EdizioneZero,Italy,Professional,9,238,Good,100 %,0 %,0 %,0 %,16,Antonello Da Messina 3,56017,San Giuliano Terme (PI)
EDRG-TradingCards-OU,EDRG Trading Cards OU,Estonia,Powerseller,1146,13861,Outstanding,100 %,0 %,0 %,0 %,12,Kreenholmi 42-89,20206,Narva
edujeu,Johann Luthi,Switzerland,Professional,699,1523,Outstanding,100 %,0 %,0 %,0 %,9,"Route de Broye, 10",1008,Prilly
ehgaminguk,Secret Pie Ltd,United Kingdom,Professional,3774,752,Outstanding,100 %,0 %,0 %,0 %,12,"Unit 14A Bull Commercial Centre, Stockton Lane",YO32 9LE,York
Eisenwolf89,Marcel Schreck,Germany,Powerseller,2614,38520,Outstanding,100 %,0 %,0 %,0 %,11,Schönlebestraße 42,09599,Freiberg
ElantrisTCG,ElantrisTCG,Spain,Professional,7260,1731,Outstanding,99.4 %,0.3 %,0.3 %,0 %,8,Bª Los Riegos 9B. Urb La Dehesa Chalet 1,39193,SOANO
ElBaptisterioTCG,El Baptisterio TCG,Spain,Professional,6477,105621,Outstanding,100 %,0 %,0 %,0 %,13,Apartado de correos 44,17430,Santa coloma de Farners
Eldar-Caen,Cartes Normandes,France,Professional,13598,10911,Outstanding,98.6 %,0.6 %,0.8 %,0 %,12,47 Rue du Général Moulin,14000,Caen
EldenTCG,Julien Rocher EI,France,Professional,876,2279,Outstanding,100 %,0 %,0 %,0 %,16,1 Rue De La Croix Boisée,14123,Cormelles Le Royal
Elderspawn,GAETAN LEFEBVRE,France,Professional,15393,32746,Outstanding,100 %,0 %,0 %,0 %,11,250 Du Grand Bois,59600,Maubeuge
ElDoradoComics,Eldorado Comics SRLS,Italy,Professional,491,2782,Outstanding,97 %,2 %,1 %,0 %,21,Via Pietro Blaserna 18,00146,Roma
EldoradoTCG,Eldorado TCG GmbH,Germany,Professional,21674,12684,Outstanding,100 %,0 %,0 %,0 %,16,Birkenbergstr.  22,55595,Roxheim
EldritchGate,Eldritch Gate SL,Spain,Professional,15207,3600,Outstanding,98.9 %,0.8 %,0.3 %,0 %,11,"c/ Amapolas, 5, 4º Izquierda",15008,A Coruña
ElDuelistaStore,El Duelista ESPJ,Spain,Professional,6063,16434,Outstanding,100 %,0 %,0 %,0 %,7,"Marina de Escobar 6 (Local ""El Duelista"")",47001,Valladolid
Electrobold599,Electrobold´s Card Trading,Germany,Powerseller,952,6577,Outstanding,100 %,0 %,0 %,0 %,10,Weingärten 112,73312,Geislingen a.d.St
Eleytres,FS Reselling,Germany,Professional,2062,8784,Outstanding,100 %,0 %,0 %,0 %,13,Vockensteinweg 6,91278,Pottenstein
Elfyh2000,Neely Peely,United Kingdom,Professional,3667,11066,Outstanding,100 %,0 %,0 %,0 %,12,38 Coombe Way,PL5 2HB,Plymouth
elhe04,Heck TCG,Germany,Professional,577,25852,Outstanding,100 %,0 %,0 %,0 %,11,Schelmsrasen 20,97421,Schweinfurt
eli1,Elias Klocker,Austria,Powerseller,57978,46425,Outstanding,99.7 %,0.3 %,0 %,0 %,17,Untertellenmoos 18a,6858,Schwarzach
Elianae-Aescentiel,Antonin Sevestre,France,Professional,3492,212848,Outstanding,100 %,0 %,0 %,0 %,9,19 Boulevard Émile Zola,93600,Aulnay Sous Bois
EliteGamingDover,Elite Gaming,United Kingdom,Professional,22262,508,Outstanding,98.8 %,0.8 %,0.4 %,0 %,12,Priory Street 9,CT17 9AA,Dover
elitehits,Jaume Vargas Megias,Spain,Professional,17,3633,Good,100 %,0 %,0 %,0 %,6,RAMBLA DEL CASTELL 54 1*6*,08800,VILANOVA I LA GELTRU
ELLANO,Promos TCGs,Spain,Professional,12067,9114,Outstanding,99.6 %,0.2 %,0.2 %,0 %,11,La Viña n4 3F,39300,Torrelavega
elmercadittoTCG,El MercaDitto TCG,Spain,Professional,218,102,Outstanding,100 %,0 %,0 %,0 %,7,Josep Maria Sert 22,08470,Sant Celoni
ElRincondeMagic,www.elrincondemagic.com,Spain,Professional,20760,199638,Outstanding,100 %,0 %,0 %,0 %,6,Apartado De Correos 42,28814,Daganzo de Arriba (Madrid)
ElTallerDeAnowk,MARÍA VÍCTORIA MARTÍNEZ LÓPEZ,Spain,Professional,15,1194,Good,100 %,0 %,0 %,0 %,11,"Calle Rda., 42, 29730 Rincón De La Victoria, Málaga",29730,RINCÓN DE LA VICTORIA
emjati,Emjati,Belgium,Professional,24484,919550,Outstanding,99.8 %,0.2 %,0 %,0 %,20,"Vogelzangstraat, 15A",3520,ZONHOVEN
eMMMeDischi,eMMMeDischi di Matteo Magnano,Italy,Professional,537,21510,Outstanding,100 %,0 %,0 %,0 %,16,Via Vittorio Veneto 9,10067,Vigone
Empire-of-Cards,Möller & Pietsch GbR,Germany,Professional,4256,3380,Outstanding,100 %,0 %,0 %,0 %,13,Kantstraße 3,02681,Schirgiswalde-Kirschau
Emporiocollezionista,Emporio del collezionista di Conservati Andrea,Italy,Professional,70,97,Outstanding,100 %,0 %,0 %,0 %,14,Via Beucci 41,42019,Scandiano
EmporiumDuD20,Emporium du D20,France,Powerseller,195,18248,Outstanding,100 %,0 %,0 %,0 %,9,104 Avenue De La République,26270,Loriol Sur Drôme
Emrys-NRG,New Realities Gaming,United Kingdom,Professional,12185,22761,Outstanding,99.6 %,0.4 %,0 %,0 %,14,142 Fisherton Street,SP2 7QT,Salisbury
EndgameOfficialStore,Ciarrocchi Massimiliano,Italy,Professional,1547,14118,Outstanding,100 %,0 %,0 %,0 %,17,Strada Di San Rocco 146,05100,Terni
EndorStore,Endor Store,Spain,Professional,3031,1386,Outstanding,100 %,0 %,0 %,0 %,12,"Avenida Italia 6, 7º B",21001,Huelva
EndTurn,Joel Almeida,Portugal,Professional,473,39942,Outstanding,100 %,0 %,0 %,0 %,7,Rua G - Urbanização dos Pinhais Bastos n49,4430-679,Vila Nova De Gaia
Enemiz,Enemiz Collectorverse,Germany,Professional,2250,6050,Outstanding,100 %,0 %,0 %,0 %,20,Seifenstr. 6,42275,Wuppertal
engelfussverlag,EngelFuß Verlag & Atelier,Germany,Professional,8613,65835,Outstanding,100 %,0 %,0 %,0 %,11,Hauptstr. 24,69434,Hirschhorn (Neckar)
ENIGMA-DISTRIBUTION,ENIGMA DISTRIBUTION,Italy,Professional,33514,593572,Outstanding,99.8 %,0.2 %,0 %,0 %,25,Maria Cosway 13,26900,Lodi
EntreCartonesTcg,EntreCartonesTcg,Spain,Professional,1026,39784,Outstanding,100 %,0 %,0 %,0 %,7,"Marti I Blasi 79, Esc Der 3º2ª",08905,Hospitalet De Llobregat
EntshopGruenberg,Entshop UG (haftungsbeschränkt),Germany,Professional,3456,1196,Outstanding,100 %,0 %,0 %,0 %,13,Londorferstr. 14,35305,Grünberg
EnyleonBZH,Anthony Petiot,France,Professional,1212,88,Outstanding,100 %,0 %,0 %,0 %,12,11 Le Corbusier,29000,Quimper
EoneH,Emmanuel Herail,France,Professional,1205,1107,Outstanding,100 %,0 %,0 %,0 %,9,37 Bvd Victor Hugo,92200,Neuilly-sur-Seine
EPShin18,Shinobi Online,Spain,Professional,1895,3988,Outstanding,100 %,0 %,0 %,0 %,6,C/Mayor 88,30820,Alcantarilla
ER-Games,ER-Games,Denmark,Professional,9105,1593,Outstanding,99 %,1 %,0 %,0 %,11,Slotsgade 5st tv,4800,nykoebing falster
EroidiArcadia,Arcadia S.r.l.,Italy,Professional,5956,100686,Outstanding,100 %,0 %,0 %,0 %,14,"Corso Porta Reno, 33",44121,Ferrara (FE)
Erschonwieder,MMW Trading Cards,Germany,Powerseller,38899,294826,Outstanding,100 %,0 %,0 %,0 %,11,Gladenbacher Weg 51,35037,Marburg
EsportNimesArena,Esport Nîmes Arena,France,Professional,707,33,Outstanding,98 %,2 %,0 %,0 %,9,81 Rue de la république,30900,Nimes
ESTALIA,Estalia Games S.L,Spain,Professional,6400,13138,Outstanding,99.6 %,0.4 %,0 %,0 %,13,Avenida Gran Capitán 45 L4 (entrada por doña berenguela),14006,CORDOBA
EstusGames-Fucecchio,Topgame SNC,Italy,Professional,5385,46632,Outstanding,100 %,0 %,0 %,0 %,20,Via Cesare Battisti 15,50054,Fucecchio (FI)
Et4ge,Et4ge,Germany,Powerseller,10960,145411,Outstanding,98.1 %,1.9 %,0 %,0 %,11,Dieselstraße 30,12057,Berlin
Eternall,Eternall,Poland,Professional,1718,40485,Outstanding,100 %,0 %,0 %,0 %,11,Strumykowa 12b,65-101,Zielona Góra
EttoreMTG,DI LEVA ETTORE,Italy,Professional,15557,23789,Outstanding,100 %,0 %,0 %,0 %,18,Via Fratelli Bandiera 26,53036,Poggibonsi (Si)
Eulendepot-Premium,Josef Heider,Germany,Powerseller,744,14666,Outstanding,100 %,0 %,0 %,0 %,11,Sessendrupweg 54,48161,Münster
EUREKA-FR,EUREKA,France,Professional,9356,18872,Outstanding,99.7 %,0.3 %,0 %,0 %,11,125 RUE DE LA TRAMONTANE,30133,LES ANGLES
Eurekagames,EUREKA GAMES,Spain,Powerseller,87234,1282606,Outstanding,96.8 %,2.6 %,0.6 %,0 %,18,ALUCHE - MADRID,28024,MADRID
Everything-Paragon,Everything Paragon Ltd,United Kingdom,Professional,600,152,Outstanding,99 %,1 %,0 %,0 %,16,74 Parade Gardens,E4 8DF,Chingford
EvilTwin,Strauß Online Sale,Germany,Professional,3838,431,Outstanding,100 %,0 %,0 %,0 %,16,Stargarder Str. 24,33699,Bielefeld
EvolutionTCS,Evolution Trading Cards LTD,United Kingdom,Professional,2561,1312,Outstanding,100 %,0 %,0 %,0 %,10,"20 Jaxons Court, Hallgate",WN1 1LR,Wigan
evosteelTCG,EvosteelTCG,France,Professional,1605,23,Outstanding,100 %,0 %,0 %,0 %,13,12bis Rue Des Charmes,54310,Homécourt
ExtraBall-Viterbo,Extra Ball,Italy,Professional,1990,1498,Outstanding,100 %,0 %,0 %,0 %,11,Viale Trieste 29/31,01100,Viterbo (VT)
FaberTrading,Faber Trading,Italy,Professional,1023,344342,Outstanding,100 %,0 %,0 %,0 %,14,"Via Bari, 22",65122,Pescara
FablorTCG,FablorTCG,France,Professional,887,32600,Outstanding,100 %,0 %,0 %,0 %,9,4 rue René Cassin,33850,Léognan
FaBMD,Nino Zimmermann,Germany,Professional,1582,37,Very good,96.8 %,1.3 %,1.3 %,0.6 %,12,Sternstraße 28,39104,Magdeburg
fabscards,coderhino gmbh,Austria,Professional,1168,13463,Outstanding,100 %,0 %,0 %,0 %,12,Jägerfeld 6,4651,Stadl-Paura
FacetoFaceGamesNL,Face to Face Games Rotterdam B.V.,Netherlands,Powerseller,200,4814,Outstanding,100 %,0 %,0 %,0 %,11,Hoogstraat 20A,3011PP,Rotterdam
factoriadeljoc,Kopapas SCP,Spain,Professional,16570,41337,Outstanding,98.4 %,0.8 %,0.8 %,0 %,18,Calle pallars 22 bajos,25004,Lleida
FactoryCards,Factory Cards,Spain,Professional,7195,1146,Outstanding,100 %,0 %,0 %,0 %,10,"Avenida de Canillejas a Vicalvaro 61, Local bajo 6",28022,MADRID
FagianiTcg,FAGIANI T.C.G,Italy,Professional,595,6391,Outstanding,100 %,0 %,0 %,0 %,17,Via Argine 26,35016,Piazzola Sul Brenta
Fantamagus-Monza,Nadir di Lizzori Massimo,Italy,Professional,7113,19413,Outstanding,100 %,0 %,0 %,0 %,18,Via Gaetana Agnesi 2,20900,Monza
Fantasia-Shop,Vartholomaios Kontaxis,Greece,Powerseller,7403,79764,Outstanding,100 %,0 %,0 %,0 %,13,Doiranis 74,17672,Kallithea
Fantasialinna,Fantasialinna,Finland,Professional,198,5495,Outstanding,100 %,0 %,0 %,0 %,20,Peltosenkatu 3,60320,Seinäjoki
Fantasianorth,Fantasianorth,Sweden,Professional,38,56,Outstanding,100 %,0 %,0 %,0 %,14,"Västra Esplanaden 7A, Fantasianorth",90325,Umea
FantastischeWelten,Fantastische Welten,Germany,Professional,8037,3991,Outstanding,100 %,0 %,0 %,0 %,15,Kistenmacherstraße 17,18055,Rostock
Fantasy-Island,Fantasy Island,Germany,Professional,11827,23479,Outstanding,100 %,0 %,0 %,0 %,16,Ringweg 15,87600,Kaufbeuren
fantasystronghold,Fantasy Stronghold,Germany,Professional,5206,2312,Outstanding,100 %,0 %,0 %,0 %,11,Kirchstr. 11,71634,Ludwigsburg
FantasyStrongpointBB,Fantasy Strongpoint,Germany,Professional,3030,1155,Outstanding,100 %,0 %,0 %,0 %,11,Sindelfinger Straße 2,71032,Böblingen
Farseek,Farseek GmbH,Germany,Professional,12049,2512,Outstanding,100 %,0 %,0 %,0 %,13,Niedernhausener Straße 49,60326,Frankfurt am Main
FATEX-DISTRIBUTION,FATEX PRO J.D.O.O ZA USLUGE,Croatia,Professional,7272,17393,Outstanding,98.3 %,1.7 %,0 %,0 %,29,Tršćanska Ulica 18,10000,Zagreb
FDCabrerizo,Francisco David Martín Cabrerizo,Spain,Professional,1284,23387,Outstanding,100 %,0 %,0 %,0 %,7,Avenida Blas Infante 35,29120,Alhaurín El Grande
fedefusco,Federica Fusco,Italy,Powerseller,5464,13954,Outstanding,100 %,0 %,0 %,0 %,21,"Via G. Puccini, 90",00041,Albano Laziale
fefCards,Fabian Fromm,Germany,Professional,329,62,Outstanding,100 %,0 %,0 %,0 %,13,Betzelesbuck 1,91589,Aurach
FeralAnima,Feral Anima J.D.O.O,Croatia,Professional,3311,141,Outstanding,100 %,0 %,0 %,0 %,19,Ulica Krste Hegedusica 19,42000,Varazdin
ferci777,Auction Hunters s.r.o.,Slovakia,Professional,7523,2269,Outstanding,98 %,2 %,0 %,0 %,21,Obchodna 41,81106,Bratislava
FergusonCardTraders,Ferguson Card Traders Ltd.,United Kingdom,Professional,684,3148,Outstanding,100 %,0 %,0 %,0 %,14,6 Hunter Avenue,KA22 8BB,Ardrossan
FerryValinor,El Reino de Valinor,Spain,Professional,149,427,Very good,98 %,0 %,2 %,0 %,9,Calle Marquesos De Barbera 47 Local 6,08210,Barbera Del Valles
Feuer-Igel,Feuer Igel,Germany,Professional,12,102,Good,100 %,0 %,0 %,0 %,8,Kattenbrookstrift 83,30539,Hannover
Feuerball-Spiele,Feuerball-Spiele,Germany,Professional,15265,5910,Outstanding,100 %,0 %,0 %,0 %,11,Jöllenbecker Str. 128,33613,Bielefeld
FG-Games,Fabian Gartung,Germany,Powerseller,23380,22528,Outstanding,100 %,0 %,0 %,0 %,19,Wilhelm-Raabe-Str. 66,38471,Rühen
finarfin,PPAM.se Sweden AB,Sweden,Powerseller,6778,167209,Outstanding,99.5 %,0.5 %,0 %,0 %,12,Husarvägen 57,58572,Ljungsbro
FireAndDice,Fire & Dice di Badinotti Diego,Italy,Professional,8631,123332,Outstanding,100 %,0 %,0 %,0 %,17,"Via Enzo Togni, 38",27043,Broni (PV)
Fireball-ostia,Catufa Simone,Italy,Professional,1492,246,Outstanding,99 %,1 %,0 %,0 %,16,Delle Baleari 215,00121,Roma
FiveColors-AT,FiveColors Gamestore,Austria,Professional,1914,10529,Outstanding,100 %,0 %,0 %,0 %,14,Stierberg 9,4153,Peilstein
Fjord-Emporium,Fjord Emporium,Norway,Professional,5237,108671,Outstanding,100 %,0 %,0 %,0 %,20,Langhaugen 18,5093,BERGEN
FKTRD,FKTRD GmbH,Germany,Powerseller,293248,2949370,Outstanding,99.7 %,0.3 %,0 %,0 %,16,Alter Hellweg 60,44379,Dortmund
flashboys,Van den Hanenberg Trading,Netherlands,Professional,35247,498037,Outstanding,99.6 %,0.4 %,0 %,0 %,24,Kleine Haarsekade 102,4205VE,Gorinchem
flatflow777,OnlineSammelkarten,Germany,Professional,25027,8949,Outstanding,100 %,0 %,0 %,0 %,16,Thomas-Mann-Str. 6,10409,Berlin
Fliiply,Nexelab,France,Professional,49,6,Good,100 %,0 %,0 %,0 %,13,26 Rue Des Grandes Terres,74330,Epagny
FMGames-Comics,FM - Games&Comics,Spain,Professional,1561,13554,Outstanding,100 %,0 %,0 %,0 %,7,Avda. Gral. López Domínguez 14,29603,Marbella
FMR-cards,FMR,France,Professional,202363,637712,Outstanding,99.6 %,0.2 %,0.2 %,0 %,19,24 rue Brauhauban,65000,Tarbes
FoilFinder,Alexander Birner,Austria,Professional,232,2922,Outstanding,100 %,0 %,0 %,0 %,12,Sonnenhügel 23,4901,Ottnang Am Hausruck
Forbiddenplanet,Forbidden Planet (Scotland) Ltd,United Kingdom,Professional,3944,466,Outstanding,100 %,0 %,0 %,0 %,12,"3 212a Jubilee House, The Drive",CM13 3FR,Brentwood
forgeandfinds,Forge and Finds,United Kingdom,Professional,2022,894,Outstanding,100 %,0 %,0 %,0 %,12,"Forge and Finds, 36 Lloyd’s Avenue",IP13HD,Ipswich
FoxgloveFoilCards,Foxglove & Foil Cards LTD,United Kingdom,Professional,334,4311,Outstanding,100 %,0 %,0 %,0 %,16,8 Warren Park,PL67QR,Plymouth
Frankecards,Erik Franke,Germany,Professional,2361,95,Outstanding,100 %,0 %,0 %,0 %,13,Baedekerstraße 2,04317,Leipzig
FREAK-CORP,Luis Manuel Lorenzo Soto,Spain,Professional,14991,40794,Outstanding,96.8 %,2.4 %,0.8 %,0 %,14,"c/ Hispanoamerica 11, 2º 1",03320,Torrellano Elche
FREAKSHOWSTORE,FREAKSHOW STORE GIRONA,Spain,Professional,2698,11296,Outstanding,100 %,0 %,0 %,0 %,7,"C/DE LA SÈQUIA, 21",17001,GIRONA
freaktime,FREAKTIME,Spain,Professional,711,11765,Outstanding,100 %,0 %,0 %,0 %,9,Maestro Valls 5 Bajo,46022,Valencia
Freshmkr,Freshmkr Games&Supplies,Austria,Powerseller,1884,465,Outstanding,100 %,0 %,0 %,0 %,12,Hof 16,4906,Eberschwang
FrogPoweredRobot,FrogPoweredRobot,United Kingdom,Professional,22277,31436,Outstanding,100 %,0 %,0 %,0 %,12,9 Edgebank Avenue,BD6 2SW,Bradford
Fronic,Andreas Weckop,Germany,Professional,4758,827,Outstanding,100 %,0 %,0 %,0 %,11,Compesmühlenweg 54,41065,Mönchengladbach
Frostin,Florian Groening,Germany,Professional,5908,17057,Outstanding,100 %,0 %,0 %,0 %,13,Am Bahndamm 1A,21365,Adendorf
FrostMagic,FROST MAGIC Patrycja Mróz,Poland,Powerseller,9395,220789,Outstanding,100 %,0 %,0 %,0 %,18,Grunwaldzka 39,43-600,Jaworzno
FrozenCardGaming,Loa Strandberg,Sweden,Professional,17106,9000,Outstanding,100 %,0 %,0 %,0 %,14,Gånglåten 28,42146,Västra Frölunda
FrozenCardsTCG,Frozen Cards GmbH,Germany,Professional,3338,41751,Outstanding,100 %,0 %,0 %,0 %,11,Mallnitzer Weg 6a,58454,Witten
FTSCollectables,Andrew Minnis,United Kingdom,Professional,6817,13457,Outstanding,100 %,0 %,0 %,0 %,14,99a Bathurst Gardens,NW10 5JJ,London
fu-gu,Fu-Gu,Germany,Professional,11262,55845,Outstanding,100 %,0 %,0 %,0 %,15,"Im Kaisemer, 9",70191,Stuttgart
Fuhrious-TC,Fuhrious Trading Cards,Germany,Professional,18115,14649,Outstanding,99.7 %,0.3 %,0 %,0 %,16,Rablinghauser Landstraße 19,28197,Bremen
Fukano1706,Paul Mittmann,Germany,Professional,1820,482,Outstanding,100 %,0 %,0 %,0 %,11,Wartenberger Str 70,13053,Berlin
Fumetteria-Eclissi,Fumetteria Eclissi,Italy,Professional,880,15,Outstanding,97 %,3 %,0 %,0 %,14,Via Verdi 18,24121,Bergamo (BG)
fumetteriaakiba,Fumetteria Akiba,Italy,Powerseller,95,1645,Outstanding,98.9 %,1.1 %,0 %,0 %,16,Corso Italia 80,80062,Meta
FumetteriaGeco,Fumetteria Geco di Di Carlo Laura,Italy,Professional,62,3132,Outstanding,100 %,0 %,0 %,0 %,14,San Carlo 23,40066,Pieve Di Cento
fumettopoli,Fumettopoli di Angelo Rossi,Italy,Professional,13051,426570,Outstanding,100 %,0 %,0 %,0 %,15,Via Piave 24,52100,Arezzo
fungames67,FUN OCCAZ,France,Professional,174,34,Outstanding,100 %,0 %,0 %,0 %,11,18 Rue Des Bouleaux,67460,SOUFFELWEYERSHEIM
Funtastic,FANTASTIK s.r.o.,Slovakia,Powerseller,17323,133624,Outstanding,100 %,0 %,0 %,0 %,11,Obchodná 14,81106,Bratislava
FynnofMagic,Fynn Karstens,Germany,Professional,1505,43692,Outstanding,100 %,0 %,0 %,0 %,11,Heinrich-von-Stephan-Str. 1,37001,Göttingen
G3SkedioTCG,G3Skedio SL,Spain,Professional,22105,13524,Outstanding,99.2 %,0.4 %,0 %,0.4 %,12,C/ Luis Ponce De Leon Nº2C,14011,Córdoba
GalacticHQ,Felix Brenner,Germany,Professional,6,294,Good,100 %,0 %,0 %,0 %,9,Alter Kirchenweg 9,22844,Norderstedt
Galactus-Roma,Galactus Roma S.R.L.,Italy,Powerseller,150629,1010705,Outstanding,99.1 %,0.5 %,0.4 %,0 %,16,Via Alessandro Malladra 16,00157,Roma
GalaktikStore,Galaktik Group srls,Italy,Professional,209,583,Outstanding,99 %,1 %,0 %,0 %,14,Via Olaf Palme 22,06083,Bastia Umbra (PG)
GalarianCards,GalarianCards,Spain,Professional,103,71,Outstanding,97.5 %,2.5 %,0 %,0 %,7,San Juan Bosco 16,04005,Almeria
GalaxieGames,Galaxie Games,France,Professional,864,11419,Outstanding,100 %,0 %,0 %,0 %,9,"Galaxie Games, Centre Commercial VIv'Erdre",44240,La Chapelle-sur-Erdre
GameCorner,Game Corner,United Kingdom,Professional,4173,3757,Outstanding,98.6 %,0.7 %,0.7 %,0 %,12,"Whitnash, Leamington Spa",CV312JU,Warwickshire
GameForce,GameForce VOF,Netherlands,Powerseller,36855,521109,Outstanding,100 %,0 %,0 %,0 %,16,Geldropseweg 83,5611SE,Eindhoven
GameKnightTCG,Game Knight,Greece,Professional,40,804,Good,100 %,0 %,0 %,0 %,11,Thiseos 40,15124,Athens
GAMEON,GAME ON,Greece,Powerseller,44926,835988,Outstanding,99 %,0.8 %,0.2 %,0 %,24,Mesogeion 41,11526,Athens
GamePeopleQuartu,GamePeople,Italy,Powerseller,2518,15635,Outstanding,100 %,0 %,0 %,0 %,16,Via Eligio Porcu 65,09045,Quartu Sant'elena
GamerGift,GamerGift.nl,Netherlands,Professional,44,838,Outstanding,100 %,0 %,0 %,0 %,11,Jan Van Henegouwenstraat 10,2405ZJ,Alphen Aan Den Rijn
GamersAcademy,GamersAcademy,Austria,Professional,15824,26947,Outstanding,98.9 %,1.1 %,0 %,0 %,23,Bahnstrasse 11,2540,Bad Vöslau
GamersDojo,Tony Rados,Germany,Powerseller,25118,35962,Outstanding,100 %,0 %,0 %,0 %,11,Maxim-Gorki-Str. 9b,17491,Greifswald
GamersDomain,Gamers Domain,Germany,Professional,10360,30411,Outstanding,100 %,0 %,0 %,0 %,16,Dieckhoffskamp 25,48291,Telgte
GamersPalma,GamersPalma,Spain,Powerseller,357,3589,Outstanding,100 %,0 %,0 %,0 %,9,Eusebi Estada N67 Bajos,07004,Palma De Mallorca
GamerzParadize,GamerzParadize B.V.,Netherlands,Powerseller,91548,49844,Outstanding,100 %,0 %,0 %,0 %,16,Looierstraat 50,6811AZ,Arnhem
Games-Island,Games Island GmbH & Co. KG,Germany,Powerseller,577872,187863,Outstanding,99.5 %,0.4 %,0.1 %,0 %,16,Luitpoldstrasse 13,95028,Hof
Games-Shop,Games & Comics Shop,Italy,Professional,1052,255,Outstanding,100 %,0 %,0 %,0 %,14,Via Etnea 692/B,95128,Catania
GamesandGeekery,Games & Geekery,Netherlands,Professional,2972,4430,Outstanding,100 %,0 %,0 %,0 %,13,Boterstraat 2d,6701CW,Wageningen
gamesnstuff,Games-N-Stuff,Netherlands,Professional,6832,22299,Outstanding,100 %,0 %,0 %,0 %,16,G. Stephensonstraat 18A,8013NK,Zwolle
GamesTimeAlzate,GAMESTIME ALZATE BRIANZA,Italy,Powerseller,1246,11173,Outstanding,99 %,1 %,0 %,0 %,21,VIA IV NOVEMBRE 621,22040,ALZATE BRIANZA
gamestimeLT,Games Time Lamezia Terme,Italy,Professional,195,1692,Outstanding,98 %,1 %,0 %,1 %,17,Michelangelo 15/17,88046,Lamezia Terme
Gamestimepalermo,Games Time Palermo Centro,Italy,Professional,104,950,Outstanding,99 %,1 %,0 %,0 %,16,Via Flavio Gioia 60,90145,Palermo
GamesTimeScandicci,Jakov & Kriko srl,Italy,Professional,1,1,,,,,,0,Via Gioacchino Rossini 17,50019,Sesto Fiorentino
GamesToYou,CloseToYou di Lino Garbellini,Italy,Professional,333,3108,Very good,98 %,0 %,2 %,0 %,18,Viale Sarca 330,20126,Milano
Gametrade-Empire,Frederic Weihmann,Germany,Professional,5513,31534,Outstanding,100 %,0 %,0 %,0 %,11,Hildastraße 3a,69115,Heidelberg
GAMIC,Morfeo di Lippi Alessandro,Italy,Professional,13257,529117,Outstanding,100 %,0 %,0 %,0 %,14,Piazza Bertagnini 10,54100,MASSA
gamingday,Gamingday,Spain,Professional,966,577,Outstanding,100 %,0 %,0 %,0 %,8,"C. De Ramón Gómez Sempere, 12 LOCAL Gamingday",03008,Alicante
Gamustore,El Gamusino,Spain,Professional,6731,68095,Outstanding,100 %,0 %,0 %,0 %,7,Plaza San Benito 8 Local 2,05003,Ávila
Garr0n,Yann Provolo,France,Powerseller,2613,359178,Outstanding,99.6 %,0.4 %,0 %,0 %,12,8 Rue Servandoni,75006,Paris
Gary2574,DinosCCG's,United Kingdom,Professional,15924,42804,Outstanding,100 %,0 %,0 %,0 %,14,8 Millers Croft,CM6 3AY,Great Dunmow
Gazcards,Castle Comics UK LTD,United Kingdom,Professional,4488,71,Outstanding,100 %,0 %,0 %,0 %,12,"Unit 37 Princes Mall, Princes Mall",G74 1LB,East Kilbride
Gear-Head-Games,Gear Head Games,United Kingdom,Professional,12000,35299,Outstanding,99.7 %,0.3 %,0 %,0 %,14,3 Parkhill Way,WF1 5FS,Wakefield
GeekFactoryMatignon,GeekFactoryMatignon,France,Powerseller,4780,16116,Outstanding,99.5 %,0.5 %,0 %,0 %,14,11 Espace Des Halles,22550,Matignon
GeekFactoryRennes,United States of Smash,France,Professional,1118,26073,Outstanding,97 %,2 %,1 %,0 %,9,7 Allée Morvan Lebesque,35700,Rennes
Geekisland,Geek Island,France,Professional,2308,29589,Outstanding,98.8 %,0.6 %,0.6 %,0 %,12,74 Rue Paul Doumer,76600,Le Havre
Geekkaos,Geekkaos SLU,Spain,Professional,1437,26,Outstanding,100 %,0 %,0 %,0 %,9,Jaume Isern 69 Local,08302,Mataró
GeekLand,Bruno Serafino,France,Professional,5849,1403,Very good,98 %,0 %,1 %,1 %,16,540 chemin de la garduelle,83830,BARGEMON
GeekParadise-Tom,Geek Paradise,Spain,Professional,9834,151322,Outstanding,98.6 %,0.7 %,0.7 %,0 %,9,"Reyes católicos, 7",13700,Tomelloso
GeekRetreatCardiff,Vault Viking Ltd,United Kingdom,Professional,95,28,Outstanding,98.6 %,0 %,1.4 %,0 %,12,2 Barry Lane,CF10 1AF,Cardiff
GeekRetreatKettering,Make Your Own Path Ltd,United Kingdom,Professional,1357,359,Outstanding,99 %,1 %,0 %,0 %,12,10-12 High Street,NN168ST,Kettering
GeekSama,SARL GEEKSAMA,France,Professional,327,70,Outstanding,100 %,0 %,0 %,0 %,11,10 place des ducs richard,76400,Fecamp
Geeksheaven,Geeksheaven,Germany,Professional,2047,11390,Outstanding,98.8 %,0.6 %,0.6 %,0 %,19,Daunerstraße 4,53919,Weilerswist
Gemtenonly,OnlyGems,Germany,Powerseller,8090,1824,Outstanding,100 %,0 %,0 %,0 %,8,Paulinstraße 45,54292,Trier
GENEX-SANTACASILDA,GENEX COMICS SL,Spain,Professional,5529,456492,Outstanding,100 %,0 %,0 %,0 %,9,C/SANTA CASILDA 3,28005,MADRID
GENEXCOMICS,Daniel Martin Bermejo,Spain,Powerseller,50811,1346148,Outstanding,99.7 %,0.3 %,0 %,0 %,11,Calle Elfo 98,28027,Madrid
GeraintUltimus,Geraint Morgan,United Kingdom,Professional,11539,4482,Outstanding,100 %,0 %,0 %,0 %,14,1 Railway Terrace,LD2 3RH,"Builth Road, Powys"
Geronator,Magic Booster Box,Germany,Powerseller,5480,135247,Outstanding,100 %,0 %,0 %,0 %,16,Clara-Staiger-Str. 28,85072,Eichstätt
GerryFallova,GerryFallova Card Sales,United Kingdom,Professional,9251,15211,Outstanding,99.3 %,0.7 %,0 %,0 %,19,34 st. Michael's Court,SR2 8JU,Sunderland
GersteHL,JM Collectibles,Germany,Professional,3193,34759,Outstanding,99.1 %,0.9 %,0 %,0 %,11,Hans-Kohlmorgen-Ring 1f,23617,Stockelsdorf
GG-GoodGame,GG-GoodGame,Italy,Professional,6038,11720,Very good,100 %,0 %,0 %,0 %,20,Via Masini 25,50053,Empoli
ggmagic,The Games Guild,Netherlands,Professional,22908,99004,Outstanding,100 %,0 %,0 %,0 %,24,Van Nesstraat 1A,2404AV,Alphen Aan Den Rijn
Ghostcards,Ghostcards,Germany,Powerseller,49203,134,Very good,98.4 %,0 %,1.6 %,0 %,11,Wallstr. 5,46535,Dinslaken
GhostHuskyGames,Ghost Husky Ltd,United Kingdom,Professional,1164,316,Outstanding,100 %,0 %,0 %,0 %,14,Geek Retreat Hartlepool 105a York Road,TS26 9DH,Hartlepool
GHOULECTOR,GHOULECTOR,Netherlands,Powerseller,300,7124,Outstanding,100 %,0 %,0 %,0 %,13,Maandereind 69,6711AB,Ede
Giulio-Iaco,Magic&Dragons,Italy,Professional,789,776,Outstanding,100 %,0 %,0 %,0 %,13,Via Ancona 86,86039,Termoli
GKF-Charleville,Sarl Brain Catalyst,France,Professional,2316,229,Outstanding,100 %,0 %,0 %,0 %,14,1 rue du petit bois,08000,Charleville-mezières
GladiusGames,Gladius Games,Spain,Professional,41,8843,Outstanding,100 %,0 %,0 %,0 %,10,Cánovas Del Castillo 5 Local 6,28807,Alcalá De Henares
GlimmerBarnGames,Glimmer Barn Games,United Kingdom,Professional,13617,175395,Outstanding,100 %,0 %,0 %,0 %,18,Dukestown Lane 2,BT668TB,Lurgan
GlitchlessGameStore,Glitchless,Germany,Professional,184,73,Outstanding,100 %,0 %,0 %,0 %,11,Kaiserstraße 72,55116,Mainz
globalgaming,GlobalGaming Arena,United Kingdom,Professional,4937,16387,Outstanding,99 %,1 %,0 %,0 %,12,15 Shaw's Passage,B55JG,Birmingham
Gloktha,Christian Buhlrich,Germany,Professional,1468,1361,Outstanding,100 %,0 %,0 %,0 %,11,Sahrener Weg 36,27777,Ganderkesee
GnD-Cards,GnD Cards,Greece,Professional,14817,201481,Outstanding,100 %,0 %,0 %,0 %,11,CHALDEIAS 43,55133,Thessaloniki
Goat-enterprise,Goat-enterprise,Netherlands,Powerseller,126076,1073739,Outstanding,100 %,0 %,0 %,0 %,16,Dorpsdijk 143,3161CA,Rhoon
Goblin-Games,Goblin-Games,Germany,Powerseller,33282,337956,Outstanding,100 %,0 %,0 %,0 %,21,Heinrich-Imig-Platz 3,31171,Nordstemmen
Goblinen,Röda Goblinen AB,Sweden,Professional,592,60823,Outstanding,100 %,0 %,0 %,0 %,14,Sigurdsgatan 35C,72130,Västerås
godotek66,Dariusz Tarka,Poland,Professional,4136,640,Outstanding,100 %,0 %,0 %,0 %,20,"Kaszubska 3/U7,",70-403,Szczecin
GoldenStoreRoma,Mellon Snc Di Lorenzo Bianchini & C,Italy,Professional,3079,130108,Outstanding,100 %,0 %,0 %,0 %,23,Via Adolfo Albertazzi 74/76,00137,Roma
Gondorman,Cardasse,France,Professional,12049,23398,Outstanding,99.3 %,0.7 %,0 %,0 %,11,24 rue Marechal Foch,22370,Pleneuf Val Andre
GoodGameGuysLTD,Good Game Guys,Bulgaria,Professional,27,4123,Good,100 %,0 %,0 %,0 %,10,Ivan Hadzhidimitrov 9,5000,Veliko Tarnovo
GoodGamesBern,GoodGames,Switzerland,Professional,14179,4350,Outstanding,100 %,0 %,0 %,0 %,6,Parkterrasse 14,3012,Bern
Goodlookgamer,Very Cool Card Games,Netherlands,Professional,5572,39845,Outstanding,100 %,0 %,0 %,0 %,16,Rottekade 230,2661JW,Bergschenhoek
goodman123,Johan Oosterhuis,Netherlands,Professional,4654,8531,Outstanding,100 %,0 %,0 %,0 %,27,Richterlaan 10-3,9207JV,Drachten
GotchaTCG,BACCHUS,France,Professional,194,932,Outstanding,100 %,0 %,0 %,0 %,12,150 Rte de Bandol,83110,Sanary Sur Mer
GoxhillGames,Goxhill Games,United Kingdom,Professional,595,4767,Outstanding,100 %,0 %,0 %,0 %,12,Cornhill Cottage,DN19 7HX,Goxhill
GPKGames,Gamepark,United Kingdom,Professional,6418,147815,Outstanding,99.3 %,0.7 %,0 %,0 %,14,Gamepark 2 Northgate Street,SY23 2JS,ABERYSTWYTH
GrandeInverno,Grande Inverno,Italy,Professional,1236,2302,Outstanding,100 %,0 %,0 %,0 %,16,Via Beato Cesidio 35,67100,L'Aquila
GRChelmsford,Geek Retreat Chelmsford,United Kingdom,Professional,318,17,Outstanding,100 %,0 %,0 %,0 %,14,48 Cunard Square,CM1 1AQ,Chelmsford
GreenVents,GREENVENTS,France,Professional,17,641,Good,100 %,0 %,0 %,0 %,11,11 Place Du Général De Gaulle,59310,Auchy Lez Orchies
Greg59,SAS BLACK LOTUS SOCIETY,France,Powerseller,5904,32599,Outstanding,100 %,0 %,0 %,0 %,9,512 Rue Bouillibaye,83140,Six Fours Les Plages
GremioDeDragones,Gremio de Dragones,Spain,Professional,22907,831759,Outstanding,98 %,2 %,0 %,0 %,7,"C/ Domingo Gómez 35, bajo",46025,Valencia
Grouphug,Grouphug,Denmark,Professional,4459,33311,Outstanding,100 %,0 %,0 %,0 %,10,Hestemøllestræde 1b 2 tv,4200,Slagelse
GS-GameOn,GS-GameOn SNC di Santoni Lorenzo & Graziuso Mattia,Italy,Professional,25111,7471,Outstanding,97.6 %,1.6 %,0.8 %,0 %,16,Via dei Pratoni 9 interno 11,50018,Scandicci - FI
GuildeDuDragon,Guilde du Dragon,France,Professional,26,692,Good,100 %,0 %,0 %,0 %,12,22 Rue De La Carreterie,84000,Avignon
guildmage-pl,Mozaik Sp. z o.o.,Poland,Professional,1216,4827,Outstanding,98.5 %,1.5 %,0 %,0 %,20,Długa 10,31-146,Kraków
GUILLOU92G,Gamecash Clermont-ferrand,France,Professional,3079,128,Outstanding,98.4 %,1.6 %,0 %,0 %,12,28 RUE DU 11 NOVEMBRE,63000,CLERMONT FERRAND
Gunship-Games,Gunship Games,Germany,Powerseller,40568,124970,Outstanding,99.7 %,0.3 %,0 %,0 %,11,Wippenhauser Str. 26,85354,Freising
Gurrusgur,El Trastero Mágico,Spain,Professional,913,4136,Outstanding,97.6 %,1.6 %,0.8 %,0 %,12,Marqués de Celada 8,38202,San Cristóbal De La Laguna
GustavosGans,GustavosGans,Germany,Professional,1445,9802,Outstanding,100 %,0 %,0 %,0 %,14,Sigurd Allee 14,35085,Ebsdorfergrund
GWBM-,Giles Mann,United Kingdom,Professional,8400,15510,Outstanding,100 %,0 %,0 %,0 %,12,"7 Bishops Walk, Cricklade Street",GL7 1JH,Cirencester
HAAST72,Thomas Haas,Germany,Professional,19240,42870,Outstanding,100 %,0 %,0 %,0 %,19,Hirzleierstrasse 6,54472,Burgen
Hafra,Hafra,Germany,Professional,7036,121982,Outstanding,100 %,0 %,0 %,0 %,11,Wüllnerstr. 130,50931,Köln
Hall-of-Cards,Hall of Cards,Germany,Professional,1617,28,Outstanding,100 %,0 %,0 %,0 %,16,Vogesenallee 6a,75173,Pforzheim
HallofGames,"Lars Lindenhahn ""Hall of Games""",Germany,Professional,74920,40309,Outstanding,98.8 %,1.2 %,0 %,0 %,14,Hansering 11,06108,Halle
HallofHeroes,Hall of Heroes,Italy,Professional,395,7579,Outstanding,100 %,0 %,0 %,0 %,14,Via Donatello 9,10088,Volpiano (TO)
halmeshule,Halmes Hule,Denmark,Professional,43,1,Outstanding,100 %,0 %,0 %,0 %,8,"Søndergade 7A, St. Tv.",5000,Odense
hamanito,Raphael Albang,Germany,Professional,32502,15699,Outstanding,98.8 %,0.6 %,0.6 %,0 %,21,Nürnberger Str. 6,92539,Schönsee
HamelinGames,HAMELIN GAMES,Spain,Professional,19764,108243,Outstanding,100 %,0 %,0 %,0 %,11,"Riera Figuera Major, 43",08304,Mataró
HammerOfWar,Federico Martelli,Italy,Professional,1066,7578,Outstanding,100 %,0 %,0 %,0 %,18,Via Agostino de pretis 32,58100,Grosseto
Hand-of-Honor,Hand-of-Honor,Germany,Professional,6456,116,Outstanding,100 %,0 %,0 %,0 %,19,Bernhard-F.-Str. 13,50969,Köln
HappyEgg,Just Hemelaar,Netherlands,Professional,2495,22757,Outstanding,100 %,0 %,0 %,0 %,13,Kastanjelaan 19,2351NE,Leiderdorp
HARAKESH,HARAKESH B.V.,Netherlands,Professional,30395,323355,Outstanding,100 %,0 %,0 %,0 %,21,Meindert Hobbemastraat 1,3314HR,Dordrecht
HasardLudiqueMons,Axel D'haeyere,Belgium,Professional,1983,1692,Outstanding,100 %,0 %,0 %,0 %,12,"Grand Rue, 12",7000,Mons
HASEK-SHOP,HASEK-SHOP,Czech Republic,Professional,1693,20527,Outstanding,100 %,0 %,0 %,0 %,25,Karla Engliše 2,15000,Praha 5
HavenOfDragons,Dragon's Haven Cards and Events,United Kingdom,Professional,8583,93194,Outstanding,100 %,0 %,0 %,0 %,20,58 Shaldon Crescent,PL5 3QZ,Plymouth
HD-onlineshop,HD-onlineshop,Germany,Professional,2871,1731,Outstanding,100 %,0 %,0 %,0 %,11,Spargelweg 30,38179,Schwülper
HDC-Trade,Alex LUMINEAU,France,Professional,2684,24625,Outstanding,100 %,0 %,0 %,0 %,12,6 BIS Rue Du Plat D'Étain,37380,Monnaie
HeavensDoorTCGmore,Heaven´s Door TCG & more,Germany,Professional,7516,1081,Outstanding,100 %,0 %,0 %,0 %,16,Hauptstraße 53,97493,Bergrheinfeld
hefaistos,Fokkema Trading,Netherlands,Powerseller,8645,189496,Outstanding,100 %,0 %,0 %,0 %,13,Slagveld 151,4871ND,Etten-Leur
Heimerdraco63,Autoentrepreneur,France,Professional,809,387,Very good,100 %,0 %,0 %,0 %,12,17 rue des hautes granges,63870,orcines
helenasrc,Helena Costa,Portugal,Powerseller,975,11556,Outstanding,98 %,2 %,0 %,0 %,9,Praça Dom Afonso De Albuquerque 12 1º Esq.,2675-271,Odivelas
HeroesINN,Heroes INN,Germany,Powerseller,11548,610,Outstanding,100 %,0 %,0 %,0 %,11,Friedrichstraße 30,41061,Mönchengladbach
HeroFreaks,HeroFreaks (Neuroingen SL),Spain,Professional,2638,22482,Outstanding,99 %,1 %,0 %,0 %,6,Av. Derechos Humanos 20,46132,Almàssera
HHandsomeRRustyy,MIniero Gian Maria,Italy,Professional,1500,4650,Outstanding,100 %,0 %,0 %,0 %,14,Cornacchiara 126,47030,Borghi
Hidden-Gem-Cards,Hidden Gem Trading Cards,United Kingdom,Professional,572,148,Outstanding,100 %,0 %,0 %,0 %,12,4 Henley Gardens,PO15 6HA,Fareham
HiddenCardHaven,Hidden Card Haven,Italy,Powerseller,149,7889,Outstanding,100 %,0 %,0 %,0 %,9,Via San Francesco 40,60035,Jesi
Highmarket,Julian und Matthias Heppner GbR,Germany,Powerseller,60289,266502,Outstanding,99.9 %,0.1 %,0 %,0 %,13,Klingsorstr. 9,12167,Berlin
HiveGames,Hive Games,Austria,Powerseller,60594,525693,Outstanding,99.8 %,0.2 %,0 %,0 %,21,Getreidegasse 3,9020,Klagenfurt
Hobby-Games,G. THEOLOGITIS - I. KOSMIDIS O.E,Greece,Powerseller,182277,1218103,Outstanding,99.4 %,0.2 %,0.2 %,0.2 %,15,Theohari 4,54621,Thessaloniki
Hobbyverse,TYPOS PRESS,Greece,Professional,337,68,Outstanding,100 %,0 %,0 %,0 %,13,Kaisareias 20-22,54454,Toumpa - Thessaloniki
hohermarkt,Fabian Da Rocha Marú,Germany,Professional,104,1364,Outstanding,100 %,0 %,0 %,0 %,11,Göppinger Straße 41/5,73614,Schorndorf
HolonCardshop,Holon Cardshop,Germany,Professional,20781,412,Outstanding,100 %,0 %,0 %,0 %,13,Ritterstr. 1,66482,Zweibrücken
Homelands,Homelands Ilice,Spain,Powerseller,20239,27300,Outstanding,99.3 %,0.7 %,0 %,0 %,11,C/ Sant Vicent 19 bajo izq,03202,Elche
HomeofTCG,Home of TCG,Germany,Professional,699,37456,Outstanding,100 %,0 %,0 %,0 %,8,Potsdamer Str. 40,14974,Ludwigsfelde
HomgCards,Bilal Chibli,Germany,Professional,11830,143,Outstanding,98.9 %,1.1 %,0 %,0 %,16,Berliner Allee 38,13088,Berlin
HopelessCards,Hopeless Cards,United Kingdom,Professional,2468,10760,Outstanding,100 %,0 %,0 %,0 %,14,12 Eskdale Crescent,NE37 2LD,Sunderland
HorneCS,Horne Card Shop,Norway,Professional,10,3315,,100 %,0 %,0 %,0 %,,Aplagarden 2,5750,ODDA
HornsHeldenhort,Horns Heldenhort,Germany,Professional,1771,6265,Outstanding,100 %,0 %,0 %,0 %,8,Am Bülzgraben 19,58642,Iserlohn
House-of-Cards-OE,House of Cards OE,Greece,Powerseller,27730,764057,Outstanding,100 %,0 %,0 %,0 %,10,"Aspasias 72-74, Holargos",15561,Athens
HouseOfCardsBE,HouseOfCardsBE,Belgium,Professional,21824,36703,Outstanding,100 %,0 %,0 %,0 %,18,Geraardsbergsesteenweg 282,9404,Aspelare
Houseofdoh,"ARC Antik, Retro & Collectibles",Germany,Professional,1603,30044,Outstanding,100 %,0 %,0 %,0 %,11,Karlstr. 9/1,73269,Hochdorf
HouseofWonders,BloodBrothers SRLS,Italy,Powerseller,252,13162,Outstanding,100 %,0 %,0 %,0 %,18,VIA RIVA DI RENO 110,40121,Bologna
HQCards,Patrick Töllner,Germany,Professional,31818,6678,Outstanding,99.9 %,0.1 %,0 %,0 %,11,Anna-Wöbse-Straße 11,27283,Verden
Hrdinov,Hrdinov,Czech Republic,Professional,355,9780,Outstanding,100 %,0 %,0 %,0 %,12,Pacelice 32,38801,Škvořetice
HungryDeerMTG,Card Crate,United Kingdom,Professional,1060,14128,Outstanding,100 %,0 %,0 %,0 %,8,Suite 122 Elder Gate,MK9 1LR,Milton Keynes
hurrikan,Pius Kuhn,Germany,Professional,14821,108241,Outstanding,100 %,0 %,0 %,0 %,13,Pegasusstr. 9,16321,Bernau
HuzzkyGames,Huzzky Games,Germany,Professional,6916,11619,Outstanding,100 %,0 %,0 %,0 %,13,Horst-Böttjer-Weg 5,22117,Hamburg
Hybris,Pasquale Palmisano,Italy,Professional,5886,549,Outstanding,100 %,0 %,0 %,0 %,25,Via B. Cellini 21,72015,Fasano
HydrasHaven,Edward Brookes,United Kingdom,Powerseller,109,131,Outstanding,100 %,0 %,0 %,0 %,14,"4 Molay Court, 1 Sainty Close",GU11 4FZ,Aldershot
hypnoticmonkey,Hypnotic Monkey Cards Ltd,United Kingdom,Professional,210,32,Outstanding,99 %,1 %,0 %,0 %,18,182 Sellywood Road,B30 1TJ,Birmingham
Hyvemind,Oasis Gaming Center,Italy,Professional,1926,5097,Outstanding,99 %,1 %,0 %,0 %,20,Via Pasubio 1,20014,Nerviano
ichessblumn,Theo Freyberger,Germany,Professional,4573,63385,Outstanding,100 %,0 %,0 %,0 %,11,Jahnallee 31,04109,Leipzig
Ichiban-Cards,Daniel Hernando Sànchez,Spain,Professional,8576,241076,Outstanding,99 %,0 %,1 %,0 %,8,C/guadalupe n6 bajo b,28931,Mostoles (Madrid )
IdealGame,IdealGame,France,Professional,10144,2053,Outstanding,100 %,0 %,0 %,0 %,11,54 Rue Lenine,59113,Seclin
IGHandelsposten,Intergalaktischer Handelsposten,Germany,Professional,2370,20216,Outstanding,100 %,0 %,0 %,0 %,17,Untere Straße 41a,51688,Wipperfürth
ikigaicomicstienda,IKIGAI CÓMICS,Spain,Professional,12,46,Good,100 %,0 %,0 %,0 %,8,CALLE CRISTO DE LOS MILAGROS 12,37001,SALAMANCA
IKillGiants,IKillGiants,Austria,Professional,409,8053,Outstanding,100 %,0 %,0 %,0 %,14,Dr.-Nikolaus-Britz-Straße 5,2000,Stockerau
IL-REGNO,IL REGNO  SRL,Italy,Professional,3581,29142,Outstanding,99.1 %,0.9 %,0 %,0 %,16,Argelati 44,20143,MILANO
ilcovodelnerd,il covo del nerd,Italy,Professional,51721,1033850,Outstanding,100 %,0 %,0 %,0 %,25,viale michelangelo 133,71122,foggia
ILFORZIEREDELMANA,IL FORZIERE DEL MANA di Alberto Franchini,Italy,Professional,5857,13697,Outstanding,99 %,1 %,0 %,0 %,23,Via Enrico Mattei 27/c,20010,Cornaredo ( Mi )
Ilias1408,Roland Krenz,Germany,Professional,654,7637,Outstanding,100 %,0 %,0 %,0 %,13,Rudolfstraße 12,87463,Dietmannsried
Iliaster,Paul Dehmelt,Germany,Professional,53194,6724,Outstanding,99.9 %,0.1 %,0 %,0 %,16,Lyoner Straße 50,60528,Frankfurt a. M.
ILLuMiNaTe7,Antoon Cornelis Johannes Elsink,Netherlands,Professional,1888,3552,Outstanding,99 %,1 %,0 %,0 %,27,Straatweg 114,3621BT,Breukelen
iltempiodikronos,Il Tempio di Kronos s.r.l.s.,Italy,Professional,10232,182248,Outstanding,99 %,1 %,0 %,0 %,16,Via Santa Croce 83,81020,San Nicola la Strada
Imperial-Games-ltd,Imperial Games Limited,United Kingdom,Professional,1201,1420,Outstanding,100 %,0 %,0 %,0 %,10,31a Sidwell Street,EX46NN,Exeter
ImperiumGamesLatina,Lost Legion srls,Italy,Professional,27221,9833,Outstanding,98.7 %,1.3 %,0 %,0 %,14,Via Priverno 15,04100,Latina
In-Response,In Response Trading - Florian Dötsch,Germany,Professional,16821,4177,Outstanding,100 %,0 %,0 %,0 %,21,Am Pfaffenheckle 12,86609,Donauwörth
In2Cards,In2Cards,Netherlands,Professional,24079,12110,Outstanding,100 %,0 %,0 %,0 %,17,Granaatstraat 78,7554TR,Hengelo
In2urmind,Torben Oltmanns,Germany,Powerseller,3173,7090,Outstanding,100 %,0 %,0 %,0 %,13,Grasweg 19,22846,Norderstedt
IncomGamingCards,Incom Gaming Limited,United Kingdom,Professional,2576,5732,Outstanding,100 %,0 %,0 %,0 %,12,Two Pigs Church Street,GL50 3HA,Cheltenham
Indexcards,Indexcards,Italy,Professional,1224,7,Outstanding,100 %,0 %,0 %,0 %,14,Via Aleardo Aleardi 4,58100,Grosseto (GR)
Infernal-Cards,Christoph Koller,Germany,Professional,3070,658,Outstanding,100 %,0 %,0 %,0 %,13,Kohlstattweg 8,86479,Obergessertshausen
Inferno-Royal-Cards,Patrick-Michael Mehler,Germany,Professional,3117,62356,Very good,94 %,4 %,2 %,0 %,16,Brüder-Grimm-Straße 17,37412,Herzberg Am Harz
InfiniteMagicCZ,Infinite Magic,Czech Republic,Professional,13174,71036,Very good,97.3 %,1.8 %,0.9 %,0 %,15,Kafkova 102/19,16000,Prague 6
inGenio,inGenio BCN Games,Spain,Professional,18644,140216,Outstanding,100 %,0 %,0 %,0 %,9,"Passeig de Sant Joan, 16, Local 4",08010,Barcelona
Innisfelan,Groisartig,Austria,Professional,52,6179,Outstanding,100 %,0 %,0 %,0 %,11,Unterloibl 36,9163,Unterloibl
InsaneTCG,David Salwiczek,Germany,Professional,5772,3185,Outstanding,100 %,0 %,0 %,0 %,11,Lindenstraße 25a,23558,Lübeck
InvestCollect,Invest Collect - La Ligue du Jeu,France,Professional,22439,20135,Outstanding,100 %,0 %,0 %,0 %,11,Lot commercial de la Tour,87110,Le Vigen
InvestMagicLand,"Invest Magic Land, s.r.o.",Czech Republic,Professional,4895,115159,Outstanding,99.6 %,0.4 %,0 %,0 %,20,"Chudenická 1059/30, Hostivař",10200,Praha 10
Iridiath,Iridiath TCG,France,Professional,8763,24001,Outstanding,100 %,0 %,0 %,0 %,12,21 rue saint nicolas,28170,Saint maixme hauterive
IronForgedGames,IronForgedGames,United Kingdom,Professional,14109,14822,Outstanding,99.4 %,0.4 %,0.2 %,0 %,24,Unit 4a 33-53 Library Street,WN11NN,Wigan
isekaialcorcon,ISEKAI TCG Store,Spain,Professional,430,263,Outstanding,100 %,0 %,0 %,0 %,14,"Avenida Torres Bellas, 4, Local comercial ISEKAI",28923,Alcorcón
Ishan,Pipistrello,Croatia,Professional,22306,78260,Outstanding,100 %,0 %,0 %,0 %,20,Vlade Grozdanića 6,51000,Rijeka
IslandSanctuaryTCG,Bram Dortmans,Netherlands,Professional,1079,126243,Outstanding,100 %,0 %,0 %,0 %,13,Peelweg 33,5411VC,Zeeland
isolanelcielo,L'ISOLA NEL CIELO DI VITTIGLIO GIULIO,Italy,Professional,231,1081,Outstanding,100 %,0 %,0 %,0 %,23,VIA RACCORDO AUSONIA 44,03043,CASSINO(FR)
Itaca,Magic Itaca SL,Spain,Powerseller,102795,2802820,Outstanding,99.7 %,0.2 %,0.1 %,0 %,10,"Blasco de Garay 15, Local 1",28015,Madrid
ItzRooie,TCG-Home,Belgium,Professional,1000,25,Outstanding,100 %,0 %,0 %,0 %,13,Meertsveldstraat 19,2570,Duffel
JackTradesCards,Jack Broddle,United Kingdom,Professional,9064,23764,Outstanding,100 %,0 %,0 %,0 %,19,6 Cavendish Street,NG20 9DU,Langwith
Jackys-Cardstore,Jackys Cardstore & more,Germany,Powerseller,2856,687,Outstanding,100 %,0 %,0 %,0 %,16,Wilhelm-Pieck-Ring 42,18528,Bergen
Jamingcards,Denis Brugues,France,Professional,1097,254,Outstanding,100 %,0 %,0 %,0 %,11,14 rue Aristide Briand et de la paix,42000,st etienne
Janimes,Janîmes,France,Professional,70,162,Outstanding,100 %,0 %,0 %,0 %,11,3 Rue Des Marchands,30000,Nîmes
jannikotti,Jannik Otterbach,Germany,Professional,1583,5338,Outstanding,100 %,0 %,0 %,0 %,16,In Der Ecke 17,57223,Kreuztal
JeffPesos-GTCorciano,RAF-G srls,Italy,Professional,1806,11114,Outstanding,99.4 %,0.6 %,0 %,0 %,21,Via W.I. Uljanow Detto Lenin 2,06073,Corciano
Jenbiwe,Benjamin Veloppé,France,Professional,2444,134057,Outstanding,100 %,0 %,0 %,0 %,11,1 La Davière,44370,Belligné
Jerringstns,Lutz Rinklake,Germany,Professional,1111,106,Outstanding,100 %,0 %,0 %,0 %,19,Taubenstraße 41,48268,Greven
JessisDreamcards,JessisDreamcards,Germany,Professional,1740,1206,Outstanding,100 %,0 %,0 %,0 %,13,Knüwenstraße 36,58099,Hagen
Jester10,Jester games store ltd,United Kingdom,Professional,6426,135,Outstanding,100 %,0 %,0 %,0 %,16,35 Kings Street East,SK1 1JX,Stockport
Jesus420,Jesus Bravo Canaveras,Spain,Powerseller,575,11377,Outstanding,99 %,1 %,0 %,0 %,21,virgen del rosario 1,18670,velez de benaudalla (granada)
JeuxVeux,Jeux Veux,France,Professional,4132,20317,Outstanding,99 %,0 %,1 %,0 %,16,255 rue Général de Gaulle,69530,Brignais
JG-TCG,Jonathan Gilbert,United Kingdom,Professional,3277,24884,Outstanding,100 %,0 %,0 %,0 %,12,"1st Floor, Unit 9, Silver Business Park, Airfield Way",BH23 3TA,Christchurch
jgccollectables,JGC Collectables,United Kingdom,Professional,2369,1927,Outstanding,100 %,0 %,0 %,0 %,14,38 Church Road,GU470TP,Sandhurst
JizzyTCG,Manuel Dembicers Onlineshop,Germany,Powerseller,51,185,Outstanding,100 %,0 %,0 %,0 %,8,Rezerstr. 4a,92224,Amberg
JJpoke,JJPoke,Italy,Professional,2903,6391,Outstanding,100 %,0 %,0 %,0 %,21,Corte Conti 2,55011,Altopascio
JK-Entertainment,J.K. Entertainment GmbH,Germany,Powerseller,512612,160816,Outstanding,98.5 %,0.8 %,0.5 %,0.2 %,19,Im Gefierth 12,63303,Dreieich
JK-Entertainment-TCG,J.K. Entertainment GmbH,Germany,Professional,5764,1054,Outstanding,100 %,0 %,0 %,0 %,11,Gruener Weg 8,63477,Maintal
jmskns69,OÜ Asonland,Estonia,Professional,23946,432772,Outstanding,100 %,0 %,0 %,0 %,12,Siili 3-8,13422,Tallinn
Jocarium,JOCARIUM,Spain,Professional,1139,737,Outstanding,100 %,0 %,0 %,0 %,7,"C/Emili Juncadella, 36 Atico 2ª",08950,Esplugues de Llobregat
JoeBuddha,Jörg Buddeus,Germany,Professional,20020,24861,Outstanding,100 %,0 %,0 %,0 %,17,Am Kiefernkamp 21,26903,26903 Surwold
Joery,Van Tilburg trading cards,Netherlands,Professional,633,5754,Outstanding,99 %,1 %,0 %,0 %,16,Fortplein 7,4651GM,Steenbergen
JoeysJunk,Nino Pohl,Germany,Professional,1065,1012,Outstanding,99.4 %,0.6 %,0 %,0 %,13,Johann-Sebastian-Bach-Straße 25,38350,Helmstedt
Johardrymnol,Johardrymnol AB,Sweden,Professional,5049,5629,Outstanding,100 %,0 %,0 %,0 %,11,Saturnusvägen 6,31272,Skummeslövsstrand
Johnni,Johannes Schlosser,Germany,Powerseller,7047,7961,Outstanding,100 %,0 %,0 %,0 %,13,Jahnstraße 14,93087,Alteglofsheim
Jokers-Toybox,Jokers Toybox,United Kingdom,Professional,2014,643,Outstanding,100 %,0 %,0 %,0 %,10,51 Grange Road,TN13 2PQ,Sevenoaks
Jokerslair,Masquerade S.a.S.,Italy,Professional,17333,298213,Outstanding,100 %,0 %,0 %,0 %,28,Via Giuseppe Gianella 21,20152,Milano
JOKO,Joko Store,Spain,Powerseller,19333,504633,Outstanding,100 %,0 %,0 %,0 %,6,"Calle Archiduque Carlos, Patio 70 Puerta 11",46014,Valencia
JollyJokerTorino,Jolly Joker s.r.l.,Italy,Professional,377,431,Outstanding,100 %,0 %,0 %,0 %,18,Corso Dante 50L,10126,Torino
jordancards,García Moreno Consultores SL,Spain,Professional,7,9,Good,100 %,0 %,0 %,0 %,4,Pseo Alameda 39 B27,46023,Valencia
Jorhajnes,Johannes Olsson,Sweden,Powerseller,5752,18739,Outstanding,100 %,0 %,0 %,0 %,14,Karl Staaffsgatan 14A,41726,Göteborg
JOYBOYCOMICS,joy boy sas di negri alessandro & c.,Italy,Professional,68,112,Outstanding,98.2 %,1.8 %,0 %,0 %,18,Via Paolo Bozzini 25,29121,Piacenza
Joydo,Joydo,Netherlands,Powerseller,425,80,Outstanding,100 %,0 %,0 %,0 %,10,Ambachtstraat 18 A,6971BR,Brummen
JPTF11,João Fragoso,Portugal,Powerseller,179,5481,Outstanding,100 %,0 %,0 %,0 %,11,R Alexandre Herculano 31 R/C,5340-228,Macedo De Cavaleiros
JupiterGuadalajara,IMPREJUEGOS S.L.,Spain,Professional,3117,40252,Outstanding,100 %,0 %,0 %,0 %,6,"San Roque 15, Bajo Izquierda",19002,Guadalajara
JupiterMadridCentral,EVOJUEGOS SL,Spain,Professional,19995,319030,Outstanding,100 %,0 %,0 %,0 %,7,C/ Manuel Silvela Nº 8,28010,Madrid
JupiterMadridNorte,Evolution Madrid Norte,Spain,Powerseller,57135,525710,Outstanding,99.6 %,0.3 %,0.1 %,0 %,10,"Calle Marques de la Valdavia 95, Local 2",28100,ALCOBENDAS
JupiterOurense,Loropo Store S.L.,Spain,Powerseller,1584,18497,Outstanding,100 %,0 %,0 %,0 %,8,Calle Cardenal Quevedo 8 bajo derecha,32004,Ourense
JupiterSevilla,Janito Superby SL,Spain,Professional,13935,6210,Outstanding,100 %,0 %,0 %,0 %,9,C/ Febo 15,41010,Sevilla
JuraGeekStore,Jura Geek Store,France,Professional,5731,79099,Outstanding,99.7 %,0 %,0.3 %,0 %,11,33 Rue Des Sapins,39400,Morbier
JustFreakES,JustFreak.es,Spain,Powerseller,236,1573,Outstanding,100 %,0 %,0 %,0 %,6,"Calle Maria Pita, Local 14",18194,Churriana De La Vega
JusticeCards,Ashkan Ghafouri,Germany,Professional,6982,1,Outstanding,100 %,0 %,0 %,0 %,8,Bodenstaffstraße 5,53179,Bonn
kabooom-tcg,Kabooom Entertainment GmbH,Switzerland,Professional,12497,21786,Outstanding,100 %,0 %,0 %,0 %,9,Dienerstrasse 36,8004,Zürich
Kadoendra,Cardvalley,Netherlands,Professional,9641,111812,Outstanding,100 %,0 %,0 %,0 %,19,Smetanaplaats 5,3335AW,Zwijndrecht
KahnCardz,Philip KAHN,France,Professional,1680,3518,Outstanding,99 %,1 %,0 %,0 %,16,86 avenue de Paris,78000,Versailles
KaibaCards2511,KaibaCards e.U.,Austria,Professional,301,1021,Outstanding,100 %,0 %,0 %,0 %,12,Unterbirkenberg 26c/49,6410,Telfs
KAInvesting,K&A TCG Limited,United Kingdom,Professional,99,202,Outstanding,100 %,0 %,0 %,0 %,10,54 Lower  Oldfield Park,BA2 3HP,Bath
Kaisaking-TCG,Kaisaking TCG GbR,Germany,Professional,3756,25761,Outstanding,100 %,0 %,0 %,0 %,16,Am Ochsenzoll 40,22417,Hamburg
Kakturion,Claudio Rengshausen,Germany,Professional,2430,65833,Outstanding,97.8 %,2.2 %,0 %,0 %,29,Kreuzstraße 14,56341,Kamp-Bornhofen
Kalipilux,Kalipilux,Germany,Professional,460,53265,Outstanding,100 %,0 %,0 %,0 %,13,Joseph-Mäurer-Str. 79,51688,Wipperfürth
Kalliath,MKM Kalliath,Germany,Professional,3782,15978,Outstanding,100 %,0 %,0 %,0 %,13,Pichelsdorferstraße 45,13595,Berlin
kamatogamesltd,Kamato Games LTD,Bulgaria,Professional,5416,1054,Outstanding,100 %,0 %,0 %,0 %,21,Gonda Voda 7B,4230,Asenovgrad
karmacrow,Karmacrow UG & Co KG,Germany,Powerseller,220678,668267,Outstanding,99.7 %,0.2 %,0.1 %,0 %,21,Saalmannstr. 7-9,13403,Berlin
KarontecGames,KARONTEC GAMES S.L.,Spain,Professional,8,4980,,100 %,0 %,0 %,0 %,3,Av Ernest Lluch 11,08170,Montornès Del Vallès
Karpf-Philipp,Karpf Philipp,Austria,Professional,2287,338,Outstanding,99 %,0 %,1 %,0 %,11,Marktstraße 2/2,3671,Marbach an der Donau
Karten-haus,Kartenhaus Mathias Vitovec,Austria,Professional,448,28063,Outstanding,99 %,1 %,0 %,0 %,14,Roseggergasse 47/1,3400,Kierling
Kartenchaos,Kartenchaos OG,Austria,Powerseller,712,41,Outstanding,100 %,0 %,0 %,0 %,12,Roseggergasse 2,8570,Voitsberg
Kartendomo,Dominik Moritz,Germany,Professional,29,0,Good,100 %,0 %,0 %,0 %,11,Fuggerstraße 7,86836,Graben
Kartendrop,Kartendrop Sascha Boljevac,Germany,Professional,139,8496,Outstanding,100 %,0 %,0 %,0 %,9,Breitscheidstr. 41,39114,Magdeburg
KartenKammer,Patrick Fricke,Germany,Professional,150,3230,Outstanding,100 %,0 %,0 %,0 %,13,Ligusterweg 35,42111,Wuppertal
kartenluimtg,KARTEN LUI,Germany,Professional,51,2730,Outstanding,100 %,0 %,0 %,0 %,11,Artfeldstr. 10,97737,Gemünden Am Main
kartenpirat,Patrick Goldfuß,Germany,Powerseller,2752,47978,Outstanding,100 %,0 %,0 %,0 %,11,Orleansstraße 53,31135,Hildesheim
KartenrauschTCG,Kartenrausch,Germany,Professional,295,1769,Outstanding,100 %,0 %,0 %,0 %,13,Leide 17,35260,Stadtallendorf
kartenschmiede,Kartenschmiede,Germany,Powerseller,42280,7974,Outstanding,99.6 %,0.4 %,0 %,0 %,16,Rote-Tor-Str. 18,76661,Philippsburg
Kartenzirkel,Tim Labohm - Kartenzirkel,Germany,Professional,4940,2949,Outstanding,100 %,0 %,0 %,0 %,19,Graf-Haeseler-Straße 5,44135,Dortmund
Kartographie,Kartographie,Germany,Professional,1363,72684,Outstanding,100 %,0 %,0 %,0 %,8,Pfaffendorfer Str. 12,04105,Leipzig
Kartovo-net,Arya&Aron Collectibles s. r. o. (LLC),Slovakia,Professional,2418,4864,Outstanding,99 %,1 %,0 %,0 %,14,Karpatské Námestie 7770 10A,83106,Bratislava
Kauppiasfoppa,Kauppiasfopan ja Nekronin Basaari,Finland,Professional,26948,87158,Outstanding,99.1 %,0.6 %,0.3 %,0 %,18,Kivipyykintie 9,01260,Vantaa
Kavoldox,Monsieur Gaspard Gosset,France,Professional,33416,403720,Outstanding,99.2 %,0.8 %,0 %,0 %,18,10 Place Du Général Leclerc,76280,Criquetot-L'Esneval
Kazajeux,KAZAJEUX,France,Professional,334,7546,Outstanding,100 %,0 %,0 %,0 %,16,35 A rue des Bégonias Route de Didier,97200,Fort de France - Martinique
KEEPSEVEN,KEEPSEVEN,Germany,Professional,47242,18915,Outstanding,100 %,0 %,0 %,0 %,19,Königstraße 34,23552,Lübeck
Keiken,Keiken Comics,Spain,Professional,5730,15264,Outstanding,100 %,0 %,0 %,0 %,7,C/ Abrera Nº7 Local 3 B,08760,Martorell
KelsKards,Kels Kards,United Kingdom,Professional,15000,74174,Outstanding,99.3 %,0 %,0.7 %,0 %,12,14 Cassel Avenue,SS8 8BS,Canvey Island
ketto31,Christophe Sarniguet,France,Professional,7126,63,Outstanding,100 %,0 %,0 %,0 %,11,2 avenue jean jaurés,81470,cuq toulza
Kevin2310,KS MagicClean,Germany,Professional,1617,33438,Outstanding,100 %,0 %,0 %,0 %,13,Dechant-Held-Strasse 27,66780,Rehlingen-Siersburg
khanbarrilete,KHANBARRILETE SL,Spain,Professional,12762,28911,Outstanding,100 %,0 %,0 %,0 %,8,C/DOLORES IBARRURI 12-4,46920,MISLATA
Kickassgaming,Kick Ass Gaming,Ireland,Professional,21735,163916,Outstanding,98 %,1.2 %,0.2 %,0.6 %,24,Dublin,D02XE80,Dublin
Kiki237,Kiki237,Italy,Professional,5175,296,Outstanding,97 %,3 %,0 %,0 %,23,Villa Lampada,23816,Barzio
KikouMagic,Mathieu Chambord Georges Roger,Spain,Professional,5200,21031,Outstanding,98 %,2 %,0 %,0 %,10,"Avenida Mediterránia, 28 2-4",17250,playa de Aro
Kilthia,Christina Bader An- und Verkauf,Germany,Professional,2411,62738,Outstanding,100 %,0 %,0 %,0 %,16,Tilsiter Str. 4/1,71229,Leonberg
KimahniCards,KimahniCards,Germany,Professional,4885,15707,Outstanding,100 %,0 %,0 %,0 %,13,Blumenstr. 12,86697,Oberhausen
KimchiCards,Matthis Stolz,Germany,Professional,4336,7172,Outstanding,100 %,0 %,0 %,0 %,13,Am Steingassenberg 1,82299,Türkenfeld
KIMONO-TTCG,KIMONO-TTCG,France,Professional,1472,10341,Outstanding,100 %,0 %,0 %,0 %,11,60 rue francois 1er,75008,PARIS
kingdomcards-shop,KingdomCards.es,Spain,Powerseller,620,22002,Outstanding,100 %,0 %,0 %,0 %,6,Méndez Núñez 20 - 2,36970,Portonovo
KingdoMtG,KingdoM:tG Mariusz Mitka,Poland,Professional,7547,829582,Outstanding,100 %,0 %,0 %,0 %,16,ul. Kadecka 1,30-078,Kraków
KingStB-Cards,KingStB-Cards,Germany,Powerseller,276,457,Outstanding,100 %,0 %,0 %,0 %,11,Hohenkamp 14,29229,Celle
Kinton,Kinton,Spain,Professional,80,14,Outstanding,97.2 %,1.4 %,0 %,1.4 %,8,"C/ Bisbe Tormo, 7",03202,Elche
KirdiesIsland,Kirdie's Island,France,Professional,8213,6283,Outstanding,100 %,0 %,0 %,0 %,11,19 Avenue Robert Chasteland,44700,Orvault
Kjeldoran-Outpost,Christoph Scheele,Germany,Professional,305,592,Outstanding,100 %,0 %,0 %,0 %,8,Schäfers Garten 10,31535,Neustadt am Rübenberge
kleiber-collectibles,Kleiber Collectibles,Germany,Professional,828,7,Outstanding,100 %,0 %,0 %,0 %,11,Puschkinallee 36,15732,Eichwalde
Klink,Leip-ZIG-ards,Germany,Professional,28574,4698,Outstanding,100 %,0 %,0 %,0 %,11,"Eisenbahnstr, 7",04315,Leipzig
KMCards,Kevin Kressel &  Markus Geyer GbR,Germany,Professional,8172,167,Outstanding,99 %,1 %,0 %,0 %,16,Bergstraße 4,91611,Lehrberg
kokoro-cards,KOKORO CARDS,France,Professional,2005,2280,Outstanding,100 %,0 %,0 %,0 %,11,61 rue de lyon,75012,PARIS
Koma76,Raffaele Passarelli,Belgium,Professional,880,7539,Outstanding,98 %,1 %,1 %,0 %,16,Italielei 100,2000,Antwerp
komet,Komet Trading Cards,Germany,Professional,74269,3572,Outstanding,100 %,0 %,0 %,0 %,11,Burgunderweg 17,65205,Wiesbaden
KonobaCards,SARL Konoba Cards,France,Professional,5187,3969,Outstanding,99.1 %,0.6 %,0.3 %,0 %,14,65 rue Jean Lecanuet,76000,Rouen
KORD2691,KORDCARDS 2021,Italy,Professional,5062,8348,Outstanding,100 %,0 %,0 %,0 %,9,Via Ufente  20,04100,Latina
Kornyy,Patrick Dreßel,Germany,Professional,392,6407,Outstanding,100 %,0 %,0 %,0 %,11,Striegauer Straße 41,90473,Nürnberg
Kosmotaur,Kotai London,United Kingdom,Professional,883,1767,Outstanding,100 %,0 %,0 %,0 %,12,"Flat 1, 53 Gipsy Hill",SE19 1QH,London
KostrelWaylie,KostrelWaylie,Italy,Professional,2049,20159,Outstanding,100 %,0 %,0 %,0 %,16,viale Europa 148/31,39100,Bolzano
Kriegergilde,Kriegergilde,Germany,Professional,3679,11085,Outstanding,98.6 %,0.7 %,0.7 %,0 %,16,Pfarrkirchner Strasse 56,84359,Simbach am Inn
Kritik,Llibreria Kritik,Spain,Powerseller,1362,4769,Outstanding,100 %,0 %,0 %,0 %,12,"Cardona, 5",08500,Vic
KrolmCards,KROLM sp. z o.o.,Poland,Powerseller,3342,479,Outstanding,99 %,1 %,0 %,0 %,15,Stary Rynek Oliwski 7,80-324,Gdańsk
Kuldotha-Bazaar,kuldotha bazaar s.n.c. P.I. 02467080996,Italy,Professional,27281,220351,Outstanding,98.6 %,0.7 %,0.7 %,0 %,16,VIALE BRIGATA BISAGNO 34/ROSSO,16129,GENOVA
Kumpel-Trading,Jan Allwermann,Germany,Professional,7743,29729,Outstanding,100 %,0 %,0 %,0 %,19,Kirschbaumsweg 8,45149,Essen
La-Caverne-Amusante,La Caverne Amusante,France,Professional,791,134,Outstanding,100 %,0 %,0 %,0 %,12,7 Rue De L Eglise,81100,Castres
La-Forja89,LaForja,Spain,Professional,143,206,Outstanding,100 %,0 %,0 %,0 %,8,Calos Amel 5,29006,Malaga
LA-Games,LA-Games Daniel Zellner,Germany,Powerseller,67078,189239,Outstanding,99.5 %,0.4 %,0.1 %,0 %,16,Mozartstraße 22,84036,Kumhausen
La-Guilde-Du-Jeu,La guilde du jeu,France,Powerseller,10491,37270,Outstanding,99.4 %,0.3 %,0.3 %,0 %,11,44 rue Jeannin,21000,Dijon
La-Guilde,La Guilde A&B,Belgium,Professional,13015,233346,Outstanding,100 %,0 %,0 %,0 %,14,"10, Rue de Neufchâteau",6600,Bastogne
La-Ludosaure,La Ludosaure,France,Powerseller,1209,14950,Outstanding,98 %,1 %,1 %,0 %,12,2Bis Boulevard Cahours,35150,Janzé
La-Tartine-Ludique,La Tartine Ludique STG,France,Professional,953,120,Outstanding,99 %,0 %,1 %,0 %,19,4 Pierre Curie,91700,Sainte Geneviève Des Bois
labaserebelde,David Toledo Jimenez,Spain,Powerseller,56,6219,Outstanding,100 %,0 %,0 %,0 %,7,C/poeta Miguel Adlert Noguerol 22,46970,Alaquas
LaBelleCarte,La Belle Carte,France,Professional,2995,47157,Outstanding,98.7 %,1.3 %,0 %,0 %,15,1 Bis Rue Blaise Pascal,83500,La Seyne-sur-Mer
laboutiquejcl,LA BOUTIQUE JCL,France,Professional,262,42,Very good,97.5 %,0 %,2.5 %,0 %,11,21 Rue Gimelli,83000,Toulon
lacarreres,"Joguines Carreres, SLU",Spain,Professional,545,694,Outstanding,100 %,0 %,0 %,0 %,6,"C. Doctor Peris, 30",43740,Móra D'Ebre
LaCasaJeux,La Casa'Jeux,France,Professional,5003,1937,Outstanding,100 %,0 %,0 %,0 %,11,22 Rue D'Estienne D'Orves,30100,Alès
lacolmenatcg,La Colmena TCG,Spain,Professional,1126,37,Outstanding,100 %,0 %,0 %,0 %,9,"Calle Magallanes, 18, Local 1",39007,Santander
laconfreriedescartes,La confrérie des cartes,France,Professional,271,757,Outstanding,100 %,0 %,0 %,0 %,11,301 Boulevard Robert Ferrisse,13730,Saint-Victoret
LaConteaCaG,Nicola Marchetti,Italy,Professional,4308,13150,Outstanding,99 %,1 %,0 %,0 %,16,Via Corte Enrico Berlinguer 26,55041,Camaiore (LU)
Lacuevatcg,Marc Garcia Alcaide,Spain,Professional,132,832,Outstanding,100 %,0 %,0 %,0 %,8,Carrer De L'alba Nº2,08700,Barcelona
lada1959,Vladimir Blazek,Czech Republic,Professional,754,2493,Outstanding,100 %,0 %,0 %,0 %,12,Zelezna 468/10,46001,Liberec 1
Ladyangie,Lady Angies Magic Cards,Germany,Powerseller,100292,155866,Outstanding,99.9 %,0.1 %,0 %,0 %,,An der Heide 10,48249,Dülmen
Laescotillajuegos,La Escotilla,Spain,Professional,3047,29711,Outstanding,100 %,0 %,0 %,0 %,8,Av. Ingeniero José Alegría nº10 3ºA,30007,Murcia
lafumetteriadelborgo,Nicoletta Vastola,Italy,Professional,479,2872,Outstanding,99 %,1 %,0 %,0 %,18,Via Amendola 39,84012,Angri
LaGrietaTCG,La Grieta,Spain,Professional,321,219,Outstanding,100 %,0 %,0 %,0 %,7,Eusebio González Suárez 23/5A,47014,Valladolid
LaGuaridaDeSanji,Sergio García,Spain,Professional,196,1479,Outstanding,100 %,0 %,0 %,0 %,8,Hilario Agapito Nº10-8B,48903,Barakaldo
LaJugonzona,La Jugonzona Del Friki,Spain,Professional,4109,6357,Outstanding,100 %,0 %,0 %,0 %,9,Fuente del álamo nº11 (Zona de Villarosa),41410,Carmona
LakeCards,LAKE CARDS,Germany,Professional,1574,161,Outstanding,100 %,0 %,0 %,0 %,11,Poststr. 11,88677,Markdorf
Lallanuratcg,Antonio Carrillo Campaña (lallanuratcg),Spain,Professional,5112,133300,Outstanding,99.2 %,0.8 %,0 %,0 %,8,Salvador Espriu núm. 19-20,08917,Badalona
LaMafiaDelCarton,TORREDRAGONES S.COOP.AND.,Spain,Professional,43,24100,Outstanding,100 %,0 %,0 %,0 %,7,"avenida Joan Miró, nº15 local 9",29620,Torremolinos
Landee,Shiny Quest Card,United Kingdom,Professional,34,27,Good,100 %,0 %,0 %,0 %,12,118a Greyhound Road,W6 8NS,London
LandernMagic,Landern'Magic,France,Professional,925,8826,Outstanding,100 %,0 %,0 %,0 %,9,1 impasse Simone de Beauvoir,29800,plouedern
landesofcards,Landes of Cards,France,Powerseller,1223,692,Outstanding,100 %,0 %,0 %,0 %,9,2 Rue De La Croix Blanche,40100,Dax
landofnerd,Land Of Nerd,Italy,Professional,233,3497,Very good,93.9 %,6.1 %,0 %,0 %,16,Via Montello 47,31038,Paese
landoftcg,Land of TCG,United Kingdom,Professional,304,13371,Very good,98 %,0 %,2 %,0 %,12,15 Richard Road,S71 1UY,Barnsley
lantredumage,auto entreprise,France,Professional,2,6,,,,,,0,10 Rue Saint Monteze,30210,Vers Pont Du Gard
lartdujeu,l'art du jeu,France,Professional,866,1593,Outstanding,100 %,0 %,0 %,0 %,11,100 av Franklin Roosevelt,06110,Le Cannet
LastDraw,Last Media GmbH,Germany,Powerseller,64353,413113,Outstanding,99.8 %,0.2 %,0 %,0 %,16,Reuthbergstr. 16,95488,Eckersdorf
LastPackMagic,Kbutops,Spain,Professional,1396,7067,Outstanding,100 %,0 %,0 %,0 %,10,Marina 133/ 3º 4ª,08013,Barcelona
latana-tr,la tana snc di mercuri diego e santoni federico,Italy,Professional,14944,279985,Outstanding,97 %,3 %,0 %,0 %,21,largo liberotto liberotti 14 B,05100,Terni
latanadeldrago,La  Tana del Drago,Italy,Professional,553,817,Outstanding,100 %,0 %,0 %,0 %,18,Via Don Minzoni 49,67043,Celano
LaTanaDelNerd,LaTanaDelNerd,Italy,Professional,942,417,Outstanding,99 %,0 %,0 %,1 %,23,Via Virgilio 4,76011,Bisceglie
LaTundraTCC,La Tundra TCC,Spain,Powerseller,940,3413,Outstanding,100 %,0 %,0 %,0 %,9,"Calle Publico 3, primer piso, letra A",11006,Cádiz
Lazel,Alexander Packbiers,Germany,Powerseller,1432,4235,Outstanding,100 %,0 %,0 %,0 %,11,Moselweinstraße 86,54472,Brauneberg
LazyDragonGaming,Lazy Dragon Gaming,United Kingdom,Professional,9055,22451,Outstanding,100 %,0 %,0 %,0 %,16,Church Park 1,PR4 0SJ,Preston
LB-Games,LB-Games,Germany,Powerseller,9612,6654,Outstanding,100 %,0 %,0 %,0 %,11,Friedenstraße 31,97072,Würzburg
LE-Fairtrade,Dave Fleischmann,Germany,Professional,13913,37801,Outstanding,100 %,0 %,0 %,0 %,13,Delitzscher Str. 49,04129,Leipzig
Le-Mulligan,DoYo & Game - Le Mulligan,France,Professional,55,147,Outstanding,100 %,0 %,0 %,0 %,7,177 Lieu Dit Le Heder,29670,Henvic
Le-royaume-de-Serra,Le royaume de Serra,France,Professional,8463,64032,Outstanding,100 %,0 %,0 %,0 %,11,1 La Ménagerie,72270,BOUSSE
LeBazarAuxCartes,Le Bazar Aux Cartes,France,Professional,3940,13350,Outstanding,100 %,0 %,0 %,0 %,11,7 Rue de West Cappel,59122,REXPOEDE
Lecartoncestlavie,Alexis philippe,France,Professional,112,943,Outstanding,100 %,0 %,0 %,0 %,12,30 Rue Lamartine,03100,Montluçon
lechoppeduphenix,L'échoppe du Phénix,France,Professional,4676,2280,Outstanding,100 %,0 %,0 %,0 %,16,1 bis C avenue du générale Margueritte,08200,Sedan
LeCollectionneur,Le Collectionneur,France,Professional,833,5165,Outstanding,100 %,0 %,0 %,0 %,12,302 La Mulonnière,44440,Joué Sur Erdre
LeCriDuLoup,WOLF AGENCY SARL,France,Professional,719,178,Outstanding,100 %,0 %,0 %,0 %,12,547 Montée Du Village,38440,Sainte-Anne-Sur-Gervonde
ledouble6,SARL DOUBLE6,France,Professional,31860,206838,Outstanding,100 %,0 %,0 %,0 %,,110 Rue De Geôle,14000,CAEN
leeya,Gamestore Steiner GmbH,Austria,Powerseller,70338,547444,Outstanding,99.1 %,0.5 %,0.1 %,0.3 %,20,Friedrichstraße 2,4040,Linz
LegacyLHDJ,Legacy : L'Héritage Du Jeu,France,Professional,1999,15623,Outstanding,99.2 %,0.8 %,0 %,0 %,12,20 Rue Marc Seguin,22950,Trégueux
Legacytcg,Legacy srl,Italy,Powerseller,49528,1355224,Outstanding,99.3 %,0.7 %,0 %,0 %,16,III Traversa Pisciarelli 33,80078,Pozzuoli (Napoli)
LeGeekdenosCampagnes,Le Geek de nos Campagnes,France,Professional,98,1366,Outstanding,100 %,0 %,0 %,0 %,11,5 rue du Chouquet,27490,Clef Vallée d'Eure
LegendaryCardCo,Universal Collectibles Ltd,United Kingdom,Professional,2202,56421,Outstanding,100 %,0 %,0 %,0 %,13,6 Birch Road,BB12 0FA,Burnley
LegendofMagic,Legend of Magic,Switzerland,Professional,17085,464836,Outstanding,100 %,0 %,0 %,0 %,9,"Drillweg, 3",5036,Oberentfelden
LeGraalLudik,Le Graal Ludik',France,Professional,881,3829,Outstanding,99 %,1 %,0 %,0 %,12,4 Faubourg Sainte-Anne,44350,Guérande
LeLudozaure,Le Ludozaure,France,Professional,40,137,Outstanding,100 %,0 %,0 %,0 %,11,26 Rue du Belzic,56400,AURAY
LEMPORIO,L'Emporio dell'Avventuriero,Italy,Professional,138,2757,Outstanding,100 %,0 %,0 %,0 %,14,Viale Xx Settembre 14a/b/c,44012,Bondeno
LeRoyaumeduJoueur,Le Royaume Du Joueur,France,Powerseller,5352,6146,Outstanding,98 %,1 %,1 %,0 %,12,37 Rue Georges Camus,62123,Berles Au Bois
Les3Commandements,Les Trois Commandements,France,Powerseller,160,21316,Outstanding,100 %,0 %,0 %,0 %,16,24 Chaussée Bocquaine,51100,Reims
Lescale-Ybur,respawn and clock,France,Professional,3620,26895,Outstanding,100 %,0 %,0 %,0 %,18,29 Rue Du Général Leclerc,22400,Lamballe
lescontreesdujeu,LES CONTREES DU JEU,France,Professional,5089,13873,Outstanding,100 %,0 %,0 %,0 %,12,BEYLE STENDHAL 6,38000,GRENOBLE
Lesjeuxdemerlin,Les jeux de Merlin,France,Professional,4964,512,Outstanding,97.8 %,0.9 %,1.3 %,0 %,13,80 rue general moulin,14000,Caen
lespatioport,Le Spatioport,France,Professional,4291,3543,Outstanding,100 %,0 %,0 %,0 %,14,3 - 5 rue Grenette,42600,Montbrison
LestrangeMarket,Lestrange Inc,France,Professional,948,1923,Outstanding,100 %,0 %,0 %,0 %,15,4 Place De La Halle,38300,Bourgoin-Jallieu
LeTemple,François-Xavier Franchi,France,Professional,470,11,Outstanding,100 %,0 %,0 %,0 %,11,5BIS Avenue Du General De Gaulle,34140,Mèze
LevelUp-Wehavefun,Level Up,Italy,Powerseller,11881,207717,Outstanding,99 %,0.7 %,0.3 %,0 %,16,"Via Papa Giovanni Paolo II, 82/86",66100,Chieti
LeVizz,SARL LE VIZZ,France,Powerseller,10467,18291,Outstanding,99.7 %,0.3 %,0 %,0 %,16,Rue Des Bons Enfants 7,76000,Rouen
Levodin,Levodin,Spain,Professional,42520,106738,Outstanding,99.7 %,0.3 %,0 %,0 %,9,Avenida Francesc Macia 55 3º2º,08921,Santa Coloma de Gramenet
LewaCards,LewaCards,Germany,Professional,5013,39451,Outstanding,100 %,0 %,0 %,0 %,,Zander'sche Koppel 4,25566,Lägerdorf
lgdja46,La Guilde des Joueurs,France,Professional,2115,1125,Outstanding,100 %,0 %,0 %,0 %,12,46 Rue Du Mail,49100,Angers
LGRMasterC,Benjamin Chambaud,France,Powerseller,9435,108737,Outstanding,100 %,0 %,0 %,0 %,16,1250 Chemin De Cantoperdric,31600,Eaunes
Library-Of-Cards,Lorenzo Ruiz Vidal,Spain,Professional,7889,2721,Outstanding,100 %,0 %,0 %,0 %,10,Ponferrada 9,30310,Cartagena
Lichcards,Lichcards,Netherlands,Professional,3323,51251,Outstanding,100 %,0 %,0 %,0 %,13,De Trompet 18C,1601MK,Enkhuizen
LightspeedCards,Ben Titmarsh,United Kingdom,Professional,8086,73885,Outstanding,99.5 %,0.5 %,0 %,0 %,12,35 CHURCH HILL,N21 1LN,London
Limited-Edition,Limited Edition,United Kingdom,Professional,1771,1776,Outstanding,100 %,0 %,0 %,0 %,15,19 Gordon Road,CF24 3AJ,Cardiff
LimitedCardboard,Limited Cardboard,Spain,Professional,757,435,Outstanding,100 %,0 %,0 %,0 %,7,Bailen Nº 10,08800,Vilanova I La Geltru
lironjuegos,El Lirón,Spain,Professional,0,26,,,,,,0,"C. Venecia 6, Local 3",41089,Dos Hermanas
littleBigNerds,little BIG Nerds,Germany,Powerseller,24498,284847,Outstanding,100 %,0 %,0 %,0 %,11,Tiestestr. 46,30173,Hannover
LivingRealms,LR Cards & Collectables Ltd.,United Kingdom,Professional,10435,184,Outstanding,99.2 %,0.8 %,0 %,0 %,14,Sagar Street,WF10 1AG,Castleford
LLOJToys,Lloj Toys,Germany,Professional,76,6102,Outstanding,100 %,0 %,0 %,0 %,11,Dülmener Weg 107,46325,Borken
LMCollectables,LMCollectables,United Kingdom,Professional,5269,10288,Outstanding,99.7 %,0.3 %,0 %,0 %,14,10 Larch Road,S66 8AZ,Maltby
LMGMOUTON,Anthony Cheneau,France,Professional,625,760,Outstanding,100 %,0 %,0 %,0 %,11,60 rue François 1er,75008,paris
LobizonHobbyStore,Lobizón Hobby Store,Spain,Professional,10,1629,Good,100 %,0 %,0 %,0 %,7,Carrer De Joan Goula 21,17220,Sant Feliu De Guixols
LocalProCards,Local Pro Cards,Greece,Professional,18500,172848,Outstanding,100 %,0 %,0 %,0 %,12,Kifisia Solomou Solomou 4,54248,Thessaloniki
LodgeGroupSingles,Lodge Group Singles,United Kingdom,Professional,9147,91119,Outstanding,98.8 %,0.8 %,0.3 %,0.1 %,14,61A Kempston Street,L3 8HE,Liverpool
loki44,Calanda Magic,Switzerland,Professional,1757,4311,Outstanding,100 %,0 %,0 %,0 %,9,Foralweg 1,7000,Chur
lolimpodelnerd,L'OLIMPO DEL NERD,Italy,Professional,271,1873,Outstanding,100 %,0 %,0 %,0 %,18,Via Vincenzo Ferretti 119,01033,Civita Castellana
LondonMagicTraders,London Magic Traders LTD,United Kingdom,Professional,4851,4673,Outstanding,100 %,0 %,0 %,0 %,12,Unit 5-7 Marshwood Close,CT1 1DX,Canterbury
LootDropGames,Stephen Noel O'Connor,Austria,Professional,3311,27736,Outstanding,100 %,0 %,0 %,0 %,17,Schottenfeldgasse 2-4,1070,Wien
Lootdrop,Loot Drop,United Kingdom,Professional,1733,168,Outstanding,100 %,0 %,0 %,0 %,12,Loot Drop 28A High Street,CB9 8AR,Haverhill
LootForgottenTrove,Loot of the forgotten Trove,Germany,Professional,1149,1611,Outstanding,100 %,0 %,0 %,0 %,11,Hopfenweg 1,26125,Oldenburg
Lord-Of-Toy,Lord-Of-Toy,France,Professional,1836,3299,Outstanding,99.5 %,0.5 %,0 %,0 %,12,17 Rue Moliere Moliere,52100,Saint-Dizier
LordSoth82,BorghiniMaurizio,Italy,Professional,1631,4070,Outstanding,100 %,0 %,0 %,0 %,18,"Via Colonnata, 39",54033,Carrara (Ms)
Lorecards11,Lorecards,Germany,Professional,1113,12,Outstanding,100 %,0 %,0 %,0 %,16,Langendorferstraße 150,56564,Neuwied
Lori-Elisa,Willi Trading,Switzerland,Professional,1094,4223,Outstanding,100 %,0 %,0 %,0 %,4,Sportweg 12,3097,Liebefeld
Lorichalque,EURL L'Orichalque,France,Powerseller,200,85,Outstanding,100 %,0 %,0 %,0 %,11,284 Grande Rue,27310,Bourg Achard
LostPharaoh,LOSTPHARAOH CARDS LTD,United Kingdom,Professional,2334,328,Outstanding,100 %,0 %,0 %,0 %,11,"3rd Floor, 86-90 Paul Street",EC2A 4NE,London
Lostwoodshop,Lost wood s.a.s. di Erika Schillaci & C.,Italy,Professional,17284,97789,Outstanding,100 %,0 %,0 %,0 %,21,Via Camillo Randazzo 21-23,90141,Palermo
LotusCards,Lotus Cards,Germany,Professional,12109,8959,Outstanding,100 %,0 %,0 %,0 %,19,Schützenstr 5,72401,Owingen
LotusGamesUK,SD Trading Cards LTD,United Kingdom,Professional,23248,12499,Outstanding,100 %,0 %,0 %,0 %,20,18 lavender road,GU34 1WF,alton
LotusLoot,Dominik Cebulla,Germany,Professional,601,3743,Outstanding,100 %,0 %,0 %,0 %,13,Grünberger Weg 2,74189,Weinsberg
LotusVale-Bochum,LotusVale,Germany,Professional,24827,258309,Outstanding,100 %,0 %,0 %,0 %,13,Grabenstraße 6,44787,Bochum
LotusValley,Lotus Valley,Portugal,Powerseller,11522,59419,Outstanding,100 %,0 %,0 %,0 %,12,Rua Cândido dos Reis N122 RC,2630-233,Arruda dos Vinhos
loveoldskool,John Nicholls,United Kingdom,Professional,4599,83224,Outstanding,100 %,0 %,0 %,0 %,14,Hudson Drive 1,NN4 9XD,Northampton
LP-CardGames,L&P CardGames GbR,Germany,Professional,292,184,Outstanding,100 %,0 %,0 %,0 %,13,Mainaustraße 145,78464,Konstanz
LsLBurst,LsL,France,Professional,3379,6375,Outstanding,100 %,0 %,0 %,0 %,9,3 Rue Du Forez,91940,Les Ulis
LuCards98,Lucas Jarczok,Germany,Professional,11758,3641,Outstanding,100 %,0 %,0 %,0 %,19,Hofen 8,86971,Peiting
LuckboxCardshop,LuckboxCardShop,Denmark,Professional,1511,9025,Outstanding,100 %,0 %,0 %,0 %,15,skolegade 21,4534,Hørve
LUCKYSE7EN,LUCKY SEVEN J.D.O.O.,Croatia,Professional,10608,14687,Outstanding,98.4 %,1.2 %,0.4 %,0 %,23,Vinogradska Cesta 94A,10000,Zagreb
Lud52,Legrand Ludwig,France,Professional,2844,110062,Outstanding,100 %,0 %,0 %,0 %,11,8 Rue Derrière Les Murs,52210,Aubepierre Sur Aube
ludicity,LUDICITY,France,Professional,525,148,Outstanding,100 %,0 %,0 %,0 %,11,1 Rue Du Marché,14310,VILLERS BOCAGE
Ludik,"Traquinódromo, Lda",Portugal,Professional,187,300,Outstanding,100 %,0 %,0 %,0 %,11,Rua Da República 2,3050-428,Pampilhosa
Ludisfactory,Sébastien Lenoir,France,Professional,3849,424,Outstanding,100 %,0 %,0 %,0 %,9,39 Rue du fil,56300,PONTIVY
ludivers,Ludivers,France,Professional,62,20,Outstanding,100 %,0 %,0 %,0 %,12,10 Parc De L'équerre,28630,Gellainville
Ludovergne63,Ludo'vergne,France,Professional,35,265,Good,100 %,0 %,0 %,0 %,12,31 Rue Du Château,63600,AMBERT
LudusBelli,LudusBelli,Spain,Professional,375,246,Outstanding,100 %,0 %,0 %,0 %,9,Zaragoza 14,28934,Mostoles
lukey52,Luke Dalnodar,United Kingdom,Professional,16114,5269,Outstanding,100 %,0 %,0 %,0 %,,15 Winifred Road,TW12 1AL,Hampton Hill
Lukman29,Luka Trogrlic,Germany,Professional,24171,22860,Outstanding,98.2 %,0.8 %,0.7 %,0.3 %,19,Waldenbucherstraße 25,71101,Schönaich
Lummerland-gaming,Lummerland_Gaming,Germany,Powerseller,1406,4516,Very good,95 %,2 %,2 %,1 %,28,Jungfernweg 30,82467,Garmisch Partenkirchen
Lusicards,Micro entreprise,France,Professional,2197,9015,Outstanding,100 %,0 %,0 %,0 %,11,15 A Lieu Dit La Montée,01320,Chalamont
luuk72341,Luis Dürr,Germany,Professional,6881,5518,Outstanding,100 %,0 %,0 %,0 %,11,Wohnpark am Brand 78,08223,Falkenstein
LvlUpGamingUK,Lvl Up Gaming LTD,United Kingdom,Professional,8838,157352,Outstanding,99.2 %,0.4 %,0.4 %,0 %,12,266 Charminster Road,BH8 9RT,Bournemouth
Mad-moxgames,Mad-Mox games,Spain,Professional,2381,9894,Outstanding,100 %,0 %,0 %,0 %,7,"C/ Felix Candela, 69",28055,Madrid
MADAKIBA,MADAKIBA,Spain,Professional,4771,12393,Outstanding,99.4 %,0.6 %,0 %,0 %,8,"Calle Afrodita, Nº 5, Local 7",28341,VALDEMORO
Maddon,Maddons Kartenhort,Germany,Powerseller,4873,4860,Outstanding,100 %,0 %,0 %,0 %,11,Veilchenweg 4,76669,Bad Schönborn
MaelstromCG,Entreprise Individuelle,France,Professional,3658,7936,Outstanding,97.9 %,0.7 %,1.4 %,0 %,14,5 Place De La Brousse,16110,Agris
Maezegem,De Spellenwinkel.be,Belgium,Powerseller,831,1719,Outstanding,100 %,0 %,0 %,0 %,13,De Robianostraat 134/1,2150,Borsbeek
MagaMercatino,MagaMercatino di Mauro Vasile,Italy,Professional,7792,98442,Outstanding,100 %,0 %,0 %,0 %,18,Via P. Borsellino 154,22040,Alzate Brianza (Como)
Magestore,Mage Store,Germany,Professional,2412,1370,Outstanding,98 %,2 %,0 %,0 %,16,Graf-Adolf Straße 41,40210,Düsseldorf
Magia-TCG,La Guilde Magia,France,Professional,196,470,Outstanding,100 %,0 %,0 %,0 %,12,15 rue du Château,76190,YVETOT
Magic-Gathered,Magic Gathered Ltd,United Kingdom,Professional,6308,19485,Outstanding,100 %,0 %,0 %,0 %,14,Greenford,UB6 0HR,Middlesex
Magic-Industria-61,Pasqual Rius Farras,Spain,Powerseller,23226,600080,Outstanding,100 %,0 %,0 %,0 %,8,"Calle Industria, 61, local",08025,Barcelona
Magic-Island,Daniel Antoniou,Cyprus,Professional,12291,161191,Outstanding,99.4 %,0.6 %,0 %,0 %,20,"Ermou 27,",6023,Larnaca
magic-josh,Joshua Peter Werner,Germany,Professional,2295,17325,Outstanding,100 %,0 %,0 %,0 %,8,Hermülheimerstr.50,50969,Köln
Magic-Kontor,Matthias Reiner,Germany,Professional,13192,23558,Outstanding,100 %,0 %,0 %,0 %,27,Oberes Eichertstal 28,74924,Neckarbischofsheim
MAGIC-LIUK,MAGIC LIUK,Italy,Professional,12267,438856,Outstanding,100 %,0 %,0 %,0 %,14,Via Bartolo Rossi 62/B,47121,Forlì
Magic-Mansion,Magic Mansion,Germany,Professional,2976,3732,Outstanding,99 %,0 %,1 %,0 %,,Bahnhofstraße 10,38442,Wolfsburg
magic-market,Magic Market,Germany,Professional,30321,181709,Outstanding,100 %,0 %,0 %,0 %,,Virchowring 73,24558,Henstedt-Ulzburg
Magic-Style,Etienne VILLANI,France,Professional,1991,2796,Outstanding,100 %,0 %,0 %,0 %,14,3 Boulevard Christian Jullien,91280,Saint-Pierre-du-Perray
Magical-Hearing,Magical Hearing (Inh. Fabian Kick),Germany,Professional,3707,1657,Outstanding,100 %,0 %,0 %,0 %,16,Feuerbachstraße 38b,48291,Telgte
MagicArcadia,Magic Arcadia di Jacopo Gunelli,Italy,Powerseller,5165,26781,Outstanding,100 %,0 %,0 %,0 %,14,Via Somalia 37,47122,Forlì
MagicAtHome,Yohann Oueslati,France,Powerseller,28758,123607,Outstanding,100 %,0 %,0 %,0 %,11,73 RUE DE LA GRANDE ARMEE,68760,WILLER SUR THUR
MagicBarcelona,MAGIC THE GATHERING BARCELONA S.L.,Spain,Powerseller,228383,1278989,Outstanding,99.8 %,0.2 %,0 %,0 %,12,Ronda de Sant Pere 44,08010,Barcelona
Magicbear,Marcin Kołodziejczyk,Poland,Professional,8294,121008,Outstanding,100 %,0 %,0 %,0 %,16,Krzeczow 137,32-433,Lubien
MagicBougnat,MagicBougnat,France,Professional,10843,13479,Outstanding,100 %,0 %,0 %,0 %,14,39 rue de pontaret,63190,ravel
Magiccardshop,Ferdinand Kusch,Germany,Powerseller,151999,334934,Outstanding,99.5 %,0.5 %,0 %,0 %,21,Münchner Str. 18,85774,Unterföhring
MagicCorner04,Magic Corner,Germany,Professional,13754,8623,Outstanding,100 %,0 %,0 %,0 %,11,Friedensstr. 53 A,41517,Grevenbroich
MagicCornerVienna,Magic Corner,Austria,Professional,2956,6069,Outstanding,100 %,0 %,0 %,0 %,15,Newaldgasse 3/1,1090,Wien
MagicDraw,Paper Dealer,Slovenia,Professional,276,838,Outstanding,100 %,0 %,0 %,0 %,11,Albrehtova Ulica,1291,Škofljica
magicdreams,Arne Löw,Germany,Professional,1540,28844,Outstanding,100 %,0 %,0 %,0 %,11,Erholungsweg 60,13509,Berlin
MagicElendra,Magic Elendra,Spain,Professional,6404,60372,Outstanding,100 %,0 %,0 %,0 %,8,"Major, 60",08140,Caldes de Montbui
Magicevent,Magic Event Trading S.L.U.,Spain,Professional,14383,295032,Outstanding,99.5 %,0.4 %,0.1 %,0 %,11,C/ Assamblea de catalunya nº2 Bajos,43002,Tarragona
MagicGoblin,MagicGoblin,Austria,Professional,6338,149792,Outstanding,100 %,0 %,0 %,0 %,21,St. Nikolai 25,9074,Keutschach am See
Magichammerflorence,Magichammer di Calamandrei Leonardo,Italy,Powerseller,912,30987,Outstanding,98 %,2 %,0 %,0 %,21,Via Di Scandicci 95,50018,Scandicci
MagicHistory-PERUGIA,Magic History,Italy,Professional,21565,251059,Outstanding,99.7 %,0.3 %,0 %,0 %,21,Via Caduti Del Lavoro 52,06124,Perugia
MagicHunters,CARTOON CORPORATION S.L.U.,Spain,Professional,11561,104611,Outstanding,100 %,0 %,0 %,0 %,7,GUILLEM DE CASTRO 53 BJ IZDA,46007,VALENCIA
MagiciansCircleGO,Magician's Circle,Italy,Professional,5937,63066,Outstanding,99 %,1 %,0 %,0 %,16,Via Alessandro Manzoni 10,34077,Ronchi Dei Legionari (GO)
MagicKast,MagicKast.nl,Netherlands,Professional,26219,112492,Outstanding,99.8 %,0 %,0.2 %,0 %,13,Leeghwaterstraat 25,2811DT,Reeuwijk
magicksemporium,Magicks Emporium,United Kingdom,Professional,1084,12,Outstanding,100 %,0 %,0 %,0 %,10,6 Larch Road,S214ED,Sheffield
MagicLizard,Magic Lizard,Italy,Powerseller,24528,468442,Outstanding,99.3 %,0.7 %,0 %,0 %,21,"Via Alcide de Gasperi, 16/18",93100,Caltanissetta (CL)
MagicMallorca,Magic Mallorca,Spain,Professional,5697,14283,Outstanding,100 %,0 %,0 %,0 %,10,Carrer d'Eusebi Estada nº79,07004,Palma
MagicNice,Axel Julewitz,France,Professional,21313,11881,Outstanding,99.4 %,0.6 %,0 %,0 %,,"3, boulevard Lech Walesa",06300,Nice
MagicOmens,Magic Omens d.o.o,Croatia,Professional,3629,13328,Outstanding,100 %,0 %,0 %,0 %,16,Savska cesta 144A,10000,Zagreb
Magicomix,Fumetteria Magicomix,Italy,Professional,1399,3250,Outstanding,100 %,0 %,0 %,0 %,17,Viale Monsignor Fabio Maranta 6,81056,Sparanise
MagicoSphere,Magico Sphere,France,Professional,48053,348720,Outstanding,99.5 %,0.3 %,0.2 %,0 %,15,20 Rue Leonard Combes,13500,Martigues
MagicPangea,"MagicPangea, S.L.",Spain,Professional,4336,57614,Outstanding,100 %,0 %,0 %,0 %,9,"Padilla 41, 6A",28006,Madrid
MagicPapa,MagicPapa GmbH,Germany,Professional,12334,394930,Outstanding,100 %,0 %,0 %,0 %,11,Lochberg 16 (1.OG),83135,Schechen
MAGICPLANET,MagicPlanet di Michele Cantù,Italy,Powerseller,32116,205958,Outstanding,100 %,0 %,0 %,0 %,16,Piazzale Marconi 37,29121,Piacenza (PC)
magicpryce,MAGIC PRYCE,France,Professional,8628,7854,Outstanding,100 %,0 %,0 %,0 %,11,11 RUE DU CHATEAU D'EAU,60610,LACROIX SAINT OUEN
magicstoreit,Magic Store SRL,Italy,Professional,15329,265896,Outstanding,100 %,0 %,0 %,0 %,19,"Viale Gramsci , 57",47122,Forlì
MagicTED,Tobias Dieth,Germany,Professional,7159,15460,Outstanding,100 %,0 %,0 %,0 %,8,Georg-Antoni-Str. 9,36043,Fulda
magictime-it,Magic Time di Borrelli Jacopo,Italy,Powerseller,21333,218567,Outstanding,99.6 %,0.4 %,0 %,0 %,16,Via Mentana 42,48022,Lugo
Magictony216,Tony Price,United Kingdom,Professional,28990,41262,Outstanding,100 %,0 %,0 %,0 %,10,3 Brindleyford,TF3 1SW,Telford
MagicTown,MagicTown Spółka Cywilna,Poland,Professional,14210,90974,Outstanding,98.7 %,0.9 %,0.4 %,0 %,20,ul. Odyńca 59/59,02-644,Warszawa
MagicTradeHouseNo1,MagicTradeHouseNo1,Germany,Powerseller,146470,1055848,Outstanding,100 %,0 %,0 %,0 %,11,Nelkenstr.15,90547,Stein
magictuga,Marco Moreira,Portugal,Professional,65019,344059,Outstanding,99 %,0.4 %,0.6 %,0 %,12,Apartado 163,4564-909,Penafiel
MagicUnited,Magic United,Netherlands,Professional,2448,738,Outstanding,100 %,0 %,0 %,0 %,11,Ossewei 95,3238XM,Zwartewaal
magicurza,Thomas Meisel,Germany,Professional,1993,5474,Outstanding,100 %,0 %,0 %,0 %,11,Mozartstraße 3,84034,Landshut
MagicVortex,MagicVortex,Belgium,Powerseller,47794,470936,Outstanding,99.5 %,0.5 %,0 %,0 %,12,Molenstraat 26,3600,Genk
MAGICWOODS,"MAGICWOODS - ""Zauberwald""",Germany,Professional,25790,141062,Outstanding,100 %,0 %,0 %,0 %,16,Pfarrer-Cordes-Weg 16,57462,Olpe-Rhode
Magischer-Investor,Der magische Investor,Germany,Professional,3868,19700,Outstanding,100 %,0 %,0 %,0 %,11,Rheinpromenade 15,79790,Küssaberg (D)
MagoMatto,MagoMatto SRL,Italy,Powerseller,37591,336182,Outstanding,98.9 %,0.8 %,0.3 %,0 %,23,"Via Antonio Gramsci, 45",15121,Alessandria
magonerostore,magonero s.n.c. di Cilia Vincenzo e Russo Federica,Italy,Professional,442,1201,Outstanding,100 %,0 %,0 %,0 %,11,Poscolle 50/A,33100,Udine
MagusCardStore,Magus Card Store,Poland,Professional,1473,44155,Outstanding,100 %,0 %,0 %,0 %,14,Halszki 3/58,30-611,Kraków
Maher-Games,Mark Heringhaus,Germany,Powerseller,943,14103,Outstanding,100 %,0 %,0 %,0 %,13,Haßlinghauser Straße 55,45549,Sprockhövel
Main-TCG,Oliver Sieber,Germany,Professional,4760,6618,Outstanding,100 %,0 %,0 %,0 %,16,Kaiserstr. 15,97337,Dettelbach
Majestik-Games,Majeri Games,France,Professional,3657,12846,Outstanding,100 %,0 %,0 %,0 %,11,148 Avenue du Maine,75014,Paris
MALECHA,MALECHA / ONLINE RETAIL,France,Professional,122,1431,Outstanding,100 %,0 %,0 %,0 %,11,2 RUE DE LA TOUR,84000,avignon
Mana-Fortress,Mana Fortress,Slovakia,Powerseller,1451,62257,Outstanding,100 %,0 %,0 %,0 %,13,Fialková 12,90029,Nová Dedinka
ManaBase,ManaBase,Switzerland,Professional,6,4946,,100 %,0 %,0 %,0 %,5,Hasenmattstrasse 5,4059,Basel
ManaDorks,Mana Dorks,United Kingdom,Professional,1355,2335,Outstanding,100 %,0 %,0 %,0 %,14,5 Fen Lane,LN4 3AQ,Metheringham
ManaFloodStore,Mana Flood Store,Italy,Professional,449,5195,Outstanding,99 %,1 %,0 %,0 %,10,Via Palermo 12,06019,Umbertide
Managasse,Managasse,Germany,Professional,1420,69195,Outstanding,100 %,0 %,0 %,0 %,13,Bernsteinstr. 10,93152,Nittendorf
Manaito,KHIMERA,Italy,Professional,4395,12020,Outstanding,99.2 %,0.8 %,0 %,0 %,23,Vittorio Veneto 2,57025,Piombino
Manamangasas,Mana sas di Mangani Salvatore & c.,Italy,Professional,314,7046,Outstanding,100 %,0 %,0 %,0 %,23,Via G. Ferrari 9,56024,San Miniato (Pi)
ManaMarket,ManaMarket GmbH & Co KG,Austria,Professional,46865,1244484,Outstanding,98.9 %,1 %,0 %,0.1 %,15,Sauerbrunnerstraße 17,7203,Wiesen
Manamaze,Manamaze,Netherlands,Powerseller,44441,356637,Outstanding,100 %,0 %,0 %,0 %,11,Bilderdijkkade 55 III A,1053VJ,Amsterdam
ManaMecha,Mana Mecha,France,Professional,159,4692,Outstanding,100 %,0 %,0 %,0 %,12,Rue Conventionnel Salicetti,20000,Ajaccio
manaquelle,Broberg & Meyer GbR,Germany,Professional,1528,1671,Outstanding,100 %,0 %,0 %,0 %,16,Theodor-Storm-Straße 35,23795,Bad Segeberg
ManaRockGamesUK,Mana Rock Games Limited,United Kingdom,Professional,308,3850,Outstanding,100 %,0 %,0 %,0 %,14,29 Junction Way,BS16 9LA,Bristol
Manascrew,Digital Fantasy Thessaloniki / manascrew.gr,Greece,Professional,8551,260744,Outstanding,100 %,0 %,0 %,0 %,16,106 Diagora Str.,54351,Thessaloniki
ManaService,MANA SERVIS s.p.,Slovenia,Professional,173,10870,Outstanding,100 %,0 %,0 %,0 %,15,Lepa Cesta 41,6320,Portorož
ManaTemple,Mana Temple S.à r.l,Luxembourg,Professional,20626,165705,Outstanding,99.7 %,0.2 %,0.1 %,0 %,13,251 rue de Beggen.,1221,Beggen
ManaTrust,ManaTrust Trading SRL,Italy,Powerseller,130251,580037,Outstanding,99.1 %,0.5 %,0.3 %,0.1 %,23,Via Etnea 575,95125,Catania
ManaVortex-POOL4YOU,MANA VORTEX SL,Spain,Powerseller,166100,1228817,Outstanding,99.4 %,0.4 %,0.1 %,0.1 %,11,C/ Campo de Mirra 12,03005,ALICANTE
Manawebsrls,ManaWeb,Italy,Professional,14214,224728,Outstanding,99.4 %,0.4 %,0.2 %,0 %,20,Via Aldo Moro snc c/o  Top 16,01016,Tarquinia
MandragoraTCG,Mandragora TCG - Frederique Uitterhaegen,Belgium,Professional,8762,17088,Outstanding,100 %,0 %,0 %,0 %,18,Mandragorastraat 14,9620,Zottegem
Mandruas,Wesly Herpoel,Belgium,Powerseller,44946,359022,Outstanding,99.1 %,0.6 %,0.3 %,0 %,14,Brugsesteenweg 29,8800,Roeselare
MangaKoi,MANGA KOI,France,Professional,1489,24,Outstanding,100 %,0 %,0 %,0 %,11,32 rue de la krutenau,67000,Strasbourg
Mannys-Tradingcards,Manny´s Tradingcards,Germany,Professional,1699,368,Outstanding,100 %,0 %,0 %,0 %,10,Am Alten Gaswerk 5,51379,Leverkusen
manodelfrikitcg,Mano del Friki,Spain,Professional,30,1763,Good,100 %,0 %,0 %,0 %,8,Calle Elkano 5,48901,Barakaldo
manuelkant,Emanuele Cantoni,Italy,Professional,6,325,,100 %,0 %,0 %,0 %,7,Via Pietro Nenni 108 A,47025,MERCATO SARACENO (FC)
Marinaarcadiagames10,Arcadia Comics and Games di Marina di  Carrara,Italy,Professional,645,96,Outstanding,100 %,0 %,0 %,0 %,16,Via Ruga Alfio Maggiani 54,54033,Carrara
mariobertolino78,M&M S.R.L.S.,Italy,Professional,52,155,Outstanding,100 %,0 %,0 %,0 %,18,Via Palermo 87,91100,Trapani
Marius-Kartenhaus,Marius-Kartenhaus,Germany,Professional,13288,3085,Outstanding,99.4 %,0.4 %,0.2 %,0 %,13,Feldhauser Str. 408,45966,Gladbeck
Marjanne,Magus Games,Netherlands,Professional,6030,120327,Outstanding,100 %,0 %,0 %,0 %,13,Grote Straat 57,6181NT,Elsloo
Marnat1782008,Marc Geldof,Netherlands,Professional,16085,17037,Outstanding,99.1 %,0.6 %,0.3 %,0 %,27,Van Citterstraat 24,4333KW,Middelburg
MascagniTCG,Mascagni Lorenzo,Italy,Professional,10658,50238,Outstanding,100 %,0 %,0 %,0 %,14,Via Luigi Cherubini 35,50052,Certaldo (Fi)
MASQUECOMICS,"Más que Cómics, El molino, ocio y tiempo libre sl",Spain,Professional,2773,30475,Outstanding,98 %,2 %,0 %,0 %,8,Calle María Agustina Nº5 Bajo 5,30800,Lorca
master-of-themueller,themuellergames Christian M. Müller,Germany,Professional,1822,6906,Outstanding,99 %,1 %,0 %,0 %,19,Mausebrunnenweg 8,38704,Liebenburg
Mastercollectors25,Master Collectors,Italy,Powerseller,238,2521,Outstanding,100 %,0 %,0 %,0 %,11,Francesco Fusco 44,95128,Catania
Mastercopter,Yannick Diels,Belgium,Professional,2789,8226,Outstanding,100 %,0 %,0 %,0 %,16,Molenveld 210,2490,Balen
Matchy,Michael Lukas,Austria,Professional,7319,1708,Outstanding,99.1 %,0.9 %,0 %,0 %,14,Mühlgasse 56/12,8020,Graz
Mathom,Marc Roca Mata,Spain,Professional,1865,4180,Outstanding,100 %,0 %,0 %,0 %,12,Pg Generalitat 1 3-5,08740,Sant Andreu De La Barca
Matras,Till Schwalenberg,Germany,Professional,17102,94639,Outstanding,100 %,0 %,0 %,0 %,16,Tungendorfer Str. 10,24536,Neumünster
MAXIMUS-BE,MAXIMUS,Belgium,Powerseller,2699,340,Outstanding,100 %,0 %,0 %,0 %,11,Haeyershoek 50,9660,Brakel
MaxMasters,Max Glembock,Germany,Professional,16290,60460,Outstanding,100 %,0 %,0 %,0 %,21,Rurstraße 7,53919,Weilerswist
MaxTradingCards,Abel Maria Lucena Teruel,Spain,Professional,16908,9241,Outstanding,100 %,0 %,0 %,0 %,10,"C/ Sancho Davila 6, ESC. Derecha 4D",28028,Madrid
MAZEEK,MAZEEK,Italy,Professional,25529,56222,Outstanding,100 %,0 %,0 %,0 %,14,via Bari 30,71121,Foggia
MaZi95,TCG-Versandhandel Maximilian Zimmer,Germany,Professional,12778,2355,Outstanding,100 %,0 %,0 %,0 %,13,An der Viehleite 42,01796,Pirna
Mazvigosl,Maz Vigo SL,Spain,Powerseller,329264,3495884,Outstanding,99.6 %,0.3 %,0.1 %,0 %,10,Via Norte 24 Bajo,36204,Vigo
MBraga17713,MBraga Cards,Portugal,Professional,11875,76763,Outstanding,100 %,0 %,0 %,0 %,19,Rua Barreiros 32,4560-901,Penafiel
McDaddy,Franz Reinhöfer,Germany,Professional,7410,22675,Outstanding,98 %,2 %,0 %,0 %,21,Emsdettener Str. 10,48268,Greven
Meddy36,Adrián Guerrero Orellana,Spain,Professional,4545,2276,Outstanding,100 %,0 %,0 %,0 %,10,c/ Ana Parrilla Nº1 Bloque 4 3ºC,11406,Jerez De La Frontera
meeples-et-cartes,DES MEEPLES ET DES CARTES,France,Professional,6398,67228,Outstanding,100 %,0 %,0 %,0 %,11,903 Chemin MAUPAS,83600,BAGNOLS EN FORET
Meerhof-MTGMarket,Meerhof-MTGMarket,Belgium,Professional,9632,236168,Outstanding,100 %,0 %,0 %,0 %,14,Breendonkstraat 92 0201,2830,Willebroek
MegaForli,ITA-CA Srl,Italy,Professional,375,2204,Outstanding,100 %,0 %,0 %,0 %,18,Corso Della Repubblica 152,47121,Forli
MegaWorldTCG,Mega World TCG,France,Professional,4497,9257,Outstanding,100 %,0 %,0 %,0 %,7,26 rue Jean Baptiste Huet,78350,Jouy en Josas
mehrsteinchen-tcg,Mehrsteinchen,Germany,Professional,192,2202,Outstanding,100 %,0 %,0 %,0 %,11,Hackenbroicher Strasse 71,50259,Pulheim
MeiOPanda,Vu Nam Pham,Germany,Professional,14749,9240,Outstanding,100 %,0 %,0 %,0 %,16,Frankfurter Allee 2,10247,Berlin
MeiTCG,MeiTCG,Germany,Professional,120,1352,Outstanding,100 %,0 %,0 %,0 %,11,Madamenweg 171,38118,Braunschweig
meldaur,Fabio Digirolamo,Italy,Professional,3328,66499,Outstanding,100 %,0 %,0 %,0 %,23,Via della Pariglia 8,06132,Perugia
melnibone-at,Melnibone.at,Austria,Professional,1702,22255,Outstanding,100 %,0 %,0 %,0 %,16,Riegersburg 34,8333,Riegersburg
MENTALMISSPLAY,Borja Conrad Muñoz Gomez,Spain,Powerseller,3489,4251,Outstanding,99.4 %,0.6 %,0 %,0 %,10,Avd. Mugartea 33 Ático izq,31192,Mutilva Valle Aranguren
MercadiaGames,Mercadia Games,Portugal,Professional,22596,280252,Outstanding,100 %,0 %,0 %,0 %,14,"Travessa Vale Da Baleia, Nº7",2670-760,Lousa
MercadiaSul,MercadiaSul,Portugal,Professional,1606,30639,Outstanding,100 %,0 %,0 %,0 %,9,Rua Galileu Saúde Correia N11 2 Cave Esquerdo,2800-691,Almada
MercuryCards,Hannah Conner,United Kingdom,Professional,6101,12823,Outstanding,100 %,0 %,0 %,0 %,18,92 Red Bank Road,FY29DZ,Blackpool
MerfolkPL,Sklep Merfolk,Poland,Professional,7687,2373,Outstanding,98 %,2 %,0 %,0 %,21,2 Sierpnia 15,05-800,Pruszków
MerfolkTraders,MT Games 16,France,Professional,24627,409039,Outstanding,99.5 %,0.5 %,0 %,0 %,11,71 Bd Marguerite de Valois,16340,L'Isle d'Espagnac
Merrik,Tobias Brennecke,Germany,Professional,1902,2554,Outstanding,100 %,0 %,0 %,0 %,11,Gutshof 9,38524,Sassenburg
MerrowCommerce,Markus Weiß,Austria,Professional,4859,15764,Outstanding,100 %,0 %,0 %,0 %,16,Weidenweg 4/2,8200,Gleisdorf
metacards-shop,Metacards,Germany,Powerseller,2434,1577,Outstanding,100 %,0 %,0 %,0 %,24,Kreuzgasse 5,65510,Idstein
Metagamescsn,Metagames,Italy,Professional,3841,3669,Outstanding,100 %,0 %,0 %,0 %,18,Via Giotto 7,20063,Cernusco Sul Naviglio (MI)
Method999,Alexander Meidinger,Germany,Powerseller,85827,2663,Outstanding,99.5 %,0.4 %,0.1 %,0 %,13,Zum Burgstuhl 8,92712,Pirk
Metropolis-Center,Metropolis Center,Spain,Powerseller,95821,1275884,Outstanding,99.9 %,0.1 %,0 %,0 %,8,C/ Andres Mellado Nº 22 Local,28015,Madrid
Miceliongames,Micelion Games,Spain,Professional,2036,33923,Outstanding,100 %,0 %,0 %,0 %,,"Avenida del Mediterraneo, 8, Tienda Micelion Games",28007,Madrid
Midgar,Midgar,Spain,Powerseller,6642,3819,Outstanding,100 %,0 %,0 %,0 %,8,Jose M Gabriel y Galán 34,41704,Dos Hermanas
MidKards,MidKards,France,Professional,367,19,Outstanding,100 %,0 %,0 %,0 %,11,200 RUE DE LA CROIX NIVERT,75015,PARIS
Midnight-MTG,SPRL Beaumont,Belgium,Professional,1322,14682,Outstanding,100 %,0 %,0 %,0 %,14,Spelonckvaart 107,9180,Moerbeke-Waas
MIJANKOV98,JOSE ANTONIO AREVALO,Spain,Professional,1229,5673,Outstanding,100 %,0 %,0 %,0 %,9,MURRIETA 1,48901,BARAKALDO
MikazukiTCG,MikazukiTCG,France,Professional,537,1272,Outstanding,100 %,0 %,0 %,0 %,11,rue de la tour,57390,Rédange
mike905,MTG Cards DE,Germany,Professional,11063,1629,Outstanding,100 %,0 %,0 %,0 %,11,Am Hang 11,53229,Bonn
Mikeshh,Magic Mike,Germany,Professional,1060,3640,Outstanding,99 %,1 %,0 %,0 %,19,Landscheidung 189,41069,Mönchengladbach
MINASDAGOR,Biblioteca de Minas Dagor,Spain,Professional,2865,63563,Outstanding,100 %,0 %,0 %,0 %,7,ANA SOLO DE ZALDIVAR 22,06400,DON BENITO
MinasIthil,Valerio Carosi,Italy,Professional,289,33,Outstanding,100 %,0 %,0 %,0 %,14,Via Cirillo Monzani 19,00139,Roma
MirageTCG,miragegate srl,Italy,Professional,19,1870,,100 %,0 %,0 %,0 %,10,Via Giulio Petroni 104L,70124,Bari
Mirari-TCG,Mirari TCG,France,Professional,7345,17760,Outstanding,100 %,0 %,0 %,0 %,12,46 Rue Charles de Gaulles,70190,RIOZ
MissingnoMrkt,Missing Number Market,Italy,Professional,1858,2493,Outstanding,100 %,0 %,0 %,0 %,30,Via Gherardo Gherardi 5,40127,Bologna
Mister-Daggle,Damien Gleyzes,France,Professional,560,23371,Outstanding,100 %,0 %,0 %,0 %,13,38 CHEMIN LAFFITTE,31410,NOE
misterprize,Marco Fath,Germany,Professional,4120,1551,Outstanding,100 %,0 %,0 %,0 %,13,Postfach 4,67685,Weilerbach
mizoutcg,MizouTCG,France,Professional,309,10351,Outstanding,100 %,0 %,0 %,0 %,12,26 Rue Bastard Senaux,34320,Roujan
mktradingcards,MK Trading Cards & Collectibles Maximilian Kirch (Einzelunternehmen),Germany,Professional,6941,3161,Outstanding,100 %,0 %,0 %,0 %,13,Moerser Straße 13,40667,Meerbusch
MO-CARDS,MO'CARDS,France,Professional,1647,99073,Outstanding,100 %,0 %,0 %,0 %,9,44 Rue du 8 Mai 1945,69330,MEYZIEU
MoatnCards,Moatn GmbH,Austria,Professional,157,12867,Outstanding,100 %,0 %,0 %,0 %,14,Straß Im Attergau 25,4881,Straß Im Attergau
Mobsi,Christian Palm,Germany,Professional,6570,121328,Outstanding,100 %,0 %,0 %,0 %,11,Maiergasse 11/3,73433,Aalen-Wasseralfingen
Mochi-Gaming,Guido Hahnen,Germany,Powerseller,5816,30790,Outstanding,99 %,1 %,0 %,0 %,11,Trierer Straße 115,52078,Aachen
modelkits-magic,Modelkits Games,Netherlands,Professional,1631,24266,Outstanding,100 %,0 %,0 %,0 %,10,Postweg 93,7451TT,Holten
Mofizius,Marco Löptin,Germany,Professional,3653,58,Outstanding,99 %,1 %,0 %,0 %,8,"Geranienstraße , 18",44289,Dortmund
MogwellasWorld,MogwellasWorld,Germany,Powerseller,899,1915,Outstanding,100 %,0 %,0 %,0 %,13,Kleine Ziegelstraße 3,24148,Kiel
mojozone,mojozone,Germany,Professional,1020,468,Outstanding,100 %,0 %,0 %,0 %,11,Wecholder Strasse 48,28277,Bremen
Molo13,Molo 13,Switzerland,Professional,554,2287,Outstanding,100 %,0 %,0 %,0 %,5,Via Fola 8,6963,Pregassona
Moltras,Moltras,Hungary,Powerseller,13133,161889,Outstanding,100 %,0 %,0 %,0 %,12,"Hal József utca 1/B, 4e 13a",7623,Pécs
Moneydrain,Stefan Klausner,Austria,Professional,1057,5828,Outstanding,100 %,0 %,0 %,0 %,14,Ludersdorf 268/3,8200,Gleisdorf
MonkeyCardssl,MonkeyCards,Spain,Professional,288,237,Outstanding,100 %,0 %,0 %,0 %,8,"Los Chopos 15, Escalera 2, Bajo 6",14006,Cordoba
Monsieur-BIDULE,SAS MOIREAU - Monsieur BIDULE,France,Professional,5,310,Good,100 %,0 %,0 %,0 %,12,10 Place Felix ZIEM,21200,BEAUNE
MonstersMM,Arturo Blasco,Spain,Professional,828,37957,Outstanding,99 %,0 %,1 %,0 %,12,"Calle Arturo Soria 280, Esc 1, 3A",28033,Madrid
moonshadowgbr,Moon Shadow GbR,Germany,Professional,809,5751,Outstanding,100 %,0 %,0 %,0 %,8,Aschfelder Straße 79,97776,Eussenheim
MoonVillage,MoonVillage,Germany,Powerseller,112630,68519,Outstanding,100 %,0 %,0 %,0 %,13,Roelckestr. 10,13086,Berlin
Mordor,Kaissa Amarousiou,Greece,Powerseller,28104,363325,Outstanding,100 %,0 %,0 %,0 %,13,Tsaldari 1,15122,Marousi
Morgol09,Marcel Montag,Germany,Professional,3697,3266,Outstanding,100 %,0 %,0 %,0 %,8,Abtsbrede 26a,33098,Paderborn
Moria05,Minas de Moria S.L.,Spain,Professional,80571,1635598,Outstanding,100 %,0 %,0 %,0 %,10,"C/Tirso de Molina, 8-10 Bajo",26006,Logroño
Mornasco7,Fabio Mora,Switzerland,Professional,2815,54242,Outstanding,100 %,0 %,0 %,0 %,12,Via Giuseppe Cereghetti 6,6834,Morbio Inferiore
Moshitron,Jorge Rubalcaba,Spain,Powerseller,5030,29460,Outstanding,100 %,0 %,0 %,0 %,6,Luis Vicente de Velasco P15 7A,39011,Santander
Mouche,MoucheCCG,France,Professional,502,6714,Outstanding,100 %,0 %,0 %,0 %,9,38 Avenue De La République,94700,Maisons-alfort
Mounar,Ei Tristan le normand,France,Professional,885,57911,Outstanding,98 %,2 %,0 %,0 %,12,1091 rue de centrayrargues,34070,Montpellier
MoxcardsMTG,COMSOFT XP,France,Professional,1070,10366,Outstanding,99.6 %,0.4 %,0 %,0 %,11,5 parc d'activité de Calmacé,34150,Gignac
MoxintheHoleSingles,Mox in the Hole,United Kingdom,Professional,5729,84146,Outstanding,99.6 %,0.4 %,0 %,0 %,12,18-20 Lochrin Buildings,EH3 9NB,Edinburgh
MP-Supplies,MP-Supplies,Germany,Professional,2002,340,Outstanding,99 %,1 %,0 %,0 %,16,Feldstraße 3,01594,Groptitz
Mr-Blue,Mr. Blue TCG,Germany,Professional,69,1810,Outstanding,100 %,0 %,0 %,0 %,19,Hellwigstraße 6A,16359,Biesenthal
MrJoShop,MrJoShop,France,Professional,12508,1030,Outstanding,99.1 %,0.7 %,0.2 %,0 %,11,5 Rue Chabot D Allier,03100,MONTLUCON
MrKropf,LootBox,Germany,Powerseller,2339,2677,Outstanding,100 %,0 %,0 %,0 %,21,Lörracher Str. 9,79585,Steinen
MSKWuerfelbecher,MSK Anja Schlimbach e.K.,Germany,Powerseller,42,2611,Outstanding,100 %,0 %,0 %,0 %,16,Kopenhagener Str 2,51149,Köln
MTG-AGORA,I.Q. Games,Greece,Powerseller,104034,998354,Outstanding,98.8 %,0.7 %,0.4 %,0.1 %,19,Xarilaou Trikoupi 9 & Militou,21100,Nafplio
MTG-Artifact,Tofopolis,France,Powerseller,2030,164,Outstanding,100 %,0 %,0 %,0 %,14,19 bis cours du 14 juillet,78300,Poissy
MTG-BANGERS,MTG-BANGERS,Netherlands,Professional,5168,4481,Outstanding,100 %,0 %,0 %,0 %,13,Akkerstraat 8,4811JL,Breda
MTG-France,STEPHANE MANARANCHE,France,Professional,2577,1863,Outstanding,100 %,0 %,0 %,0 %,9,43 RUE ALBERT MALET,76360,BARENTIN
MTG-Handel,Florian Fröhlich,Germany,Powerseller,560,1877,Outstanding,100 %,0 %,0 %,0 %,11,Eckersdorf 7,96145,Seßlach
MTG-Irina,Irina Hoffmann,Germany,Professional,8975,5378,Outstanding,100 %,0 %,0 %,0 %,11,Comeniusstr. 3,74321,Bietigheim-Bissingen
MTG-Jens,games garni Hotel Säntis,Switzerland,Professional,2356,21795,Outstanding,100 %,0 %,0 %,0 %,11,Speicherstr. 28,9053,Teufen
mtg-mana-cards,Maximilian Spahn,Germany,Professional,1150,16395,Outstanding,100 %,0 %,0 %,0 %,8,Schützenstraße 11e,49201,Dissen
MtgBavaria,MTG Bavaria,Germany,Professional,3318,97912,Outstanding,100 %,0 %,0 %,0 %,16,Lindemannstraße 59,82327,Tutzing
MTGBoosterBrothers,MTGBoosterBrothers,Germany,Professional,1564,8326,Outstanding,100 %,0 %,0 %,0 %,8,Peter-Böhm-Straße 15a,69214,Eppelheim
MTGCanarias,MTG Canarias,Spain,Professional,50,36415,Outstanding,100 %,0 %,0 %,0 %,7,"Calle de las Higueras 11, Local 1",38350,Tacoronte
MTGCARDPLACE,DIEGO COBOS QUIJADA,Spain,Professional,44491,1083041,Outstanding,100 %,0 %,0 %,0 %,8,"Avenida de la constitución 55, 5ºB",28931,Móstoles
MtgForFun,MtgForFun s.r.o.,Czech Republic,Professional,12682,310541,Outstanding,100 %,0 %,0 %,0 %,17,Hamry Nad Sazavou 282,59101,Zdar Nad Sazavou
MtGForger,Thomas Hanak,Germany,Professional,3567,6732,Outstanding,99.6 %,0.4 %,0 %,0 %,11,Ludwig-Erhard-Str. 18,20459,Hamburg
MtgHistory,Davide Vergoni,Italy,Powerseller,35694,882642,Outstanding,100 %,0 %,0 %,0 %,17,Via Caduti del Lavoro 52,06124,Perugia
MTGmitPatrick,Patrick Guderjahn,Germany,Professional,2691,15445,Outstanding,100 %,0 %,0 %,0 %,11,Nothmannstr. 33,29525,Uelzen
MTGshop-NL,MTGShop,Netherlands,Professional,5003,3186,Outstanding,100 %,0 %,0 %,0 %,16,Jankushofstraat 15,6002CV,Weert
MTGSPOT-DE,Teufel Cards UG (haftungsbeschränkt),Germany,Powerseller,217110,1419799,Outstanding,98.8 %,0.9 %,0.2 %,0.1 %,28,Meinekestraße 27,10719,Berlin
MTGSPOT-FR,MTG SPOT FR,France,Powerseller,48210,765095,Outstanding,98.7 %,1 %,0.3 %,0 %,18,"291, Avenue de Saint- Exupery",62100,Calais
Mtgspot,mtgspot,Poland,Powerseller,215580,1453515,Outstanding,98.7 %,1.1 %,0.2 %,0 %,21,ignacego mościckiego 6,40-841,Katowice
MTGTopdecker,EFANTASY GR GAMES N COMICS,Greece,Powerseller,100866,1041433,Outstanding,99.8 %,0.2 %,0 %,0 %,17,L.Iasonidou 13,54635,Thessaloniki
MTT-Europe,Yannic Pils,Germany,Professional,2988,72491,Outstanding,100 %,0 %,0 %,0 %,13,Dorfstraße 45,82178,Puchheim
Mukoni,Mukoni TCG - Marc Roßkamp Sammelkarten,Germany,Professional,2467,15706,Outstanding,100 %,0 %,0 %,0 %,16,Im Haag 6,52477,Alsdorf
MulldrifterMarvels,Mulldrifter Marvels TCG,United Kingdom,Professional,8328,33414,Outstanding,100 %,0 %,0 %,0 %,14,25 Greenway Drive,CW9 7HJ,"Northwich, Cheshire"
muLLe,Marcel Stolle,Germany,Professional,1887,2334,Outstanding,100 %,0 %,0 %,0 %,11,Deutsches Dorf 29,14776,Brandenburg an der Havel
MulliganTCG-Shop,Mulligan TCG UG (haftungsbeschränkt),Germany,Professional,35,640,Good,100 %,0 %,0 %,0 %,11,Gotenstraße 19,20097,Hamburg
Multiforma123,Ivan Ivcec,Croatia,Professional,4299,943,Outstanding,100 %,0 %,0 %,0 %,20,Kušlanova 39,10000,Zagreb
mundicomics,MUNDICOMICS & EVENTOS SL,Spain,Professional,10661,14731,Outstanding,99 %,0.5 %,0.5 %,0 %,9,C/Ramon Y Cajal 3 Local 1,28850,Torrejon De Ardoz
MundoDistorsion18,Mundo Distorsion,Spain,Professional,7159,2914,Outstanding,100 %,0 %,0 %,0 %,8,Avenida De Atenas 5 Portal 5 Bajo C,28500,Arganda Del Rey
mundomagicfantasy,MUNDO MAGIC FANTASY,Spain,Professional,16175,126952,Outstanding,100 %,0 %,0 %,0 %,10,"Avenida Conde De Lumiares 35 , 1ºd",03010,Alicante
My-Tradingcards,My-Tradingcards GmbH,Germany,Professional,35299,18887,Outstanding,100 %,0 %,0 %,0 %,21,Heideweg 6,26160,Bad Zwischenahn
mydices,Elia Ferrandina,Austria,Professional,4107,28051,Outstanding,100 %,0 %,0 %,0 %,14,Wickenburggasse 4/1,1080,Vienna
MyGalaxy,MyGalaxy,Germany,Powerseller,6826,248,Outstanding,100 %,0 %,0 %,0 %,9,Kirchhofstr. 100A,42327,Wuppertal
myp-tradingcards,MYP TradingCards,Germany,Professional,549,11411,Outstanding,100 %,0 %,0 %,0 %,9,Koblenzer Straße 39,56323,Waldesch
Mystic-Ambre,Mystic-Ambre,France,Professional,35188,61966,Outstanding,99.2 %,0.4 %,0.4 %,0 %,18,21Bis Rue Jean Zay,64000,Pau
MysticGames,Mystic Games Ltd,United Kingdom,Professional,4169,104,Outstanding,99.1 %,0.9 %,0 %,0 %,12,Market Square,OX28 6AP,Witney
MysticShop,Stefan Conka,Czech Republic,Professional,14815,13576,Outstanding,100 %,0 %,0 %,0 %,14,Jana Palacha 1636,27201,Kladno
MythicCardboard,Mythic Cardboard,United Kingdom,Professional,6844,7861,Outstanding,100 %,0 %,0 %,0 %,10,,BA4 4FS,Shepton Mallet
MythicCardsUK,Mythic Cards LTD,United Kingdom,Professional,1357,2784,Outstanding,100 %,0 %,0 %,0 %,12,5 Woodward Lane,RG42 6FD,Bracknell
MythicMarket,JJ Group AB,Sweden,Powerseller,2129,34151,Outstanding,100 %,0 %,0 %,0 %,16,Innimarksvägen 18,94432,Hortlax
mythics,mythics,United Kingdom,Professional,28639,200974,Outstanding,99.6 %,0.4 %,0 %,0 %,16,44 Church Street,KA10 6AU,Troon
MythicVault,MYTHIC VAULT L.P.,Greece,Professional,15042,46325,Outstanding,99.6 %,0.4 %,0 %,0 %,16,Ermou 105 - Xatziargiri,38333,Volos
Nagumi,Nagumi,Germany,Professional,18021,89809,Outstanding,99.2 %,0.6 %,0 %,0.2 %,16,Jahnstraße 15A,56470,Bad Marienberg
nahum86,Nahum Garzon,Spain,Professional,13740,1261,Very good,96.3 %,2.6 %,1.1 %,0 %,14,Plaza Doctor Fleming Nº8 Esc. Izq. 2ªb,41701,Dos Hermanas
naiK-,Patrick Watts,Germany,Professional,444,931,Outstanding,100 %,0 %,0 %,0 %,9,Pacelliallee 10c,36043,Fulda
Najada-Games,Najada-Games,Czech Republic,Powerseller,219009,1062853,Outstanding,99.3 %,0.4 %,0.3 %,0 %,19,Ondrickova 2166/14,13000,Praha
Nakamascollectibles,Emanuela Ristolfi,Italy,Professional,15,951,Good,100 %,0 %,0 %,0 %,16,Via Cardinal Ferrari 44,20017,Rho
Nakamastore,Nakamastore,Spain,Professional,977,66,Outstanding,100 %,0 %,0 %,0 %,9,San Antonio 115,03130,Santa Pola
nanagico,nanagico,Spain,Professional,1540,6910,Outstanding,100 %,0 %,0 %,0 %,7,"Morabos, 2 4-3",08004,Barcelona
Nandosmal,Yorkshire Collectible Trader,United Kingdom,Professional,17475,194282,Outstanding,99.7 %,0.3 %,0 %,0 %,16,Victoria Street 5,WF17 9ET,Birstall
narrenkappe,Stefan Auer,Austria,Professional,1366,5251,Outstanding,100 %,0 %,0 %,0 %,11,Bastiengasse 15/2/11,1180,Wien
Nazgul-TCG,Nazgul TCG,Spain,Professional,1804,13909,Outstanding,100 %,0 %,0 %,0 %,7,NazgulTCG.com,28015,Madrid
NCGSingles,Adam Stanex,United Kingdom,Professional,4949,56538,Outstanding,100 %,0 %,0 %,0 %,,71 Frances Street,BT23 7DY,Newtownards
NCO-Trading,NCO Trading,France,Professional,2172,1291,Outstanding,100 %,0 %,0 %,0 %,9,58 Rue Des Noisetiers,45640,Sandillon
NCTradingCards,Nadin Claßen Trading Cards,Germany,Powerseller,602,8179,Outstanding,100 %,0 %,0 %,0 %,11,Commerden 11,41812,Erkelenz
Nekomicsl,Nekomics SL,Spain,Professional,434,1855,Outstanding,99.3 %,0.7 %,0 %,0 %,12,Plaza España Nº6 Local Derecha,21003,Huelva
Neku-BrewsAndGames,Marc Klingel,Germany,Professional,4124,17340,Outstanding,100 %,0 %,0 %,0 %,11,Adalbert-Stifter Straße 12,66955,Pirmasens
NeonDemonCardcore,Neon Demon Cardcore,Germany,Professional,50,14,Good,100 %,0 %,0 %,0 %,11,Hoengener Str. 12,52477,Alsdorf
Nerd-Kingdom,Maarten Vermeulen,Netherlands,Professional,11929,64008,Outstanding,99.2 %,0.8 %,0 %,0 %,14,Emmastraat 5-1s,6828HA,Arnhem
Nerd-Shop,Ephraim Baade nerd-shop e.K.,Germany,Powerseller,30244,90383,Outstanding,100 %,0 %,0 %,0 %,,Am Poggenbrink 20,33611,Bielefeld
Nerdbunker,Nerdbunker Spielwaren & Merchandise Groschupf & Zscherper GbR,Germany,Professional,3263,24646,Outstanding,100 %,0 %,0 %,0 %,16,Wilsdruffer Str. 71,01705,Freital
Nerdchandise,Tobias Jahn,Germany,Professional,2756,90,Outstanding,100 %,0 %,0 %,0 %,13,Hauptstr. 9,54568,Gerolstein
NerdComics,NDV sas,Italy,Professional,2134,9742,Outstanding,100 %,0 %,0 %,0 %,14,Via Luigi Perna 57,00142,Roma
Nerdcomixviterbo,Ditto SRLS,Italy,Professional,2886,6947,Outstanding,100 %,0 %,0 %,0 %,16,"Via Sabotino, 2",01100,Viterbo
NerdsTradeNest,Vasilios Theisinger,Germany,Professional,3652,2013,Outstanding,98.2 %,1.2 %,0.6 %,0 %,19,Robert-Koch-Straße 16,76870,Kandel
NerdTales,NerdTales - Daniel Martin,Germany,Professional,5485,65791,Outstanding,100 %,0 %,0 %,0 %,16,Heinserstraße 8,31020,Salzhemmendorf
NeroCards,Nero Cards,Germany,Professional,854,836,Outstanding,100 %,0 %,0 %,0 %,11,Lange Ruthen 1,68526,Ladenburg
Nestaral,Nestaral,France,Professional,2798,43785,Outstanding,100 %,0 %,0 %,0 %,14,3 rue Alain Savary,13090,Aix en Provence
NethralGames,Nethral Games,United Kingdom,Professional,677,2076,Outstanding,100 %,0 %,0 %,0 %,16,"Flat 3 Stylianides house, 323 Camberwell new road",SE5 0TF,LONDON
NeutralGround,NeutralGround,United Kingdom,Professional,24351,303850,Outstanding,99.7 %,0.3 %,0 %,0 %,18,14 Manor Street,PL1 1TL,Plymouth
Neutrinic7k4,Florian Schubert,Germany,Professional,3424,4830,Outstanding,100 %,0 %,0 %,0 %,11,Mühlenkoppel 31,24986,Mittelangeln
Neuvoja,Luola pelit Oy,Finland,Professional,4285,72196,Outstanding,100 %,0 %,0 %,0 %,14,Tulliportinkatu 31,06100,Porvoo
NeverCast,Daniel Schäfer,Germany,Professional,144,101,Outstanding,100 %,0 %,0 %,0 %,11,Richard-muth-platz 3,14552,Michendorf
Neverflais,Alvaro Fernandez,Spain,Professional,3488,15974,Outstanding,99 %,1 %,0 %,0 %,9,"Calle Victoria Kent, nº92, portal 2, piso 3ºA",28052,Madrid
NeverlandMTG,NeverlandMTG,Spain,Professional,19543,157764,Outstanding,100 %,0 %,0 %,0 %,8,"C/ De la Cruz Verde, 6 - 1",28004,madrid
nevermint,Nevermint,France,Professional,3552,10705,Outstanding,99 %,1 %,0 %,0 %,9,6 RUE CELU,69004,LYON
Nexarion-cz,Nexarion,Czech Republic,Professional,2480,40479,Outstanding,100 %,0 %,0 %,0 %,22,V.K. Klicpery 851/3,43401,Most
Nexos-TCG,NEXOS TCG,Spain,Professional,58,3180,Outstanding,100 %,0 %,0 %,0 %,6,Calle Angel Larra 32,28027,Madrid
Next-Game-Manga-Shop,Next Game & Manga Shop,Italy,Professional,99,35,Very good,95.5 %,4.5 %,0 %,0 %,16,"via Dante Alighieri, 34",20056,Trezzo Sull'Adda (MI)
Next-Heroes,Next Heroes,Germany,Professional,19960,9698,Outstanding,100 %,0 %,0 %,0 %,11,Hochstr. 140,66115,Saarbrücken
NextDraw,NextDraw,Germany,Powerseller,9,916,,100 %,0 %,0 %,0 %,9,Am Meldauer Berg 55,27283,Verden
NextLevelCards,Next Level Cards LTD,United Kingdom,Professional,2817,62,Outstanding,100 %,0 %,0 %,0 %,12,"Flat 2, 40 Hamilton Square",CH41 5BP,Birkenhead
nextturncards,Next Turn Cards&Games,Germany,Professional,144,2,Outstanding,100 %,0 %,0 %,0 %,13,Bleichstraße 5,73033,Göppingen
Nexus-Games-TCG,Noel Guyot,France,Professional,58,20,Outstanding,100 %,0 %,0 %,0 %,11,20 boulevard de la république,81290,Labruguiere
Nexus-TCG,Nexus SRLS,Italy,Professional,474,2401,Very good,97 %,1 %,1 %,1 %,24,VIa Po 73,80026,Casoria (NA)
NiceMTG,NiceMTG,Spain,Professional,16636,107174,Outstanding,100 %,0 %,0 %,0 %,7,"C/ Cooperativa 3, BJ 1º",08302,Mataró
nicoberserk,Fantasy World,Italy,Professional,3795,21240,Outstanding,100 %,0 %,0 %,0 %,21,via Della Pace 85,62100,Macerata (mc)
Nicosas92,Nicostore,Italy,Powerseller,407,228,Outstanding,99 %,1 %,0 %,0 %,20,Guelfa 44,40138,Bologna
Nightshade-Shop,Nightshade,Germany,Powerseller,12431,525476,Outstanding,100 %,0 %,0 %,0 %,11,Landfermannstraße 9,47051,Duisburg
nindo,NINDO di Andrea militano,Italy,Professional,10921,469,Outstanding,97 %,2 %,1 %,0 %,23,Via Angelo Cannavò 21,95025,Aci Sant'antonio
NinjaCakeCards,NinjaCakeCards Limited,United Kingdom,Powerseller,31837,296,Outstanding,100 %,0 %,0 %,0 %,16,"123 Hamilton Drive, Acomb",YO24 4NX,York
NobleGarden,NG Group Limited,Austria,Powerseller,69899,1729120,Outstanding,100 %,0 %,0 %,0 %,23,"Zehnergasse 20 A, Stiege 1, A35",2700,Wiener Neustadt
NoCaTcG,NoCa TcG,Germany,Professional,1220,2301,Outstanding,100 %,0 %,0 %,0 %,13,Kittelgasse 11,79364,Malterdingen
nooks,Nook's,Switzerland,Professional,326,11034,Outstanding,100 %,0 %,0 %,0 %,5,Rütiweidstrasse 3,6033,Buchrain
Nordic-Legends,Jens Thielsch & Matthias Fabian Würth GbR,Germany,Powerseller,9383,34222,Outstanding,100 %,0 %,0 %,0 %,13,Humboldtstraße 1,67454,Haßloch
NordicCollect,Nordic Collect,Denmark,Professional,776,1289,Very good,96.1 %,3.5 %,0.4 %,0 %,18,Københavnsvej 137,4600,Køge
NordicMTG,Nordic MTG & Events AB,Sweden,Professional,8,299,Good,100 %,0 %,0 %,0 %,14,Rambogatan 317,60371,Norrköping
nortontcg,Norton TCG,United Kingdom,Professional,2254,371,Outstanding,100 %,0 %,0 %,0 %,10,84b High Street,BA3 2DE,Radstock
nosolomerchshop,NOSOLOMERCH,Spain,Professional,562,3694,Outstanding,100 %,0 %,0 %,0 %,7,Plaça 11 De Setembre 20 Local,17300,Blanes
notkibo,Laura Ho,Germany,Professional,1050,18,Outstanding,100 %,0 %,0 %,0 %,13,Erlenring 13,35037,Marburg
Nouvike,MsCards,France,Professional,105,592,Outstanding,100 %,0 %,0 %,0 %,12,22 rue aunay fortier,76250,Deville les rouen
NuggetGaming,Nugget Gaming,United Kingdom,Professional,22501,116677,Outstanding,99.6 %,0.4 %,0 %,0 %,14,Dickenson Road,CO4 5BS,Colchester
Nuramon95,Würslin's World,Switzerland,Professional,1354,862,Outstanding,100 %,0 %,0 %,0 %,11,Grendelweg 14,4432,Lampenberg
Nurkovic,Sammelkartenhandel,Germany,Powerseller,203,10980,Outstanding,100 %,0 %,0 %,0 %,11,Rektoratsweg 66,48159,Münster
Oakenhearth,Oakenheart Unlimited,Slovakia,Professional,2010,82,Outstanding,100 %,0 %,0 %,0 %,11,Vážska 5017/23,82107,Bratislava
Obedient0,Lukas Lehr,Germany,Powerseller,449,2320,Outstanding,100 %,0 %,0 %,0 %,11,Berlinerstr. 15,25551,Hohenlockstedt
OblivionMTG,Oblivion di Carmine Milone,Italy,Powerseller,6300,295501,Outstanding,100 %,0 %,0 %,0 %,11,Corso Caio Plinio 34,10127,Torino
ObsidianVault,Daniel Ardil Garcia,Spain,Powerseller,263,21341,Outstanding,100 %,0 %,0 %,0 %,10,"Avinguda Del Turó, 7 SA 7",08120,La Llagosta
octopus-game,Octopus Game,France,Professional,1844,4230,Outstanding,99 %,0.5 %,0.5 %,0 %,12,60 RUE D AURON,18000,BOURGES
odisseygames,odisseygames,Spain,Professional,57,1833,Good,100 %,0 %,0 %,0 %,7,Alboran 19,29130,"Alhaurín De La Torre, Málaga"
OhanagiochiMO,Ohana di Sbrana Sara,Italy,Professional,178,4230,Outstanding,98 %,2 %,0 %,0 %,14,Piazza Leonardo da Vinci 8,41016,Novi di Modena
OJT50,OJT,France,Professional,9523,162766,Outstanding,100 %,0 %,0 %,0 %,16,18 Route De Saint Pierre,50110,DIGOSVILLE
Olli-Baba,Olli-Baba Sammelkarten GmbH,Germany,Powerseller,320454,24288,Outstanding,99.9 %,0.1 %,0 %,0 %,16,Maxstr.45,45127,Essen
Ollis-Spielecenter,Ollis Spielecenter,Germany,Professional,74328,446694,Outstanding,100 %,0 %,0 %,0 %,21,Holstenstraße 188,22765,Hamburg
OlympicMTG,Romuald-Michel Pulin,France,Professional,15929,135196,Outstanding,100 %,0 %,0 %,0 %,11,4 avenue de la gare,33460,Macau
Omarelhallak,HallakTCG Omar El-Hallak,Germany,Professional,1042,9,Outstanding,100 %,0 %,0 %,0 %,11,Ravensburger Straße 7,88214,Ravensburg
OmarMagic,Omar Visone,Italy,Professional,533,11058,Outstanding,98 %,2 %,0 %,0 %,15,Piazzale Martesana 4,20128,Milano
Omegastore,Oméga Manga Gaming,France,Professional,10942,39223,Outstanding,99 %,1 %,0 %,0 %,11,Rue Yvon Delbos,24750,Boulazac Isle Manoire
Omnia-TCG,Philipp Rupprecht,Germany,Professional,1850,92,Outstanding,100 %,0 %,0 %,0 %,11,Große Hardewiek 43,27472,Cuxhaven
onecardtcgstore,Salvatore D'aniello,Italy,Professional,1646,146614,Outstanding,99 %,1 %,0 %,0 %,16,Via Fabio Massimo 42,80125,Napoli
OneStopCardShopLtd,One Stop Card Shop Limited,United Kingdom,Professional,2030,21458,Outstanding,100 %,0 %,0 %,0 %,12,155 Kirkwood Avenue,G81 2SW,Glasgow
oneupstore,1 up Store,Germany,Professional,3799,12735,Outstanding,100 %,0 %,0 %,0 %,11,Theaterstraße 15,52062,Aachen
OnGame-Montesilvano,OnGame Montesilvano,Italy,Professional,5,162,,100 %,0 %,0 %,0 %,20,Via San Francesco 3,65015,Montesilvano (PE)
ongamepal,Maurizio Pipitone,Italy,Professional,3,38,,,,,,0,Via Giuseppe Mulè 18,90129,Palermo
Onitorastore,Onitorashop,Switzerland,Professional,1342,332,Outstanding,100 %,0 %,0 %,0 %,7,Route De Moncor 19,1752,Villars-sur-Glâne
Onlycards,Rodrigo del Campo Costas,Spain,Powerseller,100299,44502,Outstanding,99.5 %,0.5 %,0 %,0 %,9,Calle Colombia 25 Bajo,36204,Vigo
OnyrisGames,SARL ONYRIS,France,Professional,579,122,Outstanding,100 %,0 %,0 %,0 %,9,11 Avenue Henri Barbusse,74100,Annemasse
OpalDragonMTG,Tristan Lakeman,Germany,Professional,2927,3422,Outstanding,100 %,0 %,0 %,0 %,8,Walramsneustrasse 3,54290,Trier
Opaps,Opap's Ditudidi,Belgium,Professional,19183,252225,Outstanding,99.8 %,0.2 %,0 %,0 %,14,Chaussée de Helmet 389,1030,Bruxelles
OpenVaultTrading,Open Vault Trading,Netherlands,Professional,20540,49697,Outstanding,100 %,0 %,0 %,0 %,,Dirk Papestraat 42,7548AR,Enschede
OrangeTulip,Orange Tulip Cardshop,Netherlands,Professional,1119,9166,Outstanding,100 %,0 %,0 %,0 %,8,Castorweg 217,7557KL,Hengelo
ordiland-fantastik,ORDILAND FANTASTIK,France,Professional,4344,827,Outstanding,100 %,0 %,0 %,0 %,11,74 Avenue Du Président Kennedy,68200,MULHOUSE
Ornithorynque,L'Ornithorynque Sàrl,Switzerland,Professional,346,739,Outstanding,100 %,0 %,0 %,0 %,9,Rue Des Moulins 45,2000,Neuchâtel
OryxTCG,Oryx TCG Ltd,United Kingdom,Professional,1015,30037,Outstanding,100 %,0 %,0 %,0 %,16,20C Balliniska Road,BT48 0NA,Derry
Otkatsu,Otkatsu,France,Professional,3150,386,Outstanding,100 %,0 %,0 %,0 %,11,"40, boulevard Pasteur",45300,Pithiviers
oupi-eu,Oupo,France,Professional,641,51,Outstanding,100 %,0 %,0 %,0 %,9,1160 Route Du Crêt,74700,Sallanches
OuroborosTgc,Ouroboros Store,Italy,Professional,2234,306,Very good,96 %,4 %,0 %,0 %,27,Vico IV Durante 2,80027,Frattamaggiore
outplayedgaming,outplayed gaming srl,Italy,Professional,2,1688,,100 %,0 %,0 %,0 %,9,Via Marco Fabio Quintiliano 5,20138,Milano
OutpostBrussels,OUTPOST BRUSSELS,Belgium,Powerseller,69566,500718,Outstanding,99.6 %,0 %,0.4 %,0 %,13,8 rue de la tribune,1000,BRUXELLES
Outpostgamecenter,Gamelink bvba,Belgium,Powerseller,106048,502593,Outstanding,99.5 %,0.4 %,0.1 %,0 %,20,Tweemontstraat 169,2100,Deurne
OutsiderRoma,Outsider Roma,Italy,Professional,0,39,,,,,,0,Viale Oscar Sinigaglia 5,00143,Roma
OviCards,OviCards,Germany,Professional,2972,48876,Outstanding,100 %,0 %,0 %,0 %,9,Postfach 11 04,52397,Merzenich
Owuff,Olaf Schneider,Germany,Professional,530,951,Outstanding,100 %,0 %,0 %,0 %,16,Brückenstraße 6,53881,Euskirchen
OzJuegos,Oz Juegos,Spain,Powerseller,25730,468801,Outstanding,100 %,0 %,0 %,0 %,10,Paseo Fuente Lucha 13,28100,Alcobendas
P3-Store,P3,Germany,Professional,9720,5019,Outstanding,100 %,0 %,0 %,0 %,11,Wasserburgerstraße 50a,83395,Freilassing
P9TonyTheJudge,P9 Card Game Ltd,United Kingdom,Professional,7862,19743,Outstanding,99.6 %,0.2 %,0.2 %,0 %,16,521 Roman Road,E3 5EL,London
Paccus,Cardboard Investments,Netherlands,Professional,6697,22142,Outstanding,100 %,0 %,0 %,0 %,17,Dokter Gallandatstraat 3-16,4382LD,Vlissingen
Pachysander,Malte Schmidt,Germany,Powerseller,9316,12039,Outstanding,100 %,0 %,0 %,0 %,11,Hurlebuschweg 18,30453,Hannover
pacofaco,Francisco Ruiz Moyano,Spain,Professional,15668,585823,Outstanding,100 %,0 %,0 %,0 %,8,C/ Rafael Alberti 20,08213,Polinya
pandaarmyshop,Panda Army Shop Inh. Jia Tse,Germany,Professional,17795,8401,Outstanding,99.4 %,0.6 %,0 %,0 %,,Am Lindenborn 12,65207,Wiesbaden
pandanstaface,Pandanstaface,France,Professional,8870,73626,Outstanding,100 %,0 %,0 %,0 %,14,37 Rue De L Agrappin,80000,Amiens
PandoraGamesCVTO,PandoraGames,Italy,Professional,2768,17007,Very good,96 %,1 %,3 %,0 %,27,Via Puccini 6/A,31033,Castelfranco Veneto
Panutrix,Panutrix,Germany,Professional,1947,7415,Outstanding,100 %,0 %,0 %,0 %,8,Delitzscher Straße 130,04129,Leipzig
Papyrus,ePapyrus GmbH,Germany,Powerseller,3954,167373,Outstanding,100 %,0 %,0 %,0 %,16,Vogelweidestrasse 1,81677,München
ParadigmCards,Paradigm Cards,Belgium,Professional,225,1357,Outstanding,100 %,0 %,0 %,0 %,16,Keerbergsesteenweg 11B,3150,Haacht
Paranoid-Android,Nataliya Kovpak,Germany,Powerseller,2522,178,Outstanding,100 %,0 %,0 %,0 %,8,Kirchhofstr. 100A,42327,Wuppertal
Parence-com,SARL PARENCE,France,Professional,46873,612212,Outstanding,99.1 %,0.7 %,0.2 %,0 %,18,39 Rue Jean de la Fontaine,76600,Le Havre
parkage,PARKAGE,France,Powerseller,137426,100574,Outstanding,99.9 %,0 %,0.1 %,0 %,18,"Allée des epinettes BAT 9, ZI NORD",77200,TORCY
ParkerCards,ParkerCardsUK,United Kingdom,Professional,673,1286,Outstanding,100 %,0 %,0 %,0 %,12,99A London Road,TN39 3LB,Bexhill
PartisanGames,Partisan Games,United Kingdom,Professional,6,318,,100 %,0 %,0 %,0 %,4,Unit 113 The Commercial Centre Picket Piece,SP116RU,Andover
Passi747,Pascal Rau,Germany,Powerseller,877,12192,Outstanding,100 %,0 %,0 %,0 %,11,Allensteiner Straße 3,30880,Laatzen
PaTTeK,PaTTeKotradingcards,Germany,Powerseller,1534,2643,Outstanding,100 %,0 %,0 %,0 %,11,Kurstr. 5,14776,Brandenburg an der Havel
PaulBass25,Alfred Montés,Spain,Professional,6735,97224,Outstanding,100 %,0 %,0 %,0 %,11,"José Iranzo 9, 2º-3ª",46870,Ontinyent
PELIENMAA,Pelienmaa,Finland,Professional,114,2157,Outstanding,100 %,0 %,0 %,0 %,14,Meritie 22,25660,Salo
PeloutseMtG,Peloutse Magic The Gathering,Greece,Professional,10841,203090,Outstanding,100 %,0 %,0 %,0 %,15,Kountouriotou 49,11146,Athens
PendulumGaming,Pendulum Gaming,United Kingdom,Professional,3962,34,Outstanding,100 %,0 %,0 %,0 %,10,2 Westgate,NG31 6LT,Grantham
PenguinTCG,PenguinTCG,United Kingdom,Professional,4346,8783,Outstanding,100 %,0 %,0 %,0 %,16,1 Rectory Court,ST17 9SN,Stafford
Pennsylwaynia,Wayne Palm,Germany,Professional,425,123,Outstanding,100 %,0 %,0 %,0 %,11,Gülser Weg 26,12681,Berlin
Penumbra92,BTCin Corporate s.r.o.,Czech Republic,Professional,5092,506027,Outstanding,99.1 %,0.9 %,0 %,0 %,26,Volduchy 389,33822,Volduchy
PERALTA,Maria Garcia Lorenzana,Spain,Professional,38144,187473,Outstanding,97.9 %,0.9 %,0.7 %,0.5 %,10,CALLE ACUARIO Nº 7,11500,EL PUERTO DE SANTA MARIA
percalandia,Percalandia,Spain,Powerseller,130,1720,Outstanding,100 %,0 %,0 %,0 %,7,Calle San Antoniño 2 Bajo,36002,Pontevedra
Philibertnet,Philibert,France,Professional,491,5460,Outstanding,100 %,0 %,0 %,0 %,9,12 Rue De La Grange,67000,Strasbourg
Philipps,Philipp Steinbrück,Germany,Powerseller,21778,7420,Outstanding,100 %,0 %,0 %,0 %,11,Oskar-Rieß-Straße 15,42699,Solingen
Philogelos,Nicolas FEUGER,France,Professional,6091,534126,Outstanding,100 %,0 %,0 %,0 %,9,60 rue François 1er,75008,Paris
Phithia-TCG-Shop,Phithia TCG Shop,Belgium,Professional,59,2585,Outstanding,100 %,0 %,0 %,0 %,11,Olmendreefrede 2 box 11,9340,Lede
PhyrexianMTG,PhyrexianMTG,Spain,Powerseller,4982,123582,Outstanding,100 %,0 %,0 %,0 %,6,Apartado de Correos 34037,08080,Barcelona
Piexor,vulpiexorcards,Germany,Professional,463,45,Outstanding,100 %,0 %,0 %,0 %,13,Königsbacherstr 7,75203,Königsbach-Stein
piklas,IGS Internet Gaming Station and TCG Arena,Greece,Powerseller,6196,131416,Outstanding,100 %,0 %,0 %,0 %,19,Anemonas And Pansedon,34100,Halkida
piledriver23,Paweł Woźniakowski,Poland,Powerseller,830,4490,Outstanding,100 %,0 %,0 %,0 %,17,Kochanów 3B,24-100,Puławy
pille04,bonny-cards,Germany,Professional,25965,142117,Outstanding,99.7 %,0.3 %,0 %,0 %,13,Volkmarserstraße 30,34466,Niederelsungen
PimPommePoum,Aurore Gymfit,France,Professional,2545,1117,Outstanding,100 %,0 %,0 %,0 %,11,44 AVENUE DE PARIS,27200,VERNON
pjotrek,Kamil Sułkowski Korporation,Poland,Powerseller,2313,600783,Outstanding,100 %,0 %,0 %,0 %,11,Świdnik 55,34-606,Łukowica
PlaceOfGeek,POG,France,Professional,14392,2503,Outstanding,98.8 %,0.9 %,0.3 %,0 %,18,16 rue Limogeanne,24000,PERIGUEUX
PlainsMTG,Dominik Fischer Sammelkarten,Germany,Professional,653,360,Outstanding,100 %,0 %,0 %,0 %,16,Otto-Hahn-Str. 7,97080,Würzburg
Plan-SzaPL,Tomasz Klis Plan-Sza,Poland,Professional,5996,327060,Outstanding,100 %,0 %,0 %,0 %,18,Os. Armii Krajowej 18/4,61-374,Poznan
PlanarBazaar,Kevin Level Lamela,Spain,Powerseller,806,29717,Outstanding,100 %,0 %,0 %,0 %,9,Calle Campo De La Torre 19 4B,28032,Madrid
PlaneswalkerStore,Jose Angel Lozano Marco,Spain,Professional,795,65,Outstanding,100 %,0 %,0 %,0 %,9,"Alfonso X El Sabio, 3",30640,Abanilla
PlaneswalkersVLC,Walkontcgs SL,Spain,Powerseller,4037,438741,Outstanding,99.8 %,0.2 %,0 %,0 %,10,Carrer De San Roc 62 Bajo Derecha,46015,Valencia
PlaneswalkerTrading,Planeswalker Trading,Germany,Professional,5348,153354,Outstanding,100 %,0 %,0 %,0 %,13,Sieggartenstraße 16,65589,Hadamar
PlatinumCollectibles,Platinum-Collectibles,Germany,Professional,7824,67,Outstanding,99.1 %,0.9 %,0 %,0 %,13,Bugstr. 4,16321,Bernau b. Berlin
PlayerSpot,Player's Spot de António Chaves,Portugal,Professional,28439,3979,Outstanding,100 %,0 %,0 %,0 %,12,Rua Professor Joaquim Vicente França nº 85,2830-298,Barreiro
Playin,Playin by Magic Bazar,France,Powerseller,125594,857159,Outstanding,99.3 %,0.6 %,0.1 %,0 %,16,131 Avenue de France,75013,PARIS
PlaytimeMonza,Playtime MB,Italy,Professional,2192,160725,Outstanding,100 %,0 %,0 %,0 %,18,San Gottardo 60,20900,Monza
PlaytimePiacenza,MCFLY s.n.c. di Elia Guerci e Giulio Coppeta,Italy,Professional,4905,67314,Outstanding,100 %,0 %,0 %,0 %,14,Gobetti 31/33,29122,Piacenza
PlayToWinLGS,Play To Win,Portugal,Professional,1829,24008,Very good,96 %,1 %,2 %,1 %,25,"Rua Doutor Barros Moura, nº3 B",7005-511,Évora
plkfd,Jérémy Leroy,France,Professional,6110,37165,Outstanding,100 %,0 %,0 %,0 %,16,"205, rue de Lille  appt 15",59100,Roubaix
Pocket-Deals,Lukas Hamm,Germany,Professional,408,168,Outstanding,100 %,0 %,0 %,0 %,15,Heilemannskamp 5,48282,Emsdetten
pocketcardstore,Pocket cards,Italy,Professional,249,604,Outstanding,98 %,2 %,0 %,0 %,16,Via fra Luigi Cerioli 1,26010,OMBRIANO
Poke-Maat,Poke-Maat,Netherlands,Professional,987,32,Outstanding,100 %,0 %,0 %,0 %,13,Hoofdstraat Oost 33,8471JH,Wolvega
Poke-Tom,Poke-Tom,Germany,Professional,3806,76,Outstanding,100 %,0 %,0 %,0 %,11,Heiligenstadt 18,93333,Neustadt an der Donau
PokeDecksGR,Antigoni Spyriadi,Greece,Professional,1641,2935,Outstanding,100 %,0 %,0 %,0 %,20,Digeni Akrita 10,16451,Argyroupoli
Pokehero055,Pokehero,Netherlands,Professional,1676,44,Outstanding,100 %,0 %,0 %,0 %,13,Lavendelstraat 89,7322PE,Apeldoorn
Pokekaart,pokekaart.nl,Netherlands,Professional,9,3,Good,100 %,0 %,0 %,0 %,13,Charlottestraat 7,9693BK,Bad Nieuweschans
PokeLab,Marcin Chojnacki LimitedSneakers,Poland,Professional,17,3,Good,100 %,0 %,0 %,0 %,14,Niedźwiady 2,62-800,Kalisz
POKEMANIAC63,GOIN GAMING AUBIERE,France,Professional,1852,147,Outstanding,98.4 %,1.6 %,0 %,0 %,12,10 RUE DES CHAZOTS,63170,AUBIERE
Pokemania,DW-Gaming und Spielwaren,Germany,Professional,1459,736,Outstanding,100 %,0 %,0 %,0 %,10,Am Schlehenbach 7,91301,Forchheim
Pokemint,Ametsu,France,Professional,531,149,Outstanding,99 %,1 %,0 %,0 %,11,PARK NORD - LES PLEIADES,74370,EPAGNY METZ TESSY
PokemondoGE,Pokemondo,Italy,Professional,1445,16349,Outstanding,100 %,0 %,0 %,0 %,16,Via Crispi 12/8,17100,Savona
PokePeddy,Pedram Tiztak,Germany,Powerseller,1290,38,Outstanding,100 %,0 %,0 %,0 %,13,Fritz-Räcke-str 6,50354,Hürth
pokerfish,Telmo Romao Dumont,Portugal,Professional,4902,3270,Outstanding,100 %,0 %,0 %,0 %,9,Rua Silva Carvalho Nº 47 1 Esq Campo Ourique,1250-246,Lisboa
PokeSlabsNL,Codiro BV,Netherlands,Professional,3949,351,Outstanding,99 %,1 %,0 %,0 %,19,Balgweg 6,1764KB,Breezand
Pokestore88,JFRJ,France,Professional,54,1,Very good,97.7 %,0 %,2.3 %,0 %,16,5 Rue De La Comedie,88000,Epinal
Ponchim-MTG,Rasmus Rosendahl,Finland,Professional,3247,21308,Outstanding,100 %,0 %,0 %,0 %,14,Inarintie,00550,HELSINKI
Popcorp,PopCorp,France,Powerseller,247,30,Outstanding,98 %,2 %,0 %,0 %,11,49 Rue De La Berbiziale,63500,Issoire
popdie,PopDie,Portugal,Professional,71,52,Outstanding,98.6 %,1.4 %,0 %,0 %,11,Rua Raul Brandao N20 Cave A,2650-137,Amadora
Popop44637488,Pierre Entradas,France,Professional,1185,23957,Outstanding,100 %,0 %,0 %,0 %,,9 rue basse,88490,Lubine
Poromagia,Poromagia Oy,Finland,Professional,9388,2243,Outstanding,99.1 %,0 %,0.9 %,0 %,12,Hämeentie 1,00530,Helsinki
Porquecards,Porque Cards Ltd,United Kingdom,Professional,2806,230,Outstanding,100 %,0 %,0 %,0 %,14,140 Milton road,TS268EA,Hartlepool
PortalJuegos,Portal Juegos,Spain,Professional,1230,24873,Outstanding,100 %,0 %,0 %,0 %,9,Av Honorio Lozano 24,28400,Collado Villalba
Portocobo,José Servia Paños,Spain,Professional,7910,61,Outstanding,100 %,0 %,0 %,0 %,9,Monasterio De Caaveiro 14 - 7º izq,15010,A Coruña
Poschner,Jochen Schreck,Germany,Professional,8711,7238,Outstanding,100 %,0 %,0 %,0 %,11,Friedenstr 3,97497,Dingolshausen
PoweredByXPG,Powered By XPG,United Kingdom,Professional,8730,558,Outstanding,100 %,0 %,0 %,0 %,11,"Unit E The Old Boiler House Business Centre, Menzies Road",CT16 2HQ,Whitfield
PowerNegen,Wijnand Schoenmakers,Netherlands,Powerseller,22468,21790,Outstanding,100 %,0 %,0 %,0 %,15,Aletta Jacobskade 125,3137TJ,Vlaardingen
Powl10,Paul Tismer,Germany,Professional,10356,6724,Outstanding,100 %,0 %,0 %,0 %,14,Baumschulenweg 11,15236,Frankfurt/Oder
PriceyCards,Priceycards,United Kingdom,Professional,6999,18233,Outstanding,100 %,0 %,0 %,0 %,14,216 Blakemore,TF31QA,Telford
PrimalCards,Lukas Lazarevas,United Kingdom,Professional,18344,3603,Outstanding,100 %,0 %,0 %,0 %,14,53 Welles Street,CW111GU,Sandbach
PrimeProtector,Prime Protector,Austria,Professional,1355,32804,Outstanding,100 %,0 %,0 %,0 %,13,Großpesendorf 74,8211,Ilztal
PrincePi,Marcus Konopke,Germany,Professional,57893,36565,Outstanding,99.8 %,0.2 %,0 %,0 %,21,Hasenholztrift 72,39307,Genthin
Prismania-Toys,Prismania Toys Inh. Evelyn Lange,Germany,Professional,2750,165,Outstanding,98.6 %,1.4 %,0 %,0 %,13,Milsperstrasse 15,58332,Schwelm
Progct01,Progct01,Italy,Professional,386,170,Outstanding,99.3 %,0.7 %,0 %,0 %,16,Via Solferino 3A,25025,Manerbio
ProJK,Yugioh Planet,Croatia,Powerseller,1672,123,Outstanding,99 %,0 %,1 %,0 %,17,Ulica Vrtlići 5,23000,Zadar
ProtectAndCollect,PROTECT AND COLLECT,United Kingdom,Professional,1174,16,Outstanding,100 %,0 %,0 %,0 %,10,61 Pelham Road South,DA11 8QS,Gravesend
Psiakowy,Magiczny Rynek Emil Paszko,Poland,Professional,28035,435553,Outstanding,100 %,0 %,0 %,0 %,19,Legionowa 28/001,15-281,Bialystok
Ptitglock,Cyril Maugé,France,Professional,57,62,Outstanding,100 %,0 %,0 %,0 %,12,6 Place Des Meulières,77310,BOISSISE LE ROI
PTMERCH,PTMERCH,Portugal,Powerseller,17364,25800,Outstanding,100 %,0 %,0 %,0 %,10,Rua Padre Alberto Neto Simões Dias 6 B,2745-059,Queluz
Puertofantasy,Puerto Fantasy,Spain,Professional,1652,1643,Outstanding,100 %,0 %,0 %,0 %,9,Pérez Zamora 44 / Local 5,38400,PUERTO DE LA CRUZ
PugsVault,Stefano Lari,Italy,Professional,3347,21143,Outstanding,100 %,0 %,0 %,0 %,18,Via Romboni 2,55041,Camaiore
PulpulFolker,"+Magic ""Cardboard City""",Spain,Professional,16154,218937,Outstanding,100 %,0 %,0 %,0 %,12,Nelson Mandela Nº3,41702,Dos Hermanas
pulyztcg,pulyztcg di Alessio Campora,Italy,Professional,2952,33871,Outstanding,100 %,0 %,0 %,0 %,18,Via Finocchiaro Aprile 31 int 13,16129,Genova
punipwni,Adrian Salgueiro Balsa,Spain,Powerseller,1866,17009,Outstanding,100 %,0 %,0 %,0 %,8,FRANCISCO TETTAMANCY N3 2C,15007,La Coruna
purecrit,Pure Critical Games,Greece,Professional,0,6,,,,,,0,25 MARTIOU & KOLOKOTRONI ΟΤ13  TAGARADES 1 THERMI OT13,57001,THESSALONIKI
PureTCG,Pure TCG,Belgium,Professional,1236,26090,Outstanding,100 %,0 %,0 %,0 %,19,Flandrienlaan 40,9190,Stekene
Pyxidice,Pyxidice,France,Powerseller,3602,2606,Outstanding,99.6 %,0.4 %,0 %,0 %,14,66 Rue du jeu de ballon,34000,Montpellier
QuedlinBricks90,QuedlinBricks,Germany,Professional,46,19,Very good,95.4 %,2.3 %,2.3 %,0 %,13,Wallstraße 94,06484,Quedlinburg
QuestVille-LP,QuestVille EE,Greece,Professional,25213,449867,Outstanding,98 %,2 %,0 %,0 %,16,Karaoli & Dimitriou 23,57001,Thermi
QuintaEsencia,Juan Antonio Callealta Gonzalez,Spain,Powerseller,9362,391,Outstanding,100 %,0 %,0 %,0 %,8,calle Sagasta 58 (local),11510,Puerto Real
r4id3n,Thomas Tippelt,Germany,Powerseller,7074,61,Outstanding,100 %,0 %,0 %,0 %,13,Einhausen 2,93138,Lappersdorf
Rab-MTG,ROBERT ADAMSON,United Kingdom,Professional,3996,2139,Outstanding,100 %,0 %,0 %,0 %,11,53 Welles Street,CW11 1GU,Sandbach
Rabdocarte,Rabdo Carte,Italy,Professional,464,228,Outstanding,99 %,1 %,0 %,0 %,21,Borgonuovo 58,40061,Minerbio
RacoonRises,Coon Capital GmbH & Co. KG,Germany,Powerseller,152249,1032544,Outstanding,99.5 %,0.4 %,0.1 %,0 %,21,Neue Straße 46,89073,Ulm
ragdos,Nicolas Idier,France,Professional,1493,70,Outstanding,100 %,0 %,0 %,0 %,9,25 rue Alexandre rousseau,79160,Saint Pompain
Raid-n-Trade,Raid'n'Trade,Germany,Powerseller,116023,65379,Outstanding,99.2 %,0.4 %,0.4 %,0 %,16,Schinnrainstr. 9,76227,Karlsruhe
randmann2,Randy Wollenberg,Germany,Professional,3189,5180,Outstanding,100 %,0 %,0 %,0 %,8,Lilli-Henoch-Strasse 11,10405,Berlin
Random-player,Abel Soler Garcia,Spain,Professional,23612,346122,Good,94.4 %,2.2 %,1.8 %,1.6 %,22,apartado correos 43,03201,elche
RandomNerdAB,Random Nerd,Sweden,Professional,47,19744,Good,100 %,0 %,0 %,0 %,18,Drottninggatan 25,60224,Norrköping
Rarehuntershop,Rarehuntershop,Austria,Powerseller,89582,507082,Outstanding,100 %,0 %,0 %,0 %,15,Hauptplatz 14,2320,Schwechat
RatheTavernCards,RatheTavernCards,United Kingdom,Professional,2745,479,Outstanding,100 %,0 %,0 %,0 %,14,100 Somers Road,PO5 4PY,Portsmouth
Rathi66,Arne Lohmann,Germany,Professional,2504,898,Outstanding,100 %,0 %,0 %,0 %,13,Borghorster Straße 29,48282,Emsdetten
RaveCardsGbR,Ravecards GbR,Germany,Professional,11418,2897,Outstanding,100 %,0 %,0 %,0 %,13,Engerser Str. 10,56564,Neuwied
Ravenshallgames,Raven's Hall Games,United Kingdom,Professional,625,765,Outstanding,100 %,0 %,0 %,0 %,16,17 Jaxons Court Hallgate,WN1 1LR,Wigan
ravnicagames,Ravnica Games,Spain,Powerseller,365,523,Outstanding,99 %,1 %,0 %,0 %,9,Avenida Portugal 30 Bajo,33207,Gijón
Rays-Kartenhaus,Royal Card Grading OG,Austria,Professional,459,116,Outstanding,100 %,0 %,0 %,0 %,14,Marinonigasse 4-6/1,1210,Wien
RealCash,REAL CASH,France,Professional,524,2854,Outstanding,99.5 %,0.5 %,0 %,0 %,16,6 Place Johannes Lagueyrie,19130,OBJAT
Realfriends,Real Friends LTD,United Kingdom,Professional,54,275,Outstanding,100 %,0 %,0 %,0 %,14,"Flat 21 The Clocktower, Huckley Field",GL4 5SX,Gloucester
RebelForge,Rebel Forge,France,Professional,597,1905,Outstanding,98 %,2 %,0 %,0 %,12,259 avenue des Caniers,13400,Aubagne
Rebellion,Rebellion,Spain,Powerseller,6475,106919,Outstanding,100 %,0 %,0 %,0 %,9,Calle Badajoz 29,28931,Mostoles
Recollect-Ltd,RECOLLECT,United Kingdom,Powerseller,25304,3719,Outstanding,99 %,0 %,0.5 %,0.5 %,21,65 Watergate Row South,CH12LE,Chester
ReCollectibles,ReCollectibles Sammelkarten GmbH,Germany,Powerseller,81250,113466,Outstanding,99.6 %,0.3 %,0.1 %,0 %,19,Ursulinenstr. 35,66111,Saarbrücken
RedDragonsVault,Red Dragons Vault,United Kingdom,Professional,646,3257,Outstanding,100 %,0 %,0 %,0 %,14,"5 Rhosddu Road, Queens Square",LL11 1AT,Wrexham
redluminfo,REDLUM.INFO Krzysztof Krupicki,Poland,Powerseller,5568,92762,Outstanding,100 %,0 %,0 %,0 %,13,Modrzewiowa 35/1,15-521,Zascianki
REDO-SHOP,REDO SHOP SAS,France,Professional,13729,30080,Outstanding,99.4 %,0.4 %,0.2 %,0 %,12,44 rue Ballainvilliers,63000,Clermont-Ferrand
RedScorpion,Kevin Bourkaïb,France,Professional,12053,136905,Outstanding,100 %,0 %,0 %,0 %,12,Rue de Saint Gaudens,31100,Toulouse
redsuncollectables,Red Sun Collectables Ltd,United Kingdom,Professional,4542,15280,Very good,96 %,4 %,0 %,0 %,10,10 Fernlea Close,WF16 0EF,Heckmondwike
ReeliTrading,Reeli Trading GmbH,Germany,Professional,6726,1763,Outstanding,99.4 %,0.6 %,0 %,0 %,12,Otto-von-Guericke Straße 88,39104,Magdeburg
RegigangTCG,Johannes Forster,Germany,Powerseller,5781,2676,Outstanding,100 %,0 %,0 %,0 %,11,Schmellerstraße 34,95643,Tirschenreuth
RELIC-TCG,RELIC,France,Powerseller,45070,97379,Outstanding,99.9 %,0.1 %,0 %,0 %,18,61 grande rue saint michel,31400,Toulouse
ReneX-MTG,Constantino Castiñeira Ibañez,Spain,Professional,15104,142888,Outstanding,100 %,0 %,0 %,0 %,7,Av. Virgen Desamparados 4 2º pta3,46950,Xirivella
Replaygames,Replay Games,United Kingdom,Professional,5631,6333,Outstanding,100 %,0 %,0 %,0 %,14,97 High Street,BT20 5BD,Bangor
Retro-Empire-Gaming,Retro Empire Gaming,Netherlands,Professional,514,1450,Outstanding,100 %,0 %,0 %,0 %,13,Eglantier 141,7329DD,Apeldoorn
Retrocave,Retrocave,United Kingdom,Professional,787,5488,Outstanding,99 %,1 %,0 %,0 %,16,498 Ashley Road,BH14 0AD,Poole
Retroconrep,RetroconrepTCG,Germany,Professional,224,30,Outstanding,99 %,1 %,0 %,0 %,11,Karlstraße 21,37603,Holzminden
RetroMagic,RetroMagic,Belgium,Powerseller,60295,644403,Outstanding,99.4 %,0.6 %,0 %,0 %,,Petunialaan 24,8400,Oostende
rexicomix,Rexi comix srl,Italy,Professional,1329,2934,Outstanding,100 %,0 %,0 %,0 %,16,"Viale Emilia 21B, Riccione",47838,Rimini
RhinoCardGames,Rhinocard Games,Spain,Powerseller,7255,15770,Outstanding,100 %,0 %,0 %,0 %,10,Soledad Nº6,03311,La Aparecida
Richluis24-,ARL DI LUIGI RICCIO,Italy,Professional,445,63,Outstanding,98 %,2 %,0 %,0 %,25,Via Augusto Righi 32,80125,Napoli
Richmighty,Mighty Cards,United Kingdom,Professional,13914,7981,Outstanding,100 %,0 %,0 %,0 %,20,3 Racecourse Road,NG18 4EZ,Mansfield
RickBro,RickBro,Germany,Professional,2340,26316,Outstanding,100 %,0 %,0 %,0 %,11,Vogelhain 5,59581,Warstein
Rip-Flip-TCG,Rip & Flip TCG´s,Germany,Professional,512,11796,Outstanding,100 %,0 %,0 %,0 %,13,Mühlenstraße 8,16321,Bernau bei Berlin
Rishadan-Magic-Store,Dario Monteleone D. I.,Italy,Professional,7733,201372,Outstanding,100 %,0 %,0 %,0 %,16,Via G. A. Sartorio 31,00147,Roma
risingphoenixgames,Rising Phoenix Games,United Kingdom,Professional,2440,1000,Outstanding,100 %,0 %,0 %,0 %,14,39-41 Borough Road,TS1 4AF,Middlesbrough
RKards,RK Computer & Game,Italy,Professional,780,2549,Outstanding,100 %,0 %,0 %,0 %,14,Via Mazzini 7,10059,Susa (TO)
RNGTCG,RNG GAMES LIMITED,United Kingdom,Professional,2218,85,Outstanding,100 %,0 %,0 %,0 %,12,RNG GAMES 45 Old Sneddon Street,PA3 2AN,Paisley
robtod862,Robert Todeskino,Germany,Professional,1566,823,Outstanding,100 %,0 %,0 %,0 %,8,Seetorstraße 12,31737,Rinteln
RoccaTreCorvi,Khimera SRL,Italy,Professional,6703,5156,Outstanding,99 %,0 %,0 %,1 %,18,Via Piave 15,16016,Cogoleto
Roczyyy,Victor Canaple,France,Professional,750,977,Outstanding,100 %,0 %,0 %,0 %,9,107 Bis Avenue De Saint Ouen,75017,Paris
roggen94,Roggen94,Germany,Professional,4217,494,Outstanding,97 %,3 %,0 %,0 %,16,Wilhelm-Busch str 7,26131,Oldenburg
Roguesquarter,Rogues Quarter LTD,United Kingdom,Professional,516,744,Outstanding,100 %,0 %,0 %,0 %,15,155-157 Queens Crescent,NW5 4EA,London
Roll-n-Trade,Roll 'n' Trade,Greece,Professional,20799,177660,Outstanding,99.7 %,0.3 %,0 %,0 %,13,Konstanta 144B,38221,Volos
romainmtbtcg,Romain Cappelletti,France,Professional,11672,26286,Outstanding,100 %,0 %,0 %,0 %,11,3 rue rené cassin,82000,Montauban
RossoCinque,Prometheus S.a.s.,Italy,Powerseller,5140,259418,Outstanding,99 %,0.5 %,0.5 %,0 %,13,Via Dei Ciclamini 15,47522,Cesena
RtDcornwallcic,Roll The Dice Cornwall C.I.C.,United Kingdom,Professional,335,38,Outstanding,100 %,0 %,0 %,0 %,10,Chy Hemma Pasmore Road,TR13 8ED,Helston
RUBENCASTRO24,Francisco Moreno Morales,Spain,Professional,19123,31207,Outstanding,100 %,0 %,0 %,0 %,7,Apartado de Correos 5023,29080,Málaga
RubyCards,RubyCards,Germany,Professional,5574,1097,Outstanding,100 %,0 %,0 %,0 %,16,Bromberger Str. 8,41065,Mönchengladbach
RubyTrade,Ruby Trade,Czech Republic,Professional,3034,19587,Outstanding,100 %,0 %,0 %,0 %,13,Ke Kapličce 207,25073,Podolanka
RucanGames,Rucan Games,United Kingdom,Professional,18188,27273,Outstanding,100 %,0 %,0 %,0 %,16,Cotton Avenue,W3 6YF,London
ruicasasnovas,"Gargula Templo de Jogos, Unip. Lda",Portugal,Professional,30297,235058,Outstanding,100 %,0 %,0 %,0 %,11,Rua Rainha D. Amelia Lote 47 3ºDto,2675-469,Odivelas
Rumah-TCG,Rumah TCG,Germany,Powerseller,103,1128,Outstanding,100 %,0 %,0 %,0 %,11,Neuenhofer Str. 83,42657,Solingen
rutky1240,Juraj Ruttkay,Slovakia,Professional,1574,58987,Outstanding,100 %,0 %,0 %,0 %,11,Topolcianska 20,85105,Bratislava
SagaStore,SagaStore,Portugal,Professional,304,28462,Outstanding,100 %,0 %,0 %,0 %,9,Avenida D. Afonso Henriques 387,4450-014,Matosinhos
saladeglieroi,Ma.Ga. S.a.S. di Rivello Mattia & C.,Italy,Professional,594,41195,Outstanding,99 %,1 %,0 %,0 %,17,Via Fratelli Villani 27,10093,Collegno
sallierie,The Guildmaster Trading,Netherlands,Professional,1935,29348,Outstanding,99.5 %,0.5 %,0 %,0 %,16,Koningsweg 99,6655AB,Puiflijk
SaltyCards,SaltyCards,Germany,Professional,29560,90764,Outstanding,99.7 %,0.2 %,0.1 %,0 %,16,Stadtweg 8,24837,Schleswig
samarpan,SAMARPAN,Greece,Powerseller,57758,825531,Outstanding,99.1 %,0.9 %,0 %,0 %,19,M.ALEXANDROU 6,38221,VOLOS
SamilamX,Sam Axelsson,Sweden,Professional,2194,142994,Outstanding,100 %,0 %,0 %,0 %,18,Tvärgatan 3B,67151,Arvika
Sammelbaron,Sammeltor,Germany,Powerseller,149,369,Outstanding,100 %,0 %,0 %,0 %,8,Pütrichstraße 18,82362,Weilheim
Sammelkartenfuchs,Sammelkartenfuchs,Germany,Professional,967,886,Outstanding,99 %,1 %,0 %,0 %,13,Hauptstraße 50,18442,Steinhagen Ot Negast
SammelkartenF,Sammelkarten Fundgrube,Germany,Professional,7850,60857,Outstanding,100 %,0 %,0 %,0 %,11,Novalisstr. 14,06333,Hettstedt
Sammelkatens,Paul Katens,Germany,Professional,5550,5898,Outstanding,99 %,0 %,1 %,0 %,13,Hauptstraße 47,84085,Langquaid
Sammelmania,Sammelmania,Austria,Powerseller,183,680,Outstanding,98 %,2 %,0 %,0 %,16,Harrachgasse 2,6845,Hohenems
Sammelnerds,Sammelnerds,Germany,Professional,1022,5656,Outstanding,100 %,0 %,0 %,0 %,8,Barmbeker Str. 39,22303,Hamburg
SammelnUndSpielen,Sammeln & Spielen,Germany,Powerseller,2662,5595,Outstanding,100 %,0 %,0 %,0 %,11,Nürnberger Straße 24,90542,Eckental
Sammelsturm,Sammelsturm,Germany,Professional,496,9984,Outstanding,99.4 %,0.6 %,0 %,0 %,11,Basler Straße 164,79539,Lörrach
SanctumofCards,Sanctum of Cards,Germany,Professional,32762,541684,Outstanding,98.5 %,0.6 %,0.6 %,0.3 %,16,Bielefelder Str. 40,49186,Bad Iburg
sandal,Des cartes dans les étoiles,France,Professional,9758,25772,Outstanding,100 %,0 %,0 %,0 %,10,12 rue de Pont-à-Mousson,57580,REMILLY
Saruman-games,Saruman Games,Spain,Professional,823,953,Outstanding,100 %,0 %,0 %,0 %,7,Calle del Rosario 99,02003,Albacete
satrianONE,Tobias Kossok,Germany,Powerseller,2782,1216,Outstanding,100 %,0 %,0 %,0 %,11,Otto-von-Wollank-Straße 44,14089,Berlin
Saturos333,Angel Rodríguez Arévalo,Spain,Professional,5102,63062,Outstanding,100 %,0 %,0 %,0 %,10,Hellín 27,14850,Baena
sauronproject,Cardproject,Spain,Professional,60,89,Very good,97.9 %,0 %,2.1 %,0 %,11,C/ Jazmin 32,04410,benahadux
Sbruzzetta,TI AMO 3000 COMICS,Italy,Professional,310,4173,Outstanding,100 %,0 %,0 %,0 %,16,Frazione San Luca 83,10068,VILLAFRANCA PIEMONTE
SC-BrosGaming,Stussy Crew di Cherubini Federico,Italy,Powerseller,12595,32739,Very good,94.8 %,3.1 %,2.1 %,0 %,31,Via Vecchia Aretina 85/4,50067,Rignano Sull'Arno (FI)
schaminos,Thorsten Voss,Germany,Professional,10769,25021,Outstanding,99.7 %,0.3 %,0 %,0 %,13,hauptstrasse 70,25491,Hetlingen
Schandt,Konstantin Basalyk,Germany,Professional,8705,18390,Outstanding,100 %,0 %,0 %,0 %,13,Berliner Straße 8d,93057,Regensburg
Schlaeppis-m-cards,Schläppi's Magic Cards,Switzerland,Professional,81,28957,Outstanding,100 %,0 %,0 %,0 %,7,Horbengasse 1,3054,Schüpfen
SchlechtundTeuer,Lars Krüger,Germany,Professional,6387,31622,Outstanding,100 %,0 %,0 %,0 %,16,Hermesweg 6,21075,Hamburg
Schlizzer,Games-Café,Germany,Powerseller,6790,28438,Outstanding,100 %,0 %,0 %,0 %,16,Leuchtenberger Straße 9,92706,Luhe-Wildenau
Schlumbes,Christian Elsässer,Germany,Professional,4625,42559,Outstanding,100 %,0 %,0 %,0 %,11,Faulbrunnenweg 116,65439,Bad Weilbach
Schmale2403,Flohmarkt Power,Germany,Professional,4219,20771,Outstanding,98.1 %,1.9 %,0 %,0 %,16,Hauptstr. 49,94167,Tettenweis
Schmollanski,MB's Takodachis,Germany,Professional,750,728,Outstanding,98 %,2 %,0 %,0 %,11,Feldkircher Weg 32,40789,Monheim
SchrottosCCGs,Otto Meier SchrottosCCGs,Germany,Professional,25936,206811,Outstanding,100 %,0 %,0 %,0 %,16,St. Petersburger Straße 3,01069,Dresden
Scotsman26777,Scotsman26777,United Kingdom,Professional,23449,12739,Outstanding,99.6 %,0.4 %,0 %,0 %,14,5 Millfield Wynd,PA8 6JH,Erskine
Sdf-mtg,supermarketdelfumetto,Italy,Powerseller,5163,5128,Outstanding,100 %,0 %,0 %,0 %,20,via circumvallazione n.32-34-36,83100,avellino
SebHei14,Sebastian Hein,Germany,Professional,1001,305,Outstanding,98 %,2 %,0 %,0 %,11,Mohriner Allee 48,12347,Berlin
Sebjoker,Sebastian Holst,Germany,Professional,7308,5668,Outstanding,100 %,0 %,0 %,0 %,13,Grevesmühlener Chaussee 12,19057,Schwerin
Sebuuster,Claudiu Kornet,Germany,Professional,2301,8991,Outstanding,100 %,0 %,0 %,0 %,13,Sudetenstr. 25,83301,Traunreut
Secondlife,Second Life Fumetteria,Italy,Professional,3353,214541,Outstanding,100 %,0 %,0 %,0 %,16,Via Dei Mirti 86,97100,Ragusa
Secret-Wonders,Tycho Himpens,Belgium,Professional,4175,8214,Outstanding,98.2 %,1.8 %,0 %,0 %,16,Schooldreef 31B,8020,Oostkamp
seho,playset-seho,Germany,Professional,15368,10646,Outstanding,100 %,0 %,0 %,0 %,11,Clemensstr. 2,40225,Düsseldorf
Sephiroth79,Clément idier,France,Professional,1059,404,Outstanding,100 %,0 %,0 %,0 %,11,27 Route Du Dragor,79160,Faye-sur-Ardin
SephiZH,Yu Hang Zhu,Germany,Professional,297,7793,Outstanding,100 %,0 %,0 %,0 %,8,Krumme Str. 3,10585,Berlin
SeptiemeLegende,Septième Légende,France,Professional,3151,22254,Outstanding,100 %,0 %,0 %,0 %,,107 Cours Victor Hugo,33130,Bègles
SeventhCity,7th City Collectables,United Kingdom,Powerseller,65757,809153,Outstanding,99.4 %,0.6 %,0 %,0 %,18,Lenton Street,NG105DJ,Sandiacre
SG-Cards,SG-Cards,Germany,Professional,2889,27,Outstanding,100 %,0 %,0 %,0 %,16,Hauptstrasse 90A,69226,Nußloch
Sguerini,THE CARD HEAVEN di Guerini Stefano,Italy,Professional,110,1325,Outstanding,100 %,0 %,0 %,0 %,7,Viale Rimembranze 5,20034,San Giorgio Su Legnano
shadowofq,SHADOWOFQ,France,Professional,1297,245,Outstanding,100 %,0 %,0 %,0 %,9,68 RUE DE LA CHARITE,69002,LYON
Shady08,Manuel Mencías,Spain,Professional,3523,17738,Outstanding,99.1 %,0 %,0.9 %,0 %,9,Calle Pizarro Nº8,10739,Segura De Toro
Shark-Games,Shark Malaga Ocio SL,Spain,Powerseller,72825,105680,Outstanding,100 %,0 %,0 %,0 %,9,"c\ Antonio Maura nº:9 Bajo , Local comercial",29003,Malaga
SharkGames-JP,Sergio Marfil Torres,Spain,Professional,2713,7415,Outstanding,100 %,0 %,0 %,0 %,7,"c\ Antonio Maura nº:9 Bajo , Local comercial",29003,Málaga
Shatter-Trading,Shatter Trading - Inh. Jan Behres,Germany,Powerseller,258,5944,Outstanding,100 %,0 %,0 %,0 %,9,Mehlbergweg 35,55232,Alzey
Shenbear,Gia Hoa Ngo,Germany,Professional,2884,1627,Outstanding,100 %,0 %,0 %,0 %,11,August schlüter Strasse 37,48249,Dülmen
shinigamicomics,Shinigami Comics C.B,Spain,Professional,709,717,Outstanding,100 %,0 %,0 %,0 %,6,Calle Ancha 3 Bajo,24401,Ponferrada
ShinyHunterStore,ShinyHunterStore,Spain,Professional,3529,14466,Outstanding,100 %,0 %,0 %,0 %,7,Grup Vint-i-cinc de setembre 24  0402,08191,Rubí
ShireiRobin,Robin Koch,Germany,Professional,491,5536,Outstanding,100 %,0 %,0 %,0 %,13,Odenwaldstraße 25,46145,Oberhausen
Shoohoai,Damien Garot,France,Professional,1238,318,Outstanding,98.8 %,0.6 %,0.6 %,0 %,11,15 Philippe De Commynes,37230,FONDETTES
Shop4Nerds,"EloquentEpisode, Unip. Lda",Portugal,Professional,2033,26634,Outstanding,98 %,2 %,0 %,0 %,12,"Rua Joaquim Nicolau de Almeida, 88",4430-116,Vila Nova De Gaia
ShopponiStore,ShopponiStore,Italy,Professional,6279,50994,Outstanding,99.1 %,0.9 %,0 %,0 %,14,Corso Bramante 70/A,10126,Torino (TO)
Sib51,ELROLO-TCG,France,Professional,3585,7675,Outstanding,100 %,0 %,0 %,0 %,12,2 Ter Rue De La Louviere,70400,CHENEBIER
sibilla,L'Antro della Sibilla,Italy,Professional,1233,2395,Outstanding,99 %,0 %,1 %,0 %,16,Via Salerno 30,84091,Battipaglia SA
SideQuestGr,Side Quest Games,Greece,Professional,287,2483,Outstanding,100 %,0 %,0 %,0 %,11,PATRON GERMANOU 14,22100,TRIPOLIS
Siggy-Toys,Siggy Toys,Germany,Professional,1521,6976,Outstanding,100 %,0 %,0 %,0 %,16,Kampstr. 4,38442,Wolfsburg
SigilliteGames,Sigillit Games,United Kingdom,Professional,12159,138,Outstanding,100 %,0 %,0 %,0 %,13,Pitley Lodge Pitley Hill,TQ137JY,Ashburton
SilphCoLtd,Silph Co. Limited,United Kingdom,Professional,259,7,Outstanding,100 %,0 %,0 %,0 %,,8 Motspur Park,KT3 6PN,New Malden
silvermyr,MK Handel,Germany,Powerseller,25567,8813,Outstanding,100 %,0 %,0 %,0 %,13,Ortsstraße 95,64756,Mossautal
Simon-plays-TCG,Simon plays TCG Simon Behler,Germany,Professional,2396,1291,Outstanding,100 %,0 %,0 %,0 %,21,Birkenweg 9,64331,Weiterstadt
Simonsellscards,Simon Sells Cards,United Kingdom,Professional,2118,1353,Outstanding,100 %,0 %,0 %,0 %,14,"Suite 7, Watton Mill, Mill Lane",SG14 3FR,Watton at Stone
Sissoucard,EI - SissouCard,France,Professional,954,543,Outstanding,100 %,0 %,0 %,0 %,12,24 Rue Chanzy,60110,Meru
Skaldenmagie,Skaldenmagie,Switzerland,Powerseller,25586,122113,Outstanding,100 %,0 %,0 %,0 %,11,Delfterstrasse 39,5004,Aarau
Skash-Cards,Skash Cards,Germany,Professional,4385,5,Outstanding,100 %,0 %,0 %,0 %,13,Eberswalder Straße 104,15374,Müncheberg
SkySpell,Venditura AG,Switzerland,Professional,4539,8643,Outstanding,99.5 %,0.5 %,0 %,0 %,7,Bahnhofstrasse 8,3414,Oberburg
slashrose,Gonçalo Silva,Portugal,Professional,10626,218127,Outstanding,100 %,0 %,0 %,0 %,12,Rua Coronel Melo Antunes nº7 6A,2745-871,Massamá
SMC1,Harald Baierhofer,Germany,Professional,8845,74530,Outstanding,99 %,0 %,1 %,0 %,13,Wasserburg Strasse 50,83395,Freilassing
SnapAndCast,Noah Birk Andersen,Denmark,Professional,450,7989,Outstanding,100 %,0 %,0 %,0 %,12,kong Georgsvej 25 2tv,5000,Odense C
snawer,Snawer,Denmark,Professional,1741,965,Outstanding,100 %,0 %,0 %,0 %,11,pilegårdsvej 13,4200,Slagelse
snooop,Snooop,France,Professional,1582,17236,Outstanding,100 %,0 %,0 %,0 %,14,3 Denis Etcheverry,64100,Bayonne
Snoopy93,DicoMagic,France,Professional,602,6254,Outstanding,100 %,0 %,0 %,0 %,12,29 Rue De L’eglise,93370,Montfermeil
SnorriNosebiter,Sandor Dalecke,Germany,Professional,5277,15578,Outstanding,100 %,0 %,0 %,0 %,15,Stolzenburgstr 26,67705,Stelzenberg
SodGamesGerpinnes,Nico Paix Games,Belgium,Professional,496,1595,Outstanding,99.1 %,0 %,0.9 %,0 %,12,Rue D'Acoz 5H,6120,Ham-sur-Heure-Nalinnes
SodGames,Nathan Tytgat,Belgium,Powerseller,37873,1312787,Outstanding,100 %,0 %,0 %,0 %,16,Place Albert 1er 32,6220,Fleurus
SoHotTCG,Ioannis Spanos,Greece,Professional,5982,13474,Outstanding,100 %,0 %,0 %,0 %,14,Serifou 30,15562,Athens
Sole19-41,Andrea Nillo Galimberti,Italy,Professional,1662,6139,Outstanding,100 %,0 %,0 %,0 %,14,Piazza del Sole 19/41,33054,Lignano Sabbiadoro (UD)
Sonicdoc,Andre Vandamme,Germany,Professional,786,409,Outstanding,100 %,0 %,0 %,0 %,13,Soudronstraße 4,76275,Ettlingen
SorceryCards,SorceryCards,Czech Republic,Professional,3360,162501,Outstanding,100 %,0 %,0 %,0 %,13,Pšenčíkova 679,14200,Praha
Sorcith,David Peña Carmona,Spain,Professional,72357,267453,Outstanding,100 %,0 %,0 %,0 %,8,C/ Higueras 6,11402,Jerez De La Frontera
Sosna1,Konrad Sosinski,Poland,Professional,5177,18535,Outstanding,98.2 %,1.8 %,0 %,0 %,18,Witkiewicza 14,03-305,Warszawa
Souko,EIRL DALLOYEAU Sébastien,France,Professional,25979,70,Outstanding,99.2 %,0.5 %,0.3 %,0 %,11,10 Quater rue de l'Europe carré vert,74200,THONON
Souly68,The Nerd Elves - Thomas J. Wagner,Germany,Powerseller,194,530,Outstanding,100 %,0 %,0 %,0 %,11,Sandweg 1a,63579,Freigericht
Spartasantapola,SPARTA Santa Pola,Spain,Professional,27,243,Good,100 %,0 %,0 %,0 %,9,C/virgen Del Carmen 12 Bajo Izq,03130,Santa Pola
spasiv,Jose Antonio Salan Gutierrez,Spain,Professional,1552,1483,Outstanding,99 %,1 %,0 %,0 %,7,C/ Bellavista Nº 26,39012,Santander
SpectralTrading,Spectral Trading,Germany,Professional,1710,24317,Outstanding,100 %,0 %,0 %,0 %,8,Bischofsweg 7,01097,Dresden
Speedymtg,Moritz Lütze,Germany,Professional,882,247,Outstanding,99.2 %,0.8 %,0 %,0 %,11,Vochemer Straße 21,50354,Hürth
spelenenspellen,Spelen en Spellen,Netherlands,Professional,79,2597,Outstanding,100 %,0 %,0 %,0 %,8,Burgemeester De Vlugtlaan 151D,1063BK,Amsterdam
Spelgrottan,Spelgrottan AB,Sweden,Professional,16,59,Good,100 %,0 %,0 %,0 %,21,Trädgårdsgatan 8,45131,Uddevalla
Spelkwartier,Spelkwartier,Netherlands,Professional,4837,123932,Outstanding,100 %,0 %,0 %,0 %,11,Steenstraat 4,6828CJ,Arnhem
SpellbookGmbH,Spellbook GmbH,Germany,Professional,1393,661,Outstanding,100 %,0 %,0 %,0 %,8,Mauernstraße 19,29221,Celle
SpellboundGames,Spellbound Games Ltd.,United Kingdom,Professional,3396,147,Outstanding,99 %,1 %,0 %,0 %,16,Arch 4 Angel Lane,SE17 3FR,London
Spellfactory,Jonathan Agorreta,France,Powerseller,11904,81504,Outstanding,99.5 %,0.5 %,0 %,0 %,11,57 place de la bourgade,07260,Joyeuse
Spellslingers,Engen's Cardstock,Norway,Powerseller,23100,223353,Outstanding,100 %,0 %,0 %,0 %,20,Willas Vei 4,3085,Holmestrand
SpellWard,Daniel Král,Czech Republic,Professional,114,420,Outstanding,100 %,0 %,0 %,0 %,14,Husova 406,33401,Přeštice
spelspektakel,Spel & Spektakel AB,Sweden,Professional,2649,1990,Outstanding,100 %,0 %,0 %,0 %,16,Kristinagatan 16,72461,Västerås
spielbrettcoat,Spielbrett.co.at,Austria,Professional,4756,21714,Outstanding,100 %,0 %,0 %,0 %,14,Bergham 21,4891,Pöndorf
Spieledrache,Fuhrmann & Hoppe GbR,Germany,Professional,19321,707,Outstanding,99.5 %,0.5 %,0 %,0 %,18,Pastor-Moritz-Str. 1a,14476,Potsdam
SpieleheldTCG,Andreas Haberl,Austria,Professional,1178,371,Outstanding,100 %,0 %,0 %,0 %,9,Bahnwegsiedlung 5/3,9314,Launsdorf
spieleladen-de,Der andere Spieleladen,Germany,Professional,27650,273411,Outstanding,100 %,0 %,0 %,0 %,13,Prenzlauer Allee 192,10405,Berlin
spielewelt-jung,Spielewelt Jung,Germany,Professional,3982,408,Outstanding,100 %,0 %,0 %,0 %,13,Bellevue 8,23968,Gägelow
Spielewelten-Patrik,Spielewelten Patrik Kondziella,Germany,Professional,448,1114,Outstanding,100 %,0 %,0 %,0 %,8,Joseph-Haydn-Straße 3,79664,Wehr
SpielFilmMusik,SpielFilmMusik,Germany,Powerseller,13649,623,Outstanding,100 %,0 %,0 %,0 %,11,Wünsdorfer Str. 98,12307,Berlin
Spielkultur,Spielkultur,Germany,Professional,2815,2781,Outstanding,100 %,0 %,0 %,0 %,13,Stralsunder Str. 4,16515,Oranienburg
spielraum-bielefeld,Spielraum GmbH,Germany,Professional,1758,148,Very good,98 %,0 %,2 %,0 %,12,Am Sparrenberg 2,33602,Bielefeld
SpielRaum,SpielRaum GmbH,Austria,Powerseller,134700,1028477,Outstanding,99.2 %,0.8 %,0 %,0 %,18,Otto Bauer Gasse 17,1060,Wien
Spielstatt,Spielstatt GmbH,Switzerland,Professional,424,361,Outstanding,100 %,0 %,0 %,0 %,5,Vordere Vorstatt 14,5000,Aarau
squirrelTCG,squirrelTCG,Netherlands,Professional,2128,20636,Outstanding,100 %,0 %,0 %,0 %,16,Sweelinckstraat 45,3314WH,Dordrecht
stahlkarnickel2,Stahlkarnickel,Germany,Professional,7167,4507,Outstanding,100 %,0 %,0 %,0 %,8,Erthalstraße 18,97074,Würzburg
StardustCards,Stardust Cards & Collectibles LTD,United Kingdom,Professional,2298,32710,Outstanding,100 %,0 %,0 %,0 %,14,217 Green Lane,SE9 3TA,London
STARDUSTSHOP,Klaus Jöde,Germany,Powerseller,70955,498306,Outstanding,99.8 %,0.2 %,0 %,0 %,12,Zeppelinstr. 99,70193,Stuttgart
StargateMN,STARGATE MANTOVA,Italy,Professional,17584,4890,Outstanding,100 %,0 %,0 %,0 %,11,Viale col di lana n.25,46100,Mantova
StargateMO,STARGATE MODENA,Italy,Professional,14568,97382,Outstanding,100 %,0 %,0 %,0 %,,"Viale IV Novembre, 2",41123,Modena
starnium,Starnium,France,Professional,109,12241,Outstanding,100 %,0 %,0 %,0 %,9,13 impasse des terres fortes,78490,Mareil le Guyon
starwarsuniverse,Quidvis Universum Limited,United Kingdom,Professional,1708,24,Outstanding,99 %,0 %,1 %,0 %,14,1 High Street,CM9 5PB,Maldon
StarWizard,Star Wizard,France,Professional,2137,18642,Outstanding,100 %,0 %,0 %,0 %,11,44 Avenue du Maréchal Foch,09200,Saint Girons
StayCollected,Stay Collected,Germany,Professional,3894,1804,Outstanding,100 %,0 %,0 %,0 %,11,Sudermannstr. 12,60431,Frankfurt Am Main
STBDavies,Tango Whiskey Games,United Kingdom,Professional,518,196,Outstanding,99 %,0 %,1 %,0 %,12,23 Woodland Park,TQ3 2ST,Paignton
steinewald,Steinewald,Germany,Professional,3,78,,100 %,0 %,0 %,0 %,11,Westerbergstraße 35,38162,Cremlingen
Stormcollectiblesmtg,Daniel Jerónimo,Portugal,Professional,1057,13516,Outstanding,100 %,0 %,0 %,0 %,12,"Rua Jaime Cortesão, Lote 5, 3 Drt",7000-907,ÉVORA
STRANGECOMICS,STRANGE COMICS DI TUMMINO SANTA,Italy,Professional,14125,46332,Outstanding,100 %,0 %,0 %,0 %,14,VIA GIUSEPPE GIUSTI 3,20831,SEREGNO
StrangerMurcia,Stranger Games,Spain,Professional,4429,50318,Outstanding,100 %,0 %,0 %,0 %,9,C/Arquitecto Emilio Pérez Piñero N10 bajo,30007,Murcia
Strategiaetattica,Strategia 2 SRL,Italy,Professional,2096,238185,Outstanding,100 %,0 %,0 %,0 %,12,Via Massaciuccoli 99/A,00199,Roma
StratosGames,Stratos Games,Bulgaria,Professional,4694,432,Outstanding,99 %,1 %,0 %,0 %,12,Poltava 1 G,5000,Veliko Tarnovo
sturlodrillo,Luca Sturlese,Italy,Powerseller,276,89,Outstanding,100 %,0 %,0 %,0 %,18,Nazionale 52,54011,Aulla (ms)
SunGamesCollection,Sunny NAHABEDIAN,France,Professional,5739,3457,Outstanding,98.6 %,1.4 %,0 %,0 %,18,350 RUE ROGER MARTIN DU GARD,83370,SAINT-AYGULF
SunnysCardGame,Souheil Chouki,Germany,Professional,2126,343,Outstanding,100 %,0 %,0 %,0 %,13,Niederberger Höhe 18,56077,Koblenz
SwainCards,Vls Management Commv,Belgium,Professional,127,25,Outstanding,100 %,0 %,0 %,0 %,13,TORTELDREEF 10,2360,OUD-TURNHOUT
sweil,Trade & Treasure,Germany,Professional,136,312,Outstanding,100 %,0 %,0 %,0 %,9,Rehgartenstr 23,35683,Dillenburg
SynMaple,SynMaple Cardtrading,Germany,Professional,5747,16157,Outstanding,100 %,0 %,0 %,0 %,10,Brückenstraße 16,53913,Heimerzheim
T-C-Games,TCGames di Giangeri Mirko,Italy,Professional,1702,23602,Outstanding,100 %,0 %,0 %,0 %,11,Via San Salvatore 13G,52021,Bucine
T-REX-TCG,T-REX TCG S.R.L.,Italy,Professional,758,1762,Outstanding,100 %,0 %,0 %,0 %,14,"Via della Bufalotta, 29",00139,Roma
TabCardS,Hugo TABUTIAUX,France,Professional,3724,1985,Outstanding,100 %,0 %,0 %,0 %,9,56 Chemin de l'estey,33360,LATRESNE
Table-flip,Roman Stärk,Germany,Professional,5326,838,Outstanding,97.9 %,1.6 %,0.5 %,0 %,19,Rosenaustr 51,86150,Augsburg
Table1MTG,Table1MTG,France,Professional,15984,69250,Outstanding,97.6 %,2.4 %,0 %,0 %,19,2 rue John Lennon,95370,Montigny lès Cormeilles
TableFlipGames,TableFlip Games,Netherlands,Professional,2313,1486,Outstanding,100 %,0 %,0 %,0 %,13,Jacob Catsstraat 51,3035PC,Rotterdam
Tableflip,Table Flip,United Kingdom,Professional,9731,34361,Outstanding,100 %,0 %,0 %,0 %,16,158 Stonehouse Drive,TN389DN,East Sussex
TableTaps,TableTaps Ltd,United Kingdom,Professional,206,6196,Outstanding,100 %,0 %,0 %,0 %,12,28 Lord Street,LL11 1LR,Wrexham
Tabletopdominion,Tabletop Dominion LTD,United Kingdom,Professional,53,249,Outstanding,100 %,0 %,0 %,0 %,10,11 Knowl Meadow,BB4 4LW,Rossendale
Tabletopevents,Table Top Events,United Kingdom,Professional,460,474,Outstanding,99.1 %,0 %,0.9 %,0 %,14,The Old Exchange Wellington Court,DE56 1UP,Belper
TabletopFabrication,Jack Render,United Kingdom,Professional,626,2465,Outstanding,100 %,0 %,0 %,0 %,20,Flat 4 Ewewash Works,DE7 8GU,Ilkeston
TabletopSanctum,Tabletop Group Ltd,United Kingdom,Professional,640,529,Outstanding,99 %,1 %,0 %,0 %,16,26a Keyford,BA11 1JS,Frome
TabletopTreasurez,Tabletop Treasurez,Netherlands,Professional,1358,62226,Outstanding,100 %,0 %,0 %,0 %,16,Guido Gezellelaan 116,5051MH,Goirle
TacPlay,TacPlay,France,Professional,5348,6306,Outstanding,99.5 %,0.5 %,0 %,0 %,12,88 rue des rossignols,03100,Montluçon
Tactic-Games,TACTIC GAMES,France,Professional,1906,3064,Outstanding,100 %,0 %,0 %,0 %,12,200 rue de la Croix Nivert,75015,PARIS
TakaraToredo,TakaraToredo,Italy,Professional,9245,9435,Outstanding,99 %,1 %,0 %,0 %,16,via antonio bazzini 34,20131,Milano
Tante-Soeren,Tante-Sören,Germany,Professional,501,422,Outstanding,100 %,0 %,0 %,0 %,11,Rudolf-Breitscheid-Straße 16,16225,Eberswalde
Tap-n-Trade,Tap & Trade Retail Ltd,United Kingdom,Professional,3937,4264,Outstanding,100 %,0 %,0 %,0 %,12,11 Settlers Fields,NN15 6GP,Kettering
TapAndTrade,TapnTrade,Italy,Professional,281,63575,Outstanding,100 %,0 %,0 %,0 %,14,"Via Casal Bianco 34, Int 1 B",00012,"Guidonia Montecelio, RM"
tapone,Tap For One Ltd,United Kingdom,Professional,5016,3964,Outstanding,100 %,0 %,0 %,0 %,12,15 Fanshawe Road,CB1 3QX,Cambridge
TAPPZEIT-SHOP,TAPPZEIT,Germany,Professional,3693,43038,Outstanding,100 %,0 %,0 %,0 %,11,Große Straße 81,27283,Verden
Tavern-of-Souls,Tavern of Souls,Germany,Professional,697,11657,Outstanding,100 %,0 %,0 %,0 %,8,Rappaportstraße 58,45768,Marl
tayloredgames,Taylored Games,United Kingdom,Professional,3171,3162,Outstanding,100 %,0 %,0 %,0 %,14,63 Fore Street,TQ7 1PG,Kingsbridge
TCCdasKartenhaus,TCC - Das Kartenhaus,Germany,Professional,4,950,,100 %,0 %,0 %,0 %,16,Friedensstraße 7a,04758,Cavertitz
TCDreams-Berlin,TC Dreams Berlin,Germany,Powerseller,2578,34028,Outstanding,100 %,0 %,0 %,0 %,11,Vietzer Zeile 26,13509,Berlin
TCG-Bernd,TCG-Bernd - Sascha Müller,Germany,Professional,1902,24564,Outstanding,100 %,0 %,0 %,0 %,11,Otto-v.-Lilienthal-Str. 2,34560,Fritzlar
TCG-BREMEN,TCG Bremen,Germany,Professional,4259,17288,Outstanding,100 %,0 %,0 %,0 %,19,Fährer Straße 5,28755,Bremen
TCG-CARD,TCG-CARD,Belgium,Professional,1555,9416,Outstanding,100 %,0 %,0 %,0 %,12,Rue Du Petit Champ 56,7012,Flenu
TCG-Detsuny,Detsuny,France,Professional,12114,66428,Outstanding,100 %,0 %,0 %,0 %,12,1047 Avenue Du 21 Aout 1944,13400,AUBAGNE
TCG-entertainment,Fantasy Cards,Germany,Powerseller,213217,1133116,Outstanding,99.1 %,0.5 %,0.3 %,0.1 %,21,Franz-Joseph-Str. 11,80801,Munich
Tcg-Essentials,Marco Hektor,Austria,Professional,1772,294,Outstanding,99 %,0 %,1 %,0 %,18,Neubaugürtel 48/18,1070,Wien
TCG-Gamescape-GR,Gamescape TCG Store,Greece,Professional,2148,124,Outstanding,98 %,2 %,0 %,0 %,18,IOANNOY METAXA 10,17343,ATHENS
TCG-International,TCG-International,Germany,Professional,54933,20231,Outstanding,99.9 %,0.1 %,0 %,0 %,13,An der Allee 4,27568,Bremerhaven
TCG-Joker,TCG-Joker,Germany,Professional,1061,1651,Outstanding,100 %,0 %,0 %,0 %,13,Neuteilweg 9,86899,Landsberg
TcG-Love,www.TcG-Love.de,Germany,Professional,4316,129165,Outstanding,100 %,0 %,0 %,0 %,13,Ziegelstraße 10,45663,Recklinghausen
TCG-MultiVerse,Carlos García Ramírez,Spain,Professional,3191,61,Outstanding,100 %,0 %,0 %,0 %,9,"Calle Goya 4, 1C",28807,Alcalá De Henares
TCG-Planet,TCG Planet,Germany,Professional,24644,6660,Outstanding,100 %,0 %,0 %,0 %,11,Eulitzstr. 10,09112,Chemnitz
TCG-Portal,TCG Portal,Germany,Professional,11612,13955,Outstanding,99.8 %,0.2 %,0 %,0 %,16,Hoyerswerdaer Str. 22,01099,Dresden
TCG-Triaden,TCG-Triaden,Germany,Powerseller,3151,6927,Outstanding,99.4 %,0.3 %,0.3 %,0 %,13,Helene-Lange-Weg 1,38228,Salzgitter
TCG2GO,TCG2GO,Germany,Powerseller,190,616,Outstanding,100 %,0 %,0 %,0 %,11,Schützenstr. 41,47829,Krefeld
TCGAcademy,TCGAcademy,Spain,Professional,332,3972,Outstanding,100 %,0 %,0 %,0 %,7,C/Goleta Nº2 Bajo 3,03710,Calpe
TCGAMCY,TCGAMCY,Germany,Professional,149,3,Outstanding,100 %,0 %,0 %,0 %,11,Schwalbenstraße 9,45772,Marl
TCGashford,Parker Games,United Kingdom,Professional,1062,394,Outstanding,100 %,0 %,0 %,0 %,10,2 Chapel Mews,TN24 8JN,Ashford
TCGATZENJENS,An- und Verkauf von Sammelkarten Jens Eckardt,Germany,Powerseller,185156,3415,Outstanding,97.5 %,1.5 %,0.8 %,0.2 %,17,Sonneberger Straße 20,06116,Halle/Saale
TCGBandits,TCG Bandits,Belgium,Professional,59,4603,Good,100 %,0 %,0 %,0 %,10,Platijn 13,1730,Asse
TCGBrugialdi,TCGBrugialdi,Italy,Professional,138,290,Outstanding,99 %,1 %,0 %,0 %,14,"Via San Martino della Battaglia,10",21052,Busto Arsizio
tcgcardsuk,TCG Cards,United Kingdom,Professional,32634,336282,Outstanding,99.4 %,0.2 %,0.4 %,0 %,12,13 West Street,S70 5PF,BARNSLEY
TCGDen,TCG Den,Portugal,Professional,16900,380590,Outstanding,99 %,1 %,0 %,0 %,25,"Urbanização dos Piornais, R. dos Piornais 10 R/C - A",9000-679,Funchal
TCGEmporium,TCG Emporium,United Kingdom,Professional,5969,83103,Outstanding,100 %,0 %,0 %,0 %,16,17 Castburn Road,G67 3DG,Cumbernauld
tcgenerations,Card Shop SNC,Italy,Professional,736,833,Outstanding,100 %,0 %,0 %,0 %,15,via montebello 18,27058,voghera
TCGEnte,Marko Lubec,Germany,Professional,1128,13541,Outstanding,100 %,0 %,0 %,0 %,8,Hoherodskopfstraße 11,61169,Friedberg
TcgFoilAndFate,Patrizia Vaccarini,Italy,Powerseller,430,56886,Outstanding,100 %,0 %,0 %,0 %,16,Via Augusto Vanzetti 62,05100,Terni
tcgforeningen,TCG Foreningen,Norway,Professional,384,4501,Outstanding,100 %,0 %,0 %,0 %,14,Østre Strandvei 83,3482,Tofte
TCGGear,TCG Gear Ltd,United Kingdom,Professional,2348,63018,Outstanding,100 %,0 %,0 %,0 %,12,Autumn Drive,S667DZ,Rotherham
TCGGold-Cards,Bickmann & Janßen GbR,Germany,Professional,30547,1067,Outstanding,98 %,2 %,0 %,0 %,19,Salzstraße 35,48143,Münster
TCGHive,TCGHive,Germany,Professional,137,4445,Outstanding,100 %,0 %,0 %,0 %,9,Wichernstr. 6,47807,Krefeld
TCGinternational,Joffrey Angevare,Netherlands,Professional,1351,116,Outstanding,100 %,0 %,0 %,0 %,11,Ooievaarstraat 123,1781VM,Den Helder
TCGLaden,Spielregal Farkas,Switzerland,Professional,3233,12513,Outstanding,100 %,0 %,0 %,0 %,5,In Der Ey 52,8047,Zürich
TCGLigaMurten,TCG Liga Murten,Switzerland,Professional,12627,5389,Outstanding,99.3 %,0 %,0.7 %,0 %,9,Baslerstrasse 174,4632,Trimbach
TCGLoveOpenings,Stanislaw Jemeljanow,Germany,Professional,5376,969,Outstanding,100 %,0 %,0 %,0 %,13,Ginnheimer Landstraße 182,60431,Frankfurt
TCGPoint,"KUMU, s. r. o.",Slovakia,Professional,1142,1886,Outstanding,98.9 %,1.1 %,0 %,0 %,21,Juzna Trieda 4b,04011,Košice
TCGpremiumLLC,TCG PREMIUM LLC,Slovenia,Powerseller,46,1232,Good,100 %,0 %,0 %,0 %,9,Barjanska cesta 80,1000,Ljubljana
tcgrealestate,Tcgrealestate Ltd,United Kingdom,Professional,15990,1067,Outstanding,100 %,0 %,0 %,0 %,,53 Rowan Lane,PL14 6FG,Liskeard
TCGs-At-Hart,TCGS@HART Ltd,United Kingdom,Professional,1157,31694,Outstanding,99.6 %,0 %,0.4 %,0 %,11,7-9 Victoria Road,TS24 7SE,Hartlepool
TCGSchweiz,André Schwarz PrintHouse Schwarz,Switzerland,Professional,1327,6073,Very good,96 %,3 %,1 %,0 %,11,Buchholzstrasse 43,3604,Thun
TCGSHOPDE,Trading Card Shop,Germany,Professional,855,84,Outstanding,100 %,0 %,0 %,0 %,11,Akazienstrasse 27,65933,Frankfurt Am Main
TcgSouth,TCG SOUTH AS,Norway,Professional,590,30896,Outstanding,100 %,0 %,0 %,0 %,13,Kirkegaten 11,4878,Grimstad
TCGstarsNL,TCG Stars,Netherlands,Professional,29,1665,Good,100 %,0 %,0 %,0 %,13,Komijnweg 30,3541RK,Utrecht
TCGWarehouse,TCG Warehouse Kai Schmidt,Germany,Powerseller,38034,44573,Outstanding,100 %,0 %,0 %,0 %,16,Gutenbergplatz 1,04103,Leipzig
TcgWorldMeyer,TCG-World Meyer,Germany,Professional,2038,1293,Outstanding,100 %,0 %,0 %,0 %,16,Hatterather Weg 54,52511,Geilenkirchen
TCS-COLLECTIBLE,TCS COLLECTIBLE,Italy,Professional,294,55,Very good,97 %,1 %,2 %,0 %,21,VIA ROMA 25,26863,ORIO LITTA
Team-Samuringer,Team-Samuringer,Germany,Professional,1914,34,Very good,98 %,0 %,2 %,0 %,,Dr.-Gilles-str. 24,52249,Eschweiler
teddy82,Teddy Campourcy,France,Professional,6285,7645,Outstanding,100 %,0 %,0 %,0 %,12,14 RUE DE LA PASSERELLE,82100,CASTELSARRASIN
TEMPEST-STORE,TEMPEST STORE SL,Spain,Powerseller,153713,2664578,Outstanding,99.4 %,0.4 %,0.2 %,0 %,10,"CALLE TIMOTEO DOMINGO, 17, LOCAL",28017,Madrid
templars-arena,Templars Arena Gamecenter,Portugal,Professional,398,6898,Outstanding,99 %,1 %,0 %,0 %,9,"Urbanização Universidade Católica Lote 30, Bloco D, Fracção AB",2635-631,Rio de Mouro
TemploWargames,Templo Wargames,Spain,Professional,166,492,Outstanding,100 %,0 %,0 %,0 %,8,Mariana de Arteaga 38 Bajo,11100,San Fernando
TemposGames,Tempos Games,Portugal,Professional,8744,164489,Outstanding,100 %,0 %,0 %,0 %,8,Lisboa,1500-295,Lisboa
TesoroDragon,El Tesoro del Dragon Blanco,Spain,Professional,10886,41714,Outstanding,99.2 %,0.4 %,0.4 %,0 %,10,Aprestadora 110 Local 2,08902,Hospitalet de Llobregat
Testzone,Julian Lauer,Germany,Professional,1604,5873,Outstanding,100 %,0 %,0 %,0 %,8,Hainbuchweg 4,35112,Fronhausen
The-Archivist,The Archivist Tavern,Netherlands,Professional,4,40847,,,,,,0,Burgemeester Van Altenastraat 15,4001VB,Tiel
The-Artifact,Artifact,Germany,Professional,6590,7539,Outstanding,100 %,0 %,0 %,0 %,11,An der Schmiede 4,34346,Hann. Münden
The-Collectible,Cesar De Freitas,Spain,Professional,1038,14959,Outstanding,100 %,0 %,0 %,0 %,9,Paseo Anelier 10 2A,31014,Pamplona
The-Games-Table,The Games Table Ltd,United Kingdom,Professional,2847,39264,Outstanding,100 %,0 %,0 %,0 %,11,4 Lone Barn Road,NR7 8HZ,Norwich
The-Inn-TCG,The Inn TCG,Germany,Powerseller,65207,882797,Outstanding,99.8 %,0.1 %,0.1 %,0 %,16,Schloßplatz 13,09113,Chemnitz
The-Magic-Hamster,Paavo Sattler,Germany,Professional,9429,86727,Outstanding,99.5 %,0.5 %,0 %,0 %,16,Gerberstraße 2,73650,Winterbach
The-Nerdy-Crab,The Nerdy Crab,Netherlands,Professional,2142,52132,Outstanding,100 %,0 %,0 %,0 %,13,Oliemolensingel 9,7511BA,Enschede
The-TCG-Vault,Trust di Sicue Victor Constantin,Italy,Professional,412,248,Outstanding,100 %,0 %,0 %,0 %,11,Via Feronia 92,00157,Roma
TheAnnexV2,The Annex V2 Limited,United Kingdom,Professional,975,22100,Outstanding,100 %,0 %,0 %,0 %,10,9 Edgebank Ave,BD6 2SW,Bradford
TheArc-hive,Sonny Rodemann,Germany,Professional,407,598,Outstanding,100 %,0 %,0 %,0 %,8,Straße Der Jugend 116,03046,Cottbus
TheArena,The Arena,Germany,Professional,22793,61686,Outstanding,99.4 %,0.3 %,0.3 %,0 %,19,Tränktorstr. 14,85049,Ingolstadt
TheBigBangGames,The Big Bang Games,Spain,Professional,48,611,Very good,95.4 %,2.3 %,2.3 %,0 %,12,C/ Entre Arroyos 1 Local 6,28030,Madrid
TheBrickHut,Lincoln Imp Bricks - The Brick hut,United Kingdom,Professional,134,523,Outstanding,100 %,0 %,0 %,0 %,12,13 High Street,DN214LZ,Gainsborough
TheCardboardCitadel,TheCardboardCitadel,Netherlands,Professional,529,9979,Outstanding,100 %,0 %,0 %,0 %,11,Mare 67,2642KA,Pijnacker
TheCardCitadel,The Card Citadel,Netherlands,Powerseller,706,2645,Outstanding,99 %,1 %,0 %,0 %,13,Vikna 14,9685HD,Blauwstad
TheCardShopBHM,Gallifrey Games ltd,United Kingdom,Professional,163,11,Outstanding,100 %,0 %,0 %,0 %,12,18B Hall Street,B18 6BS,Birmingham
TheDiceCup,The Dice Cup,United Kingdom,Professional,6295,1805,Outstanding,99.6 %,0.4 %,0 %,0 %,12,68-70 Mansfield Road,NG1 3GY,Nottingham
TheGoldenRabbit,THE GOLDEN RABBIT S. L.,Spain,Professional,10770,23879,Outstanding,98.8 %,0.6 %,0.6 %,0 %,10,"Av/ De La Paz 5 Bloque 6, Portal 1, 4º U",29631,Benalmádena
TheJungleManufactory,The Jungle Manufactory,Belgium,Professional,105,734,Outstanding,100 %,0 %,0 %,0 %,12,Rue Général Leman 11,4430,Ans
thekingofgamesUD,The King of Games snc,Italy,Professional,31654,1083,Very good,98.2 %,0.6 %,0.6 %,0.6 %,21,"Via Aquileia, 15/a",33100,Udine
thelotusmarket,Rui De Freitas,Portugal,Professional,7212,118527,Outstanding,100 %,0 %,0 %,0 %,7,Avenida Almirante Reis 193 Lj,1000-048,Lisboa
TheMagicCardTraderUK,Joseph McInally,United Kingdom,Professional,4117,13664,Outstanding,100 %,0 %,0 %,0 %,10,"Burbage, Hinckley",LE10 2FJ,---
TheMagicPlace,Steven Töpperwein,Germany,Professional,4023,204084,Outstanding,100 %,0 %,0 %,0 %,11,Postfach 1825,38008,Braunschweig
TheManaNexus,ManaNexus,Netherlands,Professional,738,26809,Outstanding,97 %,2 %,1 %,0 %,20,Wassenaer van obdamstraat 37,3143KK,Maassluis
TheMindSculptor,David Gomez Maceira,Spain,Professional,31852,73976,Outstanding,98.6 %,0.9 %,0.5 %,0 %,10,Agro do medio,15895,Milladoiro
theNecromancer,theNecromancer Card Trading Austria,Austria,Powerseller,19960,120440,Outstanding,100 %,0 %,0 %,0 %,14,Oberer Ulmenweg 8a,8073,Feldkirchen bei Graz
TheNextGeneration,The Next Generation LTD,Bulgaria,Powerseller,12144,7994,Outstanding,100 %,0 %,0 %,0 %,24,ul. Krivina 30,1574,Sofia
TheNoenoevault,The Noenoevault,Netherlands,Professional,720,1820,Outstanding,100 %,0 %,0 %,0 %,11,Molendijk 1,3295LD,‘s Gravendeel
ThePokeCardExpert,Fabian Lenhardt,Germany,Professional,1099,5031,Outstanding,100 %,0 %,0 %,0 %,16,Ringstraße 15,73072,Donzdorf
thermador,"SAS Untap, Upkeep, Draw",France,Professional,3806,66283,Outstanding,99 %,0 %,1 %,0 %,15,"17, Rue Du Paincourt",36000,Châteauroux
TheStufforium,Stuffhere Projects LTD,United Kingdom,Professional,64,50,Outstanding,100 %,0 %,0 %,0 %,8,6 Thomas Edward Coard Building,SN2 8AB,Swindon
TheTCGee,TheTCGee Ltd,United Kingdom,Professional,2263,9348,Outstanding,100 %,0 %,0 %,0 %,12,23 Hood Close,NG34 7WJ,Sleaford
TheTotems,Content Creator Totems,Germany,Professional,521,17,Outstanding,100 %,0 %,0 %,0 %,11,Maximilianstr. 39,76767,Hagenbach
THETOYMOON,The Toy Moon Ltd,United Kingdom,Professional,1650,1673,Outstanding,100 %,0 %,0 %,0 %,20,5B New Road,SN15 1EL,Chippenham
TheUpkeep,TheUpkeep.nl,Netherlands,Professional,527,21040,Outstanding,100 %,0 %,0 %,0 %,9,Brinkstraat 97,7512EC,Enschede
TheVenuePlymouth,The Venue Plymouth Limited,United Kingdom,Professional,38222,51280,Outstanding,99.7 %,0 %,0.3 %,0 %,16,Beaumont Road,PL4 9AZ,Plymouth
thionaMTG,ThionaStore,Spain,Professional,2772,83717,Outstanding,100 %,0 %,0 %,0 %,7,Apartado De Correos 255,28922,Alcorcón
Thokoashi,Magic Akiba,Italy,Powerseller,9178,40271,Very good,97.5 %,1 %,1.5 %,0 %,23,Via Togliatti 86,22066,Mariano Comense (Como)
thoseb,Internethandel Thomas Sebastian,Germany,Professional,24513,118919,Outstanding,100 %,0 %,0 %,0 %,11,Wipperweg 1,06122,Halle (Saale)
ThoxOne,Christian Krassnig,Austria,Professional,907,9302,Outstanding,100 %,0 %,0 %,0 %,14,Akazienhofstraße 79,9020,Klagenfurt
ThreeForOne-AT,Three for One Trading GmbH,Austria,Powerseller,317522,643938,Outstanding,99.6 %,0.3 %,0.1 %,0 %,17,Neulerchenfelder Straße 76,1160,Wien
TiendaMulligan,"TiendaMulligan, S.L.",Spain,Professional,5589,5163,Outstanding,97.5 %,1.7 %,0.8 %,0 %,13,"Calle Jaén 3, Local 4 (enfrente de Desigual)",29004,Málaga
Tier1MTG,Tier1MTG,Denmark,Powerseller,48221,829277,Outstanding,100 %,0 %,0 %,0 %,10,Vipperød Byvej 8A,4390,Vipperød
Tierra616,Tierra616,Spain,Professional,183,3110,Outstanding,100 %,0 %,0 %,0 %,7,"Calle De Linares, 24, 2",47010,Valladolid
tigre90,Emanuele Di Gregorio,Italy,Professional,1599,21763,Outstanding,100 %,0 %,0 %,0 %,14,Sant'Evasio 12,15076,Ovada
Timbuktu-Mtg,Michał Lorenc,Poland,Professional,760,17283,Outstanding,100 %,0 %,0 %,0 %,13,Lentza 35/87,02-956,Warsaw
TimD,Dantim Games,Germany,Professional,19495,180838,Outstanding,100 %,0 %,0 %,0 %,16,Siechenhausweg 13,63741,Aschaffenburg
Time4Magic,Time4Magic S.C.,Poland,Professional,8540,75588,Outstanding,100 %,0 %,0 %,0 %,25,Legnicka 49D,54-203,Wrocław
Timetwistergames,Marco Mancassola,Italy,Professional,6685,53373,Outstanding,98 %,2 %,0 %,0 %,27,Via Roen 9,39100,Bolzano
TimeVaultTCG,TimeVault TCG,France,Professional,1592,44893,Outstanding,98 %,2 %,0 %,0 %,14,1 Allée Louis Nabarrot,64450,THEZE
TirabassiEmidio,Tirabassi Emidio,Italy,Professional,1275,1706,Outstanding,100 %,0 %,0 %,0 %,11,"Di Vittorio, 24",63079,Colli Del Tronto
TK-Cards,Toon Kingdom di Torrisi Claudio,Italy,Professional,5778,1347,Outstanding,99 %,1 %,0 %,0 %,18,Via Renato Fucini 8,95126,Catania
TLink,Timo Schlangenotto,Germany,Professional,6924,7739,Outstanding,100 %,0 %,0 %,0 %,13,Helene-Brehm-Weg 21a,31737,Rinteln
Tmac1982,Tmacs TCG Online,Germany,Professional,511,130,Outstanding,100 %,0 %,0 %,0 %,11,Albert-Moser  Str. 67,71394,Kernen
TN-Shop,Timon Nitsch,Germany,Professional,3132,2038,Outstanding,99 %,1 %,0 %,0 %,16,Emsdettener Str. 10,48268,Greven
TNT-Bakery,Elevani bv,Belgium,Professional,180,47,Outstanding,100 %,0 %,0 %,0 %,14,Gistelse Steenweg 136,8200,Brugge
ToadsTCG,Toad’s TCG LTD,United Kingdom,Professional,885,1858,Outstanding,100 %,0 %,0 %,0 %,16,49 Fairfield Road,FY1 2RA,Blackpool
TobiasGraefensteiner,Tobias Gräfensteiner,Germany,Powerseller,15132,27956,Outstanding,100 %,0 %,0 %,0 %,11,Waldstr. 22,91362,Pretzfeld
Tobii,TOA Cards,Belgium,Professional,277,28333,Very good,98 %,2 %,0 %,0 %,16,Hugo Verriestlaan 9 Bus 0302,3000,Leuven
TobsterToys,Tobias Schinke,Germany,Powerseller,626,6399,Outstanding,100 %,0 %,0 %,0 %,11,Büdericher Str. 7,46286,Dorsten
Togeshii,Nicole Pfeifer,Germany,Professional,1427,683,Outstanding,100 %,0 %,0 %,0 %,11,Im Hirtengrund 8,64297,Darmstadt
tokapite,Dinan TCG,France,Professional,51,710,Outstanding,100 %,0 %,0 %,0 %,11,A22 Résidence Falidor,22100,Dinan
TokioCantillana,Tokio Cantillana,Spain,Powerseller,9433,441500,Outstanding,100 %,0 %,0 %,0 %,8,"Calle Murillo, 16",41320,Cantillana (Sevilla)
TokyoMTG,TokyoMTG Deutschland GmbH,Germany,Powerseller,133602,349939,Outstanding,99.7 %,0.3 %,0 %,0 %,18,Böhmerstr. 32,54290,Trier
TolariaGames,Giovanni Rinaldi,Italy,Professional,1960,11862,Outstanding,100 %,0 %,0 %,0 %,16,Via Parini 54,84091,Battipaglia (SA)
TolarianAcademy,Tolarian Academy,Italy,Professional,13535,439709,Outstanding,100 %,0 %,0 %,0 %,18,Via Bari 30,65010,Spoltore
TomodachiMangaStore,Antonino Leotta,Italy,Professional,57,29,Outstanding,100 %,0 %,0 %,0 %,18,Corso Sicilia 26,95024,Acireale
Topdeck-Belgium,CFlex Consulting SRL,Belgium,Professional,20,175,Good,100 %,0 %,0 %,0 %,10,Rue De Saintes 57,1430,Quenast
TopDeckESP,TopDeck,Spain,Professional,215,213,Very good,97 %,1 %,2 %,0 %,9,"Calle del Cardenal Silíceo, 17, Chamartín, 28002 Madrid",28002,Madrid
topdeckgaming,Topdeck Gaming,Netherlands,Professional,510,3272,Outstanding,100 %,0 %,0 %,0 %,13,handellaan 48,2671VD,naaldwijk
TopdeckOff,Topdeck,France,Professional,1102,2262,Outstanding,100 %,0 %,0 %,0 %,11,140 rue de la Gare,30310,Vergèze
TOPGAMESSRLS,TOPGAMES SRLS,Italy,Professional,3359,20117,Outstanding,100 %,0 %,0 %,0 %,22,Via Valtriano 57,56043,Valtriano(PI)
TopNard,Bottega Fatua,Italy,Professional,7034,78756,Good,93.5 %,2.9 %,3.6 %,0 %,47,Vicenza 154,36077,Altavilla Vicentina (VI)
TopTierGamingUK,Top Tier Gaming,United Kingdom,Professional,1890,76,Outstanding,99.6 %,0.4 %,0 %,0 %,18,22 St. Johns Road,BA11 2BA,Frome
Torchrunner,Tobias Niemeyer,Germany,Professional,1086,5311,Outstanding,100 %,0 %,0 %,0 %,13,Schlehenweg 7,31535,Neustadt Am Rübenberge
TorinoMTG,Pierre Gruson,France,Professional,4008,34443,Outstanding,100 %,0 %,0 %,0 %,12,8 rue fernand villard,23300,La souterraine
TotalCardsUK,Total Cards LTD,United Kingdom,Professional,1351,57970,Outstanding,97.1 %,2.9 %,0 %,0 %,12,6 Maple Way,DL56BF,Newton Aycliffe
ToToCards,Torsten Weierstall,Germany,Professional,758,481,Outstanding,100 %,0 %,0 %,0 %,11,Albertstr. 21,79787,Lauchringen
Towergaming,TowerGaming,Netherlands,Professional,372,404,Outstanding,98 %,2 %,0 %,0 %,15,Verlaatseweg 219b,8331PB,Steenwijk
Towerseller,Towerseller,Italy,Powerseller,11360,35707,Outstanding,98 %,2 %,0 %,0 %,25,Via G.marconi 6,27049,Stradella (PV)
TOY-STORAGE,TOY-STORAGE,Germany,Powerseller,2512,913,Outstanding,100 %,0 %,0 %,0 %,11,Ottostr. 6,40625,Düsseldorf
toycastle-D,toycastle KG,Austria,Powerseller,30145,69254,Outstanding,99.6 %,0 %,0.4 %,0 %,14,Kirschentheuer 51,9162,Strau
toycastle,toycastle KG,Austria,Powerseller,15449,125595,Outstanding,100 %,0 %,0 %,0 %,15,Kirschentheuer 51,9162,Strau
ToyDealer,Roses and Tea S.n.c.,Spain,Professional,363,389,Outstanding,98 %,1 %,1 %,0 %,9,Avenida Camaron de la Isla 10 - Timbre 111,29016,Malaga
ToyHunterVTG,Toy Hunter VTG,France,Professional,6922,89606,Very good,96 %,2 %,2 %,0 %,12,4 rue du chai,49112,pellouailles les vignes
Toysnloot,Toys'N'Loot,Denmark,Professional,1179,406,Very good,96 %,4 %,0 %,0 %,9,Ny Erlevvej 30D,6100,Haderslev
ToyStore54,Mike Jaun,Switzerland,Professional,1990,22119,Outstanding,100 %,0 %,0 %,0 %,5,Kirchweg 15,5420,Ehrendingen
ToyTonys,Nerd Funny Games,Switzerland,Professional,89,272,Outstanding,100 %,0 %,0 %,0 %,9,Via Alle Pezze 15,6950,Tesserete
TPL1989,Tobias Lücke,Germany,Professional,6978,43580,Outstanding,99.4 %,0.6 %,0 %,0 %,16,Overbergstraße 27,48145,Münster
TradeInCards,TradeInCards,Germany,Professional,306,106,Outstanding,100 %,0 %,0 %,0 %,11,Wiebringhausstraße 13,45896,Gelsenkirchen
Trademania,Trademania,Germany,Powerseller,2305,10282,Outstanding,100 %,0 %,0 %,0 %,16,Heinrich-Pesch-str. 111,41239,Mönchengladbach
TRADER-Online,Trader GmbH,Germany,Professional,18133,13581,Outstanding,100 %,0 %,0 %,0 %,14,Carl-Benz-Str. 15-17,48734,Reken
TradersBazaar,“Trader’s Bazaar”,Italy,Professional,2027,22716,Outstanding,99 %,0 %,1 %,0 %,21,Via Cassia 907,00189,Roma
TradingCardCenter,TradingCardCenter,United Kingdom,Professional,2562,2782,Outstanding,99.3 %,0.5 %,0 %,0.2 %,18,11 Canning Town,E16 4JJ,London
TradingCardGenie,Trading Card Genie,Netherlands,Professional,1297,17147,Outstanding,100 %,0 %,0 %,0 %,11,Stellingmolen 17,3352BB,Papendrecht
TradingCardPlanet,Trading Car Planet Ltd,United Kingdom,Professional,1463,1819,Outstanding,100 %,0 %,0 %,0 %,16,3 Ogilvie Way,EH54 8HL,Livingston
TradingCardsSpiele,Trading Cards und Spiele,Germany,Professional,5059,8912,Outstanding,100 %,0 %,0 %,0 %,11,Mecklenburgring 43,19406,Sternberg
TradingCardsUnited,Trading Cards United,Austria,Professional,22910,429830,Outstanding,99.2 %,0.8 %,0 %,0 %,18,Münzgrabenstraße 10,8010,Graz
tradingoutpost,Huchtis Trading Outpost - Jens Huchthausen,Germany,Professional,16721,56774,Outstanding,99.4 %,0.6 %,0 %,0 %,10,Adenauerring 22a,64823,Groß-Umstadt
trapcardtcg,TrapCardTCG,Portugal,Professional,1087,7890,Outstanding,100 %,0 %,0 %,0 %,9,"Rua Da Vilarinha, 1º Andar 539",4100-515,Porto
Treasure-Cards,Treasure Cards,Germany,Professional,3831,89314,Outstanding,100 %,0 %,0 %,0 %,13,An Der Breede 4,49525,Lengerich
Treasure-Troves,Treasure Troves,United Kingdom,Professional,714,4630,Outstanding,100 %,0 %,0 %,0 %,12,104 Wolverham Rd.,CH655BY,Ellesmere Port
TrenoCards,Frank Höfler,Germany,Powerseller,1831,369,Outstanding,100 %,0 %,0 %,0 %,11,Teplitzer Str. 43,01219,Dresden
TriadStore,Lorenzo D'Ausilio,Italy,Professional,174,2218,Outstanding,100 %,0 %,0 %,0 %,14,Viale Guglielmo Marconi 42,57125,Livorno
TricksUpMySleeves,Nico Schaper,Germany,Powerseller,6284,1550,Outstanding,100 %,0 %,0 %,0 %,16,Klabundestr. 3a,30627,Hannover
TRIcollectibles,TRI Collectibles Sedat Dilbaz,Switzerland,Professional,5548,7196,Outstanding,100 %,0 %,0 %,0 %,12,Lichtstrasse 13,4056,Basel
TridentCards,TridentCards Limited,United Kingdom,Professional,1984,394,Outstanding,99.5 %,0.5 %,0 %,0 %,18,18 Commercial Road,NG6 8HA,Nottingham
triguetech,"Triguetech, la tienda del pirata",Spain,Professional,395,3448,Outstanding,99 %,1 %,0 %,0 %,8,C/Beas 16,21620,Trigueros
TrinketMage,Trinket Mage - Martin Martin,Germany,Professional,37495,196403,Outstanding,99.6 %,0.3 %,0.1 %,0 %,21,Ludwigstraße 76,82467,Garmisch-Partenkirchen
TriosGames,TriosGames KG,Austria,Powerseller,12888,11385,Outstanding,99.2 %,0.8 %,0 %,0 %,11,Göttelsberg 337/1,8160,Mortantsch
Triplacegames,Triplace Games,Portugal,Professional,28070,947642,Outstanding,100 %,0 %,0 %,0 %,18,"Rua do mirante 11-A, R/C",2910-609,setubal
TroleDeJeux,TROLE DE JEUX,France,Professional,3611,25849,Outstanding,98 %,2 %,0 %,0 %,16,5 Rue Saint Luc,36000,Châteauroux
Troubajoueurs-CCG,Les Troubajoueurs,France,Professional,3809,55138,Outstanding,100 %,0 %,0 %,0 %,11,37 Rue Valentin Bernard,33710,Bourg
TroySeinTCG,TroySein TCG,Germany,Professional,186,1404,Outstanding,100 %,0 %,0 %,0 %,8,Am Rathaus 8,10825,Berlin
Tryllepapp,Tryllepapp AS,Norway,Professional,2462,37594,Outstanding,100 %,0 %,0 %,0 %,20,Underlia 6,3021,Drammen
TsunamiComics,TSUNAMI COMICS,Italy,Powerseller,247,947,Outstanding,100 %,0 %,0 %,0 %,11,Via Gorizia 5a,10043,Orbassano (TO)
Tsundokucomics,Tsundoku comics srl,Italy,Powerseller,194,1256,Outstanding,100 %,0 %,0 %,0 %,18,Via Brennero 65,37026,Pescantina
TURBOFOIL,Jan Hendrik Pries Einzelunternehmer,Germany,Powerseller,960,6497,Outstanding,100 %,0 %,0 %,0 %,10,Zimmerstraße 23,10969,Berlin
TutorialStores,Tutorial,Greece,Professional,207,16338,Outstanding,100 %,0 %,0 %,0 %,13,Mitropolitou Chrisanthou 20,55132,Thessaloniki
twentyfive25,Twentyfive,Italy,Professional,1636,1692,Outstanding,99.7 %,0.3 %,0 %,0 %,19,Via Umberto Boccioni 37,87036,Rende (CS)
Twoshop,IEF,Spain,Professional,2685,10084,Outstanding,99 %,1 %,0 %,0 %,7,"C/ Gavilanes 1, B1",28035,Madrid
Tycobrain,Tycobrain Games & Trading,Sweden,Professional,2365,52801,Outstanding,99 %,1 %,0 %,0 %,14,Vigatan 1,81630,Ockelbo
TypmitKarten,Justin Howell,Germany,Professional,295,877,Outstanding,100 %,0 %,0 %,0 %,11,Europaring 90,53757,Sankt Augustin
Tysonater,Card Candy,United Kingdom,Professional,3095,85335,Outstanding,100 %,0 %,0 %,0 %,18,15 Elmwood Road,TS16 0AQ,Stockton On Tees
TyzefTCG,Willliam Gouzien,France,Professional,47,55,Outstanding,100 %,0 %,0 %,0 %,12,15 Rue Jeanne Maistre,29200,BREST
UltimateRoma,Danilo Di Renzo,Italy,Professional,206,4166,Outstanding,100 %,0 %,0 %,0 %,16,VIALE ITALIA 63,00055,Ladispoli
UltraDennis,De Gouden Geit,Netherlands,Professional,349,4010,Outstanding,100 %,0 %,0 %,0 %,11,Plattenberg 7,3951AN,Maarn
UnionCountyGames,Union County Games,United Kingdom,Powerseller,34533,600,Outstanding,100 %,0 %,0 %,0 %,14,"21 Whipton Village Road, Whipton",EX48AN,EXETER
UpKeep25,Melassa Gate SRLS,Italy,Professional,227,11969,Outstanding,100 %,0 %,0 %,0 %,11,"Via Unione, 26/A",22072,Cermenate
UrbanCardsMTG,Javier Hernandez Diaz-Naranjo,Spain,Professional,3877,22490,Outstanding,99.3 %,0.7 %,0 %,0 %,8,"Avenida Alfonso X El Sabio, 11",13001,ciudad real
Urzas-Consulting,Urza's Consulting SRL,Italy,Professional,473,5003,Outstanding,100 %,0 %,0 %,0 %,27,Via brigata Reggio 24,42124,Reggio Emilia RE
Utopia-Store,Utopia GmbH,Germany,Professional,1682,217444,Outstanding,98.7 %,1.1 %,0.2 %,0 %,24,Werdohler Straße 10,58511,Lüdenscheid
Uzutcg,uzutcg,Spain,Powerseller,824,148,Outstanding,100 %,0 %,0 %,0 %,8,Lugar A Baixa 33,15687,Trazo (Santa Maria)
VadorTCG,VadorTCG,Germany,Professional,691,12,Outstanding,99 %,1 %,0 %,0 %,13,Weidachweg 1,82467,Garmisch-Partenkirchen
ValhallaTCG,SARL Ragnar'Ork,France,Professional,14002,36019,Outstanding,99.6 %,0.4 %,0 %,0 %,16,29 cours gabriel fauré,09000,Foix
Valudique,Le Grimoire du Jeu,France,Professional,755,1181,Outstanding,100 %,0 %,0 %,0 %,11,3 Cité Chabert,26000,Valence
Valums-Wunderland,Valums Wunderland,Germany,Professional,21298,649623,Outstanding,100 %,0 %,0 %,0 %,16,Angerhauser Str 47,47259,Duisburg
VaroCorp,VaroCorp,Spain,Professional,1546,784,Outstanding,99 %,0.3 %,0.7 %,0 %,9,Avenida Parménides 13 Apartado de Correos 205,29010,Málaga
Vault-TCG,VAULT TCG,United Kingdom,Professional,3419,168614,Outstanding,100 %,0 %,0 %,0 %,12,"301 The Boathouse, Ocean Drive",ME71FT,Gillingham
vaultofcards,Ian Hepworth,United Kingdom,Professional,7983,141661,Outstanding,100 %,0 %,0 %,0 %,14,26 High Street,YO13 9AE,Scarborough
VegaCards,Vincent Fournier,France,Powerseller,875,1146,Outstanding,100 %,0 %,0 %,0 %,11,"5 Rue Du Sabotier, Nadaillat",63122,St Genès Champanelle
VeiSpot,VEIMAN O.E,Greece,Professional,883,18442,Outstanding,100 %,0 %,0 %,0 %,20,Karterados -,84700,Santorini
Velexx,Alex Hollay,Germany,Powerseller,20390,112979,Outstanding,99.9 %,0 %,0.1 %,0 %,16,Rotweg 5/2,71069,Sindelfingen-Darmsheim
VendorsMark,Vendor's Mark LTD,Bulgaria,Professional,1154,18,Outstanding,100 %,0 %,0 %,0 %,16,boul. Skobelev 4,7000,Ruse
VENIVIDI,VENI VIDI,France,Professional,5969,139,Outstanding,100 %,0 %,0 %,0 %,12,22 rue de la République,84310,MORIERES-LES-AVIGNON
Ventura-Games,Ventura Games,Portugal,Powerseller,55044,351914,Outstanding,100 %,0 %,0 %,0 %,13,Avenida Alfredo da Silva nº 13 R/C Loja,2830-302,Barreiro
VeryImportantPlayers,Very Important Players,Spain,Powerseller,2742,1451,Outstanding,100 %,0 %,0 %,0 %,9,MÚSICO JOSE ÁYALA CANTÓ Nº4 6E,18005,GRANADA
Vier-Winde,Sven Th. Stich Zu den vier Winden,Germany,Professional,4038,316,Outstanding,100 %,0 %,0 %,0 %,13,Hofsteder Str. 94,44809,Bochum
VIPco,Simon Schaub,Germany,Professional,308,868,Outstanding,100 %,0 %,0 %,0 %,11,Schwalbenweg 1,67454,Haßloch
visionaryplayer,Hermetic Dragon LDA,Portugal,Professional,3085,1821,Outstanding,100 %,0 %,0 %,0 %,7,"Estrada da Fonte Nova N56, Carrasqueiro",2630-199,Arruda dos Vinhos
ViSsi-Cards,Salzmann Cardtrading GbR,Germany,Professional,843,1431,Outstanding,100 %,0 %,0 %,0 %,11,Leithe 17,96120,Bischberg
VitalForceGaming,Vital Force Gaming,United Kingdom,Professional,27895,95361,Outstanding,100 %,0 %,0 %,0 %,12,PO Box 13655,CM8 9ET,Witham
VitaSprintxd,Christopher Bender,Germany,Professional,171,1053,Outstanding,100 %,0 %,0 %,0 %,11,Birkenweg 3,53757,Sankt Augustin
VitruvianGames,Vitruvian Freaks,Spain,Professional,5341,35760,Outstanding,100 %,0 %,0 %,0 %,9,"Calle  Fontanars Dels Alforins 33, puerta 29",46014,Valencia
voidmarket,Andrea Margara,Italy,Professional,5142,38987,Outstanding,100 %,0 %,0 %,0 %,15,Via Bevilacqua 1 interno 15,17100,Savona
Voltixon,Voltixon,Netherlands,Professional,274,38,Outstanding,100 %,0 %,0 %,0 %,11,Modelmakersstraat 17,5935RG,Steyl
voodoo-pt,"MAGUSDEN, LDA",Portugal,Powerseller,113930,356126,Outstanding,99.7 %,0.3 %,0 %,0 %,,"Rua Mário Cesariny , Urb Quinta da Maia, 3375 Loja 2",4760-010,Vila Nova de Famalicão
vpdgames,VPD Finland Oy,Finland,Professional,227,1011,Outstanding,99 %,1 %,0 %,0 %,11,PL88,01301,Vantaa
vscorpio,VSCORPIO SALOU,Spain,Professional,8733,530768,Outstanding,100 %,0 %,0 %,0 %,7,c/dels Emprius 6 (entrada por c/ la Bassa),43840,Salou ( tarragona )
vsTrax,Sebastian Lüth MtG An- und Verkauf,Germany,Professional,1923,79872,Outstanding,100 %,0 %,0 %,0 %,,Am Naturpark 18,49152,Bad Essen
WagnerTCG,WagnerTCG,Germany,Powerseller,824,313,Outstanding,100 %,0 %,0 %,0 %,13,Am Dreieck 10,32469,Petershagen
Wakonetzki,Wakonetzki GbR,Germany,Professional,4466,6041,Outstanding,100 %,0 %,0 %,0 %,11,Masurenstraße 7,48531,Nordhorn
WarCard,WARCARD S.R.L,Italy,Professional,8123,68224,Outstanding,98 %,1 %,0 %,1 %,18,Corso Italia 10,13010,Caresana
Wargasm,Turtle Card Group LTD,United Kingdom,Professional,19053,200135,Outstanding,99.6 %,0.4 %,0 %,0 %,12,Rear of 186 Saltash Road,PL2 2BD,Plymouth
WARKARDS,WARKARDS Srl,Italy,Professional,130874,52090,Outstanding,99.1 %,0.6 %,0.1 %,0.2 %,11,Viale G.Marconi 1130,47521,Cesena
WarLotus,War Lotus,Spain,Professional,8346,691,Outstanding,98 %,2 %,0 %,0 %,10,"Camino de Ronda 154, Local comercial WAR LOTUS",18003,Granada
WarneTradingGroup,Warne Trading Group,United Kingdom,Professional,5241,7892,Outstanding,100 %,0 %,0 %,0 %,12,The Willows North Road,NG236PL,Sutton On Trent
WaylanderMTG,WaylanderMTG,France,Professional,1505,70,Outstanding,100 %,0 %,0 %,0 %,11,15 Rue Du Cimetière,60250,Mouy
WDGAMES,WD GAMES SNC DI FEDONI ENRICO E FEDONI DOMENICO,Italy,Powerseller,635,5774,Outstanding,100 %,0 %,0 %,0 %,23,Via Pezzotta 10/B,24128,Bergamo
Weareokab,We are OK AB,Sweden,Professional,25,19944,Good,100 %,0 %,0 %,0 %,16,Ulsavilagatan 2b,70282,Örebro
WeatherlightMTG,Luca Birettoni,Italy,Professional,2092,67446,Outstanding,100 %,0 %,0 %,0 %,25,Viale Parini 25b,06012,Città Di Castello PG
webuyanycard,webuyanycard,United Kingdom,Powerseller,128265,70134,Outstanding,99.6 %,0.3 %,0.1 %,0 %,12,27 High Street,SL6 1JG,Maidenhead
weeaboverse,Nicola Nencioni,Italy,Professional,15,1300,Good,100 %,0 %,0 %,0 %,16,Via Demetrio Rontani 648/L,55054,Massarosa
weißer-Lotus,Markus Eichenauer,Germany,Professional,9401,8965,Outstanding,100 %,0 %,0 %,0 %,11,Friedhofsweg 18,61197,Florstadt
welovecollectibles,WeLoveCollectibles,United Kingdom,Professional,304,47,Outstanding,100 %,0 %,0 %,0 %,12,"Unit 101, Westwood Business Park Strasbourg Street",CT9 4JJ,Margate
welovetocollect,Firma Erik Wolfram / welovetocollect,Germany,Professional,98057,885946,Outstanding,100 %,0 %,0 %,0 %,19,Albin Schlehahn Str. 11,08547,Jößnitz
west-end-games,Kevin Pass,United Kingdom,Professional,9758,19555,Outstanding,97.8 %,2.2 %,0 %,0 %,18,4 Lyon Road,PA8 6HG,Glasgow
Whitegard,Jan Wiedmann,Germany,Professional,624,1805,Outstanding,100 %,0 %,0 %,0 %,13,Forststraße 4,88281,Schlier
Wilczek-Poznan,Krzysztof Plich Profesjonalny sklep z rolkami i łyżwami,Poland,Professional,1568,10609,Outstanding,100 %,0 %,0 %,0 %,,Garbary 64,61-758,Poznań
Wildfirestore,M.V.S. Srl,Italy,Professional,12862,939074,Outstanding,100 %,0 %,0 %,0 %,23,Via Della Fonte Meravigliosa 64,00143,Roma
WildGames,De Wilde's Emporium,Norway,Professional,17856,186643,Outstanding,99.1 %,0.7 %,0.2 %,0 %,23,Klokkeråsen 43,3180,Nykirke
Wilho-Mtg,Wilho - Mtg,Finland,Professional,14539,35903,Outstanding,100 %,0 %,0 %,0 %,16,Ojantie 4,28130,Pori
willybizarre,Guillem Salvador Arnal,Spain,Powerseller,138251,810638,Outstanding,99.5 %,0.4 %,0.1 %,0 %,8,Ausias march 60 bajo derecha (Antiguo banco. Repartir de 9 a 14:00),46100,Burjassot
Winsel,Klaas Grüber,Germany,Powerseller,71932,144854,Outstanding,100 %,0 %,0 %,0 %,16,Langemarckstr. 158,28199,Bremen
Wizardtcg,Maria Del Pilar Ramal Sola,Spain,Professional,857,24313,Outstanding,100 %,0 %,0 %,0 %,8,"Hernan Cortes, Edificio Gran Plaza B 1 / 2-1",04240,Viator
WobblyTCG,Wobbly Trading Cards,Denmark,Professional,277,8503,Outstanding,98 %,2 %,0 %,0 %,10,"Kirkegade 16, st.",8900,Randers C
Wolf87d,Wolf87d,Italy,Professional,1127,1,Outstanding,100 %,0 %,0 %,0 %,23,Via Pasquale II Mercato Primavalle box 13,00168,Roma
wollech,wollech,Germany,Professional,70985,18602,Outstanding,98.1 %,1.6 %,0.3 %,0 %,29,Ehrlichstraße 22,10318,Berlin
wolpertinger23,Dennis Glöge,Germany,Professional,1385,221,Outstanding,100 %,0 %,0 %,0 %,8,Blessenstätte 25,33330,Gütersloh
WoodcraftGames,MARCOS Y FARFAN S.L,Spain,Professional,3,158,,100 %,0 %,0 %,0 %,5,"Cedillo Del Condado 5, 3A",28044,Madrid
Woops,Woops,France,Professional,6050,90174,Outstanding,100 %,0 %,0 %,0 %,11,57 Route De Noé,89510,Véron
WowCards88,Kostas Tavlaridis,Germany,Professional,2524,3206,Outstanding,100 %,0 %,0 %,0 %,11,Rheindorfer Str. 121,51371,Leverkusen
Wumpa,Colpas Sas,Italy,Professional,1221,1099,Outstanding,100 %,0 %,0 %,0 %,12,Viale Leonardo Da Vinci 130,00145,Roma
WyzardMania,SARL Wyzard Mania,France,Professional,6597,42086,Outstanding,100 %,0 %,0 %,0 %,12,18 Rue Subleyras,34000,Montpellier
x-Seki-x,Daniel Helmcke,Germany,Professional,906,1139,Outstanding,100 %,0 %,0 %,0 %,11,Berliner Str. 5,86368,Gersthofen
xAmil68x,NPC Turija,Germany,Professional,9092,5032,Outstanding,100 %,0 %,0 %,0 %,8,Kurfürstenstraße 24,71636,Ludwigsburg
xaradim,CHARIKLEIA DIMITRIADOU,Greece,Professional,4734,21402,Outstanding,100 %,0 %,0 %,0 %,12,Ethnikis Antistasis 28,58500,Skydra
xcver,Bernd Schwabe,Germany,Professional,5786,2607,Outstanding,100 %,0 %,0 %,0 %,13,Obermühle 1,63546,Hammersbach
XenosscapeAndre,Xenosscape,United Kingdom,Professional,2490,9918,Outstanding,100 %,0 %,0 %,0 %,12,4 Witham Bank West,PE21 8PU,Boston
xouloux,Axel Meunier,France,Professional,3094,18986,Outstanding,99 %,0 %,1 %,0 %,14,1 rue du 29 juillet,62000,Arras
Xpoly,Xpoly Tcg Store,Spain,Professional,1249,92,Outstanding,100 %,0 %,0 %,0 %,9,Francisco Anon 22 1A,15010,A Coruna
YadokariCards,YadokariCards,Netherlands,Professional,723,1048,Outstanding,99 %,1 %,0 %,0 %,19,Assumburg 3,1121EA,Landsmeer
Yanatoy,Yann Alexandre Chouinard,Netherlands,Powerseller,2868,35250,Outstanding,100 %,0 %,0 %,0 %,13,Veenendaalkade 283,2547AH,'s-Gravenhage
yank28587,Yannik Pollmann,Germany,Professional,6192,10983,Outstanding,99.4 %,0.6 %,0 %,0 %,19,Ruhrstraße 16,22761,Hamburg
yannloison13,Yannick Loison,France,Professional,8442,3703,Outstanding,98 %,1 %,1 %,0 %,19,24 grande rue,27630,ecos
yannzup,yannzup,France,Professional,4898,1256,Outstanding,100 %,0 %,0 %,0 %,9,26 Bis Avenue Louis Alteirac,30700,UZES
yardbirds,Marc Duciel,France,Professional,19900,111697,Outstanding,100 %,0 %,0 %,0 %,9,24 Rue Santerre,75012,Paris
Yelmen,Enrico Cappello,Italy,Professional,1672,20784,Outstanding,97.8 %,2.2 %,0 %,0 %,18,Via Sante Vincenzi 33,40138,Bologna
Yenkij,Otakar Johanis,Czech Republic,Professional,744,85537,Outstanding,100 %,0 %,0 %,0 %,13,Prague,19000,Praha
YildumMTG,Yildum,Spain,Professional,4046,63360,Outstanding,100 %,0 %,0 %,0 %,9,BARRIO SAN RAMON 30,39300,TORRELAVEGA
ym-heavensale,Yannick Merker,Germany,Professional,4065,16496,Outstanding,100 %,0 %,0 %,0 %,13,Karl-goerdeler Strasse 25,41466,Neuss
YourTradingCardShop,Your Trading Card Shop,Netherlands,Professional,8922,154431,Outstanding,100 %,0 %,0 %,0 %,19,Het Schoneveld 87,7245EB,Laren
yourturntcg,Daniel Dorner,Austria,Professional,557,1,Outstanding,99 %,1 %,0 %,0 %,11,Seeböckstraße 7,3390,Melk
yoyo23150,La BoiTe à GeeK,France,Professional,13139,70004,Outstanding,100 %,0 %,0 %,0 %,11,10 Chemin De Grancher,23000,Gueret
Yukistore,Dylan Gandin,France,Professional,2837,8494,Outstanding,100 %,0 %,0 %,0 %,14,36 Bis Rue Camille Mauclair,66750,Saint-Cyprien
YurankaTCG,Yuranka Games,Latvia,Professional,2361,5005,Outstanding,100 %,0 %,0 %,0 %,15,Krišjaņa Barona iela 80-16A,LV-1001,Riga
ZAMTEKSHOP,ZAMTEK S.A.S DI ZAMBITO DOMENICO & C.,Italy,Professional,1028,11061,Outstanding,100 %,0 %,0 %,0 %,14,via Aspromonte 3,20861,Brugherio
Zanarkandia,Zanarkandia,Spain,Professional,5806,26048,Outstanding,100 %,0 %,0 %,0 %,11,"Ronda Del Carmen 4, 3º A",10002,Cáceres
Zauberland-Spiele,Melvin Joite Zauberland Spiele,Germany,Powerseller,22446,328174,Outstanding,99.8 %,0.2 %,0 %,0 %,24,Mühlenstraße 6,58579,Schalksmühle
zendikarense,Zendikarense,Spain,Professional,137,873,Outstanding,98 %,2 %,0 %,0 %,10,Calle Del Castillo Nº18,11550,Chipiona
ZenithGameStore,Pedro Jorge Guedes Cordeiro,Portugal,Powerseller,6150,44804,Outstanding,100 %,0 %,0 %,0 %,11,"Av. Marquês De Pombal, Galerias São José, Loja 25",2410-152,Leiria
zerub520,Vandefliert Advies,Netherlands,Professional,483,222,Outstanding,100 %,0 %,0 %,0 %,8,A. Van Schendelstraat 62,3511ME,Utrecht
Zesty,Markus Weber,Austria,Professional,878,4002,Outstanding,100 %,0 %,0 %,0 %,14,Moosweg 41,9061,Klagenfurt
ZeusDesTodes,Jeremias Brüll,Germany,Professional,4765,29103,Outstanding,100 %,0 %,0 %,0 %,21,Lindenweg 3,93092,Barbing
Zhalfyr,Jesús Martínez Maíllo,Spain,Professional,1436,4606,Outstanding,100 %,0 %,0 %,0 %,8,"Calvario, 65 1º Izq.",14857,NUEVA CARTEYA
ZialTCG,Mario Laiz,Spain,Professional,2526,1127,Outstanding,100 %,0 %,0 %,0 %,9,"Conjunto Avenida 14, 3A",28100,"Alcobendas, Madrid"
Ziegler95,Nerdpoint,Germany,Professional,7754,14889,Outstanding,100 %,0 %,0 %,0 %,16,Holzer Straße 48,66265,Heusweiler
Zlopotom,Tomáš Hudský,Czech Republic,Professional,4230,52714,Outstanding,100 %,0 %,0 %,0 %,14,Zd.Nejedlého 957,51101,Turnov
ZokaRitter,Alex Ritter,Germany,Professional,28423,18,Outstanding,99 %,0 %,0 %,1 %,23,Kantstraße 27,99867,Gotha
Zona-Nerd,Zona Nerd,Italy,Professional,1971,47579,Outstanding,100 %,0 %,0 %,0 %,16,Viale Cherubino Malpeli,00128,Roma
Zoocomics,Zoo comics a s,Norway,Professional,8569,114907,Outstanding,100 %,0 %,0 %,0 %,18,Anders baars veg 25b,3737,Skien
zorostore,ZOROSTORE CARDS & GAMES DI ALESSIO BARONI,Italy,Professional,1637,31,Outstanding,100 %,0 %,0 %,0 %,16,Via Plezzo 49,00054,Fiumicino(RM)
ZubyCM,ZUBY CARDMARKET,Italy,Professional,183,49621,Outstanding,100 %,0 %,0 %,0 %,14,VIA SILVIO PELLICO 7,15121,ALESSANDRIA
Zwergenfuerst,Zwergenfürst UG (haftungsbeschränkt),Germany,Powerseller,1445,8078,Outstanding,100 %,0 %,0 %,0 %,11,Wandsbeker Allee 72,22041,Hamburg
Zwergenschmiede,Zwergenschmiede GmbH,Switzerland,Professional,11808,8049,Outstanding,100 %,0 %,0 %,0 %,5,Laupenstrasse 4,3008,Bern
Zwubu,Trabachos Mgmt BV,Netherlands,Professional,5828,78095,Outstanding,100 %,0 %,0 %,0 %,19,Stieltjeslaan 39,1222RD,Hilversum
zydekklaudia,Klaudia Żydek,Poland,Professional,62,310,Outstanding,100 %,0 %,0 %,0 %,17,Tczewska 17/4,64-920,Piła
