user_id,username,deck_name,deck_alternative_name,rating
1,user_0001,4c Kona,4c Kona,1.28
1,user_0001,Bant Omniscience,Bant Omniscience,0.71
1,user_0001,Dimir Control,Dimir Control,0.98
1,user_0001,Temur Floodcaller Combo,Temur Floodcaller Combo,0.88
1,user_0001,Orzhov Self-Bounce,Orzhov Self-Bounce,0.69
1,user_0001,Esper Self-Bounce,Esper Self-Bounce,1.24
1,user_0001,Boros Burn,Boros Burn,1.35
1,user_0001,Temur Kona,Temur Kona,1.15
1,user_0001,Temur Battlecrier Combo,Temur Battlecrier Combo,0.44
1,user_0001,Izzet Prowess,Izzet Prowess,1.94
1,user_0001,Temur Lessons,Temur Lessons,1.46
1,user_0001,Mono-Red Aggro,Mono-Red Aggro,3.42
1,user_0001,Grixis Leyline,Grixis Leyline,0.42
1,user_0001,Izzet Omniscience,Izzet Omniscience,0.92
1,user_0001,Naya Yuna,Naya Yuna,0.98
1,user_0001,Gruul Leyline Aggro,Gruul Leyline Aggro,1.36
1,user_0001,Mono-White Tokens,Mono-White Tokens,1.63
1,user_0001,Izzet Looting,Izzet Looting,2.59
1,user_0001,Simic Aggro,Simic Aggro,1.56
1,user_0001,Boros Token Control,Boros Token Control,1.31
1,user_0001,Orzhov Control,Orzhov Control,1.38
1,user_0001,Golgari Dragons,Golgari Dragons,1.51
1,user_0001,Sultai Graveyard,Sultai Graveyard,1.73
1,user_0001,4c Insidious Roots (2),4c Insidious Roots,1.22
1,user_0001,Sultai Control,Sultai Control,1.41
1,user_0001,Mono-Red Leyline Aggro,Mono-Red Leyline Aggro,1.28
1,user_0001,Bant Airbending Combo,Bant Airbending Combo,1.19
1,user_0001,Selesnya Landfall,Selesnya Landfall,1.64
1,user_0001,Dimir Bounce,Dimir Bounce,1.08
1,user_0001,Abzan Midrange,Abzan Midrange,1.74
1,user_0001,Izzet,Izzet,1.31
1,user_0001,Azorius Control,Azorius Control,0.9
1,user_0001,Jund Aggro,Jund Aggro,0.66
1,user_0001,Jeskai Control,Jeskai Control,2.7
1,user_0001,Orzhov Midrange,Orzhov Midrange,2.02
2,user_0002,Grixis Artifacts,Grixis Artifacts,1.07
2,user_0002,Lifegain,Lifegain,0.89
2,user_0002,Golgari Midrange (2),Golgari Midrange,0.83
2,user_0002,Izzet Aggro,Izzet Aggro,1.09
2,user_0002,Dimir Bounce,Dimir Bounce,1.55
2,user_0002,Izzet,Izzet,0.97
2,user_0002,Izzet Lessons,Izzet Lessons,4.22
2,user_0002,Mono-Green Landfall,Mono-Green Landfall,1.04
2,user_0002,Temur Lessons,Temur Lessons,1.18
2,user_0002,Sultai Reanimator,Sultai Reanimator,1.34
2,user_0002,Gruul Random Encounter,Gruul Random Encounter,1.38
2,user_0002,Gruul Leyline Aggro,Gruul Leyline Aggro,1.27
2,user_0002,Jeskai Control,Jeskai Control,3.43
2,user_0002,Boros Burn,Boros Burn,1.37
2,user_0002,Jeskai Artifacts,Jeskai Artifacts,0.88
2,user_0002,Boros Manufacturing,Boros Manufacturing,0.96
2,user_0002,4c Insidious Roots (2),4c Insidious Roots,1.18
2,user_0002,Golgari Dragons,Golgari Dragons,1.14
2,user_0002,Abzan Midrange,Abzan Midrange,1.69
2,user_0002,4c Kona,4c Kona,1.06
2,user_0002,Simic Aggro,Simic Aggro,1.27
2,user_0002,Simic Omniscience,Simic Omniscience,1.13
2,user_0002,Izzet Prowess,Izzet Prowess,1.85
2,user_0002,Orzhov Control,Orzhov Control,1.13
2,user_0002,Izzet Looting,Izzet Looting,2.46
2,user_0002,Simic Midrange,Simic Midrange,1.09
2,user_0002,Boros Aggro,Boros Aggro,1.43
2,user_0002,Temur Floodcaller Combo,Temur Floodcaller Combo,0.82
2,user_0002,Izzet Midrange,Izzet Midrange,0.76
2,user_0002,4c Artifacts,4c Artifacts,0.86
2,user_0002,Boros Leyline Aggro,Boros Leyline Aggro,1.09
2,user_0002,Naya Yuna,Naya Yuna,0.77
2,user_0002,Abzan Insidious Roots,Abzan Insidious Roots,1.62
2,user_0002,Boros Token Control,Boros Token Control,1.68
2,user_0002,Orzhov Midrange,Orzhov Midrange,0.67
2,user_0002,4c Insidious Roots,4c Insidious Roots,1.05
2,user_0002,Bant Airbending Combo,Bant Airbending Combo,0.83
2,user_0002,Simic Landfall,Simic Landfall,0.8
2,user_0002,Mono-Red Aggro,Mono-Red Aggro,3.42
2,user_0002,Bant Omniscience,Bant Omniscience,1.15
3,user_0003,4c Insidious Roots,4c Insidious Roots,1.74
3,user_0003,Temur Kona,Temur Kona,1.47
3,user_0003,Dimir Bounce,Dimir Bounce,1.28
3,user_0003,Grixis Artifacts,Grixis Artifacts,0.92
3,user_0003,Izzet Prowess,Izzet Prowess,3.39
3,user_0003,Izzet Omniscience,Izzet Omniscience,1.24
3,user_0003,Golgari Midrange (2),Golgari Midrange,1.03
3,user_0003,Izzet,Izzet,2.56
3,user_0003,Dimir Midrange,Dimir Midrange,3.12
3,user_0003,Abzan Midrange,Abzan Midrange,0.98
3,user_0003,Temur Lessons,Temur Lessons,1.92
3,user_0003,Mono-White Tokens,Mono-White Tokens,1.91
3,user_0003,Mono-Green Landfall,Mono-Green Landfall,2.17
3,user_0003,Golgari Dragons,Golgari Dragons,1.13
3,user_0003,Jeskai Control,Jeskai Control,2.81
3,user_0003,Boros Dragons,Boros Dragons,1.42
3,user_0003,Mono-Red Aggro,Mono-Red Aggro,3.21
3,user_0003,Rakdos Aggro,Rakdos Aggro,0.72
3,user_0003,Boros Aggro,Boros Aggro,1.49
3,user_0003,Boros Leyline Aggro,Boros Leyline Aggro,0.8
3,user_0003,Mono-Red Leyline Aggro,Mono-Red Leyline Aggro,1.33
3,user_0003,4c Kona,4c Kona,2.06
3,user_0003,Sultai Control,Sultai Control,1.43
3,user_0003,Jeskai Artifacts,Jeskai Artifacts,1.98
3,user_0003,Izzet Midrange,Izzet Midrange,1.38
3,user_0003,Jeskai Self-Bounce,Jeskai Self-Bounce,1.69
3,user_0003,Orzhov Control,Orzhov Control,0.55
3,user_0003,Azorius Control,Azorius Control,0.87
3,user_0003,5c Reanimator,5c Reanimator,1.46
4,user_0004,Grixis Leyline,Grixis Leyline,1.26
4,user_0004,Gruul Random Encounter,Gruul Random Encounter,1.0
4,user_0004,Izzet Aggro,Izzet Aggro,1.0
4,user_0004,Dimir Bounce,Dimir Bounce,1.24
4,user_0004,Boros Burn,Boros Burn,1.51
4,user_0004,Naya Yuna,Naya Yuna,0.75
4,user_0004,Esper Self-Bounce,Esper Self-Bounce,1.12
4,user_0004,Boros Manufacturing,Boros Manufacturing,0.93
4,user_0004,Izzet Midrange,Izzet Midrange,1.7
4,user_0004,Dimir Midrange,Dimir Midrange,3.75
4,user_0004,Dimir Control,Dimir Control,1.0
4,user_0004,Mono-White Tokens,Mono-White Tokens,0.81
4,user_0004,Mardu Dragons,Mardu Dragons,0.87
4,user_0004,Mono-Green Landfall,Mono-Green Landfall,1.84
4,user_0004,4c Control,4c Control,0.89
4,user_0004,4c Kona,4c Kona,1.33
4,user_0004,Simic Aggro,Simic Aggro,1.06
4,user_0004,Golgari Insidious Roots,Golgari Insidious Roots,1.02
4,user_0004,Simic Omniscience,Simic Omniscience,1.06
4,user_0004,Abzan Insidious Roots,Abzan Insidious Roots,1.25
4,user_0004,Jund Aggro,Jund Aggro,0.84
4,user_0004,Sultai Reanimator,Sultai Reanimator,0.73
4,user_0004,Golgari Dragons,Golgari Dragons,0.77
4,user_0004,Temur Floodcaller Combo,Temur Floodcaller Combo,1.04
4,user_0004,Boros Token Control,Boros Token Control,0.89
4,user_0004,Azorius Control,Azorius Control,1.35
4,user_0004,Boros Leyline Aggro,Boros Leyline Aggro,1.24
4,user_0004,Jeskai Artifacts,Jeskai Artifacts,1.24
4,user_0004,Orzhov Control,Orzhov Control,1.11
4,user_0004,Boros Mice,Boros Mice,1.08
4,user_0004,Sultai Graveyard,Sultai Graveyard,0.33
4,user_0004,Selesnya Landfall,Selesnya Landfall,1.43
4,user_0004,Gruul Delirium,Gruul Delirium,1.18
4,user_0004,Izzet Omniscience,Izzet Omniscience,1.21
4,user_0004,Golgari Midrange,Golgari Midrange,2.05
4,user_0004,Orzhov Self-Bounce,Orzhov Self-Bounce,0.86
4,user_0004,4c Insidious Roots,4c Insidious Roots,1.25
4,user_0004,Gruul Aggro,Gruul Aggro,1.38
4,user_0004,Orzhov Midrange,Orzhov Midrange,1.18
4,user_0004,Izzet,Izzet,0.73
4,user_0004,Bant Airbending Combo,Bant Airbending Combo,1.62
4,user_0004,Izzet Prowess,Izzet Prowess,2.14
4,user_0004,Temur Kona,Temur Kona,1.32
4,user_0004,Mono-Red Aggro,Mono-Red Aggro,3.33
4,user_0004,Lifegain,Lifegain,1.21
4,user_0004,5c Reanimator,5c Reanimator,0.73
4,user_0004,Rakdos Aggro,Rakdos Aggro,0.44
4,user_0004,Boros Aggro,Boros Aggro,1.46
4,user_0004,Golgari Midrange (2),Golgari Midrange,0.94
4,user_0004,Jeskai Looting,Jeskai Looting,1.01
4,user_0004,Bant Omniscience,Bant Omniscience,0.76
5,user_0005,Lifegain,Lifegain,1.27
5,user_0005,Boros Mice,Boros Mice,0.9
5,user_0005,Boros Aggro,Boros Aggro,1.89
5,user_0005,Simic Omniscience,Simic Omniscience,0.76
5,user_0005,Naya Yuna,Naya Yuna,0.97
5,user_0005,Azorius Control,Azorius Control,0.95
5,user_0005,5c Reanimator,5c Reanimator,1.16
5,user_0005,Temur Battlecrier Combo,Temur Battlecrier Combo,1.22
5,user_0005,Gruul Aggro,Gruul Aggro,2.23
5,user_0005,Mono-Red Leyline Aggro,Mono-Red Leyline Aggro,1.88
5,user_0005,Izzet,Izzet,0.72
5,user_0005,Izzet Lessons,Izzet Lessons,3.93
5,user_0005,Simic Aggro,Simic Aggro,1.35
5,user_0005,Temur Kona,Temur Kona,1.31
5,user_0005,Sultai Graveyard,Sultai Graveyard,1.08
5,user_0005,Boros Dragons,Boros Dragons,1.51
5,user_0005,Dimir Midrange,Dimir Midrange,2.83
5,user_0005,4c Reanimator,4c Reanimator,2.25
5,user_0005,Izzet Omniscience,Izzet Omniscience,0.9
5,user_0005,Boros Burn,Boros Burn,1.38
5,user_0005,Mono-Green Landfall,Mono-Green Landfall,1.54
5,user_0005,Rakdos Sacrifice,Rakdos Sacrifice,0.76
5,user_0005,4c Omniscience,4c Omniscience,1.33
5,user_0005,Temur Lessons,Temur Lessons,0.81
5,user_0005,Rakdos Aggro,Rakdos Aggro,1.24
5,user_0005,Temur Floodcaller Combo,Temur Floodcaller Combo,1.25
5,user_0005,Boros Manufacturing,Boros Manufacturing,1.44
5,user_0005,4c Insidious Roots (2),4c Insidious Roots,1.38
5,user_0005,4c Kona,4c Kona,0.65
5,user_0005,Mono-Black Midrange,Mono-Black Midrange,1.06
5,user_0005,Bant Omniscience,Bant Omniscience,1.02
5,user_0005,Jund Aggro,Jund Aggro,1.17
5,user_0005,Golgari Midrange,Golgari Midrange,1.43
5,user_0005,Jeskai Control,Jeskai Control,2.6
5,user_0005,Izzet Prowess,Izzet Prowess,2.68
5,user_0005,Izzet Aggro,Izzet Aggro,1.1
5,user_0005,Dimir Control,Dimir Control,1.09
5,user_0005,Orzhov Self-Bounce,Orzhov Self-Bounce,1.1
5,user_0005,Jeskai Artifacts,Jeskai Artifacts,1.13
5,user_0005,Dimir Bounce,Dimir Bounce,1.18
5,user_0005,Mardu Dragons,Mardu Dragons,1.52
5,user_0005,Selesnya Landfall,Selesnya Landfall,1.32
5,user_0005,Orzhov Control,Orzhov Control,0.88
5,user_0005,Esper Self-Bounce,Esper Self-Bounce,1.05
5,user_0005,Mono-White Tokens,Mono-White Tokens,1.16
5,user_0005,Jeskai Looting,Jeskai Looting,1.05
5,user_0005,Gruul Leyline Aggro,Gruul Leyline Aggro,1.35
5,user_0005,Gruul Delirium,Gruul Delirium,0.89
5,user_0005,Sultai Control,Sultai Control,0.82
5,user_0005,4c Artifacts,4c Artifacts,0.54
5,user_0005,Mono-Red Aggro,Mono-Red Aggro,4.27
5,user_0005,4c Control,4c Control,1.02
6,user_0006,Grixis Artifacts,Grixis Artifacts,0.92
6,user_0006,Simic Aggro,Simic Aggro,0.72
6,user_0006,Abzan Insidious Roots,Abzan Insidious Roots,1.33
6,user_0006,Sultai Graveyard,Sultai Graveyard,0.77
6,user_0006,Dimir Bounce,Dimir Bounce,1.07
6,user_0006,Mono-White Tokens,Mono-White Tokens,0.71
6,user_0006,4c Omniscience,4c Omniscience,0.62
6,user_0006,Golgari Midrange,Golgari Midrange,1.43
6,user_0006,Golgari Midrange (2),Golgari Midrange,1.15
6,user_0006,Orzhov Midrange,Orzhov Midrange,1.47
6,user_0006,Boros Mice,Boros Mice,1.03
6,user_0006,Izzet Aggro,Izzet Aggro,1.39
6,user_0006,Boros Aggro,Boros Aggro,0.58
6,user_0006,Izzet Midrange,Izzet Midrange,0.86
6,user_0006,Golgari Insidious Roots,Golgari Insidious Roots,0.68
6,user_0006,Dimir Control,Dimir Control,1.41
6,user_0006,Grixis Leyline,Grixis Leyline,0.72
6,user_0006,Mono-Red Leyline Aggro,Mono-Red Leyline Aggro,0.93
6,user_0006,Simic Midrange,Simic Midrange,0.77
6,user_0006,Orzhov Control,Orzhov Control,1.64
6,user_0006,Temur Battlecrier Combo,Temur Battlecrier Combo,1.57
6,user_0006,Mardu Dragons,Mardu Dragons,1.04
6,user_0006,Sultai Control,Sultai Control,1.25
6,user_0006,Selesnya Landfall,Selesnya Landfall,1.51
6,user_0006,Simic Landfall,Simic Landfall,1.34
6,user_0006,Gruul Aggro,Gruul Aggro,0.51
6,user_0006,Izzet Omniscience,Izzet Omniscience,0.84
6,user_0006,Boros Token Control,Boros Token Control,1.51
6,user_0006,Dimir Midrange,Dimir Midrange,3.31
6,user_0006,Azorius Control,Azorius Control,1.38
6,user_0006,4c Reanimator,4c Reanimator,2.18
6,user_0006,Bant Airbending Combo,Bant Airbending Combo,1.53
7,user_0007,Boros Leyline Aggro,Boros Leyline Aggro,0.58
7,user_0007,Jeskai Self-Bounce,Jeskai Self-Bounce,1.53
7,user_0007,Boros Mice,Boros Mice,0.85
7,user_0007,4c Control,4c Control,1.33
7,user_0007,Boros Dragons,Boros Dragons,1.46
7,user_0007,Mono-White Tokens,Mono-White Tokens,1.31
7,user_0007,Gruul Leyline Aggro,Gruul Leyline Aggro,1.1
7,user_0007,Gruul Aggro,Gruul Aggro,1.01
7,user_0007,Golgari Dragons,Golgari Dragons,1.68
7,user_0007,Orzhov Midrange,Orzhov Midrange,0.98
7,user_0007,Jund Aggro,Jund Aggro,1.31
7,user_0007,4c Kona,4c Kona,0.88
7,user_0007,Jeskai Looting,Jeskai Looting,0.87
7,user_0007,Grixis Leyline,Grixis Leyline,1.51
7,user_0007,4c Insidious Roots (2),4c Insidious Roots,0.65
7,user_0007,Abzan Midrange,Abzan Midrange,0.9
7,user_0007,Orzhov Self-Bounce,Orzhov Self-Bounce,0.85
7,user_0007,Bant Airbending Combo,Bant Airbending Combo,1.66
7,user_0007,Selesnya Landfall,Selesnya Landfall,1.99
7,user_0007,Jeskai Control,Jeskai Control,3.47
7,user_0007,Dimir Bounce,Dimir Bounce,1.35
7,user_0007,Orzhov Control,Orzhov Control,0.55
7,user_0007,Sultai Reanimator,Sultai Reanimator,1.64
7,user_0007,Temur Lessons,Temur Lessons,1.24
7,user_0007,4c Insidious Roots,4c Insidious Roots,1.05
7,user_0007,Boros Manufacturing,Boros Manufacturing,1.74
7,user_0007,Izzet Midrange,Izzet Midrange,1.14
7,user_0007,Azorius Control,Azorius Control,0.96
7,user_0007,Golgari Insidious Roots,Golgari Insidious Roots,0.65
7,user_0007,Izzet Looting,Izzet Looting,3.68
8,user_0008,4c Insidious Roots (2),4c Insidious Roots,0.96
8,user_0008,Orzhov Control,Orzhov Control,1.05
8,user_0008,Golgari Dragons,Golgari Dragons,1.77
8,user_0008,4c Reanimator,4c Reanimator,2.32
8,user_0008,Izzet Lessons,Izzet Lessons,3.53
8,user_0008,Grixis Leyline,Grixis Leyline,0.87
8,user_0008,Mono-Red Aggro,Mono-Red Aggro,3.99
8,user_0008,Jeskai Artifacts,Jeskai Artifacts,1.4
8,user_0008,Simic Omniscience,Simic Omniscience,1.31
8,user_0008,Mardu Dragons,Mardu Dragons,0.89
8,user_0008,Izzet Omniscience,Izzet Omniscience,1.19
8,user_0008,Mono-Red Leyline Aggro,Mono-Red Leyline Aggro,1.15
8,user_0008,Izzet,Izzet,0.66
8,user_0008,Simic Aggro,Simic Aggro,1.24
8,user_0008,Esper Self-Bounce,Esper Self-Bounce,1.31
8,user_0008,Sultai Graveyard,Sultai Graveyard,0.98
8,user_0008,Jeskai Control,Jeskai Control,3.05
8,user_0008,Izzet Looting,Izzet Looting,2.73
8,user_0008,Grixis Artifacts,Grixis Artifacts,1.22
8,user_0008,Boros Burn,Boros Burn,1.16
8,user_0008,Abzan Insidious Roots,Abzan Insidious Roots,0.89
8,user_0008,Temur Battlecrier Combo,Temur Battlecrier Combo,0.92
8,user_0008,Gruul Leyline Aggro,Gruul Leyline Aggro,0.77
8,user_0008,Boros Mice,Boros Mice,0.94
8,user_0008,4c Insidious Roots,4c Insidious Roots,0.9
8,user_0008,Mono-Green Landfall,Mono-Green Landfall,1.91
8,user_0008,Sultai Reanimator,Sultai Reanimator,1.55
8,user_0008,Naya Yuna,Naya Yuna,1.18
8,user_0008,Boros Aggro,Boros Aggro,2.01
8,user_0008,Selesnya Landfall,Selesnya Landfall,1.26
8,user_0008,4c Control,4c Control,1.32
8,user_0008,Lifegain,Lifegain,1.02
8,user_0008,Dimir Control,Dimir Control,1.36
8,user_0008,Rakdos Aggro,Rakdos Aggro,1.15
8,user_0008,Gruul Aggro,Gruul Aggro,1.02
8,user_0008,Boros Token Control,Boros Token Control,0.85
8,user_0008,Dimir Midrange,Dimir Midrange,3.9
8,user_0008,Golgari Midrange (2),Golgari Midrange,1.7
9,user_0009,Sultai Reanimator,Sultai Reanimator,2.01
9,user_0009,Lifegain,Lifegain,1.45
9,user_0009,4c Artifacts,4c Artifacts,1.65
9,user_0009,Abzan Insidious Roots,Abzan Insidious Roots,1.39
9,user_0009,Izzet Aggro,Izzet Aggro,0.99
9,user_0009,4c Reanimator,4c Reanimator,3.01
9,user_0009,Mono-White Tokens,Mono-White Tokens,1.7
9,user_0009,4c Control,4c Control,1.21
9,user_0009,Orzhov Control,Orzhov Control,0.49
9,user_0009,Golgari Midrange (2),Golgari Midrange,1.1
9,user_0009,Izzet Looting,Izzet Looting,2.73
9,user_0009,Golgari Dragons,Golgari Dragons,1.58
9,user_0009,Esper Self-Bounce,Esper Self-Bounce,1.21
9,user_0009,4c Insidious Roots,4c Insidious Roots,1.35
9,user_0009,Grixis Artifacts,Grixis Artifacts,1.07
9,user_0009,Bant Airbending Combo,Bant Airbending Combo,1.41
9,user_0009,Izzet Midrange,Izzet Midrange,0.84
9,user_0009,4c Insidious Roots (2),4c Insidious Roots,1.33
9,user_0009,Temur Battlecrier Combo,Temur Battlecrier Combo,0.99
9,user_0009,Boros Aggro,Boros Aggro,1.26
9,user_0009,Jund Aggro,Jund Aggro,1.04
9,user_0009,Rakdos Sacrifice,Rakdos Sacrifice,1.94
9,user_0009,Grixis Leyline,Grixis Leyline,1.41
9,user_0009,Golgari Insidious Roots,Golgari Insidious Roots,1.37
9,user_0009,Mono-Green Landfall,Mono-Green Landfall,1.96
9,user_0009,Sultai Graveyard,Sultai Graveyard,1.4
9,user_0009,Jeskai Looting,Jeskai Looting,1.51
9,user_0009,4c Omniscience,4c Omniscience,1.05
9,user_0009,Abzan Midrange,Abzan Midrange,1.27
9,user_0009,Temur Kona,Temur Kona,2.46
9,user_0009,Boros Dragons,Boros Dragons,1.24
9,user_0009,Simic Midrange,Simic Midrange,1.25
9,user_0009,Dimir Midrange,Dimir Midrange,3.7
9,user_0009,Boros Token Control,Boros Token Control,0.85
9,user_0009,Mono-Black Midrange,Mono-Black Midrange,0.89
9,user_0009,Izzet Prowess,Izzet Prowess,2.46
9,user_0009,4c Kona,4c Kona,1.12
9,user_0009,Azorius Control,Azorius Control,1.25
9,user_0009,Mardu Dragons,Mardu Dragons,2.57
9,user_0009,Golgari Midrange,Golgari Midrange,1.5
9,user_0009,Gruul Aggro,Gruul Aggro,1.73
9,user_0009,Boros Mice,Boros Mice,1.26
9,user_0009,Simic Landfall,Simic Landfall,1.89
9,user_0009,Izzet Omniscience,Izzet Omniscience,1.36
9,user_0009,Gruul Delirium,Gruul Delirium,1.2
9,user_0009,Jeskai Artifacts,Jeskai Artifacts,1.45
9,user_0009,Temur Lessons,Temur Lessons,1.89
9,user_0009,Dimir Bounce,Dimir Bounce,1.57
10,user_0010,Orzhov Self-Bounce,Orzhov Self-Bounce,1.71
10,user_0010,Izzet Omniscience,Izzet Omniscience,1.25
10,user_0010,Dimir Midrange,Dimir Midrange,3.01
10,user_0010,4c Control,4c Control,1.15
10,user_0010,Orzhov Midrange,Orzhov Midrange,1.51
10,user_0010,Mono-Red Leyline Aggro,Mono-Red Leyline Aggro,0.86
10,user_0010,Mono-Black Midrange,Mono-Black Midrange,1.1
10,user_0010,Boros Leyline Aggro,Boros Leyline Aggro,1.1
10,user_0010,Simic Midrange,Simic Midrange,1.07
10,user_0010,4c Artifacts,4c Artifacts,1.92
10,user_0010,Lifegain,Lifegain,1.82
10,user_0010,4c Kona,4c Kona,1.15
10,user_0010,Azorius Control,Azorius Control,1.47
10,user_0010,Temur Floodcaller Combo,Temur Floodcaller Combo,0.81
10,user_0010,Izzet,Izzet,1.28
10,user_0010,Simic Landfall,Simic Landfall,1.64
10,user_0010,Temur Lessons,Temur Lessons,2.23
10,user_0010,Mono-White Tokens,Mono-White Tokens,1.79
10,user_0010,Gruul Delirium,Gruul Delirium,1.59
10,user_0010,Abzan Insidious Roots,Abzan Insidious Roots,1.8
10,user_0010,Gruul Aggro,Gruul Aggro,0.87
10,user_0010,Jeskai Control,Jeskai Control,3.0
10,user_0010,Boros Dragons,Boros Dragons,1.98
10,user_0010,Mono-Red Aggro,Mono-Red Aggro,3.16
10,user_0010,4c Insidious Roots,4c Insidious Roots,1.44
10,user_0010,Boros Manufacturing,Boros Manufacturing,1.75
10,user_0010,Izzet Lessons,Izzet Lessons,4.02
10,user_0010,Bant Omniscience,Bant Omniscience,1.72
10,user_0010,Jeskai Self-Bounce,Jeskai Self-Bounce,1.49
10,user_0010,Sultai Graveyard,Sultai Graveyard,1.79
10,user_0010,Naya Yuna,Naya Yuna,1.53
10,user_0010,Izzet Midrange,Izzet Midrange,1.21
10,user_0010,Temur Kona,Temur Kona,1.83
10,user_0010,Izzet Prowess,Izzet Prowess,2.2
10,user_0010,Boros Token Control,Boros Token Control,0.9
10,user_0010,Boros Mice,Boros Mice,1.23
10,user_0010,Dimir Bounce,Dimir Bounce,0.73
10,user_0010,Rakdos Sacrifice,Rakdos Sacrifice,1.46
10,user_0010,Boros Aggro,Boros Aggro,1.25
10,user_0010,Mono-Green Landfall,Mono-Green Landfall,1.99
10,user_0010,Grixis Artifacts,Grixis Artifacts,1.24
10,user_0010,Gruul Leyline Aggro,Gruul Leyline Aggro,1.05
10,user_0010,Jeskai Looting,Jeskai Looting,1.61
11,user_0011,Dimir Control,Dimir Control,1.88
11,user_0011,4c Artifacts,4c Artifacts,1.23
11,user_0011,Jund Aggro,Jund Aggro,1.13
11,user_0011,Boros Leyline Aggro,Boros Leyline Aggro,1.06
11,user_0011,Boros Token Control,Boros Token Control,1.77
11,user_0011,Jeskai Control,Jeskai Control,3.05
11,user_0011,Izzet Midrange,Izzet Midrange,1.2
11,user_0011,Mono-Black Midrange,Mono-Black Midrange,1.24
11,user_0011,Naya Yuna,Naya Yuna,0.53
11,user_0011,Izzet Omniscience,Izzet Omniscience,0.69
11,user_0011,Mono-Green Landfall,Mono-Green Landfall,1.92
11,user_0011,Grixis Leyline,Grixis Leyline,1.03
11,user_0011,Sultai Control,Sultai Control,1.31
11,user_0011,Azorius Control,Azorius Control,1.31
11,user_0011,Temur Kona,Temur Kona,1.26
11,user_0011,Abzan Midrange,Abzan Midrange,0.78
11,user_0011,Dimir Midrange,Dimir Midrange,3.17
11,user_0011,Izzet Aggro,Izzet Aggro,1.25
11,user_0011,4c Reanimator,4c Reanimator,2.34
11,user_0011,Golgari Dragons,Golgari Dragons,1.14
11,user_0011,Temur Floodcaller Combo,Temur Floodcaller Combo,0.82
11,user_0011,Gruul Aggro,Gruul Aggro,1.4
12,user_0012,4c Artifacts,4c Artifacts,1.46
12,user_0012,Lifegain,Lifegain,0.86
12,user_0012,Boros Mice,Boros Mice,1.36
12,user_0012,Gruul Delirium,Gruul Delirium,1.09
12,user_0012,Rakdos Sacrifice,Rakdos Sacrifice,1.01
12,user_0012,Boros Aggro,Boros Aggro,1.24
12,user_0012,Jeskai Control,Jeskai Control,3.2
12,user_0012,Golgari Midrange,Golgari Midrange,1.43
12,user_0012,Jeskai Artifacts,Jeskai Artifacts,1.42
12,user_0012,Jund Aggro,Jund Aggro,1.63
12,user_0012,Gruul Leyline Aggro,Gruul Leyline Aggro,1.47
12,user_0012,Dimir Control,Dimir Control,0.76
12,user_0012,Temur Lessons,Temur Lessons,1.23
12,user_0012,Izzet Looting,Izzet Looting,2.1
12,user_0012,Mono-White Tokens,Mono-White Tokens,0.41
12,user_0012,Gruul Aggro,Gruul Aggro,1.68
12,user_0012,4c Insidious Roots (2),4c Insidious Roots,0.8
12,user_0012,Boros Dragons,Boros Dragons,1.49
12,user_0012,Dimir Bounce,Dimir Bounce,0.82
12,user_0012,Orzhov Control,Orzhov Control,1.37
12,user_0012,4c Reanimator,4c Reanimator,2.01
12,user_0012,Simic Aggro,Simic Aggro,0.89
12,user_0012,Temur Battlecrier Combo,Temur Battlecrier Combo,1.64
12,user_0012,Grixis Leyline,Grixis Leyline,0.8
12,user_0012,4c Insidious Roots,4c Insidious Roots,1.12
12,user_0012,Mono-Red Leyline Aggro,Mono-Red Leyline Aggro,1.18
12,user_0012,4c Kona,4c Kona,1.0
12,user_0012,Grixis Artifacts,Grixis Artifacts,1.09
12,user_0012,Orzhov Self-Bounce,Orzhov Self-Bounce,1.51
12,user_0012,Temur Floodcaller Combo,Temur Floodcaller Combo,1.22
12,user_0012,Simic Midrange,Simic Midrange,0.87
12,user_0012,Izzet Prowess,Izzet Prowess,2.4
12,user_0012,Rakdos Aggro,Rakdos Aggro,0.78
12,user_0012,Simic Landfall,Simic Landfall,1.27
12,user_0012,Abzan Insidious Roots,Abzan Insidious Roots,0.98
12,user_0012,Orzhov Midrange,Orzhov Midrange,0.7
12,user_0012,Gruul Random Encounter,Gruul Random Encounter,0.8
12,user_0012,Dimir Midrange,Dimir Midrange,3.72
12,user_0012,Golgari Midrange (2),Golgari Midrange,1.5
12,user_0012,Simic Omniscience,Simic Omniscience,0.85
12,user_0012,Bant Omniscience,Bant Omniscience,1.67
12,user_0012,Golgari Insidious Roots,Golgari Insidious Roots,0.76
12,user_0012,Izzet,Izzet,1.17
12,user_0012,Izzet Midrange,Izzet Midrange,1.22
12,user_0012,Izzet Aggro,Izzet Aggro,0.98
12,user_0012,4c Control,4c Control,0.87
12,user_0012,Sultai Graveyard,Sultai Graveyard,1.32
12,user_0012,Mardu Dragons,Mardu Dragons,0.57
12,user_0012,Selesnya Landfall,Selesnya Landfall,1.41
13,user_0013,Golgari Midrange (2),Golgari Midrange,1.14
13,user_0013,4c Insidious Roots (2),4c Insidious Roots,0.56
13,user_0013,Temur Floodcaller Combo,Temur Floodcaller Combo,1.48
13,user_0013,Dimir Control,Dimir Control,1.02
13,user_0013,Gruul Aggro,Gruul Aggro,1.05
13,user_0013,Simic Landfall,Simic Landfall,0.86
13,user_0013,Boros Mice,Boros Mice,1.13
13,user_0013,Izzet Omniscience,Izzet Omniscience,0.81
13,user_0013,Jeskai Control,Jeskai Control,3.18
13,user_0013,Mono-White Tokens,Mono-White Tokens,1.8
13,user_0013,4c Insidious Roots,4c Insidious Roots,0.39
13,user_0013,Orzhov Self-Bounce,Orzhov Self-Bounce,1.15
13,user_0013,5c Reanimator,5c Reanimator,0.71
13,user_0013,Lifegain,Lifegain,1.17
13,user_0013,Simic Midrange,Simic Midrange,1.01
13,user_0013,Jund Aggro,Jund Aggro,0.95
13,user_0013,4c Kona,4c Kona,1.01
13,user_0013,Temur Kona,Temur Kona,1.27
13,user_0013,Izzet Midrange,Izzet Midrange,1.26
13,user_0013,Mono-Red Leyline Aggro,Mono-Red Leyline Aggro,0.87
13,user_0013,Gruul Leyline Aggro,Gruul Leyline Aggro,1.0
13,user_0013,Simic Aggro,Simic Aggro,1.18
13,user_0013,Jeskai Looting,Jeskai Looting,0.75
13,user_0013,Orzhov Control,Orzhov Control,1.4
13,user_0013,Sultai Control,Sultai Control,1.28
13,user_0013,Golgari Dragons,Golgari Dragons,1.64
13,user_0013,Mono-Green Landfall,Mono-Green Landfall,1.57
13,user_0013,Bant Omniscience,Bant Omniscience,1.18
13,user_0013,4c Control,4c Control,1.95
13,user_0013,Izzet,Izzet,0.96
13,user_0013,Boros Burn,Boros Burn,1.49
13,user_0013,Izzet Prowess,Izzet Prowess,2.19
13,user_0013,Jeskai Self-Bounce,Jeskai Self-Bounce,1.24
13,user_0013,Boros Aggro,Boros Aggro,1.02
13,user_0013,Boros Dragons,Boros Dragons,1.78
13,user_0013,Izzet Looting,Izzet Looting,2.97
13,user_0013,Mono-Black Midrange,Mono-Black Midrange,1.72
13,user_0013,Mono-Red Aggro,Mono-Red Aggro,3.12
13,user_0013,Jeskai Artifacts,Jeskai Artifacts,1.59
13,user_0013,Golgari Insidious Roots,Golgari Insidious Roots,1.09
13,user_0013,Izzet Lessons,Izzet Lessons,3.9
13,user_0013,Selesnya Landfall,Selesnya Landfall,1.54
13,user_0013,Boros Token Control,Boros Token Control,1.62
14,user_0014,Gruul Random Encounter,Gruul Random Encounter,1.21
14,user_0014,Izzet Omniscience,Izzet Omniscience,0.58
14,user_0014,Izzet Midrange,Izzet Midrange,1.02
14,user_0014,Izzet Looting,Izzet Looting,2.7
14,user_0014,5c Reanimator,5c Reanimator,2.15
14,user_0014,Jeskai Control,Jeskai Control,3.18
14,user_0014,4c Control,4c Control,1.62
14,user_0014,4c Omniscience,4c Omniscience,0.74
14,user_0014,Gruul Aggro,Gruul Aggro,1.09
14,user_0014,Boros Dragons,Boros Dragons,0.89
14,user_0014,Selesnya Landfall,Selesnya Landfall,1.79
14,user_0014,Boros Burn,Boros Burn,0.76
14,user_0014,Temur Floodcaller Combo,Temur Floodcaller Combo,1.4
14,user_0014,Grixis Artifacts,Grixis Artifacts,0.96
14,user_0014,Orzhov Midrange,Orzhov Midrange,1.16
14,user_0014,Temur Battlecrier Combo,Temur Battlecrier Combo,1.29
14,user_0014,Jund Aggro,Jund Aggro,0.9
14,user_0014,Golgari Midrange,Golgari Midrange,1.03
14,user_0014,Boros Manufacturing,Boros Manufacturing,0.61
14,user_0014,Golgari Insidious Roots,Golgari Insidious Roots,1.02
14,user_0014,Mardu Dragons,Mardu Dragons,0.4
14,user_0014,Boros Aggro,Boros Aggro,1.64
14,user_0014,4c Kona,4c Kona,1.35
14,user_0014,Mono-Red Aggro,Mono-Red Aggro,3.59
14,user_0014,Temur Lessons,Temur Lessons,1.21
14,user_0014,Simic Aggro,Simic Aggro,1.41
14,user_0014,Izzet Aggro,Izzet Aggro,0.91
14,user_0014,Abzan Midrange,Abzan Midrange,1.38
14,user_0014,Izzet Prowess,Izzet Prowess,1.64
14,user_0014,4c Reanimator,4c Reanimator,2.01
14,user_0014,Mono-White Tokens,Mono-White Tokens,0.9
14,user_0014,Simic Landfall,Simic Landfall,0.42
14,user_0014,Temur Kona,Temur Kona,1.54
14,user_0014,Simic Midrange,Simic Midrange,0.97
14,user_0014,Izzet Lessons,Izzet Lessons,4.23
14,user_0014,Orzhov Self-Bounce,Orzhov Self-Bounce,1.61
15,user_0015,Temur Floodcaller Combo,Temur Floodcaller Combo,1.15
15,user_0015,Temur Lessons,Temur Lessons,1.75
15,user_0015,Orzhov Self-Bounce,Orzhov Self-Bounce,1.12
15,user_0015,Mono-Black Midrange,Mono-Black Midrange,0.53
15,user_0015,Boros Manufacturing,Boros Manufacturing,1.35
15,user_0015,Izzet Lessons,Izzet Lessons,4.09
15,user_0015,4c Kona,4c Kona,0.63
15,user_0015,Izzet Midrange,Izzet Midrange,1.24
15,user_0015,Esper Self-Bounce,Esper Self-Bounce,1.55
15,user_0015,Sultai Control,Sultai Control,1.96
15,user_0015,Dimir Bounce,Dimir Bounce,0.75
15,user_0015,Selesnya Landfall,Selesnya Landfall,1.92
15,user_0015,Izzet Omniscience,Izzet Omniscience,0.77
15,user_0015,Golgari Midrange (2),Golgari Midrange,0.93
15,user_0015,Gruul Random Encounter,Gruul Random Encounter,1.14
15,user_0015,Abzan Insidious Roots,Abzan Insidious Roots,0.76
15,user_0015,Naya Yuna,Naya Yuna,1.22
15,user_0015,Izzet Prowess,Izzet Prowess,1.56
15,user_0015,Jeskai Self-Bounce,Jeskai Self-Bounce,0.42
15,user_0015,4c Omniscience,4c Omniscience,1.64
15,user_0015,Simic Midrange,Simic Midrange,0.75
15,user_0015,Grixis Leyline,Grixis Leyline,1.61
15,user_0015,Dimir Control,Dimir Control,1.59
15,user_0015,Gruul Delirium,Gruul Delirium,1.15
15,user_0015,Boros Leyline Aggro,Boros Leyline Aggro,1.15
15,user_0015,Mono-Green Landfall,Mono-Green Landfall,1.6
15,user_0015,Azorius Control,Azorius Control,1.62
15,user_0015,4c Insidious Roots,4c Insidious Roots,1.49
15,user_0015,Sultai Reanimator,Sultai Reanimator,1.11
15,user_0015,Golgari Midrange,Golgari Midrange,1.27
15,user_0015,Izzet,Izzet,1.36
15,user_0015,Abzan Midrange,Abzan Midrange,1.01
15,user_0015,Simic Landfall,Simic Landfall,0.72
15,user_0015,Gruul Aggro,Gruul Aggro,1.6
15,user_0015,Rakdos Aggro,Rakdos Aggro,1.92
15,user_0015,Boros Token Control,Boros Token Control,1.61
15,user_0015,Izzet Looting,Izzet Looting,3.07
15,user_0015,Mardu Dragons,Mardu Dragons,1.57
16,user_0016,Orzhov Midrange,Orzhov Midrange,1.2
16,user_0016,4c Artifacts,4c Artifacts,1.19
16,user_0016,Golgari Insidious Roots,Golgari Insidious Roots,0.9
16,user_0016,Abzan Midrange,Abzan Midrange,0.64
16,user_0016,Izzet Lessons,Izzet Lessons,4.16
16,user_0016,Simic Landfall,Simic Landfall,1.43
16,user_0016,Temur Battlecrier Combo,Temur Battlecrier Combo,1.66
16,user_0016,Izzet Prowess,Izzet Prowess,2.89
16,user_0016,Boros Aggro,Boros Aggro,1.34
16,user_0016,Sultai Control,Sultai Control,0.21
16,user_0016,Orzhov Self-Bounce,Orzhov Self-Bounce,0.94
16,user_0016,Boros Burn,Boros Burn,0.96
16,user_0016,Selesnya Landfall,Selesnya Landfall,1.71
16,user_0016,Lifegain,Lifegain,1.27
16,user_0016,4c Reanimator,4c Reanimator,2.41
16,user_0016,Izzet Aggro,Izzet Aggro,1.02
16,user_0016,Mardu Dragons,Mardu Dragons,1.44
16,user_0016,Izzet Looting,Izzet Looting,1.98
16,user_0016,Dimir Bounce,Dimir Bounce,1.77
16,user_0016,Gruul Random Encounter,Gruul Random Encounter,0.58
16,user_0016,Boros Mice,Boros Mice,0.67
16,user_0016,Izzet Midrange,Izzet Midrange,0.97
16,user_0016,Mono-Green Landfall,Mono-Green Landfall,1.6
16,user_0016,Boros Leyline Aggro,Boros Leyline Aggro,0.86
16,user_0016,Simic Midrange,Simic Midrange,1.28
16,user_0016,Mono-Red Leyline Aggro,Mono-Red Leyline Aggro,1.21
16,user_0016,4c Kona,4c Kona,0.77
16,user_0016,Temur Lessons,Temur Lessons,0.88
16,user_0016,Jeskai Artifacts,Jeskai Artifacts,1.39
16,user_0016,Izzet Omniscience,Izzet Omniscience,1.5
16,user_0016,Dimir Control,Dimir Control,1.23
16,user_0016,Bant Airbending Combo,Bant Airbending Combo,1.77
16,user_0016,Temur Floodcaller Combo,Temur Floodcaller Combo,1.45
16,user_0016,Gruul Leyline Aggro,Gruul Leyline Aggro,1.48
16,user_0016,Mono-Red Aggro,Mono-Red Aggro,2.43
16,user_0016,Dimir Midrange,Dimir Midrange,4.07
16,user_0016,Azorius Control,Azorius Control,1.47
16,user_0016,Golgari Dragons,Golgari Dragons,0.82
16,user_0016,Grixis Leyline,Grixis Leyline,0.57
16,user_0016,Izzet,Izzet,0.42
16,user_0016,Jund Aggro,Jund Aggro,0.75
16,user_0016,4c Omniscience,4c Omniscience,0.63
16,user_0016,Sultai Reanimator,Sultai Reanimator,1.26
16,user_0016,Temur Kona,Temur Kona,1.41
16,user_0016,Jeskai Control,Jeskai Control,2.99
16,user_0016,4c Insidious Roots (2),4c Insidious Roots,0.84
16,user_0016,Naya Yuna,Naya Yuna,1.4
16,user_0016,Sultai Graveyard,Sultai Graveyard,0.77
16,user_0016,Bant Omniscience,Bant Omniscience,0.94
16,user_0016,Esper Self-Bounce,Esper Self-Bounce,1.32
17,user_0017,Boros Manufacturing,Boros Manufacturing,1.26
17,user_0017,Boros Burn,Boros Burn,1.96
17,user_0017,Golgari Dragons,Golgari Dragons,2.05
17,user_0017,Simic Omniscience,Simic Omniscience,1.47
17,user_0017,4c Insidious Roots (2),4c Insidious Roots,2.26
17,user_0017,Bant Omniscience,Bant Omniscience,2.03
17,user_0017,Naya Yuna,Naya Yuna,1.57
17,user_0017,5c Reanimator,5c Reanimator,0.96
17,user_0017,Mono-Green Landfall,Mono-Green Landfall,2.22
17,user_0017,Boros Dragons,Boros Dragons,2.03
17,user_0017,Jeskai Artifacts,Jeskai Artifacts,1.61
17,user_0017,Izzet Aggro,Izzet Aggro,1.19
17,user_0017,Boros Leyline Aggro,Boros Leyline Aggro,0.89
17,user_0017,Boros Mice,Boros Mice,1.52
17,user_0017,Temur Floodcaller Combo,Temur Floodcaller Combo,1.02
17,user_0017,Azorius Control,Azorius Control,1.24
17,user_0017,4c Kona,4c Kona,1.78
17,user_0017,Simic Landfall,Simic Landfall,1.38
17,user_0017,Dimir Bounce,Dimir Bounce,1.91
17,user_0017,Boros Aggro,Boros Aggro,1.44
17,user_0017,4c Control,4c Control,0.57
17,user_0017,Rakdos Aggro,Rakdos Aggro,1.01
17,user_0017,Izzet Midrange,Izzet Midrange,1.35
17,user_0017,Jund Aggro,Jund Aggro,1.23
17,user_0017,4c Artifacts,4c Artifacts,1.72
17,user_0017,Gruul Delirium,Gruul Delirium,1.58
17,user_0017,Jeskai Looting,Jeskai Looting,1.08
17,user_0017,Dimir Control,Dimir Control,0.81
17,user_0017,Abzan Insidious Roots,Abzan Insidious Roots,1.39
17,user_0017,Mono-White Tokens,Mono-White Tokens,1.57
17,user_0017,Esper Self-Bounce,Esper Self-Bounce,2.98
17,user_0017,Jeskai Control,Jeskai Control,3.21
17,user_0017,Selesnya Landfall,Selesnya Landfall,1.57
17,user_0017,4c Insidious Roots,4c Insidious Roots,1.63
17,user_0017,Mono-Red Leyline Aggro,Mono-Red Leyline Aggro,1.46
17,user_0017,Golgari Midrange,Golgari Midrange,1.43
17,user_0017,Gruul Aggro,Gruul Aggro,1.31
17,user_0017,Mono-Red Aggro,Mono-Red Aggro,3.43
17,user_0017,Izzet Looting,Izzet Looting,2.78
17,user_0017,Bant Airbending Combo,Bant Airbending Combo,1.4
17,user_0017,Izzet Omniscience,Izzet Omniscience,1.56
17,user_0017,Sultai Graveyard,Sultai Graveyard,1.35
17,user_0017,Jeskai Self-Bounce,Jeskai Self-Bounce,1.68
17,user_0017,Gruul Leyline Aggro,Gruul Leyline Aggro,1.4
17,user_0017,Temur Kona,Temur Kona,1.73
17,user_0017,4c Omniscience,4c Omniscience,1.24
17,user_0017,4c Reanimator,4c Reanimator,2.99
17,user_0017,Abzan Midrange,Abzan Midrange,0.68
17,user_0017,Sultai Reanimator,Sultai Reanimator,1.96
17,user_0017,Mardu Dragons,Mardu Dragons,1.14
17,user_0017,Izzet Lessons,Izzet Lessons,3.96
17,user_0017,Golgari Insidious Roots,Golgari Insidious Roots,1.61
18,user_0018,Izzet Aggro,Izzet Aggro,1.23
18,user_0018,Selesnya Landfall,Selesnya Landfall,1.65
18,user_0018,Simic Aggro,Simic Aggro,1.32
18,user_0018,Jeskai Self-Bounce,Jeskai Self-Bounce,1.48
18,user_0018,Sultai Graveyard,Sultai Graveyard,0.82
18,user_0018,Izzet Prowess,Izzet Prowess,2.02
18,user_0018,Boros Leyline Aggro,Boros Leyline Aggro,1.59
18,user_0018,Simic Midrange,Simic Midrange,1.24
18,user_0018,Golgari Midrange (2),Golgari Midrange,0.42
18,user_0018,Bant Airbending Combo,Bant Airbending Combo,1.74
18,user_0018,Dimir Midrange,Dimir Midrange,3.22
18,user_0018,Gruul Delirium,Gruul Delirium,1.44
18,user_0018,Rakdos Aggro,Rakdos Aggro,1.28
18,user_0018,Abzan Midrange,Abzan Midrange,0.93
18,user_0018,Gruul Aggro,Gruul Aggro,1.58
18,user_0018,Grixis Leyline,Grixis Leyline,1.3
18,user_0018,Orzhov Self-Bounce,Orzhov Self-Bounce,1.95
18,user_0018,Golgari Insidious Roots,Golgari Insidious Roots,1.29
18,user_0018,4c Reanimator,4c Reanimator,2.03
18,user_0018,Dimir Control,Dimir Control,1.26
18,user_0018,Jund Aggro,Jund Aggro,2.06
18,user_0018,Sultai Control,Sultai Control,1.51
18,user_0018,Jeskai Control,Jeskai Control,2.88
18,user_0018,Grixis Artifacts,Grixis Artifacts,0.63
18,user_0018,Bant Omniscience,Bant Omniscience,1.06
18,user_0018,Temur Kona,Temur Kona,1.57
18,user_0018,Dimir Bounce,Dimir Bounce,1.16
18,user_0018,Orzhov Midrange,Orzhov Midrange,1.68
18,user_0018,Temur Battlecrier Combo,Temur Battlecrier Combo,0.67
18,user_0018,4c Artifacts,4c Artifacts,1.2
18,user_0018,Temur Lessons,Temur Lessons,0.57
18,user_0018,Jeskai Looting,Jeskai Looting,1.48
18,user_0018,4c Insidious Roots,4c Insidious Roots,0.42
18,user_0018,Izzet Omniscience,Izzet Omniscience,1.09
18,user_0018,Mono-Red Aggro,Mono-Red Aggro,3.81
18,user_0018,Lifegain,Lifegain,0
18,user_0018,Jeskai Artifacts,Jeskai Artifacts,1.23
18,user_0018,Mardu Dragons,Mardu Dragons,0.5
18,user_0018,Temur Floodcaller Combo,Temur Floodcaller Combo,1.55
18,user_0018,Mono-Red Leyline Aggro,Mono-Red Leyline Aggro,1.32
18,user_0018,4c Insidious Roots (2),4c Insidious Roots,1.19
18,user_0018,Orzhov Control,Orzhov Control,1.45
18,user_0018,Boros Aggro,Boros Aggro,1.43
18,user_0018,Boros Burn,Boros Burn,1.36
18,user_0018,Gruul Leyline Aggro,Gruul Leyline Aggro,1.18
18,user_0018,Golgari Dragons,Golgari Dragons,1.06
18,user_0018,5c Reanimator,5c Reanimator,0.87
18,user_0018,Rakdos Sacrifice,Rakdos Sacrifice,0.76
18,user_0018,Simic Landfall,Simic Landfall,0.96
18,user_0018,Mono-Black Midrange,Mono-Black Midrange,0.71
18,user_0018,Izzet Looting,Izzet Looting,2.33
18,user_0018,4c Kona,4c Kona,1.05
19,user_0019,Orzhov Midrange,Orzhov Midrange,1.49
19,user_0019,Dimir Control,Dimir Control,1.4
19,user_0019,Simic Midrange,Simic Midrange,1.7
19,user_0019,5c Reanimator,5c Reanimator,0.6
19,user_0019,Jeskai Self-Bounce,Jeskai Self-Bounce,1.05
19,user_0019,Boros Token Control,Boros Token Control,1.11
19,user_0019,Selesnya Landfall,Selesnya Landfall,1.18
19,user_0019,Orzhov Control,Orzhov Control,1.47
19,user_0019,Rakdos Sacrifice,Rakdos Sacrifice,0.74
19,user_0019,Naya Yuna,Naya Yuna,0.99
19,user_0019,Temur Floodcaller Combo,Temur Floodcaller Combo,1.19
19,user_0019,Izzet Lessons,Izzet Lessons,4.16
19,user_0019,Boros Manufacturing,Boros Manufacturing,1.13
19,user_0019,Jeskai Control,Jeskai Control,2.79
19,user_0019,4c Kona,4c Kona,0.65
19,user_0019,4c Insidious Roots (2),4c Insidious Roots,0.9
19,user_0019,4c Insidious Roots,4c Insidious Roots,1.35
19,user_0019,Lifegain,Lifegain,0.68
19,user_0019,Sultai Graveyard,Sultai Graveyard,1.29
19,user_0019,Boros Mice,Boros Mice,1.19
19,user_0019,Dimir Midrange,Dimir Midrange,3.33
19,user_0019,Esper Self-Bounce,Esper Self-Bounce,1.36
19,user_0019,Izzet Midrange,Izzet Midrange,1.03
19,user_0019,Grixis Artifacts,Grixis Artifacts,1.11
19,user_0019,Jeskai Looting,Jeskai Looting,1.1
19,user_0019,4c Reanimator,4c Reanimator,2.1
19,user_0019,Golgari Midrange,Golgari Midrange,1.81
19,user_0019,Izzet Aggro,Izzet Aggro,1.15
20,user_0020,Dimir Midrange,Dimir Midrange,3.62
20,user_0020,Boros Leyline Aggro,Boros Leyline Aggro,1.04
20,user_0020,Bant Airbending Combo,Bant Airbending Combo,1.51
20,user_0020,Sultai Reanimator,Sultai Reanimator,1.41
20,user_0020,Izzet Prowess,Izzet Prowess,1.1
20,user_0020,Gruul Delirium,Gruul Delirium,1.65
20,user_0020,Boros Dragons,Boros Dragons,1.24
20,user_0020,Temur Kona,Temur Kona,1.11
20,user_0020,Golgari Insidious Roots,Golgari Insidious Roots,0.96
20,user_0020,Temur Battlecrier Combo,Temur Battlecrier Combo,1.19
20,user_0020,Gruul Leyline Aggro,Gruul Leyline Aggro,1.52
20,user_0020,Esper Self-Bounce,Esper Self-Bounce,1.03
20,user_0020,Izzet Lessons,Izzet Lessons,4.44
20,user_0020,Golgari Dragons,Golgari Dragons,0.86
20,user_0020,Boros Token Control,Boros Token Control,0.61
20,user_0020,Golgari Midrange (2),Golgari Midrange,0.98
20,user_0020,Mono-Black Midrange,Mono-Black Midrange,0.91
20,user_0020,Mono-Green Landfall,Mono-Green Landfall,1.96
20,user_0020,Naya Yuna,Naya Yuna,0.71
20,user_0020,Mono-White Tokens,Mono-White Tokens,1.36
20,user_0020,Jeskai Looting,Jeskai Looting,1.58
20,user_0020,4c Control,4c Control,0.92
20,user_0020,Lifegain,Lifegain,1.21
20,user_0020,Orzhov Control,Orzhov Control,1.11
20,user_0020,Boros Aggro,Boros Aggro,1.49
20,user_0020,Selesnya Landfall,Selesnya Landfall,1.75
20,user_0020,Orzhov Self-Bounce,Orzhov Self-Bounce,1.01
20,user_0020,Jeskai Control,Jeskai Control,3.28
20,user_0020,Dimir Control,Dimir Control,0.77
20,user_0020,Temur Floodcaller Combo,Temur Floodcaller Combo,1.28
20,user_0020,4c Reanimator,4c Reanimator,2.48
20,user_0020,Gruul Random Encounter,Gruul Random Encounter,0.57
20,user_0020,4c Kona,4c Kona,1.06
20,user_0020,4c Artifacts,4c Artifacts,0.97
20,user_0020,Sultai Control,Sultai Control,1.25
20,user_0020,4c Insidious Roots (2),4c Insidious Roots,1.17
20,user_0020,Boros Manufacturing,Boros Manufacturing,1.45
20,user_0020,Izzet Midrange,Izzet Midrange,1.31
20,user_0020,Izzet Looting,Izzet Looting,3.28
20,user_0020,Grixis Artifacts,Grixis Artifacts,1.35
20,user_0020,Grixis Leyline,Grixis Leyline,1.16
20,user_0020,Golgari Midrange,Golgari Midrange,1.52
20,user_0020,Simic Landfall,Simic Landfall,1.06
21,user_0021,Sultai Reanimator,Sultai Reanimator,1.82
21,user_0021,Sultai Graveyard,Sultai Graveyard,1.27
21,user_0021,Rakdos Aggro,Rakdos Aggro,1.19
21,user_0021,Jeskai Looting,Jeskai Looting,1.51
21,user_0021,Mono-White Tokens,Mono-White Tokens,1.16
21,user_0021,Grixis Artifacts,Grixis Artifacts,0.74
21,user_0021,Lifegain,Lifegain,0.79
21,user_0021,4c Omniscience,4c Omniscience,0.8
21,user_0021,Simic Midrange,Simic Midrange,1.5
21,user_0021,Izzet Looting,Izzet Looting,2.44
21,user_0021,Temur Battlecrier Combo,Temur Battlecrier Combo,1.02
21,user_0021,Jund Aggro,Jund Aggro,1.01
21,user_0021,Simic Landfall,Simic Landfall,1.05
21,user_0021,Dimir Bounce,Dimir Bounce,1.11
21,user_0021,Selesnya Landfall,Selesnya Landfall,1.36
21,user_0021,Bant Omniscience,Bant Omniscience,0.48
21,user_0021,Gruul Leyline Aggro,Gruul Leyline Aggro,1.36
21,user_0021,Boros Token Control,Boros Token Control,1.56
21,user_0021,Temur Floodcaller Combo,Temur Floodcaller Combo,1.21
21,user_0021,Mono-Black Midrange,Mono-Black Midrange,0.42
21,user_0021,Izzet Aggro,Izzet Aggro,0.97
21,user_0021,Izzet Midrange,Izzet Midrange,1.21
21,user_0021,Gruul Delirium,Gruul Delirium,1.23
21,user_0021,Dimir Control,Dimir Control,1.84
21,user_0021,Mono-Red Leyline Aggro,Mono-Red Leyline Aggro,0.86
21,user_0021,Boros Mice,Boros Mice,0.92
21,user_0021,Boros Dragons,Boros Dragons,0.96
21,user_0021,4c Insidious Roots,4c Insidious Roots,1.01
21,user_0021,Golgari Insidious Roots,Golgari Insidious Roots,0.91
21,user_0021,4c Kona,4c Kona,0.74
21,user_0021,Bant Airbending Combo,Bant Airbending Combo,1.47
21,user_0021,Esper Self-Bounce,Esper Self-Bounce,1.28
21,user_0021,Jeskai Artifacts,Jeskai Artifacts,1.75
21,user_0021,Boros Leyline Aggro,Boros Leyline Aggro,1.02
21,user_0021,Izzet Prowess,Izzet Prowess,2.8
21,user_0021,4c Reanimator,4c Reanimator,2.44
21,user_0021,Dimir Midrange,Dimir Midrange,3.85
22,user_0022,Jeskai Self-Bounce,Jeskai Self-Bounce,1.17
22,user_0022,Izzet Omniscience,Izzet Omniscience,1.79
22,user_0022,Jeskai Artifacts,Jeskai Artifacts,1.34
22,user_0022,Mono-Green Landfall,Mono-Green Landfall,2.42
22,user_0022,Bant Airbending Combo,Bant Airbending Combo,1.28
22,user_0022,Boros Burn,Boros Burn,1.41
22,user_0022,Simic Midrange,Simic Midrange,1.17
22,user_0022,4c Control,4c Control,1.31
22,user_0022,Temur Floodcaller Combo,Temur Floodcaller Combo,0.72
22,user_0022,Dimir Control,Dimir Control,0.83
22,user_0022,Selesnya Landfall,Selesnya Landfall,2.45
22,user_0022,Golgari Midrange (2),Golgari Midrange,1.07
22,user_0022,Rakdos Sacrifice,Rakdos Sacrifice,1.78
22,user_0022,4c Insidious Roots (2),4c Insidious Roots,1.3
22,user_0022,Gruul Aggro,Gruul Aggro,1.06
22,user_0022,Azorius Control,Azorius Control,1.17
22,user_0022,Mono-White Tokens,Mono-White Tokens,1.27
22,user_0022,Orzhov Self-Bounce,Orzhov Self-Bounce,1.96
22,user_0022,Abzan Midrange,Abzan Midrange,0.96
22,user_0022,Gruul Delirium,Gruul Delirium,1.41
22,user_0022,Boros Aggro,Boros Aggro,1.16
22,user_0022,Orzhov Midrange,Orzhov Midrange,1.01
22,user_0022,4c Artifacts,4c Artifacts,0.59
22,user_0022,Boros Manufacturing,Boros Manufacturing,1.54
22,user_0022,Temur Kona,Temur Kona,2.12
22,user_0022,Gruul Random Encounter,Gruul Random Encounter,1.64
22,user_0022,Abzan Insidious Roots,Abzan Insidious Roots,1.21
22,user_0022,Simic Aggro,Simic Aggro,0.9
22,user_0022,Jeskai Control,Jeskai Control,2.82
22,user_0022,Mono-Red Leyline Aggro,Mono-Red Leyline Aggro,1.12
22,user_0022,Boros Token Control,Boros Token Control,1.1
22,user_0022,5c Reanimator,5c Reanimator,1.75
22,user_0022,4c Insidious Roots,4c Insidious Roots,1.17
22,user_0022,Rakdos Aggro,Rakdos Aggro,1.13
22,user_0022,Dimir Bounce,Dimir Bounce,1.91
22,user_0022,4c Kona,4c Kona,0.91
22,user_0022,Mono-Red Aggro,Mono-Red Aggro,2.98
22,user_0022,Boros Dragons,Boros Dragons,1.46
22,user_0022,Izzet,Izzet,2.03
22,user_0022,Simic Landfall,Simic Landfall,1.35
22,user_0022,4c Omniscience,4c Omniscience,1.77
22,user_0022,Naya Yuna,Naya Yuna,1.87
22,user_0022,Bant Omniscience,Bant Omniscience,1.86
22,user_0022,Sultai Graveyard,Sultai Graveyard,1.14
22,user_0022,Mardu Dragons,Mardu Dragons,2.01
22,user_0022,Jeskai Looting,Jeskai Looting,1.32
22,user_0022,Esper Self-Bounce,Esper Self-Bounce,1.62
22,user_0022,Temur Lessons,Temur Lessons,1.97
22,user_0022,Lifegain,Lifegain,1.17
22,user_0022,Sultai Reanimator,Sultai Reanimator,2.28
22,user_0022,Grixis Leyline,Grixis Leyline,1.69
22,user_0022,Golgari Midrange,Golgari Midrange,1.59
22,user_0022,Dimir Midrange,Dimir Midrange,3.68
23,user_0023,Esper Self-Bounce,Esper Self-Bounce,1.24
23,user_0023,Boros Aggro,Boros Aggro,1.6
23,user_0023,Izzet Aggro,Izzet Aggro,1.23
23,user_0023,Rakdos Aggro,Rakdos Aggro,1.16
23,user_0023,Jeskai Artifacts,Jeskai Artifacts,1.46
23,user_0023,Selesnya Landfall,Selesnya Landfall,1.32
23,user_0023,Golgari Midrange,Golgari Midrange,2.3
23,user_0023,Izzet,Izzet,1.0
23,user_0023,Abzan Insidious Roots,Abzan Insidious Roots,1.16
23,user_0023,Izzet Lessons,Izzet Lessons,4.01
23,user_0023,Gruul Leyline Aggro,Gruul Leyline Aggro,1.0
23,user_0023,4c Insidious Roots,4c Insidious Roots,0.6
23,user_0023,Golgari Midrange (2),Golgari Midrange,1.52
23,user_0023,Sultai Graveyard,Sultai Graveyard,1.06
23,user_0023,Temur Floodcaller Combo,Temur Floodcaller Combo,1.02
23,user_0023,Gruul Aggro,Gruul Aggro,0.61
23,user_0023,Boros Mice,Boros Mice,1.12
23,user_0023,Simic Omniscience,Simic Omniscience,0.64
23,user_0023,Abzan Midrange,Abzan Midrange,1.2
23,user_0023,Izzet Omniscience,Izzet Omniscience,1.09
23,user_0023,Simic Landfall,Simic Landfall,0.87
23,user_0023,Orzhov Midrange,Orzhov Midrange,1.54
23,user_0023,Bant Omniscience,Bant Omniscience,0.97
23,user_0023,Naya Yuna,Naya Yuna,1.51
23,user_0023,Simic Aggro,Simic Aggro,0.65
23,user_0023,Grixis Leyline,Grixis Leyline,1.6
23,user_0023,4c Reanimator,4c Reanimator,2.62
23,user_0023,Orzhov Self-Bounce,Orzhov Self-Bounce,1.36
23,user_0023,Izzet Prowess,Izzet Prowess,1.69
24,user_0024,Izzet Looting,Izzet Looting,2.09
24,user_0024,Temur Floodcaller Combo,Temur Floodcaller Combo,1.34
24,user_0024,Gruul Delirium,Gruul Delirium,1.21
24,user_0024,Temur Lessons,Temur Lessons,1.47
24,user_0024,Simic Omniscience,Simic Omniscience,1.63
24,user_0024,Mono-Red Leyline Aggro,Mono-Red Leyline Aggro,1.37
24,user_0024,Boros Token Control,Boros Token Control,1.42
24,user_0024,Orzhov Midrange,Orzhov Midrange,1.51
24,user_0024,Grixis Leyline,Grixis Leyline,1.1
24,user_0024,Gruul Leyline Aggro,Gruul Leyline Aggro,1.65
24,user_0024,Gruul Random Encounter,Gruul Random Encounter,1.14
24,user_0024,Mono-White Tokens,Mono-White Tokens,0.89
24,user_0024,Naya Yuna,Naya Yuna,1.25
24,user_0024,4c Control,4c Control,0.99
24,user_0024,Selesnya Landfall,Selesnya Landfall,1.93
24,user_0024,Izzet Omniscience,Izzet Omniscience,1.16
24,user_0024,Gruul Aggro,Gruul Aggro,1.42
24,user_0024,4c Kona,4c Kona,1.0
24,user_0024,Golgari Dragons,Golgari Dragons,1.06
24,user_0024,Boros Mice,Boros Mice,1.43
24,user_0024,Izzet Prowess,Izzet Prowess,2.36
24,user_0024,Temur Battlecrier Combo,Temur Battlecrier Combo,0.65
24,user_0024,Sultai Graveyard,Sultai Graveyard,1.17
24,user_0024,Jeskai Self-Bounce,Jeskai Self-Bounce,0.82
24,user_0024,Golgari Midrange (2),Golgari Midrange,1.13
24,user_0024,Grixis Artifacts,Grixis Artifacts,1.22
24,user_0024,4c Reanimator,4c Reanimator,2.54
24,user_0024,Boros Aggro,Boros Aggro,1.54
24,user_0024,Jeskai Artifacts,Jeskai Artifacts,1.76
24,user_0024,Izzet Lessons,Izzet Lessons,4.44
24,user_0024,Dimir Bounce,Dimir Bounce,1.38
24,user_0024,Golgari Insidious Roots,Golgari Insidious Roots,1.58
24,user_0024,Abzan Midrange,Abzan Midrange,1.11
24,user_0024,5c Reanimator,5c Reanimator,0.78
24,user_0024,4c Omniscience,4c Omniscience,0.96
24,user_0024,Bant Airbending Combo,Bant Airbending Combo,1.74
25,user_0025,Simic Midrange,Simic Midrange,0.8
25,user_0025,4c Omniscience,4c Omniscience,1.2
25,user_0025,4c Kona,4c Kona,0.71
25,user_0025,Sultai Reanimator,Sultai Reanimator,1.19
25,user_0025,Simic Aggro,Simic Aggro,1.9
25,user_0025,Golgari Dragons,Golgari Dragons,1.78
25,user_0025,Simic Omniscience,Simic Omniscience,0.87
25,user_0025,Temur Floodcaller Combo,Temur Floodcaller Combo,1.54
25,user_0025,Boros Manufacturing,Boros Manufacturing,1.29
25,user_0025,Gruul Random Encounter,Gruul Random Encounter,0.9
25,user_0025,Jeskai Self-Bounce,Jeskai Self-Bounce,1.28
25,user_0025,Izzet Omniscience,Izzet Omniscience,1.51
25,user_0025,Orzhov Midrange,Orzhov Midrange,1.68
25,user_0025,Abzan Midrange,Abzan Midrange,1.17
25,user_0025,Golgari Midrange,Golgari Midrange,1.66
25,user_0025,Dimir Control,Dimir Control,1.59
25,user_0025,Bant Airbending Combo,Bant Airbending Combo,2.11
25,user_0025,Boros Burn,Boros Burn,1.57
25,user_0025,Izzet Aggro,Izzet Aggro,1.24
25,user_0025,Sultai Graveyard,Sultai Graveyard,0.59
25,user_0025,Mono-Red Aggro,Mono-Red Aggro,3.21
25,user_0025,Gruul Delirium,Gruul Delirium,1.2
25,user_0025,Mardu Dragons,Mardu Dragons,0.91
25,user_0025,Temur Battlecrier Combo,Temur Battlecrier Combo,1.07
25,user_0025,Boros Token Control,Boros Token Control,0.75
25,user_0025,4c Insidious Roots (2),4c Insidious Roots,1.37
25,user_0025,Boros Mice,Boros Mice,1.2
25,user_0025,Jeskai Looting,Jeskai Looting,1.65
25,user_0025,Izzet Prowess,Izzet Prowess,2.12
25,user_0025,Izzet Lessons,Izzet Lessons,4.24
25,user_0025,Temur Kona,Temur Kona,1.52
26,user_0026,4c Artifacts,4c Artifacts,0.82
26,user_0026,Jeskai Artifacts,Jeskai Artifacts,1.52
26,user_0026,Abzan Insidious Roots,Abzan Insidious Roots,1.28
26,user_0026,Simic Omniscience,Simic Omniscience,1.1
26,user_0026,Dimir Control,Dimir Control,1.04
26,user_0026,Boros Manufacturing,Boros Manufacturing,1.66
26,user_0026,Jeskai Control,Jeskai Control,2.96
26,user_0026,4c Reanimator,4c Reanimator,1.87
26,user_0026,Mono-Red Aggro,Mono-Red Aggro,3.22
26,user_0026,Simic Aggro,Simic Aggro,1.28
26,user_0026,Mono-Black Midrange,Mono-Black Midrange,0.83
26,user_0026,Rakdos Aggro,Rakdos Aggro,0.78
26,user_0026,Izzet Lessons,Izzet Lessons,3.74
26,user_0026,4c Control,4c Control,0.93
26,user_0026,Sultai Control,Sultai Control,0.79
26,user_0026,Boros Aggro,Boros Aggro,0.87
26,user_0026,Lifegain,Lifegain,1.15
26,user_0026,Abzan Midrange,Abzan Midrange,0.93
26,user_0026,Simic Midrange,Simic Midrange,0.62
26,user_0026,Mardu Dragons,Mardu Dragons,1.01
26,user_0026,Gruul Random Encounter,Gruul Random Encounter,1.29
26,user_0026,Golgari Midrange,Golgari Midrange,1.41
26,user_0026,Golgari Insidious Roots,Golgari Insidious Roots,1.12
26,user_0026,Orzhov Control,Orzhov Control,0.9
26,user_0026,Boros Burn,Boros Burn,1.26
26,user_0026,Izzet Aggro,Izzet Aggro,0.88
26,user_0026,Naya Yuna,Naya Yuna,1.33
26,user_0026,Temur Lessons,Temur Lessons,1.13
26,user_0026,Boros Mice,Boros Mice,0.97
26,user_0026,Golgari Dragons,Golgari Dragons,1.58
26,user_0026,Azorius Control,Azorius Control,1.81
26,user_0026,Orzhov Midrange,Orzhov Midrange,1.17
26,user_0026,Jund Aggro,Jund Aggro,0.83
26,user_0026,Izzet Prowess,Izzet Prowess,2.24
26,user_0026,Rakdos Sacrifice,Rakdos Sacrifice,0.67
26,user_0026,Esper Self-Bounce,Esper Self-Bounce,1.03
26,user_0026,Grixis Artifacts,Grixis Artifacts,1.38
26,user_0026,4c Kona,4c Kona,0.66
26,user_0026,Izzet Looting,Izzet Looting,2.37
26,user_0026,4c Omniscience,4c Omniscience,1.16
26,user_0026,Sultai Reanimator,Sultai Reanimator,1.56
26,user_0026,5c Reanimator,5c Reanimator,0.67
26,user_0026,Bant Airbending Combo,Bant Airbending Combo,2.2
26,user_0026,4c Insidious Roots,4c Insidious Roots,0.82
26,user_0026,Simic Landfall,Simic Landfall,1.1
26,user_0026,Sultai Graveyard,Sultai Graveyard,0.73
26,user_0026,Selesnya Landfall,Selesnya Landfall,1.49
26,user_0026,Izzet,Izzet,1.09
27,user_0027,Bant Omniscience,Bant Omniscience,1.71
27,user_0027,Temur Lessons,Temur Lessons,1.43
27,user_0027,Temur Floodcaller Combo,Temur Floodcaller Combo,1.32
27,user_0027,Simic Midrange,Simic Midrange,1.08
27,user_0027,Gruul Aggro,Gruul Aggro,0.81
27,user_0027,Dimir Bounce,Dimir Bounce,0.82
27,user_0027,Mono-Black Midrange,Mono-Black Midrange,0.75
27,user_0027,Jeskai Artifacts,Jeskai Artifacts,1.59
27,user_0027,Mono-White Tokens,Mono-White Tokens,0.95
27,user_0027,Sultai Reanimator,Sultai Reanimator,1.77
27,user_0027,Simic Landfall,Simic Landfall,0.9
27,user_0027,Selesnya Landfall,Selesnya Landfall,1.38
27,user_0027,Rakdos Aggro,Rakdos Aggro,0.49
27,user_0027,Temur Battlecrier Combo,Temur Battlecrier Combo,1.68
27,user_0027,Mono-Green Landfall,Mono-Green Landfall,1.49
27,user_0027,4c Artifacts,4c Artifacts,1.39
27,user_0027,Abzan Insidious Roots,Abzan Insidious Roots,1.36
27,user_0027,Orzhov Control,Orzhov Control,0.83
27,user_0027,Dimir Midrange,Dimir Midrange,3.62
27,user_0027,4c Insidious Roots,4c Insidious Roots,1.1
27,user_0027,Izzet Prowess,Izzet Prowess,2.44
27,user_0027,Gruul Leyline Aggro,Gruul Leyline Aggro,1.41
27,user_0027,Izzet Omniscience,Izzet Omniscience,0.47
27,user_0027,Izzet,Izzet,1.29
27,user_0027,Boros Leyline Aggro,Boros Leyline Aggro,1.26
27,user_0027,4c Kona,4c Kona,0.62
27,user_0027,Esper Self-Bounce,Esper Self-Bounce,1.26
27,user_0027,Temur Kona,Temur Kona,1.82
27,user_0027,Rakdos Sacrifice,Rakdos Sacrifice,1.21
27,user_0027,Jund Aggro,Jund Aggro,1.15
27,user_0027,Orzhov Midrange,Orzhov Midrange,1.03
27,user_0027,Mardu Dragons,Mardu Dragons,1.37
27,user_0027,Naya Yuna,Naya Yuna,1.74
27,user_0027,Dimir Control,Dimir Control,1.06
27,user_0027,Boros Token Control,Boros Token Control,1.57
27,user_0027,Jeskai Control,Jeskai Control,2.38
27,user_0027,Boros Manufacturing,Boros Manufacturing,1.39
27,user_0027,5c Reanimator,5c Reanimator,1.02
27,user_0027,Abzan Midrange,Abzan Midrange,0.71
27,user_0027,4c Control,4c Control,1.26
27,user_0027,Izzet Looting,Izzet Looting,2.56
27,user_0027,Boros Dragons,Boros Dragons,1.28
27,user_0027,Azorius Control,Azorius Control,1.17
27,user_0027,Bant Airbending Combo,Bant Airbending Combo,1.93
27,user_0027,Boros Aggro,Boros Aggro,1.85
27,user_0027,4c Omniscience,4c Omniscience,1.17
27,user_0027,Boros Mice,Boros Mice,0.77
27,user_0027,Simic Omniscience,Simic Omniscience,1.05
27,user_0027,Jeskai Self-Bounce,Jeskai Self-Bounce,1.25
27,user_0027,Gruul Delirium,Gruul Delirium,1.07
27,user_0027,Izzet Midrange,Izzet Midrange,1.32
27,user_0027,Simic Aggro,Simic Aggro,0.71
27,user_0027,Golgari Dragons,Golgari Dragons,0.97
28,user_0028,Boros Aggro,Boros Aggro,0.81
28,user_0028,Jeskai Control,Jeskai Control,3.59
28,user_0028,Grixis Artifacts,Grixis Artifacts,0.97
28,user_0028,Mono-Black Midrange,Mono-Black Midrange,0.92
28,user_0028,Naya Yuna,Naya Yuna,1.69
28,user_0028,Orzhov Control,Orzhov Control,1.32
28,user_0028,Gruul Delirium,Gruul Delirium,0.87
28,user_0028,Boros Leyline Aggro,Boros Leyline Aggro,0.89
28,user_0028,Gruul Aggro,Gruul Aggro,0.88
28,user_0028,Esper Self-Bounce,Esper Self-Bounce,1.29
28,user_0028,Sultai Control,Sultai Control,1.01
28,user_0028,Temur Lessons,Temur Lessons,0.99
28,user_0028,4c Kona,4c Kona,0.48
28,user_0028,Jeskai Looting,Jeskai Looting,1.09
28,user_0028,Izzet Omniscience,Izzet Omniscience,1.14
28,user_0028,Simic Landfall,Simic Landfall,0.81
28,user_0028,4c Omniscience,4c Omniscience,1.36
28,user_0028,Mono-White Tokens,Mono-White Tokens,1.18
28,user_0028,Boros Dragons,Boros Dragons,1.34
28,user_0028,Mardu Dragons,Mardu Dragons,1.12
28,user_0028,Mono-Green Landfall,Mono-Green Landfall,1.49
28,user_0028,Azorius Control,Azorius Control,1.19
28,user_0028,Bant Omniscience,Bant Omniscience,0.83
28,user_0028,Sultai Graveyard,Sultai Graveyard,0.99
28,user_0028,Jeskai Self-Bounce,Jeskai Self-Bounce,1.36
28,user_0028,Golgari Insidious Roots,Golgari Insidious Roots,1.21
28,user_0028,4c Artifacts,4c Artifacts,1.07
28,user_0028,Orzhov Self-Bounce,Orzhov Self-Bounce,0.57
28,user_0028,Dimir Midrange,Dimir Midrange,3.37
28,user_0028,Izzet Aggro,Izzet Aggro,0.38
28,user_0028,Golgari Midrange,Golgari Midrange,1.68
28,user_0028,Izzet Looting,Izzet Looting,2.87
28,user_0028,4c Insidious Roots (2),4c Insidious Roots,1.59
28,user_0028,Temur Floodcaller Combo,Temur Floodcaller Combo,2.02
28,user_0028,Selesnya Landfall,Selesnya Landfall,2.06
28,user_0028,4c Control,4c Control,1.15
28,user_0028,Sultai Reanimator,Sultai Reanimator,1.38
28,user_0028,Izzet Lessons,Izzet Lessons,3.7
28,user_0028,Temur Battlecrier Combo,Temur Battlecrier Combo,1.61
28,user_0028,Boros Manufacturing,Boros Manufacturing,1.24
28,user_0028,Boros Burn,Boros Burn,1.07
28,user_0028,Bant Airbending Combo,Bant Airbending Combo,1.88
28,user_0028,5c Reanimator,5c Reanimator,1.23
29,user_0029,Azorius Control,Azorius Control,1.51
29,user_0029,Esper Self-Bounce,Esper Self-Bounce,1.23
29,user_0029,Izzet Looting,Izzet Looting,2.84
29,user_0029,Sultai Graveyard,Sultai Graveyard,0.81
29,user_0029,Golgari Midrange,Golgari Midrange,1.95
29,user_0029,Gruul Aggro,Gruul Aggro,1.08
29,user_0029,Mono-Red Leyline Aggro,Mono-Red Leyline Aggro,1.27
29,user_0029,Naya Yuna,Naya Yuna,0.9
29,user_0029,Lifegain,Lifegain,1.55
29,user_0029,Izzet Prowess,Izzet Prowess,2.36
29,user_0029,Boros Aggro,Boros Aggro,1.13
29,user_0029,Grixis Leyline,Grixis Leyline,1.09
29,user_0029,Golgari Dragons,Golgari Dragons,1.79
29,user_0029,4c Insidious Roots (2),4c Insidious Roots,0.87
29,user_0029,Boros Dragons,Boros Dragons,1.76
29,user_0029,Gruul Random Encounter,Gruul Random Encounter,0.75
29,user_0029,Simic Midrange,Simic Midrange,1.41
29,user_0029,4c Kona,4c Kona,1.54
29,user_0029,Abzan Insidious Roots,Abzan Insidious Roots,1.37
29,user_0029,Jeskai Looting,Jeskai Looting,1.51
29,user_0029,4c Omniscience,4c Omniscience,0.81
29,user_0029,Rakdos Aggro,Rakdos Aggro,1.3
29,user_0029,Bant Airbending Combo,Bant Airbending Combo,1.66
29,user_0029,Jeskai Control,Jeskai Control,3.67
29,user_0029,Temur Battlecrier Combo,Temur Battlecrier Combo,0.88
29,user_0029,Boros Burn,Boros Burn,1.03
30,user_0030,Izzet Looting,Izzet Looting,3.26
30,user_0030,4c Insidious Roots,4c Insidious Roots,1.48
30,user_0030,Temur Floodcaller Combo,Temur Floodcaller Combo,0.9
30,user_0030,Boros Burn,Boros Burn,1.94
30,user_0030,Dimir Midrange,Dimir Midrange,3.57
30,user_0030,Boros Mice,Boros Mice,2.15
30,user_0030,Mono-Black Midrange,Mono-Black Midrange,2.0
30,user_0030,Boros Manufacturing,Boros Manufacturing,1.52
30,user_0030,Orzhov Midrange,Orzhov Midrange,1.39
30,user_0030,Jeskai Self-Bounce,Jeskai Self-Bounce,1.7
30,user_0030,4c Control,4c Control,0.9
30,user_0030,Azorius Control,Azorius Control,0.16
30,user_0030,Izzet Prowess,Izzet Prowess,2.96
30,user_0030,4c Omniscience,4c Omniscience,1.22
30,user_0030,Bant Airbending Combo,Bant Airbending Combo,1.66
30,user_0030,Bant Omniscience,Bant Omniscience,1.6
30,user_0030,Boros Leyline Aggro,Boros Leyline Aggro,1.1
30,user_0030,Mono-Red Aggro,Mono-Red Aggro,3.29
30,user_0030,Naya Yuna,Naya Yuna,1.41
30,user_0030,Golgari Midrange,Golgari Midrange,1.6
30,user_0030,Rakdos Aggro,Rakdos Aggro,1.19
30,user_0030,Boros Aggro,Boros Aggro,0.85
30,user_0030,Jeskai Control,Jeskai Control,3.05
30,user_0030,Simic Landfall,Simic Landfall,2.04
30,user_0030,Orzhov Self-Bounce,Orzhov Self-Bounce,1.6
30,user_0030,4c Insidious Roots (2),4c Insidious Roots,1.81
30,user_0030,Golgari Insidious Roots,Golgari Insidious Roots,1.99
30,user_0030,Mono-Red Leyline Aggro,Mono-Red Leyline Aggro,1.41
30,user_0030,Sultai Graveyard,Sultai Graveyard,1.4
30,user_0030,Simic Omniscience,Simic Omniscience,2.0
30,user_0030,Esper Self-Bounce,Esper Self-Bounce,1.31
30,user_0030,Golgari Midrange (2),Golgari Midrange,0.87
30,user_0030,4c Reanimator,4c Reanimator,3.09
30,user_0030,Jeskai Artifacts,Jeskai Artifacts,1.8
30,user_0030,Izzet Midrange,Izzet Midrange,0.99
30,user_0030,Orzhov Control,Orzhov Control,1.22
30,user_0030,4c Artifacts,4c Artifacts,1.44
30,user_0030,Gruul Delirium,Gruul Delirium,1.67
30,user_0030,Lifegain,Lifegain,1.75
30,user_0030,Gruul Random Encounter,Gruul Random Encounter,1.5
30,user_0030,Jund Aggro,Jund Aggro,0.13
30,user_0030,Abzan Insidious Roots,Abzan Insidious Roots,1.48
30,user_0030,4c Kona,4c Kona,1.47
30,user_0030,Golgari Dragons,Golgari Dragons,1.33
30,user_0030,Izzet Lessons,Izzet Lessons,4.17
30,user_0030,Izzet Omniscience,Izzet Omniscience,1.78
30,user_0030,Sultai Reanimator,Sultai Reanimator,1.4
30,user_0030,Grixis Leyline,Grixis Leyline,1.9
30,user_0030,Abzan Midrange,Abzan Midrange,1.24
30,user_0030,Boros Token Control,Boros Token Control,1.8
30,user_0030,Sultai Control,Sultai Control,1.32
30,user_0030,Mono-Green Landfall,Mono-Green Landfall,1.54
30,user_0030,Jeskai Looting,Jeskai Looting,1.85
30,user_0030,Rakdos Sacrifice,Rakdos Sacrifice,1.21
30,user_0030,Gruul Leyline Aggro,Gruul Leyline Aggro,1.6
31,user_0031,Rakdos Sacrifice,Rakdos Sacrifice,1.51
31,user_0031,Naya Yuna,Naya Yuna,0.98
31,user_0031,Izzet Omniscience,Izzet Omniscience,1.33
31,user_0031,4c Artifacts,4c Artifacts,0.68
31,user_0031,Bant Airbending Combo,Bant Airbending Combo,1.78
31,user_0031,Grixis Artifacts,Grixis Artifacts,1.48
31,user_0031,Simic Omniscience,Simic Omniscience,1.04
31,user_0031,Golgari Dragons,Golgari Dragons,1.41
31,user_0031,Sultai Graveyard,Sultai Graveyard,1.13
31,user_0031,Izzet Prowess,Izzet Prowess,2.15
31,user_0031,Orzhov Midrange,Orzhov Midrange,1.96
31,user_0031,Boros Mice,Boros Mice,0.96
31,user_0031,4c Insidious Roots,4c Insidious Roots,1.57
31,user_0031,Gruul Leyline Aggro,Gruul Leyline Aggro,0.82
31,user_0031,Abzan Midrange,Abzan Midrange,1.24
31,user_0031,Temur Battlecrier Combo,Temur Battlecrier Combo,1.42
31,user_0031,Orzhov Control,Orzhov Control,0.85
31,user_0031,Temur Floodcaller Combo,Temur Floodcaller Combo,0.82
31,user_0031,Gruul Delirium,Gruul Delirium,1.09
31,user_0031,4c Insidious Roots (2),4c Insidious Roots,0.78
31,user_0031,Izzet Lessons,Izzet Lessons,4.23
31,user_0031,4c Omniscience,4c Omniscience,0.84
31,user_0031,5c Reanimator,5c Reanimator,0.97
31,user_0031,Lifegain,Lifegain,0.95
31,user_0031,Dimir Bounce,Dimir Bounce,0.67
31,user_0031,Izzet Midrange,Izzet Midrange,1.51
31,user_0031,Jeskai Self-Bounce,Jeskai Self-Bounce,1.55
31,user_0031,Jeskai Looting,Jeskai Looting,1.33
31,user_0031,4c Control,4c Control,0.71
31,user_0031,Temur Lessons,Temur Lessons,1.39
31,user_0031,Boros Token Control,Boros Token Control,0.95
31,user_0031,Golgari Midrange (2),Golgari Midrange,1.72
31,user_0031,Dimir Midrange,Dimir Midrange,4.33
31,user_0031,Rakdos Aggro,Rakdos Aggro,0.64
31,user_0031,4c Kona,4c Kona,1.34
31,user_0031,Sultai Control,Sultai Control,1.29
31,user_0031,Simic Aggro,Simic Aggro,1.67
31,user_0031,Boros Aggro,Boros Aggro,1.47
31,user_0031,Boros Manufacturing,Boros Manufacturing,1.17
31,user_0031,Golgari Midrange,Golgari Midrange,2.13
31,user_0031,Mono-White Tokens,Mono-White Tokens,1.04
31,user_0031,Jeskai Control,Jeskai Control,3.62
31,user_0031,Grixis Leyline,Grixis Leyline,1.52
32,user_0032,Grixis Leyline,Grixis Leyline,0.85
32,user_0032,4c Omniscience,4c Omniscience,1.04
32,user_0032,Lifegain,Lifegain,0.99
32,user_0032,Sultai Reanimator,Sultai Reanimator,1.09
32,user_0032,5c Reanimator,5c Reanimator,1.39
32,user_0032,Boros Token Control,Boros Token Control,0.8
32,user_0032,Izzet Aggro,Izzet Aggro,1.0
32,user_0032,Simic Omniscience,Simic Omniscience,1.5
32,user_0032,Abzan Insidious Roots,Abzan Insidious Roots,0.86
32,user_0032,Golgari Insidious Roots,Golgari Insidious Roots,1.48
32,user_0032,Izzet Lessons,Izzet Lessons,3.69
32,user_0032,Gruul Leyline Aggro,Gruul Leyline Aggro,1.27
32,user_0032,Jeskai Looting,Jeskai Looting,1.12
32,user_0032,4c Artifacts,4c Artifacts,1.57
32,user_0032,Sultai Control,Sultai Control,1.27
32,user_0032,Orzhov Midrange,Orzhov Midrange,0.95
32,user_0032,Golgari Midrange (2),Golgari Midrange,0.66
32,user_0032,Rakdos Sacrifice,Rakdos Sacrifice,0.76
32,user_0032,4c Insidious Roots (2),4c Insidious Roots,0.86
32,user_0032,Dimir Midrange,Dimir Midrange,3.44
32,user_0032,4c Insidious Roots,4c Insidious Roots,1.29
32,user_0032,Simic Landfall,Simic Landfall,1.13
32,user_0032,Izzet Midrange,Izzet Midrange,0.95
32,user_0032,Temur Lessons,Temur Lessons,1.19
32,user_0032,Mono-Green Landfall,Mono-Green Landfall,2.08
32,user_0032,Jeskai Self-Bounce,Jeskai Self-Bounce,0.89
32,user_0032,Gruul Random Encounter,Gruul Random Encounter,1.4
33,user_0033,Temur Battlecrier Combo,Temur Battlecrier Combo,0.89
33,user_0033,Rakdos Aggro,Rakdos Aggro,1.15
33,user_0033,Gruul Leyline Aggro,Gruul Leyline Aggro,1.41
33,user_0033,Bant Omniscience,Bant Omniscience,1.68
33,user_0033,Boros Manufacturing,Boros Manufacturing,1.34
33,user_0033,4c Omniscience,4c Omniscience,1.6
33,user_0033,Boros Dragons,Boros Dragons,1.6
33,user_0033,Izzet,Izzet,1.54
33,user_0033,Gruul Random Encounter,Gruul Random Encounter,1.6
33,user_0033,Golgari Dragons,Golgari Dragons,1.73
33,user_0033,Gruul Aggro,Gruul Aggro,0.76
33,user_0033,Simic Aggro,Simic Aggro,1.33
33,user_0033,Jeskai Self-Bounce,Jeskai Self-Bounce,1.78
33,user_0033,Dimir Midrange,Dimir Midrange,4.28
33,user_0033,Rakdos Sacrifice,Rakdos Sacrifice,1.41
33,user_0033,Izzet Omniscience,Izzet Omniscience,1.8
33,user_0033,4c Control,4c Control,0.83
33,user_0033,Jeskai Artifacts,Jeskai Artifacts,1.83
33,user_0033,Grixis Artifacts,Grixis Artifacts,2.02
33,user_0033,Mono-Red Aggro,Mono-Red Aggro,2.88
33,user_0033,4c Insidious Roots (2),4c Insidious Roots,1.64
33,user_0033,4c Insidious Roots,4c Insidious Roots,1.76
33,user_0033,Boros Burn,Boros Burn,1.53
33,user_0033,Golgari Midrange (2),Golgari Midrange,0.89
33,user_0033,Izzet Midrange,Izzet Midrange,1.15
33,user_0033,Boros Mice,Boros Mice,1.58
33,user_0033,Bant Airbending Combo,Bant Airbending Combo,1.16
33,user_0033,Gruul Delirium,Gruul Delirium,1.8
33,user_0033,Orzhov Control,Orzhov Control,1.3
33,user_0033,4c Reanimator,4c Reanimator,3.22
33,user_0033,5c Reanimator,5c Reanimator,1.84
33,user_0033,Mardu Dragons,Mardu Dragons,1.7
33,user_0033,Dimir Bounce,Dimir Bounce,1.77
33,user_0033,Temur Lessons,Temur Lessons,1.4
33,user_0033,Mono-White Tokens,Mono-White Tokens,1.71
33,user_0033,Lifegain,Lifegain,1.76
33,user_0033,Izzet Aggro,Izzet Aggro,0.64
34,user_0034,Sultai Control,Sultai Control,0.83
34,user_0034,Dimir Bounce,Dimir Bounce,1.99
34,user_0034,Izzet,Izzet,1.98
34,user_0034,Temur Kona,Temur Kona,2.1
34,user_0034,Dimir Control,Dimir Control,1.07
34,user_0034,Jeskai Artifacts,Jeskai Artifacts,1.4
34,user_0034,Simic Midrange,Simic Midrange,0.83
34,user_0034,Orzhov Self-Bounce,Orzhov Self-Bounce,1.77
34,user_0034,Boros Burn,Boros Burn,1.23
34,user_0034,Boros Aggro,Boros Aggro,1.27
34,user_0034,Orzhov Midrange,Orzhov Midrange,0.58
34,user_0034,Mono-Red Leyline Aggro,Mono-Red Leyline Aggro,0.38
34,user_0034,Abzan Midrange,Abzan Midrange,0.75
34,user_0034,Izzet Lessons,Izzet Lessons,4.37
34,user_0034,Bant Omniscience,Bant Omniscience,2.17
34,user_0034,Sultai Graveyard,Sultai Graveyard,1.25
34,user_0034,4c Artifacts,4c Artifacts,1.41
34,user_0034,4c Kona,4c Kona,2.03
34,user_0034,Mardu Dragons,Mardu Dragons,1.41
34,user_0034,Naya Yuna,Naya Yuna,1.3
34,user_0034,Golgari Midrange (2),Golgari Midrange,1.2
34,user_0034,Bant Airbending Combo,Bant Airbending Combo,1.43
34,user_0034,Jeskai Self-Bounce,Jeskai Self-Bounce,1.2
34,user_0034,Golgari Midrange,Golgari Midrange,1.37
34,user_0034,Jeskai Control,Jeskai Control,2.85
34,user_0034,Gruul Random Encounter,Gruul Random Encounter,1.48
34,user_0034,Mono-Green Landfall,Mono-Green Landfall,1.87
34,user_0034,Simic Landfall,Simic Landfall,1.58
34,user_0034,Mono-Black Midrange,Mono-Black Midrange,1.06
34,user_0034,Golgari Dragons,Golgari Dragons,1.22
34,user_0034,Jund Aggro,Jund Aggro,0.62
34,user_0034,Grixis Leyline,Grixis Leyline,1.42
34,user_0034,Boros Mice,Boros Mice,1.95
34,user_0034,4c Reanimator,4c Reanimator,2.64
34,user_0034,Boros Leyline Aggro,Boros Leyline Aggro,0.88
34,user_0034,Izzet Prowess,Izzet Prowess,2.94
34,user_0034,Abzan Insidious Roots,Abzan Insidious Roots,1.64
34,user_0034,Rakdos Sacrifice,Rakdos Sacrifice,2.13
34,user_0034,Azorius Control,Azorius Control,0.99
34,user_0034,Simic Aggro,Simic Aggro,1.14
34,user_0034,Temur Battlecrier Combo,Temur Battlecrier Combo,0.65
34,user_0034,Simic Omniscience,Simic Omniscience,1.45
34,user_0034,Orzhov Control,Orzhov Control,1.17
34,user_0034,Temur Floodcaller Combo,Temur Floodcaller Combo,1.01
34,user_0034,Temur Lessons,Temur Lessons,2.0
34,user_0034,Gruul Delirium,Gruul Delirium,2.04
34,user_0034,5c Reanimator,5c Reanimator,1.84
34,user_0034,Esper Self-Bounce,Esper Self-Bounce,2.44
34,user_0034,Gruul Leyline Aggro,Gruul Leyline Aggro,0.71
34,user_0034,Boros Dragons,Boros Dragons,1.86
34,user_0034,4c Control,4c Control,1.11
34,user_0034,Selesnya Landfall,Selesnya Landfall,1.87
34,user_0034,Grixis Artifacts,Grixis Artifacts,1.34
35,user_0035,Simic Landfall,Simic Landfall,1.2
35,user_0035,Dimir Midrange,Dimir Midrange,3.87
35,user_0035,Gruul Delirium,Gruul Delirium,1.9
35,user_0035,Temur Kona,Temur Kona,1.76
35,user_0035,Dimir Bounce,Dimir Bounce,1.48
35,user_0035,Boros Mice,Boros Mice,1.16
35,user_0035,4c Kona,4c Kona,1.21
35,user_0035,Selesnya Landfall,Selesnya Landfall,1.83
35,user_0035,Izzet Lessons,Izzet Lessons,4.93
35,user_0035,Boros Burn,Boros Burn,1.91
35,user_0035,Boros Manufacturing,Boros Manufacturing,1.33
35,user_0035,4c Insidious Roots (2),4c Insidious Roots,1.51
35,user_0035,Izzet Omniscience,Izzet Omniscience,1.32
35,user_0035,Simic Aggro,Simic Aggro,0.94
35,user_0035,Mono-Green Landfall,Mono-Green Landfall,2.06
35,user_0035,Boros Token Control,Boros Token Control,0.94
35,user_0035,Dimir Control,Dimir Control,0.5
35,user_0035,Gruul Aggro,Gruul Aggro,0.62
35,user_0035,Rakdos Sacrifice,Rakdos Sacrifice,2.03
35,user_0035,Orzhov Midrange,Orzhov Midrange,1.16
35,user_0035,Rakdos Aggro,Rakdos Aggro,2.01
35,user_0035,Abzan Insidious Roots,Abzan Insidious Roots,1.82
35,user_0035,Izzet Prowess,Izzet Prowess,2.89
35,user_0035,Azorius Control,Azorius Control,0.91
35,user_0035,Orzhov Self-Bounce,Orzhov Self-Bounce,1.5
35,user_0035,Sultai Control,Sultai Control,1.05
35,user_0035,Abzan Midrange,Abzan Midrange,0.61
35,user_0035,Grixis Leyline,Grixis Leyline,1.34
35,user_0035,Golgari Midrange,Golgari Midrange,1.55
35,user_0035,Izzet Looting,Izzet Looting,2.91
35,user_0035,Izzet Midrange,Izzet Midrange,1.05
35,user_0035,Boros Dragons,Boros Dragons,2.08
35,user_0035,Grixis Artifacts,Grixis Artifacts,1.61
35,user_0035,5c Reanimator,5c Reanimator,1.97
35,user_0035,Sultai Reanimator,Sultai Reanimator,2.13
35,user_0035,4c Artifacts,4c Artifacts,1.95
35,user_0035,Simic Omniscience,Simic Omniscience,1.15
35,user_0035,Mono-Red Aggro,Mono-Red Aggro,2.65
35,user_0035,Bant Airbending Combo,Bant Airbending Combo,1.43
35,user_0035,Jeskai Looting,Jeskai Looting,1.41
36,user_0036,Gruul Random Encounter,Gruul Random Encounter,1.02
36,user_0036,Simic Landfall,Simic Landfall,1.12
36,user_0036,Jeskai Control,Jeskai Control,3.4
36,user_0036,Gruul Leyline Aggro,Gruul Leyline Aggro,1.54
36,user_0036,Lifegain,Lifegain,0.91
36,user_0036,Grixis Artifacts,Grixis Artifacts,0.87
36,user_0036,Orzhov Control,Orzhov Control,1.36
36,user_0036,Jund Aggro,Jund Aggro,1.88
36,user_0036,Mono-Green Landfall,Mono-Green Landfall,1.98
36,user_0036,Boros Aggro,Boros Aggro,1.73
36,user_0036,Azorius Control,Azorius Control,0.98
36,user_0036,Izzet Omniscience,Izzet Omniscience,0.94
36,user_0036,Boros Burn,Boros Burn,1.34
36,user_0036,Mono-Black Midrange,Mono-Black Midrange,1.58
36,user_0036,Orzhov Midrange,Orzhov Midrange,1.0
36,user_0036,Izzet Midrange,Izzet Midrange,0.83
36,user_0036,Boros Token Control,Boros Token Control,0.97
36,user_0036,Jeskai Self-Bounce,Jeskai Self-Bounce,0.89
36,user_0036,Mono-White Tokens,Mono-White Tokens,1.8
36,user_0036,4c Reanimator,4c Reanimator,2.83
36,user_0036,5c Reanimator,5c Reanimator,1.23
36,user_0036,4c Kona,4c Kona,1.03
36,user_0036,Mardu Dragons,Mardu Dragons,1.0
36,user_0036,Abzan Insidious Roots,Abzan Insidious Roots,1.88
36,user_0036,Mono-Red Aggro,Mono-Red Aggro,2.97
36,user_0036,Simic Omniscience,Simic Omniscience,0.73
36,user_0036,Orzhov Self-Bounce,Orzhov Self-Bounce,1.5
36,user_0036,Simic Aggro,Simic Aggro,1.96
36,user_0036,Boros Dragons,Boros Dragons,1.76
36,user_0036,Naya Yuna,Naya Yuna,1.09
36,user_0036,4c Artifacts,4c Artifacts,0.72
36,user_0036,Rakdos Aggro,Rakdos Aggro,1.54
36,user_0036,4c Insidious Roots (2),4c Insidious Roots,0.96
36,user_0036,Dimir Bounce,Dimir Bounce,0.84
36,user_0036,Grixis Leyline,Grixis Leyline,0.58
36,user_0036,Izzet Prowess,Izzet Prowess,2.18
36,user_0036,Boros Leyline Aggro,Boros Leyline Aggro,1.66
36,user_0036,Dimir Midrange,Dimir Midrange,3.57
36,user_0036,4c Insidious Roots,4c Insidious Roots,1.73
36,user_0036,Rakdos Sacrifice,Rakdos Sacrifice,0.45
36,user_0036,Golgari Midrange (2),Golgari Midrange,1.19
36,user_0036,Golgari Midrange,Golgari Midrange,1.53
36,user_0036,Sultai Graveyard,Sultai Graveyard,1.09
36,user_0036,Temur Floodcaller Combo,Temur Floodcaller Combo,0.79
36,user_0036,Esper Self-Bounce,Esper Self-Bounce,1.48
36,user_0036,Izzet,Izzet,1.21
36,user_0036,Golgari Dragons,Golgari Dragons,1.29
36,user_0036,Gruul Delirium,Gruul Delirium,0.82
36,user_0036,Dimir Control,Dimir Control,1.13
36,user_0036,Selesnya Landfall,Selesnya Landfall,1.63
36,user_0036,Temur Battlecrier Combo,Temur Battlecrier Combo,0.94
36,user_0036,4c Omniscience,4c Omniscience,1.34
36,user_0036,Boros Mice,Boros Mice,1.29
36,user_0036,Jeskai Looting,Jeskai Looting,1.19
36,user_0036,Gruul Aggro,Gruul Aggro,1.33
36,user_0036,Izzet Looting,Izzet Looting,2.72
37,user_0037,Bant Omniscience,Bant Omniscience,1.33
37,user_0037,Boros Manufacturing,Boros Manufacturing,1.35
37,user_0037,Izzet,Izzet,1.32
37,user_0037,Izzet Aggro,Izzet Aggro,0.76
37,user_0037,Selesnya Landfall,Selesnya Landfall,2.2
37,user_0037,Simic Omniscience,Simic Omniscience,1.84
37,user_0037,5c Reanimator,5c Reanimator,1.42
37,user_0037,Sultai Graveyard,Sultai Graveyard,1.1
37,user_0037,Naya Yuna,Naya Yuna,1.69
37,user_0037,Dimir Bounce,Dimir Bounce,1.55
37,user_0037,Mono-Red Aggro,Mono-Red Aggro,3.66
37,user_0037,Mono-White Tokens,Mono-White Tokens,1.43
37,user_0037,Gruul Delirium,Gruul Delirium,1.16
37,user_0037,Temur Lessons,Temur Lessons,1.76
37,user_0037,Boros Dragons,Boros Dragons,1.88
37,user_0037,Gruul Random Encounter,Gruul Random Encounter,1.22
37,user_0037,Gruul Leyline Aggro,Gruul Leyline Aggro,1.25
37,user_0037,4c Omniscience,4c Omniscience,1.61
37,user_0037,Golgari Dragons,Golgari Dragons,1.7
37,user_0037,Grixis Leyline,Grixis Leyline,1.65
37,user_0037,4c Insidious Roots,4c Insidious Roots,1.64
37,user_0037,Izzet Prowess,Izzet Prowess,2.78
37,user_0037,Bant Airbending Combo,Bant Airbending Combo,0.63
37,user_0037,Jund Aggro,Jund Aggro,1.3
37,user_0037,Esper Self-Bounce,Esper Self-Bounce,1.11
37,user_0037,4c Reanimator,4c Reanimator,2.53
37,user_0037,Temur Floodcaller Combo,Temur Floodcaller Combo,0.95
37,user_0037,Jeskai Control,Jeskai Control,3.52
37,user_0037,4c Control,4c Control,1.37
37,user_0037,Izzet Lessons,Izzet Lessons,4.79
37,user_0037,Boros Aggro,Boros Aggro,0.82
37,user_0037,Grixis Artifacts,Grixis Artifacts,1.77
37,user_0037,Boros Burn,Boros Burn,2.21
37,user_0037,Izzet Looting,Izzet Looting,3.43
37,user_0037,Jeskai Looting,Jeskai Looting,1.57
37,user_0037,Orzhov Midrange,Orzhov Midrange,1.09
37,user_0037,4c Insidious Roots (2),4c Insidious Roots,1.8
37,user_0037,Mardu Dragons,Mardu Dragons,1.99
37,user_0037,Boros Token Control,Boros Token Control,0.93
37,user_0037,Azorius Control,Azorius Control,1.35
37,user_0037,Golgari Midrange,Golgari Midrange,1.21
38,user_0038,Esper Self-Bounce,Esper Self-Bounce,1.5
38,user_0038,Abzan Insidious Roots,Abzan Insidious Roots,1.07
38,user_0038,Abzan Midrange,Abzan Midrange,2.24
38,user_0038,4c Reanimator,4c Reanimator,2.61
38,user_0038,Temur Floodcaller Combo,Temur Floodcaller Combo,1.12
38,user_0038,4c Kona,4c Kona,0.68
38,user_0038,Orzhov Midrange,Orzhov Midrange,1.62
38,user_0038,Boros Dragons,Boros Dragons,1.52
38,user_0038,Dimir Midrange,Dimir Midrange,3.68
38,user_0038,Golgari Midrange,Golgari Midrange,1.91
38,user_0038,Boros Token Control,Boros Token Control,0.66
38,user_0038,4c Insidious Roots,4c Insidious Roots,0.68
38,user_0038,Rakdos Sacrifice,Rakdos Sacrifice,1.42
38,user_0038,Golgari Dragons,Golgari Dragons,0.88
38,user_0038,Gruul Delirium,Gruul Delirium,1.28
38,user_0038,Mono-Green Landfall,Mono-Green Landfall,1.38
38,user_0038,Izzet Omniscience,Izzet Omniscience,1.26
38,user_0038,Jeskai Artifacts,Jeskai Artifacts,2.02
38,user_0038,Mono-White Tokens,Mono-White Tokens,0.99
38,user_0038,Boros Aggro,Boros Aggro,1.71
38,user_0038,Sultai Graveyard,Sultai Graveyard,0.85
38,user_0038,Izzet Lessons,Izzet Lessons,3.93
38,user_0038,Izzet Prowess,Izzet Prowess,2.36
38,user_0038,Boros Leyline Aggro,Boros Leyline Aggro,0.9
38,user_0038,Grixis Leyline,Grixis Leyline,1.34
38,user_0038,4c Omniscience,4c Omniscience,1.16
38,user_0038,Simic Landfall,Simic Landfall,0.97
38,user_0038,5c Reanimator,5c Reanimator,1.0
38,user_0038,4c Control,4c Control,1.06
38,user_0038,Temur Lessons,Temur Lessons,1.76
38,user_0038,Mono-Red Aggro,Mono-Red Aggro,3.29
38,user_0038,Temur Battlecrier Combo,Temur Battlecrier Combo,1.01
38,user_0038,Dimir Bounce,Dimir Bounce,0.66
38,user_0038,Bant Airbending Combo,Bant Airbending Combo,1.04
38,user_0038,Simic Aggro,Simic Aggro,1.17
38,user_0038,Orzhov Control,Orzhov Control,0.88
38,user_0038,Mono-Black Midrange,Mono-Black Midrange,1.45
38,user_0038,Orzhov Self-Bounce,Orzhov Self-Bounce,0.98
38,user_0038,4c Insidious Roots (2),4c Insidious Roots,0.95
38,user_0038,Boros Manufacturing,Boros Manufacturing,1.11
38,user_0038,Grixis Artifacts,Grixis Artifacts,0.87
38,user_0038,Gruul Aggro,Gruul Aggro,0.9
38,user_0038,Sultai Control,Sultai Control,0.65
38,user_0038,Azorius Control,Azorius Control,1.62
38,user_0038,Rakdos Aggro,Rakdos Aggro,1.88
38,user_0038,Gruul Leyline Aggro,Gruul Leyline Aggro,0.47
38,user_0038,Mono-Red Leyline Aggro,Mono-Red Leyline Aggro,0.56
38,user_0038,Naya Yuna,Naya Yuna,0.89
38,user_0038,Izzet Looting,Izzet Looting,2.49
38,user_0038,Sultai Reanimator,Sultai Reanimator,1.52
38,user_0038,Simic Omniscience,Simic Omniscience,1.25
38,user_0038,Lifegain,Lifegain,1.08
38,user_0038,Boros Burn,Boros Burn,0.7
38,user_0038,Selesnya Landfall,Selesnya Landfall,1.73
38,user_0038,Dimir Control,Dimir Control,1.78
39,user_0039,Mono-White Tokens,Mono-White Tokens,1.12
39,user_0039,Sultai Graveyard,Sultai Graveyard,1.23
39,user_0039,Rakdos Sacrifice,Rakdos Sacrifice,0.93
39,user_0039,Orzhov Midrange,Orzhov Midrange,1.57
39,user_0039,Gruul Random Encounter,Gruul Random Encounter,1.44
39,user_0039,5c Reanimator,5c Reanimator,1.25
39,user_0039,Bant Omniscience,Bant Omniscience,0.87
39,user_0039,4c Omniscience,4c Omniscience,0.93
39,user_0039,Jund Aggro,Jund Aggro,1.42
39,user_0039,Izzet Looting,Izzet Looting,3.54
39,user_0039,Rakdos Aggro,Rakdos Aggro,0.74
39,user_0039,Mono-Black Midrange,Mono-Black Midrange,1.42
39,user_0039,Boros Token Control,Boros Token Control,1.15
39,user_0039,Izzet Aggro,Izzet Aggro,1.75
39,user_0039,Lifegain,Lifegain,1.37
39,user_0039,4c Kona,4c Kona,1.48
39,user_0039,Jeskai Looting,Jeskai Looting,1.48
39,user_0039,Dimir Control,Dimir Control,1.09
39,user_0039,Grixis Leyline,Grixis Leyline,0.68
39,user_0039,Bant Airbending Combo,Bant Airbending Combo,0.79
39,user_0039,Boros Leyline Aggro,Boros Leyline Aggro,0.68
39,user_0039,Mono-Red Aggro,Mono-Red Aggro,3.05
39,user_0039,Esper Self-Bounce,Esper Self-Bounce,0.79
39,user_0039,4c Insidious Roots,4c Insidious Roots,1.11
39,user_0039,Dimir Bounce,Dimir Bounce,0.41
39,user_0039,Mono-Green Landfall,Mono-Green Landfall,1.89
39,user_0039,Azorius Control,Azorius Control,1.05
39,user_0039,Izzet Midrange,Izzet Midrange,2.46
39,user_0039,4c Insidious Roots (2),4c Insidious Roots,0.81
39,user_0039,Orzhov Self-Bounce,Orzhov Self-Bounce,0.49
39,user_0039,Grixis Artifacts,Grixis Artifacts,0.86
39,user_0039,Golgari Midrange,Golgari Midrange,1.88
39,user_0039,Mono-Red Leyline Aggro,Mono-Red Leyline Aggro,1.28
39,user_0039,Simic Omniscience,Simic Omniscience,1.08
39,user_0039,Temur Floodcaller Combo,Temur Floodcaller Combo,1.33
39,user_0039,Izzet Omniscience,Izzet Omniscience,1.45
39,user_0039,Golgari Dragons,Golgari Dragons,1.09
39,user_0039,Izzet Prowess,Izzet Prowess,2.82
39,user_0039,Orzhov Control,Orzhov Control,0.64
39,user_0039,Boros Burn,Boros Burn,0.95
39,user_0039,Jeskai Control,Jeskai Control,3.03
39,user_0039,4c Reanimator,4c Reanimator,2.4
39,user_0039,Boros Dragons,Boros Dragons,0.86
39,user_0039,Gruul Leyline Aggro,Gruul Leyline Aggro,1.73
39,user_0039,Sultai Control,Sultai Control,0.95
39,user_0039,Dimir Midrange,Dimir Midrange,3.53
40,user_0040,Sultai Graveyard,Sultai Graveyard,1.16
40,user_0040,Izzet Prowess,Izzet Prowess,1.9
40,user_0040,Simic Omniscience,Simic Omniscience,0.49
40,user_0040,Izzet Aggro,Izzet Aggro,1.53
40,user_0040,Boros Token Control,Boros Token Control,1.65
40,user_0040,Golgari Dragons,Golgari Dragons,1.06
40,user_0040,Boros Manufacturing,Boros Manufacturing,1.09
40,user_0040,Gruul Delirium,Gruul Delirium,1.17
40,user_0040,Izzet,Izzet,0.78
40,user_0040,Mono-White Tokens,Mono-White Tokens,0.9
40,user_0040,4c Insidious Roots (2),4c Insidious Roots,1.19
40,user_0040,Boros Dragons,Boros Dragons,1.19
40,user_0040,4c Kona,4c Kona,1.62
40,user_0040,Jeskai Control,Jeskai Control,3.75
40,user_0040,Izzet Omniscience,Izzet Omniscience,1.27
40,user_0040,Dimir Bounce,Dimir Bounce,1.3
40,user_0040,Orzhov Self-Bounce,Orzhov Self-Bounce,0.97
40,user_0040,Izzet Midrange,Izzet Midrange,0.92
40,user_0040,Grixis Artifacts,Grixis Artifacts,1.06
40,user_0040,Bant Omniscience,Bant Omniscience,0.82
40,user_0040,Bant Airbending Combo,Bant Airbending Combo,1.18
40,user_0040,Mono-Red Aggro,Mono-Red Aggro,3.29
40,user_0040,Simic Landfall,Simic Landfall,1.31
40,user_0040,Golgari Midrange (2),Golgari Midrange,1.18
40,user_0040,Orzhov Midrange,Orzhov Midrange,1.04
40,user_0040,Boros Aggro,Boros Aggro,1.03
40,user_0040,Boros Burn,Boros Burn,0.81
40,user_0040,Sultai Reanimator,Sultai Reanimator,1.32
40,user_0040,Jund Aggro,Jund Aggro,0.63
40,user_0040,Rakdos Sacrifice,Rakdos Sacrifice,1.09
40,user_0040,Mono-Red Leyline Aggro,Mono-Red Leyline Aggro,1.15
40,user_0040,Temur Lessons,Temur Lessons,0.94
40,user_0040,Simic Aggro,Simic Aggro,1.6
40,user_0040,Simic Midrange,Simic Midrange,0.69
40,user_0040,Sultai Control,Sultai Control,1.54
40,user_0040,Boros Mice,Boros Mice,0.93
40,user_0040,Boros Leyline Aggro,Boros Leyline Aggro,0.93
40,user_0040,Azorius Control,Azorius Control,1.23
40,user_0040,5c Reanimator,5c Reanimator,1.11
40,user_0040,Mardu Dragons,Mardu Dragons,0.16
40,user_0040,Lifegain,Lifegain,1.73
40,user_0040,Abzan Insidious Roots,Abzan Insidious Roots,1.38
40,user_0040,4c Reanimator,4c Reanimator,1.7
40,user_0040,Dimir Midrange,Dimir Midrange,2.79
40,user_0040,Mono-Green Landfall,Mono-Green Landfall,1.95
40,user_0040,Gruul Leyline Aggro,Gruul Leyline Aggro,1.49
40,user_0040,Mono-Black Midrange,Mono-Black Midrange,1.31
40,user_0040,4c Omniscience,4c Omniscience,0.82
40,user_0040,Abzan Midrange,Abzan Midrange,0.97
40,user_0040,Rakdos Aggro,Rakdos Aggro,1.1
40,user_0040,Golgari Midrange,Golgari Midrange,1.17
40,user_0040,Selesnya Landfall,Selesnya Landfall,1.6
41,user_0041,Boros Manufacturing,Boros Manufacturing,1.24
41,user_0041,Sultai Reanimator,Sultai Reanimator,1.49
41,user_0041,Mono-Red Aggro,Mono-Red Aggro,3.52
41,user_0041,Mono-Black Midrange,Mono-Black Midrange,1.15
41,user_0041,Bant Airbending Combo,Bant Airbending Combo,1.82
41,user_0041,Selesnya Landfall,Selesnya Landfall,1.16
41,user_0041,Dimir Bounce,Dimir Bounce,1.19
41,user_0041,Temur Kona,Temur Kona,1.25
41,user_0041,Gruul Random Encounter,Gruul Random Encounter,1.08
41,user_0041,Lifegain,Lifegain,0.67
41,user_0041,Golgari Midrange (2),Golgari Midrange,1.39
41,user_0041,Temur Floodcaller Combo,Temur Floodcaller Combo,1.35
41,user_0041,Boros Leyline Aggro,Boros Leyline Aggro,1.25
41,user_0041,Temur Lessons,Temur Lessons,1.44
41,user_0041,Abzan Midrange,Abzan Midrange,1.38
41,user_0041,Jeskai Looting,Jeskai Looting,1.26
41,user_0041,4c Reanimator,4c Reanimator,2.25
41,user_0041,4c Control,4c Control,1.43
41,user_0041,Bant Omniscience,Bant Omniscience,1.26
41,user_0041,Rakdos Sacrifice,Rakdos Sacrifice,1.17
41,user_0041,Gruul Aggro,Gruul Aggro,0.78
41,user_0041,Simic Midrange,Simic Midrange,1.05
42,user_0042,Azorius Control,Azorius Control,1.51
42,user_0042,Jeskai Looting,Jeskai Looting,0.84
42,user_0042,Izzet Midrange,Izzet Midrange,0.63
42,user_0042,Golgari Dragons,Golgari Dragons,0.99
42,user_0042,Jund Aggro,Jund Aggro,0.89
42,user_0042,Lifegain,Lifegain,0.68
42,user_0042,Boros Burn,Boros Burn,0.94
42,user_0042,Mardu Dragons,Mardu Dragons,1.19
42,user_0042,Golgari Midrange,Golgari Midrange,1.98
42,user_0042,4c Kona,4c Kona,0.9
42,user_0042,Boros Dragons,Boros Dragons,1.14
42,user_0042,Izzet Omniscience,Izzet Omniscience,1.03
42,user_0042,Temur Battlecrier Combo,Temur Battlecrier Combo,0.74
42,user_0042,Dimir Control,Dimir Control,1.57
42,user_0042,Temur Floodcaller Combo,Temur Floodcaller Combo,1.42
42,user_0042,Gruul Random Encounter,Gruul Random Encounter,0.9
42,user_0042,Golgari Insidious Roots,Golgari Insidious Roots,1.1
42,user_0042,Mono-Red Leyline Aggro,Mono-Red Leyline Aggro,1.38
42,user_0042,Orzhov Self-Bounce,Orzhov Self-Bounce,0.95
42,user_0042,Boros Mice,Boros Mice,1.02
42,user_0042,Simic Landfall,Simic Landfall,1.09
42,user_0042,Selesnya Landfall,Selesnya Landfall,1.75
42,user_0042,Simic Midrange,Simic Midrange,1.23
42,user_0042,Rakdos Sacrifice,Rakdos Sacrifice,0.4
42,user_0042,Jeskai Artifacts,Jeskai Artifacts,0.69
42,user_0042,Temur Kona,Temur Kona,0.97
42,user_0042,Bant Omniscience,Bant Omniscience,1.07
42,user_0042,Golgari Midrange (2),Golgari Midrange,0.94
42,user_0042,Boros Manufacturing,Boros Manufacturing,1.23
42,user_0042,Orzhov Midrange,Orzhov Midrange,0.9
42,user_0042,Mono-Black Midrange,Mono-Black Midrange,1.08
42,user_0042,Boros Aggro,Boros Aggro,1.84
42,user_0042,Grixis Artifacts,Grixis Artifacts,0.79
42,user_0042,Esper Self-Bounce,Esper Self-Bounce,0.72
42,user_0042,Jeskai Self-Bounce,Jeskai Self-Bounce,0.9
42,user_0042,Sultai Reanimator,Sultai Reanimator,1.11
42,user_0042,Bant Airbending Combo,Bant Airbending Combo,0.8
42,user_0042,Rakdos Aggro,Rakdos Aggro,2.18
42,user_0042,Gruul Delirium,Gruul Delirium,1.35
42,user_0042,4c Artifacts,4c Artifacts,1.78
42,user_0042,Gruul Leyline Aggro,Gruul Leyline Aggro,1.83
42,user_0042,Izzet Aggro,Izzet Aggro,1.87
42,user_0042,Temur Lessons,Temur Lessons,0.97
43,user_0043,Mono-Red Leyline Aggro,Mono-Red Leyline Aggro,1.46
43,user_0043,Gruul Aggro,Gruul Aggro,1.56
43,user_0043,Jund Aggro,Jund Aggro,0.96
43,user_0043,Izzet Prowess,Izzet Prowess,1.64
43,user_0043,4c Omniscience,4c Omniscience,0.91
43,user_0043,Temur Kona,Temur Kona,1.3
43,user_0043,4c Artifacts,4c Artifacts,1.44
43,user_0043,Simic Landfall,Simic Landfall,1.03
43,user_0043,Gruul Random Encounter,Gruul Random Encounter,0.74
43,user_0043,4c Kona,4c Kona,1.14
43,user_0043,Naya Yuna,Naya Yuna,1.18
43,user_0043,Golgari Dragons,Golgari Dragons,0.97
43,user_0043,Jeskai Self-Bounce,Jeskai Self-Bounce,1.44
43,user_0043,Izzet Looting,Izzet Looting,2.72
43,user_0043,Orzhov Self-Bounce,Orzhov Self-Bounce,1.18
43,user_0043,Bant Airbending Combo,Bant Airbending Combo,1.01
43,user_0043,Temur Lessons,Temur Lessons,1.51
43,user_0043,Mono-White Tokens,Mono-White Tokens,0.96
43,user_0043,Sultai Graveyard,Sultai Graveyard,0.98
43,user_0043,Boros Token Control,Boros Token Control,1.91
43,user_0043,Lifegain,Lifegain,1.21
43,user_0043,Jeskai Artifacts,Jeskai Artifacts,1.13
43,user_0043,Izzet Midrange,Izzet Midrange,1.63
43,user_0043,Grixis Artifacts,Grixis Artifacts,1.18
43,user_0043,Grixis Leyline,Grixis Leyline,0.43
43,user_0043,Simic Midrange,Simic Midrange,0.96
43,user_0043,Abzan Midrange,Abzan Midrange,0.71
43,user_0043,Jeskai Looting,Jeskai Looting,1.21
43,user_0043,Boros Leyline Aggro,Boros Leyline Aggro,1.46
43,user_0043,Rakdos Aggro,Rakdos Aggro,1.33
43,user_0043,Sultai Control,Sultai Control,1.83
43,user_0043,4c Reanimator,4c Reanimator,2.4
43,user_0043,4c Insidious Roots,4c Insidious Roots,0.57
43,user_0043,Dimir Bounce,Dimir Bounce,0.97
43,user_0043,Gruul Delirium,Gruul Delirium,1.32
43,user_0043,Izzet Aggro,Izzet Aggro,1.12
43,user_0043,Temur Floodcaller Combo,Temur Floodcaller Combo,0.82
43,user_0043,Orzhov Control,Orzhov Control,2.02
43,user_0043,Mono-Red Aggro,Mono-Red Aggro,3.34
43,user_0043,Gruul Leyline Aggro,Gruul Leyline Aggro,1.24
43,user_0043,Golgari Midrange,Golgari Midrange,1.66
43,user_0043,Azorius Control,Azorius Control,1.89
43,user_0043,Bant Omniscience,Bant Omniscience,0.92
43,user_0043,Izzet Lessons,Izzet Lessons,4.27
43,user_0043,Mono-Black Midrange,Mono-Black Midrange,0.91
43,user_0043,Dimir Midrange,Dimir Midrange,3.29
43,user_0043,Simic Omniscience,Simic Omniscience,1.7
44,user_0044,Temur Lessons,Temur Lessons,1.65
44,user_0044,Jeskai Self-Bounce,Jeskai Self-Bounce,1.21
44,user_0044,Izzet Omniscience,Izzet Omniscience,0.6
44,user_0044,Mono-Red Aggro,Mono-Red Aggro,3.21
44,user_0044,5c Reanimator,5c Reanimator,0.96
44,user_0044,Izzet Midrange,Izzet Midrange,1.37
44,user_0044,Izzet,Izzet,1.55
44,user_0044,Temur Kona,Temur Kona,1.2
44,user_0044,Azorius Control,Azorius Control,0.94
44,user_0044,Simic Omniscience,Simic Omniscience,0.52
44,user_0044,4c Insidious Roots,4c Insidious Roots,0.51
44,user_0044,Golgari Insidious Roots,Golgari Insidious Roots,0.96
44,user_0044,Abzan Insidious Roots,Abzan Insidious Roots,1.11
44,user_0044,Naya Yuna,Naya Yuna,1.14
44,user_0044,Rakdos Sacrifice,Rakdos Sacrifice,1.11
44,user_0044,Dimir Control,Dimir Control,1.18
44,user_0044,Grixis Artifacts,Grixis Artifacts,1.46
44,user_0044,4c Control,4c Control,0.66
44,user_0044,Boros Mice,Boros Mice,1.28
44,user_0044,Jund Aggro,Jund Aggro,1.08
44,user_0044,Orzhov Control,Orzhov Control,1.11
44,user_0044,4c Artifacts,4c Artifacts,0.81
44,user_0044,Orzhov Self-Bounce,Orzhov Self-Bounce,1.15
44,user_0044,Izzet Prowess,Izzet Prowess,1.75
44,user_0044,Boros Leyline Aggro,Boros Leyline Aggro,1.44
44,user_0044,Simic Aggro,Simic Aggro,0.82
45,user_0045,Sultai Control,Sultai Control,0.96
45,user_0045,Mardu Dragons,Mardu Dragons,0.95
45,user_0045,Grixis Artifacts,Grixis Artifacts,1.35
45,user_0045,5c Reanimator,5c Reanimator,0.76
45,user_0045,Golgari Midrange (2),Golgari Midrange,1.15
45,user_0045,Simic Aggro,Simic Aggro,1.74
45,user_0045,4c Insidious Roots (2),4c Insidious Roots,0.8
45,user_0045,4c Artifacts,4c Artifacts,1.08
45,user_0045,4c Omniscience,4c Omniscience,0.85
45,user_0045,Boros Token Control,Boros Token Control,1.16
45,user_0045,Simic Landfall,Simic Landfall,1.6
45,user_0045,Simic Midrange,Simic Midrange,1.56
45,user_0045,Temur Battlecrier Combo,Temur Battlecrier Combo,1.45
45,user_0045,Golgari Dragons,Golgari Dragons,1.33
45,user_0045,Orzhov Midrange,Orzhov Midrange,1.46
45,user_0045,Lifegain,Lifegain,0.83
45,user_0045,Temur Lessons,Temur Lessons,0.83
45,user_0045,Gruul Random Encounter,Gruul Random Encounter,0.86
45,user_0045,Temur Floodcaller Combo,Temur Floodcaller Combo,1.31
45,user_0045,Dimir Bounce,Dimir Bounce,1.4
45,user_0045,Izzet Midrange,Izzet Midrange,0.69
45,user_0045,Orzhov Self-Bounce,Orzhov Self-Bounce,1.07
45,user_0045,Gruul Leyline Aggro,Gruul Leyline Aggro,1.39
45,user_0045,Gruul Delirium,Gruul Delirium,1.61
45,user_0045,Rakdos Sacrifice,Rakdos Sacrifice,1.14
45,user_0045,Boros Manufacturing,Boros Manufacturing,1.36
45,user_0045,Golgari Midrange,Golgari Midrange,1.15
45,user_0045,Naya Yuna,Naya Yuna,1.21
45,user_0045,Rakdos Aggro,Rakdos Aggro,0.78
45,user_0045,Dimir Midrange,Dimir Midrange,3.17
45,user_0045,Mono-Green Landfall,Mono-Green Landfall,1.72
45,user_0045,Boros Leyline Aggro,Boros Leyline Aggro,1.11
45,user_0045,4c Reanimator,4c Reanimator,2.45
45,user_0045,Selesnya Landfall,Selesnya Landfall,1.43
46,user_0046,Boros Dragons,Boros Dragons,1.06
46,user_0046,4c Control,4c Control,0.87
46,user_0046,Mono-Green Landfall,Mono-Green Landfall,1.9
46,user_0046,Sultai Control,Sultai Control,0.7
46,user_0046,Izzet Omniscience,Izzet Omniscience,1.23
46,user_0046,Izzet,Izzet,1.0
46,user_0046,Izzet Prowess,Izzet Prowess,1.99
46,user_0046,Jeskai Looting,Jeskai Looting,1.57
46,user_0046,Bant Airbending Combo,Bant Airbending Combo,1.54
46,user_0046,Orzhov Midrange,Orzhov Midrange,1.38
46,user_0046,Selesnya Landfall,Selesnya Landfall,1.41
46,user_0046,Izzet Looting,Izzet Looting,2.69
46,user_0046,Sultai Graveyard,Sultai Graveyard,0.68
46,user_0046,Boros Burn,Boros Burn,0.7
46,user_0046,Temur Battlecrier Combo,Temur Battlecrier Combo,1.17
46,user_0046,Dimir Midrange,Dimir Midrange,3.82
46,user_0046,Boros Token Control,Boros Token Control,1.21
46,user_0046,Lifegain,Lifegain,1.36
46,user_0046,Gruul Aggro,Gruul Aggro,1.14
46,user_0046,Gruul Delirium,Gruul Delirium,0.6
46,user_0046,Rakdos Sacrifice,Rakdos Sacrifice,1.18
46,user_0046,Izzet Midrange,Izzet Midrange,0.82
46,user_0046,4c Artifacts,4c Artifacts,0.77
46,user_0046,Grixis Artifacts,Grixis Artifacts,0.97
46,user_0046,Azorius Control,Azorius Control,1.37
46,user_0046,Mono-Red Aggro,Mono-Red Aggro,2.79
46,user_0046,Boros Leyline Aggro,Boros Leyline Aggro,1.1
46,user_0046,Temur Lessons,Temur Lessons,1.26
46,user_0046,Simic Omniscience,Simic Omniscience,0.46
46,user_0046,Boros Aggro,Boros Aggro,1.3
46,user_0046,Esper Self-Bounce,Esper Self-Bounce,0.71
46,user_0046,4c Reanimator,4c Reanimator,2.35
46,user_0046,Golgari Midrange (2),Golgari Midrange,1.61
46,user_0046,Dimir Bounce,Dimir Bounce,0.96
46,user_0046,Mono-Black Midrange,Mono-Black Midrange,0.93
46,user_0046,Mardu Dragons,Mardu Dragons,1.31
46,user_0046,Jeskai Control,Jeskai Control,3.13
46,user_0046,Abzan Insidious Roots,Abzan Insidious Roots,1.01
46,user_0046,Temur Kona,Temur Kona,1.11
46,user_0046,Gruul Random Encounter,Gruul Random Encounter,0.93
46,user_0046,Izzet Aggro,Izzet Aggro,0.67
46,user_0046,Jund Aggro,Jund Aggro,1.43
46,user_0046,Simic Aggro,Simic Aggro,1.18
46,user_0046,Orzhov Control,Orzhov Control,1.3
46,user_0046,Gruul Leyline Aggro,Gruul Leyline Aggro,1.1
46,user_0046,Golgari Insidious Roots,Golgari Insidious Roots,1.07
46,user_0046,Grixis Leyline,Grixis Leyline,0.15
46,user_0046,Dimir Control,Dimir Control,1.63
46,user_0046,Bant Omniscience,Bant Omniscience,1.31
46,user_0046,Golgari Dragons,Golgari Dragons,2.02
47,user_0047,Boros Leyline Aggro,Boros Leyline Aggro,1.68
47,user_0047,Orzhov Control,Orzhov Control,0.77
47,user_0047,Dimir Midrange,Dimir Midrange,3.47
47,user_0047,Dimir Bounce,Dimir Bounce,0.93
47,user_0047,Sultai Control,Sultai Control,0.7
47,user_0047,Naya Yuna,Naya Yuna,1.07
47,user_0047,Jeskai Self-Bounce,Jeskai Self-Bounce,0.7
47,user_0047,Boros Dragons,Boros Dragons,1.06
47,user_0047,Gruul Leyline Aggro,Gruul Leyline Aggro,1.99
47,user_0047,Selesnya Landfall,Selesnya Landfall,1.8
47,user_0047,Abzan Insidious Roots,Abzan Insidious Roots,0.77
47,user_0047,Golgari Midrange (2),Golgari Midrange,1.16
47,user_0047,Azorius Control,Azorius Control,1.22
47,user_0047,Mono-Green Landfall,Mono-Green Landfall,1.43
47,user_0047,Grixis Leyline,Grixis Leyline,1.04
47,user_0047,Temur Floodcaller Combo,Temur Floodcaller Combo,0.5
47,user_0047,Gruul Aggro,Gruul Aggro,1.8
47,user_0047,4c Insidious Roots (2),4c Insidious Roots,0.99
47,user_0047,Dimir Control,Dimir Control,0.85
47,user_0047,Izzet Looting,Izzet Looting,2.24
47,user_0047,Simic Omniscience,Simic Omniscience,1.35
47,user_0047,Jeskai Looting,Jeskai Looting,0.61
47,user_0047,Bant Airbending Combo,Bant Airbending Combo,0.91
47,user_0047,Lifegain,Lifegain,0.73
47,user_0047,Izzet Aggro,Izzet Aggro,1.43
47,user_0047,Jeskai Artifacts,Jeskai Artifacts,1.24
47,user_0047,4c Insidious Roots,4c Insidious Roots,1.22
47,user_0047,Izzet Midrange,Izzet Midrange,0.8
47,user_0047,Gruul Delirium,Gruul Delirium,1.77
47,user_0047,Simic Aggro,Simic Aggro,1.51
47,user_0047,4c Reanimator,4c Reanimator,2.17
47,user_0047,Abzan Midrange,Abzan Midrange,1.01
47,user_0047,Sultai Graveyard,Sultai Graveyard,1.04
47,user_0047,Orzhov Midrange,Orzhov Midrange,0.63
47,user_0047,4c Artifacts,4c Artifacts,1.28
47,user_0047,Boros Token Control,Boros Token Control,0.48
47,user_0047,Golgari Dragons,Golgari Dragons,1.82
47,user_0047,Simic Landfall,Simic Landfall,0.76
47,user_0047,Jund Aggro,Jund Aggro,1.91
47,user_0047,Bant Omniscience,Bant Omniscience,0.85
47,user_0047,Boros Burn,Boros Burn,1.04
47,user_0047,5c Reanimator,5c Reanimator,1.48
47,user_0047,Izzet,Izzet,1.45
47,user_0047,Jeskai Control,Jeskai Control,3.48
47,user_0047,Golgari Insidious Roots,Golgari Insidious Roots,1.36
47,user_0047,4c Omniscience,4c Omniscience,1.04
47,user_0047,Orzhov Self-Bounce,Orzhov Self-Bounce,0.42
48,user_0048,Simic Aggro,Simic Aggro,1.65
48,user_0048,Bant Omniscience,Bant Omniscience,0.9
48,user_0048,4c Control,4c Control,0.68
48,user_0048,Dimir Midrange,Dimir Midrange,3.66
48,user_0048,Rakdos Aggro,Rakdos Aggro,1.66
48,user_0048,Sultai Reanimator,Sultai Reanimator,1.6
48,user_0048,Mono-Black Midrange,Mono-Black Midrange,1.82
48,user_0048,Mono-White Tokens,Mono-White Tokens,0.95
48,user_0048,Gruul Delirium,Gruul Delirium,1.36
48,user_0048,Dimir Control,Dimir Control,0.82
48,user_0048,Sultai Control,Sultai Control,1.11
48,user_0048,Temur Floodcaller Combo,Temur Floodcaller Combo,1.45
48,user_0048,Orzhov Control,Orzhov Control,1.02
48,user_0048,Boros Token Control,Boros Token Control,1.23
48,user_0048,4c Kona,4c Kona,1.15
48,user_0048,Jeskai Looting,Jeskai Looting,0.87
48,user_0048,Mono-Green Landfall,Mono-Green Landfall,1.37
48,user_0048,4c Insidious Roots,4c Insidious Roots,1.33
48,user_0048,4c Insidious Roots (2),4c Insidious Roots,1.06
48,user_0048,Bant Airbending Combo,Bant Airbending Combo,1.73
48,user_0048,Izzet,Izzet,0.82
48,user_0048,Gruul Aggro,Gruul Aggro,0.73
48,user_0048,Selesnya Landfall,Selesnya Landfall,1.29
48,user_0048,Boros Aggro,Boros Aggro,1.27
48,user_0048,Temur Battlecrier Combo,Temur Battlecrier Combo,0.97
48,user_0048,Simic Midrange,Simic Midrange,1.69
48,user_0048,Izzet Aggro,Izzet Aggro,0.34
48,user_0048,Grixis Leyline,Grixis Leyline,1.35
48,user_0048,Abzan Insidious Roots,Abzan Insidious Roots,0.88
48,user_0048,4c Reanimator,4c Reanimator,2.1
48,user_0048,Naya Yuna,Naya Yuna,0.84
48,user_0048,4c Omniscience,4c Omniscience,0.94
48,user_0048,5c Reanimator,5c Reanimator,0.54
49,user_0049,Golgari Midrange,Golgari Midrange,1.14
49,user_0049,Mono-Green Landfall,Mono-Green Landfall,1.47
49,user_0049,Mono-White Tokens,Mono-White Tokens,0.84
49,user_0049,Gruul Random Encounter,Gruul Random Encounter,1.19
49,user_0049,Orzhov Control,Orzhov Control,1.38
49,user_0049,Dimir Bounce,Dimir Bounce,1.57
49,user_0049,4c Reanimator,4c Reanimator,2.28
49,user_0049,4c Insidious Roots,4c Insidious Roots,1.72
49,user_0049,Selesnya Landfall,Selesnya Landfall,1.53
49,user_0049,Simic Landfall,Simic Landfall,0.77
49,user_0049,Esper Self-Bounce,Esper Self-Bounce,0.65
49,user_0049,Gruul Delirium,Gruul Delirium,0.78
49,user_0049,Simic Midrange,Simic Midrange,0.96
49,user_0049,Bant Airbending Combo,Bant Airbending Combo,1.97
49,user_0049,Golgari Insidious Roots,Golgari Insidious Roots,1.69
49,user_0049,Mardu Dragons,Mardu Dragons,0.84
49,user_0049,Bant Omniscience,Bant Omniscience,0.62
49,user_0049,Azorius Control,Azorius Control,1.32
49,user_0049,Rakdos Aggro,Rakdos Aggro,1.55
49,user_0049,Izzet Looting,Izzet Looting,2.75
49,user_0049,Grixis Leyline,Grixis Leyline,0.57
49,user_0049,Jeskai Looting,Jeskai Looting,0.92
49,user_0049,Boros Burn,Boros Burn,1.16
49,user_0049,Rakdos Sacrifice,Rakdos Sacrifice,0.95
49,user_0049,Boros Token Control,Boros Token Control,1.5
49,user_0049,Izzet Prowess,Izzet Prowess,2.37
49,user_0049,Jeskai Artifacts,Jeskai Artifacts,0.82
49,user_0049,Izzet,Izzet,1.52
49,user_0049,Sultai Graveyard,Sultai Graveyard,1.38
49,user_0049,Temur Kona,Temur Kona,1.14
50,user_0050,Orzhov Control,Orzhov Control,0.44
50,user_0050,Izzet Looting,Izzet Looting,2.55
50,user_0050,Izzet Lessons,Izzet Lessons,4.23
50,user_0050,4c Reanimator,4c Reanimator,2.37
50,user_0050,Orzhov Midrange,Orzhov Midrange,1.13
50,user_0050,Temur Floodcaller Combo,Temur Floodcaller Combo,1.4
50,user_0050,Dimir Control,Dimir Control,0.8
50,user_0050,Temur Battlecrier Combo,Temur Battlecrier Combo,2.1
50,user_0050,Orzhov Self-Bounce,Orzhov Self-Bounce,1.2
50,user_0050,4c Control,4c Control,0.77
50,user_0050,Mono-Red Aggro,Mono-Red Aggro,3.38
50,user_0050,Golgari Midrange (2),Golgari Midrange,0.66
50,user_0050,Azorius Control,Azorius Control,1.0
50,user_0050,Boros Burn,Boros Burn,1.5
50,user_0050,4c Insidious Roots (2),4c Insidious Roots,0.61
50,user_0050,Grixis Leyline,Grixis Leyline,0.93
50,user_0050,Simic Landfall,Simic Landfall,1.42
50,user_0050,Boros Token Control,Boros Token Control,1.8
50,user_0050,Sultai Control,Sultai Control,1.53
50,user_0050,Izzet Omniscience,Izzet Omniscience,1.57
50,user_0050,Gruul Leyline Aggro,Gruul Leyline Aggro,0.95
50,user_0050,Dimir Midrange,Dimir Midrange,3.64
50,user_0050,Esper Self-Bounce,Esper Self-Bounce,0.99
50,user_0050,Izzet Midrange,Izzet Midrange,1.33
50,user_0050,4c Insidious Roots,4c Insidious Roots,0.8
50,user_0050,Simic Aggro,Simic Aggro,1.65
50,user_0050,Jeskai Looting,Jeskai Looting,0.87
50,user_0050,Gruul Random Encounter,Gruul Random Encounter,0.6
50,user_0050,Rakdos Sacrifice,Rakdos Sacrifice,0.82
50,user_0050,4c Omniscience,4c Omniscience,1.4
50,user_0050,Dimir Bounce,Dimir Bounce,0.75
50,user_0050,Mono-White Tokens,Mono-White Tokens,0.96
50,user_0050,Jeskai Self-Bounce,Jeskai Self-Bounce,1.33
51,user_0051,Selesnya Landfall,Selesnya Landfall,1.83
51,user_0051,Temur Floodcaller Combo,Temur Floodcaller Combo,1.2
51,user_0051,Temur Lessons,Temur Lessons,1.35
51,user_0051,Mono-Black Midrange,Mono-Black Midrange,1.68
51,user_0051,Mardu Dragons,Mardu Dragons,1.67
51,user_0051,4c Reanimator,4c Reanimator,2.58
51,user_0051,Simic Omniscience,Simic Omniscience,1.83
51,user_0051,Dimir Bounce,Dimir Bounce,0.97
51,user_0051,Abzan Insidious Roots,Abzan Insidious Roots,1.22
51,user_0051,Boros Leyline Aggro,Boros Leyline Aggro,1.4
51,user_0051,Temur Kona,Temur Kona,1.51
51,user_0051,Boros Token Control,Boros Token Control,1.79
51,user_0051,4c Omniscience,4c Omniscience,0.63
51,user_0051,Golgari Insidious Roots,Golgari Insidious Roots,0.95
51,user_0051,Gruul Leyline Aggro,Gruul Leyline Aggro,0.7
51,user_0051,Mono-Red Aggro,Mono-Red Aggro,3.46
51,user_0051,Boros Mice,Boros Mice,0.72
51,user_0051,Jeskai Control,Jeskai Control,3.73
51,user_0051,Simic Aggro,Simic Aggro,1.14
51,user_0051,Lifegain,Lifegain,1.0
51,user_0051,4c Control,4c Control,1.63
51,user_0051,Orzhov Control,Orzhov Control,1.27
51,user_0051,4c Kona,4c Kona,0.82
51,user_0051,Rakdos Aggro,Rakdos Aggro,1.39
51,user_0051,Grixis Artifacts,Grixis Artifacts,1.3
51,user_0051,Bant Airbending Combo,Bant Airbending Combo,1.89
51,user_0051,Orzhov Self-Bounce,Orzhov Self-Bounce,0.82
51,user_0051,Boros Aggro,Boros Aggro,1.02
51,user_0051,4c Insidious Roots (2),4c Insidious Roots,0.87
51,user_0051,Esper Self-Bounce,Esper Self-Bounce,1.17
51,user_0051,Mono-White Tokens,Mono-White Tokens,1.13
51,user_0051,Simic Midrange,Simic Midrange,1.22
51,user_0051,Izzet Midrange,Izzet Midrange,0.75
51,user_0051,4c Artifacts,4c Artifacts,1.04
51,user_0051,Bant Omniscience,Bant Omniscience,1.18
51,user_0051,Gruul Delirium,Gruul Delirium,0.81
51,user_0051,Golgari Dragons,Golgari Dragons,0.79
51,user_0051,Gruul Aggro,Gruul Aggro,0.88
51,user_0051,Simic Landfall,Simic Landfall,0.9
51,user_0051,Dimir Control,Dimir Control,1.74
51,user_0051,Jeskai Artifacts,Jeskai Artifacts,0.64
51,user_0051,Sultai Reanimator,Sultai Reanimator,1.77
51,user_0051,5c Reanimator,5c Reanimator,0.73
51,user_0051,Grixis Leyline,Grixis Leyline,0.81
51,user_0051,Naya Yuna,Naya Yuna,0.73
51,user_0051,Abzan Midrange,Abzan Midrange,1.53
51,user_0051,Golgari Midrange (2),Golgari Midrange,1.3
51,user_0051,Izzet Prowess,Izzet Prowess,1.9
51,user_0051,Izzet Aggro,Izzet Aggro,1.17
51,user_0051,Izzet Omniscience,Izzet Omniscience,1.35
51,user_0051,Orzhov Midrange,Orzhov Midrange,1.29
51,user_0051,Izzet Looting,Izzet Looting,2.13
52,user_0052,4c Insidious Roots,4c Insidious Roots,1.03
52,user_0052,Sultai Reanimator,Sultai Reanimator,1.76
52,user_0052,Izzet Midrange,Izzet Midrange,0.78
52,user_0052,Mono-Red Leyline Aggro,Mono-Red Leyline Aggro,1.79
52,user_0052,Boros Mice,Boros Mice,1.54
52,user_0052,Naya Yuna,Naya Yuna,0.87
52,user_0052,Rakdos Sacrifice,Rakdos Sacrifice,1.29
52,user_0052,Boros Manufacturing,Boros Manufacturing,1.17
52,user_0052,Gruul Aggro,Gruul Aggro,1.21
52,user_0052,Izzet Lessons,Izzet Lessons,3.67
52,user_0052,Gruul Leyline Aggro,Gruul Leyline Aggro,1.22
52,user_0052,Izzet Aggro,Izzet Aggro,1.13
52,user_0052,Abzan Insidious Roots,Abzan Insidious Roots,1.1
52,user_0052,Temur Floodcaller Combo,Temur Floodcaller Combo,1.56
52,user_0052,5c Reanimator,5c Reanimator,1.07
52,user_0052,Boros Aggro,Boros Aggro,1.37
52,user_0052,Golgari Dragons,Golgari Dragons,1.2
52,user_0052,Boros Dragons,Boros Dragons,1.2
52,user_0052,Simic Landfall,Simic Landfall,0.81
52,user_0052,Golgari Insidious Roots,Golgari Insidious Roots,1.17
52,user_0052,Simic Omniscience,Simic Omniscience,0.8
52,user_0052,Jeskai Control,Jeskai Control,3.38
52,user_0052,Azorius Control,Azorius Control,1.22
52,user_0052,Mono-Black Midrange,Mono-Black Midrange,0.78
52,user_0052,Lifegain,Lifegain,1.55
52,user_0052,Izzet Looting,Izzet Looting,3.18
52,user_0052,Orzhov Midrange,Orzhov Midrange,1.74
52,user_0052,Dimir Midrange,Dimir Midrange,3.64
52,user_0052,4c Control,4c Control,1.0
52,user_0052,Jeskai Self-Bounce,Jeskai Self-Bounce,0.92
52,user_0052,Sultai Control,Sultai Control,0.66
52,user_0052,Temur Kona,Temur Kona,1.05
52,user_0052,Grixis Leyline,Grixis Leyline,1.07
52,user_0052,Esper Self-Bounce,Esper Self-Bounce,1.27
52,user_0052,Bant Omniscience,Bant Omniscience,0.83
52,user_0052,Boros Token Control,Boros Token Control,1.17
52,user_0052,Gruul Random Encounter,Gruul Random Encounter,0.95
52,user_0052,Boros Leyline Aggro,Boros Leyline Aggro,1.48
52,user_0052,Temur Lessons,Temur Lessons,1.17
52,user_0052,Abzan Midrange,Abzan Midrange,1.45
52,user_0052,Sultai Graveyard,Sultai Graveyard,0.93
52,user_0052,Golgari Midrange (2),Golgari Midrange,0.7
52,user_0052,4c Kona,4c Kona,0.53
52,user_0052,Rakdos Aggro,Rakdos Aggro,0.51
52,user_0052,4c Artifacts,4c Artifacts,1.46
52,user_0052,Dimir Bounce,Dimir Bounce,0.88
52,user_0052,Dimir Control,Dimir Control,1.47
52,user_0052,Orzhov Control,Orzhov Control,0.88
52,user_0052,Grixis Artifacts,Grixis Artifacts,1.2
52,user_0052,Selesnya Landfall,Selesnya Landfall,1.64
52,user_0052,Jund Aggro,Jund Aggro,0.79
52,user_0052,Boros Burn,Boros Burn,1.23
53,user_0053,Izzet Omniscience,Izzet Omniscience,1.17
53,user_0053,Jeskai Looting,Jeskai Looting,1.23
53,user_0053,Gruul Leyline Aggro,Gruul Leyline Aggro,1.64
53,user_0053,Sultai Control,Sultai Control,0.94
53,user_0053,Mono-Red Aggro,Mono-Red Aggro,3.75
53,user_0053,Dimir Bounce,Dimir Bounce,1.09
53,user_0053,Orzhov Control,Orzhov Control,1.08
53,user_0053,Mardu Dragons,Mardu Dragons,1.2
53,user_0053,Jeskai Artifacts,Jeskai Artifacts,1.42
53,user_0053,Boros Leyline Aggro,Boros Leyline Aggro,1.13
53,user_0053,Jeskai Self-Bounce,Jeskai Self-Bounce,1.51
53,user_0053,Abzan Midrange,Abzan Midrange,0.96
53,user_0053,Orzhov Self-Bounce,Orzhov Self-Bounce,1.19
53,user_0053,Sultai Reanimator,Sultai Reanimator,1.35
53,user_0053,Azorius Control,Azorius Control,1.22
53,user_0053,Mono-Red Leyline Aggro,Mono-Red Leyline Aggro,1.74
53,user_0053,Izzet Prowess,Izzet Prowess,2.65
53,user_0053,Izzet Looting,Izzet Looting,2.53
53,user_0053,Selesnya Landfall,Selesnya Landfall,2.14
53,user_0053,4c Omniscience,4c Omniscience,1.16
53,user_0053,Golgari Dragons,Golgari Dragons,1.52
53,user_0053,4c Insidious Roots,4c Insidious Roots,0.98
53,user_0053,Jeskai Control,Jeskai Control,2.83
53,user_0053,Temur Lessons,Temur Lessons,1.39
53,user_0053,Bant Omniscience,Bant Omniscience,0.87
53,user_0053,Boros Manufacturing,Boros Manufacturing,1.32
53,user_0053,Temur Floodcaller Combo,Temur Floodcaller Combo,1.63
53,user_0053,Gruul Random Encounter,Gruul Random Encounter,1.49
53,user_0053,Gruul Delirium,Gruul Delirium,0.94
53,user_0053,Mono-Black Midrange,Mono-Black Midrange,0.64
53,user_0053,Izzet,Izzet,0.29
53,user_0053,Golgari Midrange,Golgari Midrange,1.61
53,user_0053,Golgari Midrange (2),Golgari Midrange,0.8
53,user_0053,Abzan Insidious Roots,Abzan Insidious Roots,1.09
53,user_0053,4c Artifacts,4c Artifacts,0.99
53,user_0053,Boros Dragons,Boros Dragons,1.09
53,user_0053,Jund Aggro,Jund Aggro,1.62
53,user_0053,Golgari Insidious Roots,Golgari Insidious Roots,0.79
53,user_0053,Simic Landfall,Simic Landfall,1.17
53,user_0053,Mono-Green Landfall,Mono-Green Landfall,1.61
53,user_0053,Simic Omniscience,Simic Omniscience,0.54
53,user_0053,Naya Yuna,Naya Yuna,0.84
53,user_0053,Temur Battlecrier Combo,Temur Battlecrier Combo,1.08
53,user_0053,Boros Mice,Boros Mice,1.08
53,user_0053,Izzet Lessons,Izzet Lessons,3.86
54,user_0054,Mono-White Tokens,Mono-White Tokens,0.78
54,user_0054,Dimir Midrange,Dimir Midrange,3.83
54,user_0054,4c Kona,4c Kona,1.08
54,user_0054,Esper Self-Bounce,Esper Self-Bounce,1.31
54,user_0054,Lifegain,Lifegain,0.93
54,user_0054,Orzhov Midrange,Orzhov Midrange,1.19
54,user_0054,Simic Landfall,Simic Landfall,1.48
54,user_0054,Boros Manufacturing,Boros Manufacturing,0.87
54,user_0054,Golgari Midrange,Golgari Midrange,1.24
54,user_0054,Izzet Prowess,Izzet Prowess,2.26
54,user_0054,Abzan Insidious Roots,Abzan Insidious Roots,1.06
54,user_0054,Jeskai Self-Bounce,Jeskai Self-Bounce,1.06
54,user_0054,Boros Burn,Boros Burn,1.31
54,user_0054,Dimir Bounce,Dimir Bounce,1.56
54,user_0054,Simic Omniscience,Simic Omniscience,0.57
54,user_0054,Golgari Dragons,Golgari Dragons,1.25
54,user_0054,Orzhov Self-Bounce,Orzhov Self-Bounce,1.28
54,user_0054,Boros Aggro,Boros Aggro,1.47
54,user_0054,Dimir Control,Dimir Control,1.34
54,user_0054,Jeskai Looting,Jeskai Looting,1.68
54,user_0054,Simic Midrange,Simic Midrange,1.17
54,user_0054,Orzhov Control,Orzhov Control,1.19
54,user_0054,Izzet,Izzet,0.77
54,user_0054,Mono-Red Aggro,Mono-Red Aggro,3.54
54,user_0054,Grixis Artifacts,Grixis Artifacts,1.11
54,user_0054,Bant Omniscience,Bant Omniscience,0.89
55,user_0055,Izzet Midrange,Izzet Midrange,1.44
55,user_0055,Izzet Aggro,Izzet Aggro,0.77
55,user_0055,Jeskai Control,Jeskai Control,3.65
55,user_0055,Orzhov Midrange,Orzhov Midrange,1.39
55,user_0055,Mono-White Tokens,Mono-White Tokens,0.76
55,user_0055,Simic Landfall,Simic Landfall,0.94
55,user_0055,Temur Kona,Temur Kona,1.75
55,user_0055,5c Reanimator,5c Reanimator,0.88
55,user_0055,Golgari Midrange (2),Golgari Midrange,1.03
55,user_0055,Boros Dragons,Boros Dragons,1.57
55,user_0055,Mono-Red Aggro,Mono-Red Aggro,4.05
55,user_0055,Lifegain,Lifegain,1.25
55,user_0055,Boros Leyline Aggro,Boros Leyline Aggro,1.33
55,user_0055,Temur Floodcaller Combo,Temur Floodcaller Combo,0.86
55,user_0055,Temur Lessons,Temur Lessons,1.67
55,user_0055,4c Control,4c Control,1.13
55,user_0055,Mono-Black Midrange,Mono-Black Midrange,1.26
55,user_0055,4c Kona,4c Kona,1.16
55,user_0055,4c Insidious Roots,4c Insidious Roots,1.15
55,user_0055,Mono-Red Leyline Aggro,Mono-Red Leyline Aggro,2.15
55,user_0055,Gruul Random Encounter,Gruul Random Encounter,1.14
55,user_0055,Bant Airbending Combo,Bant Airbending Combo,1.18
55,user_0055,Bant Omniscience,Bant Omniscience,0.99
55,user_0055,Izzet Lessons,Izzet Lessons,4.07
55,user_0055,Rakdos Aggro,Rakdos Aggro,1.43
55,user_0055,Selesnya Landfall,Selesnya Landfall,1.67
55,user_0055,Simic Omniscience,Simic Omniscience,0.84
55,user_0055,Golgari Insidious Roots,Golgari Insidious Roots,1.02
55,user_0055,Boros Mice,Boros Mice,1.37
55,user_0055,Izzet,Izzet,1.43
55,user_0055,Izzet Looting,Izzet Looting,2.75
55,user_0055,Boros Manufacturing,Boros Manufacturing,1.03
55,user_0055,Orzhov Self-Bounce,Orzhov Self-Bounce,1.09
55,user_0055,4c Omniscience,4c Omniscience,0.81
55,user_0055,Izzet Omniscience,Izzet Omniscience,0.87
55,user_0055,Boros Token Control,Boros Token Control,0.72
55,user_0055,Rakdos Sacrifice,Rakdos Sacrifice,0.59
55,user_0055,Sultai Control,Sultai Control,0.74
55,user_0055,Mono-Green Landfall,Mono-Green Landfall,1.84
55,user_0055,Temur Battlecrier Combo,Temur Battlecrier Combo,0.68
55,user_0055,Grixis Artifacts,Grixis Artifacts,1.43
55,user_0055,Naya Yuna,Naya Yuna,1.46
55,user_0055,Jeskai Self-Bounce,Jeskai Self-Bounce,1.55
55,user_0055,Simic Aggro,Simic Aggro,1.59
56,user_0056,Orzhov Control,Orzhov Control,1.23
56,user_0056,Naya Yuna,Naya Yuna,1.25
56,user_0056,Boros Mice,Boros Mice,1.43
56,user_0056,Temur Kona,Temur Kona,2.35
56,user_0056,Gruul Leyline Aggro,Gruul Leyline Aggro,1.03
56,user_0056,Gruul Delirium,Gruul Delirium,1.58
56,user_0056,Sultai Reanimator,Sultai Reanimator,1.52
56,user_0056,Izzet Omniscience,Izzet Omniscience,1.72
56,user_0056,Golgari Dragons,Golgari Dragons,1.87
56,user_0056,Azorius Control,Azorius Control,1.13
56,user_0056,Simic Landfall,Simic Landfall,0.97
56,user_0056,Mono-Red Leyline Aggro,Mono-Red Leyline Aggro,1.66
56,user_0056,Golgari Midrange,Golgari Midrange,1.5
56,user_0056,Mono-Green Landfall,Mono-Green Landfall,2.51
56,user_0056,Gruul Aggro,Gruul Aggro,0.6
56,user_0056,4c Artifacts,4c Artifacts,2.15
56,user_0056,Grixis Leyline,Grixis Leyline,1.61
56,user_0056,Izzet Prowess,Izzet Prowess,2.52
56,user_0056,Gruul Random Encounter,Gruul Random Encounter,1.47
56,user_0056,Boros Burn,Boros Burn,1.01
56,user_0056,Dimir Control,Dimir Control,1.2
56,user_0056,4c Insidious Roots,4c Insidious Roots,1.26
56,user_0056,Simic Aggro,Simic Aggro,1.26
56,user_0056,Izzet Lessons,Izzet Lessons,4.54
56,user_0056,Jund Aggro,Jund Aggro,1.76
56,user_0056,5c Reanimator,5c Reanimator,1.04
56,user_0056,Sultai Control,Sultai Control,1.06
56,user_0056,Izzet,Izzet,1.14
56,user_0056,Dimir Bounce,Dimir Bounce,1.28
56,user_0056,4c Reanimator,4c Reanimator,3.03
56,user_0056,Boros Token Control,Boros Token Control,0.57
56,user_0056,Grixis Artifacts,Grixis Artifacts,1.32
56,user_0056,Jeskai Artifacts,Jeskai Artifacts,2.23
56,user_0056,Boros Manufacturing,Boros Manufacturing,1.78
57,user_0057,Grixis Artifacts,Grixis Artifacts,1.89
57,user_0057,Sultai Graveyard,Sultai Graveyard,2.01
57,user_0057,4c Control,4c Control,0.68
57,user_0057,Bant Omniscience,Bant Omniscience,1.67
57,user_0057,Mono-Green Landfall,Mono-Green Landfall,2.36
57,user_0057,Jeskai Looting,Jeskai Looting,1.42
57,user_0057,Gruul Aggro,Gruul Aggro,0.67
57,user_0057,Simic Omniscience,Simic Omniscience,2.18
57,user_0057,Jeskai Control,Jeskai Control,3.09
57,user_0057,Boros Leyline Aggro,Boros Leyline Aggro,1.1
57,user_0057,Abzan Insidious Roots,Abzan Insidious Roots,1.12
57,user_0057,Orzhov Self-Bounce,Orzhov Self-Bounce,2.2
57,user_0057,Boros Burn,Boros Burn,1.36
57,user_0057,Temur Floodcaller Combo,Temur Floodcaller Combo,1.54
57,user_0057,Simic Landfall,Simic Landfall,0.93
57,user_0057,Jeskai Self-Bounce,Jeskai Self-Bounce,1.61
57,user_0057,Azorius Control,Azorius Control,1.31
57,user_0057,Simic Midrange,Simic Midrange,1.08
57,user_0057,Esper Self-Bounce,Esper Self-Bounce,0.75
57,user_0057,Jund Aggro,Jund Aggro,1.04
57,user_0057,Boros Mice,Boros Mice,1.29
57,user_0057,Izzet,Izzet,1.65
57,user_0057,Gruul Random Encounter,Gruul Random Encounter,1.44
58,user_0058,Simic Aggro,Simic Aggro,1.34
58,user_0058,Gruul Random Encounter,Gruul Random Encounter,1.54
58,user_0058,Rakdos Aggro,Rakdos Aggro,1.29
58,user_0058,Boros Aggro,Boros Aggro,1.1
58,user_0058,Abzan Midrange,Abzan Midrange,0.34
58,user_0058,Lifegain,Lifegain,0.73
58,user_0058,Jeskai Self-Bounce,Jeskai Self-Bounce,0.57
58,user_0058,Orzhov Midrange,Orzhov Midrange,0.79
58,user_0058,Grixis Artifacts,Grixis Artifacts,0.63
58,user_0058,Golgari Midrange (2),Golgari Midrange,1.14
58,user_0058,4c Omniscience,4c Omniscience,0.8
58,user_0058,Gruul Delirium,Gruul Delirium,2.02
58,user_0058,Boros Manufacturing,Boros Manufacturing,0.79
58,user_0058,Golgari Midrange,Golgari Midrange,1.75
58,user_0058,Mono-White Tokens,Mono-White Tokens,1.32
58,user_0058,4c Reanimator,4c Reanimator,2.1
58,user_0058,Dimir Control,Dimir Control,1.43
58,user_0058,Mono-Red Leyline Aggro,Mono-Red Leyline Aggro,1.15
58,user_0058,Simic Midrange,Simic Midrange,1.98
58,user_0058,5c Reanimator,5c Reanimator,0.92
58,user_0058,Bant Omniscience,Bant Omniscience,1.23
58,user_0058,Sultai Control,Sultai Control,1.17
58,user_0058,Izzet Omniscience,Izzet Omniscience,0.76
58,user_0058,Jeskai Artifacts,Jeskai Artifacts,1.59
58,user_0058,Gruul Aggro,Gruul Aggro,1.17
58,user_0058,Orzhov Self-Bounce,Orzhov Self-Bounce,1.07
58,user_0058,Mono-Red Aggro,Mono-Red Aggro,3.33
58,user_0058,Mono-Black Midrange,Mono-Black Midrange,0.86
58,user_0058,4c Insidious Roots,4c Insidious Roots,0.66
58,user_0058,Jeskai Looting,Jeskai Looting,1.68
58,user_0058,Jund Aggro,Jund Aggro,1.42
58,user_0058,Izzet Prowess,Izzet Prowess,2.5
58,user_0058,Izzet Looting,Izzet Looting,2.76
58,user_0058,Boros Leyline Aggro,Boros Leyline Aggro,0.59
58,user_0058,Temur Battlecrier Combo,Temur Battlecrier Combo,1.01
58,user_0058,Boros Token Control,Boros Token Control,1.25
58,user_0058,Golgari Insidious Roots,Golgari Insidious Roots,0.18
58,user_0058,Simic Landfall,Simic Landfall,1.18
58,user_0058,Golgari Dragons,Golgari Dragons,1.33
58,user_0058,Simic Omniscience,Simic Omniscience,1.77
58,user_0058,Mono-Green Landfall,Mono-Green Landfall,2.0
58,user_0058,Naya Yuna,Naya Yuna,1.45
58,user_0058,Izzet,Izzet,1.46
58,user_0058,Grixis Leyline,Grixis Leyline,1.3
58,user_0058,Gruul Leyline Aggro,Gruul Leyline Aggro,0.96
58,user_0058,Izzet Midrange,Izzet Midrange,1.06
58,user_0058,Abzan Insidious Roots,Abzan Insidious Roots,0.86
58,user_0058,4c Artifacts,4c Artifacts,1.28
58,user_0058,Dimir Bounce,Dimir Bounce,1.26
58,user_0058,Esper Self-Bounce,Esper Self-Bounce,0.92
59,user_0059,5c Reanimator,5c Reanimator,0.88
59,user_0059,Mono-Black Midrange,Mono-Black Midrange,0.81
59,user_0059,Mono-Green Landfall,Mono-Green Landfall,1.7
59,user_0059,Izzet Prowess,Izzet Prowess,1.9
59,user_0059,Temur Lessons,Temur Lessons,0.95
59,user_0059,Esper Self-Bounce,Esper Self-Bounce,1.13
59,user_0059,Mono-White Tokens,Mono-White Tokens,1.29
59,user_0059,Grixis Leyline,Grixis Leyline,1.14
59,user_0059,Golgari Insidious Roots,Golgari Insidious Roots,1.08
59,user_0059,Dimir Bounce,Dimir Bounce,1.49
59,user_0059,Orzhov Self-Bounce,Orzhov Self-Bounce,0.96
59,user_0059,4c Reanimator,4c Reanimator,2.42
59,user_0059,Izzet Midrange,Izzet Midrange,1.28
59,user_0059,Gruul Delirium,Gruul Delirium,0.68
59,user_0059,Orzhov Control,Orzhov Control,1.22
59,user_0059,Temur Floodcaller Combo,Temur Floodcaller Combo,1.11
59,user_0059,Boros Mice,Boros Mice,0.78
59,user_0059,Golgari Midrange,Golgari Midrange,1.31
59,user_0059,Boros Aggro,Boros Aggro,1.63
59,user_0059,Sultai Graveyard,Sultai Graveyard,0.65
59,user_0059,Selesnya Landfall,Selesnya Landfall,1.75
59,user_0059,Temur Kona,Temur Kona,0.94
59,user_0059,Gruul Leyline Aggro,Gruul Leyline Aggro,1.25
59,user_0059,Jeskai Artifacts,Jeskai Artifacts,1.12
59,user_0059,Mardu Dragons,Mardu Dragons,1.37
60,user_0060,Mardu Dragons,Mardu Dragons,0.58
60,user_0060,Gruul Delirium,Gruul Delirium,0.83
60,user_0060,Dimir Control,Dimir Control,1.51
60,user_0060,Temur Kona,Temur Kona,1.91
60,user_0060,Sultai Control,Sultai Control,1.16
60,user_0060,Jeskai Control,Jeskai Control,3.25
60,user_0060,Rakdos Sacrifice,Rakdos Sacrifice,1.02
60,user_0060,Temur Lessons,Temur Lessons,1.97
60,user_0060,4c Control,4c Control,0.81
60,user_0060,Izzet Aggro,Izzet Aggro,1.45
60,user_0060,4c Kona,4c Kona,0.95
60,user_0060,Jund Aggro,Jund Aggro,1.13
60,user_0060,Rakdos Aggro,Rakdos Aggro,0.79
60,user_0060,Mono-Green Landfall,Mono-Green Landfall,1.51
60,user_0060,Orzhov Self-Bounce,Orzhov Self-Bounce,1.45
60,user_0060,Grixis Leyline,Grixis Leyline,1.36
60,user_0060,Golgari Midrange,Golgari Midrange,1.7
60,user_0060,Dimir Midrange,Dimir Midrange,3.11
60,user_0060,Bant Omniscience,Bant Omniscience,1.93
60,user_0060,Izzet Lessons,Izzet Lessons,4.1
60,user_0060,Orzhov Control,Orzhov Control,0.85
60,user_0060,Orzhov Midrange,Orzhov Midrange,0.97
60,user_0060,Lifegain,Lifegain,0.58
60,user_0060,Izzet Prowess,Izzet Prowess,2.23
60,user_0060,Boros Aggro,Boros Aggro,2.7
60,user_0060,Mono-Red Leyline Aggro,Mono-Red Leyline Aggro,2.02
60,user_0060,4c Insidious Roots,4c Insidious Roots,1.18
60,user_0060,Grixis Artifacts,Grixis Artifacts,0.77
60,user_0060,Mono-Red Aggro,Mono-Red Aggro,4.04
60,user_0060,Simic Omniscience,Simic Omniscience,1.12
60,user_0060,4c Artifacts,4c Artifacts,0.49
60,user_0060,Boros Dragons,Boros Dragons,1.15
60,user_0060,Gruul Leyline Aggro,Gruul Leyline Aggro,1.75
60,user_0060,Naya Yuna,Naya Yuna,1.15
60,user_0060,Sultai Graveyard,Sultai Graveyard,1.11
60,user_0060,Golgari Insidious Roots,Golgari Insidious Roots,1.26
60,user_0060,Jeskai Looting,Jeskai Looting,1.19
60,user_0060,Izzet Omniscience,Izzet Omniscience,1.06
60,user_0060,Izzet Looting,Izzet Looting,2.16
60,user_0060,4c Omniscience,4c Omniscience,1.37
60,user_0060,Bant Airbending Combo,Bant Airbending Combo,1.5
60,user_0060,Golgari Dragons,Golgari Dragons,1.04
60,user_0060,Boros Mice,Boros Mice,1.08
60,user_0060,Sultai Reanimator,Sultai Reanimator,1.55
60,user_0060,Mono-Black Midrange,Mono-Black Midrange,1.28
60,user_0060,Boros Leyline Aggro,Boros Leyline Aggro,1.66
60,user_0060,Boros Burn,Boros Burn,0.99
61,user_0061,4c Omniscience,4c Omniscience,1.35
61,user_0061,Simic Aggro,Simic Aggro,1.26
61,user_0061,Jeskai Artifacts,Jeskai Artifacts,1.27
61,user_0061,4c Reanimator,4c Reanimator,1.92
61,user_0061,Golgari Insidious Roots,Golgari Insidious Roots,0.95
61,user_0061,Sultai Control,Sultai Control,1.03
61,user_0061,Sultai Reanimator,Sultai Reanimator,0.97
61,user_0061,Gruul Aggro,Gruul Aggro,0.81
61,user_0061,Boros Leyline Aggro,Boros Leyline Aggro,0.47
61,user_0061,4c Control,4c Control,1.17
61,user_0061,Mono-Black Midrange,Mono-Black Midrange,1.06
61,user_0061,Jeskai Self-Bounce,Jeskai Self-Bounce,1.28
61,user_0061,4c Artifacts,4c Artifacts,1.06
61,user_0061,Jeskai Looting,Jeskai Looting,1.25
61,user_0061,Selesnya Landfall,Selesnya Landfall,1.65
61,user_0061,Orzhov Self-Bounce,Orzhov Self-Bounce,0.92
61,user_0061,4c Insidious Roots,4c Insidious Roots,0.58
61,user_0061,Izzet Looting,Izzet Looting,2.34
61,user_0061,Temur Floodcaller Combo,Temur Floodcaller Combo,1.25
61,user_0061,Bant Airbending Combo,Bant Airbending Combo,1.41
61,user_0061,Rakdos Sacrifice,Rakdos Sacrifice,1.06
61,user_0061,Temur Kona,Temur Kona,1.6
61,user_0061,Izzet,Izzet,0.94
62,user_0062,Dimir Bounce,Dimir Bounce,1.4
62,user_0062,Golgari Insidious Roots,Golgari Insidious Roots,1.07
62,user_0062,Jund Aggro,Jund Aggro,1.1
62,user_0062,4c Control,4c Control,0.89
62,user_0062,Orzhov Midrange,Orzhov Midrange,1.55
62,user_0062,Jeskai Self-Bounce,Jeskai Self-Bounce,0.9
62,user_0062,Rakdos Aggro,Rakdos Aggro,1.15
62,user_0062,Izzet Midrange,Izzet Midrange,1.29
62,user_0062,4c Reanimator,4c Reanimator,2.46
62,user_0062,Temur Kona,Temur Kona,1.81
62,user_0062,Orzhov Control,Orzhov Control,0.87
62,user_0062,Izzet Looting,Izzet Looting,2.53
62,user_0062,Boros Mice,Boros Mice,1.61
62,user_0062,5c Reanimator,5c Reanimator,1.07
62,user_0062,Rakdos Sacrifice,Rakdos Sacrifice,0.69
62,user_0062,Temur Floodcaller Combo,Temur Floodcaller Combo,1.16
62,user_0062,Gruul Aggro,Gruul Aggro,1.07
62,user_0062,Temur Lessons,Temur Lessons,1.14
62,user_0062,Gruul Leyline Aggro,Gruul Leyline Aggro,0.97
62,user_0062,Izzet Prowess,Izzet Prowess,2.75
62,user_0062,Temur Battlecrier Combo,Temur Battlecrier Combo,0.96
62,user_0062,Dimir Control,Dimir Control,1.6
62,user_0062,Orzhov Self-Bounce,Orzhov Self-Bounce,1.04
62,user_0062,Mono-White Tokens,Mono-White Tokens,0.94
62,user_0062,Boros Dragons,Boros Dragons,1.45
62,user_0062,Grixis Artifacts,Grixis Artifacts,0.88
62,user_0062,Mono-Black Midrange,Mono-Black Midrange,0.8
62,user_0062,Azorius Control,Azorius Control,1.23
62,user_0062,4c Kona,4c Kona,0.97
62,user_0062,Boros Token Control,Boros Token Control,1.44
62,user_0062,Naya Yuna,Naya Yuna,1.16
62,user_0062,Sultai Reanimator,Sultai Reanimator,1.24
62,user_0062,Lifegain,Lifegain,1.56
62,user_0062,Simic Landfall,Simic Landfall,1.09
62,user_0062,Mono-Red Aggro,Mono-Red Aggro,2.83
62,user_0062,Abzan Insidious Roots,Abzan Insidious Roots,0.93
62,user_0062,Simic Aggro,Simic Aggro,1.05
62,user_0062,Sultai Graveyard,Sultai Graveyard,1.02
62,user_0062,4c Omniscience,4c Omniscience,0.93
62,user_0062,Golgari Dragons,Golgari Dragons,0.83
62,user_0062,Esper Self-Bounce,Esper Self-Bounce,0.83
62,user_0062,Simic Midrange,Simic Midrange,1.35
62,user_0062,Gruul Random Encounter,Gruul Random Encounter,0.81
62,user_0062,Mono-Green Landfall,Mono-Green Landfall,1.37
62,user_0062,Bant Airbending Combo,Bant Airbending Combo,1.57
63,user_0063,Izzet Prowess,Izzet Prowess,2.94
63,user_0063,Boros Mice,Boros Mice,1.9
63,user_0063,Boros Manufacturing,Boros Manufacturing,1.51
63,user_0063,Rakdos Sacrifice,Rakdos Sacrifice,1.49
63,user_0063,Grixis Leyline,Grixis Leyline,1.92
63,user_0063,4c Artifacts,4c Artifacts,1.44
63,user_0063,Boros Token Control,Boros Token Control,1.21
63,user_0063,Temur Kona,Temur Kona,1.81
63,user_0063,Jeskai Artifacts,Jeskai Artifacts,1.84
63,user_0063,Bant Airbending Combo,Bant Airbending Combo,1.33
63,user_0063,Bant Omniscience,Bant Omniscience,1.17
63,user_0063,Simic Landfall,Simic Landfall,1.89
63,user_0063,Esper Self-Bounce,Esper Self-Bounce,1.72
63,user_0063,Mardu Dragons,Mardu Dragons,1.7
63,user_0063,Simic Aggro,Simic Aggro,0.9
63,user_0063,Dimir Bounce,Dimir Bounce,1.89
63,user_0063,Golgari Insidious Roots,Golgari Insidious Roots,1.34
63,user_0063,Mono-Red Leyline Aggro,Mono-Red Leyline Aggro,1.03
63,user_0063,Selesnya Landfall,Selesnya Landfall,2.66
63,user_0063,Golgari Midrange (2),Golgari Midrange,0.74
63,user_0063,Naya Yuna,Naya Yuna,1.1
63,user_0063,Dimir Control,Dimir Control,0.69
63,user_0063,4c Kona,4c Kona,1.37
63,user_0063,Boros Aggro,Boros Aggro,1.46
63,user_0063,Boros Dragons,Boros Dragons,1.66
63,user_0063,Mono-Black Midrange,Mono-Black Midrange,1.29
63,user_0063,Izzet Omniscience,Izzet Omniscience,0.94
63,user_0063,Simic Midrange,Simic Midrange,1.16
63,user_0063,Izzet Lessons,Izzet Lessons,4.79
63,user_0063,Dimir Midrange,Dimir Midrange,3.14
63,user_0063,4c Omniscience,4c Omniscience,1.66
63,user_0063,Orzhov Self-Bounce,Orzhov Self-Bounce,1.62
63,user_0063,Golgari Dragons,Golgari Dragons,1.71
63,user_0063,Azorius Control,Azorius Control,1.09
63,user_0063,Gruul Random Encounter,Gruul Random Encounter,1.21
63,user_0063,Izzet,Izzet,1.5
63,user_0063,Rakdos Aggro,Rakdos Aggro,0.8
63,user_0063,Mono-Red Aggro,Mono-Red Aggro,3.22
63,user_0063,Sultai Control,Sultai Control,1.02
63,user_0063,Sultai Graveyard,Sultai Graveyard,1.58
64,user_0064,Jeskai Self-Bounce,Jeskai Self-Bounce,0.58
64,user_0064,Azorius Control,Azorius Control,1.39
64,user_0064,Golgari Midrange (2),Golgari Midrange,0.83
64,user_0064,Jeskai Artifacts,Jeskai Artifacts,1.5
64,user_0064,Simic Omniscience,Simic Omniscience,1.2
64,user_0064,Jeskai Looting,Jeskai Looting,1.27
64,user_0064,Gruul Random Encounter,Gruul Random Encounter,1.59
64,user_0064,Sultai Reanimator,Sultai Reanimator,1.7
64,user_0064,Izzet Prowess,Izzet Prowess,2.45
64,user_0064,Jeskai Control,Jeskai Control,3.83
64,user_0064,4c Insidious Roots (2),4c Insidious Roots,0.89
64,user_0064,Bant Airbending Combo,Bant Airbending Combo,1.37
64,user_0064,Boros Mice,Boros Mice,1.27
64,user_0064,Grixis Leyline,Grixis Leyline,1.14
64,user_0064,Izzet Omniscience,Izzet Omniscience,1.09
64,user_0064,Temur Battlecrier Combo,Temur Battlecrier Combo,1.65
64,user_0064,Izzet Aggro,Izzet Aggro,0.72
64,user_0064,Boros Burn,Boros Burn,1.11
64,user_0064,Boros Leyline Aggro,Boros Leyline Aggro,1.15
64,user_0064,4c Control,4c Control,2.01
64,user_0064,Esper Self-Bounce,Esper Self-Bounce,0.9
64,user_0064,5c Reanimator,5c Reanimator,0.84
64,user_0064,Mono-Green Landfall,Mono-Green Landfall,1.46
65,user_0065,Rakdos Sacrifice,Rakdos Sacrifice,1.26
65,user_0065,Simic Omniscience,Simic Omniscience,1.55
65,user_0065,Orzhov Midrange,Orzhov Midrange,0.62
65,user_0065,Mono-Green Landfall,Mono-Green Landfall,1.64
65,user_0065,Golgari Dragons,Golgari Dragons,1.54
65,user_0065,4c Omniscience,4c Omniscience,0.82
65,user_0065,Simic Landfall,Simic Landfall,0.81
65,user_0065,Simic Aggro,Simic Aggro,1.81
65,user_0065,Mardu Dragons,Mardu Dragons,0.53
65,user_0065,Naya Yuna,Naya Yuna,0.73
65,user_0065,Temur Kona,Temur Kona,1.17
65,user_0065,Golgari Midrange (2),Golgari Midrange,0.64
65,user_0065,Orzhov Control,Orzhov Control,1.74
65,user_0065,4c Insidious Roots,4c Insidious Roots,1.35
65,user_0065,Jeskai Control,Jeskai Control,3.49
65,user_0065,5c Reanimator,5c Reanimator,1.81
65,user_0065,Boros Aggro,Boros Aggro,0.99
65,user_0065,Izzet Midrange,Izzet Midrange,0.81
65,user_0065,4c Control,4c Control,1.71
65,user_0065,Boros Leyline Aggro,Boros Leyline Aggro,1.03
65,user_0065,Mono-Black Midrange,Mono-Black Midrange,1.41
65,user_0065,Selesnya Landfall,Selesnya Landfall,1.59
65,user_0065,Izzet Lessons,Izzet Lessons,4.07
65,user_0065,Jeskai Self-Bounce,Jeskai Self-Bounce,0.5
65,user_0065,Izzet Omniscience,Izzet Omniscience,1.26
65,user_0065,Gruul Delirium,Gruul Delirium,1.11
65,user_0065,Gruul Random Encounter,Gruul Random Encounter,1.34
65,user_0065,Dimir Bounce,Dimir Bounce,0.63
65,user_0065,Mono-Red Leyline Aggro,Mono-Red Leyline Aggro,0.83
65,user_0065,Grixis Artifacts,Grixis Artifacts,1.39
65,user_0065,Temur Battlecrier Combo,Temur Battlecrier Combo,1.19
65,user_0065,4c Kona,4c Kona,0.53
65,user_0065,Simic Midrange,Simic Midrange,1.2
65,user_0065,Grixis Leyline,Grixis Leyline,0.92
65,user_0065,Golgari Insidious Roots,Golgari Insidious Roots,1.19
65,user_0065,Mono-Red Aggro,Mono-Red Aggro,4.21
65,user_0065,Bant Airbending Combo,Bant Airbending Combo,1.36
65,user_0065,4c Reanimator,4c Reanimator,2.5
65,user_0065,Sultai Reanimator,Sultai Reanimator,1.15
65,user_0065,Boros Dragons,Boros Dragons,0.87
65,user_0065,Temur Floodcaller Combo,Temur Floodcaller Combo,1.14
66,user_0066,Dimir Control,Dimir Control,0.98
66,user_0066,Izzet,Izzet,1.25
66,user_0066,Mono-Red Leyline Aggro,Mono-Red Leyline Aggro,0.91
66,user_0066,Golgari Dragons,Golgari Dragons,1.72
66,user_0066,Temur Battlecrier Combo,Temur Battlecrier Combo,0.95
66,user_0066,Orzhov Midrange,Orzhov Midrange,1.62
66,user_0066,4c Reanimator,4c Reanimator,3.24
66,user_0066,Golgari Midrange,Golgari Midrange,1.73
66,user_0066,Gruul Leyline Aggro,Gruul Leyline Aggro,1.19
66,user_0066,Jeskai Looting,Jeskai Looting,1.12
66,user_0066,5c Reanimator,5c Reanimator,1.52
66,user_0066,Mardu Dragons,Mardu Dragons,2.1
66,user_0066,Bant Omniscience,Bant Omniscience,1.27
66,user_0066,Grixis Artifacts,Grixis Artifacts,1.73
66,user_0066,Grixis Leyline,Grixis Leyline,1.36
66,user_0066,Dimir Bounce,Dimir Bounce,1.32
66,user_0066,Jeskai Control,Jeskai Control,3.14
66,user_0066,Sultai Control,Sultai Control,1.54
66,user_0066,4c Control,4c Control,0.92
66,user_0066,Bant Airbending Combo,Bant Airbending Combo,1.16
66,user_0066,Naya Yuna,Naya Yuna,1.91
66,user_0066,Boros Aggro,Boros Aggro,1.57
66,user_0066,Boros Leyline Aggro,Boros Leyline Aggro,0.94
66,user_0066,Abzan Insidious Roots,Abzan Insidious Roots,1.75
66,user_0066,Izzet Looting,Izzet Looting,2.95
66,user_0066,4c Kona,4c Kona,1.21
66,user_0066,Izzet Omniscience,Izzet Omniscience,0.68
66,user_0066,Mono-White Tokens,Mono-White Tokens,1.71
66,user_0066,Temur Kona,Temur Kona,1.99
66,user_0066,Rakdos Sacrifice,Rakdos Sacrifice,1.65
66,user_0066,Sultai Graveyard,Sultai Graveyard,1.44
66,user_0066,Mono-Green Landfall,Mono-Green Landfall,2.37
66,user_0066,Temur Floodcaller Combo,Temur Floodcaller Combo,0.86
66,user_0066,Esper Self-Bounce,Esper Self-Bounce,2.39
66,user_0066,Simic Midrange,Simic Midrange,0.35
66,user_0066,Lifegain,Lifegain,2.24
66,user_0066,Simic Omniscience,Simic Omniscience,1.46
67,user_0067,Dimir Control,Dimir Control,1.87
67,user_0067,Boros Mice,Boros Mice,0.91
67,user_0067,Golgari Midrange,Golgari Midrange,1.95
67,user_0067,Simic Midrange,Simic Midrange,0.87
67,user_0067,Mono-Red Leyline Aggro,Mono-Red Leyline Aggro,1.02
67,user_0067,Jeskai Looting,Jeskai Looting,1.02
67,user_0067,Orzhov Self-Bounce,Orzhov Self-Bounce,0.7
67,user_0067,Mono-White Tokens,Mono-White Tokens,1.21
67,user_0067,Simic Omniscience,Simic Omniscience,0.9
67,user_0067,Boros Token Control,Boros Token Control,1.95
67,user_0067,Simic Landfall,Simic Landfall,0.59
67,user_0067,Izzet Omniscience,Izzet Omniscience,1.32
67,user_0067,Gruul Delirium,Gruul Delirium,0.96
67,user_0067,Boros Burn,Boros Burn,1.77
67,user_0067,Bant Omniscience,Bant Omniscience,1.16
67,user_0067,Mono-Red Aggro,Mono-Red Aggro,3.16
67,user_0067,Rakdos Sacrifice,Rakdos Sacrifice,1.02
67,user_0067,Grixis Artifacts,Grixis Artifacts,1.1
67,user_0067,Selesnya Landfall,Selesnya Landfall,1.56
67,user_0067,Temur Kona,Temur Kona,1.26
67,user_0067,Jeskai Self-Bounce,Jeskai Self-Bounce,1.1
67,user_0067,Mono-Green Landfall,Mono-Green Landfall,1.61
67,user_0067,Simic Aggro,Simic Aggro,0.83
67,user_0067,Jeskai Control,Jeskai Control,4.08
67,user_0067,Izzet Aggro,Izzet Aggro,1.03
67,user_0067,Jund Aggro,Jund Aggro,1.31
67,user_0067,Golgari Insidious Roots,Golgari Insidious Roots,1.42
67,user_0067,Boros Dragons,Boros Dragons,1.63
67,user_0067,Izzet Lessons,Izzet Lessons,3.48
67,user_0067,Temur Lessons,Temur Lessons,1.97
67,user_0067,Orzhov Control,Orzhov Control,1.92
67,user_0067,4c Reanimator,4c Reanimator,2.32
67,user_0067,Jeskai Artifacts,Jeskai Artifacts,1.74
68,user_0068,Mono-Black Midrange,Mono-Black Midrange,1.31
68,user_0068,5c Reanimator,5c Reanimator,1.07
68,user_0068,Orzhov Midrange,Orzhov Midrange,1.33
68,user_0068,Bant Airbending Combo,Bant Airbending Combo,1.09
68,user_0068,Dimir Midrange,Dimir Midrange,3.26
68,user_0068,Sultai Reanimator,Sultai Reanimator,1.32
68,user_0068,Gruul Aggro,Gruul Aggro,1.63
68,user_0068,Izzet Prowess,Izzet Prowess,1.76
68,user_0068,Mono-Red Leyline Aggro,Mono-Red Leyline Aggro,1.36
68,user_0068,Jund Aggro,Jund Aggro,1.6
68,user_0068,4c Artifacts,4c Artifacts,0.6
68,user_0068,Boros Leyline Aggro,Boros Leyline Aggro,1.89
68,user_0068,Temur Floodcaller Combo,Temur Floodcaller Combo,1.62
68,user_0068,Mono-Green Landfall,Mono-Green Landfall,1.19
68,user_0068,Simic Midrange,Simic Midrange,1.43
68,user_0068,Simic Aggro,Simic Aggro,1.68
68,user_0068,Abzan Insidious Roots,Abzan Insidious Roots,1.2
68,user_0068,Esper Self-Bounce,Esper Self-Bounce,0.8
68,user_0068,Lifegain,Lifegain,1.41
68,user_0068,Grixis Leyline,Grixis Leyline,0.75
68,user_0068,Izzet Midrange,Izzet Midrange,1.45
68,user_0068,Jeskai Artifacts,Jeskai Artifacts,1.63
68,user_0068,4c Insidious Roots,4c Insidious Roots,1.48
68,user_0068,Izzet Omniscience,Izzet Omniscience,0.81
68,user_0068,Golgari Insidious Roots,Golgari Insidious Roots,1.4
68,user_0068,Dimir Control,Dimir Control,1.11
68,user_0068,Selesnya Landfall,Selesnya Landfall,1.05
68,user_0068,Boros Manufacturing,Boros Manufacturing,0.8
68,user_0068,Izzet,Izzet,1.16
68,user_0068,4c Insidious Roots (2),4c Insidious Roots,0.98
68,user_0068,Mono-White Tokens,Mono-White Tokens,0.96
68,user_0068,Izzet Looting,Izzet Looting,2.47
68,user_0068,Golgari Midrange (2),Golgari Midrange,0.85
68,user_0068,Boros Aggro,Boros Aggro,1.6
68,user_0068,Temur Battlecrier Combo,Temur Battlecrier Combo,0.98
68,user_0068,Boros Burn,Boros Burn,0.41
68,user_0068,Rakdos Aggro,Rakdos Aggro,1.78
68,user_0068,Mono-Red Aggro,Mono-Red Aggro,4.04
68,user_0068,Dimir Bounce,Dimir Bounce,0.47
68,user_0068,Simic Landfall,Simic Landfall,0.86
68,user_0068,Izzet Lessons,Izzet Lessons,4.59
68,user_0068,Temur Kona,Temur Kona,1.11
68,user_0068,4c Kona,4c Kona,0.62
68,user_0068,Jeskai Self-Bounce,Jeskai Self-Bounce,0.95
68,user_0068,4c Omniscience,4c Omniscience,0.96
68,user_0068,Jeskai Looting,Jeskai Looting,0.94
68,user_0068,Boros Token Control,Boros Token Control,0.45
68,user_0068,Gruul Random Encounter,Gruul Random Encounter,0.76
68,user_0068,4c Reanimator,4c Reanimator,2.0
68,user_0068,Izzet Aggro,Izzet Aggro,1.72
68,user_0068,Rakdos Sacrifice,Rakdos Sacrifice,1.27
69,user_0069,Golgari Insidious Roots,Golgari Insidious Roots,1.28
69,user_0069,Orzhov Midrange,Orzhov Midrange,1.33
69,user_0069,4c Omniscience,4c Omniscience,0.87
69,user_0069,Grixis Leyline,Grixis Leyline,0.5
69,user_0069,5c Reanimator,5c Reanimator,1.43
69,user_0069,Boros Aggro,Boros Aggro,1.23
69,user_0069,Jeskai Self-Bounce,Jeskai Self-Bounce,0.68
69,user_0069,Dimir Control,Dimir Control,0.94
69,user_0069,Mono-Black Midrange,Mono-Black Midrange,1.84
69,user_0069,Simic Omniscience,Simic Omniscience,1.46
69,user_0069,4c Insidious Roots,4c Insidious Roots,0.7
69,user_0069,Izzet Omniscience,Izzet Omniscience,1.61
69,user_0069,4c Kona,4c Kona,1.24
69,user_0069,Mono-Green Landfall,Mono-Green Landfall,2.0
69,user_0069,Temur Lessons,Temur Lessons,1.06
69,user_0069,Orzhov Control,Orzhov Control,0.73
69,user_0069,Bant Airbending Combo,Bant Airbending Combo,1.02
69,user_0069,Boros Burn,Boros Burn,1.03
69,user_0069,Boros Token Control,Boros Token Control,1.23
69,user_0069,Gruul Delirium,Gruul Delirium,1.31
69,user_0069,Jeskai Looting,Jeskai Looting,0.8
69,user_0069,4c Reanimator,4c Reanimator,2.02
69,user_0069,Selesnya Landfall,Selesnya Landfall,1.48
69,user_0069,Esper Self-Bounce,Esper Self-Bounce,1.66
69,user_0069,Mardu Dragons,Mardu Dragons,1.28
69,user_0069,Simic Landfall,Simic Landfall,0.76
69,user_0069,Sultai Control,Sultai Control,1.17
69,user_0069,Jund Aggro,Jund Aggro,1.03
69,user_0069,Izzet Aggro,Izzet Aggro,0.83
69,user_0069,Temur Kona,Temur Kona,1.31
69,user_0069,Dimir Midrange,Dimir Midrange,3.64
69,user_0069,Boros Mice,Boros Mice,0.89
69,user_0069,Golgari Midrange,Golgari Midrange,2.3
69,user_0069,4c Insidious Roots (2),4c Insidious Roots,1.15
69,user_0069,Izzet Lessons,Izzet Lessons,3.62
69,user_0069,Mono-Red Aggro,Mono-Red Aggro,3.36
69,user_0069,Gruul Random Encounter,Gruul Random Encounter,1.31
69,user_0069,Abzan Midrange,Abzan Midrange,1.99
69,user_0069,Mono-Red Leyline Aggro,Mono-Red Leyline Aggro,1.02
69,user_0069,Boros Manufacturing,Boros Manufacturing,0.98
69,user_0069,Mono-White Tokens,Mono-White Tokens,1.71
69,user_0069,Rakdos Aggro,Rakdos Aggro,0.94
69,user_0069,Gruul Aggro,Gruul Aggro,0.46
69,user_0069,Grixis Artifacts,Grixis Artifacts,1.07
69,user_0069,Golgari Midrange (2),Golgari Midrange,1.67
69,user_0069,Lifegain,Lifegain,0.97
69,user_0069,Dimir Bounce,Dimir Bounce,1.82
69,user_0069,Boros Dragons,Boros Dragons,1.51
69,user_0069,Bant Omniscience,Bant Omniscience,0.68
69,user_0069,Golgari Dragons,Golgari Dragons,1.47
69,user_0069,4c Artifacts,4c Artifacts,0.86
70,user_0070,Abzan Midrange,Abzan Midrange,1.16
70,user_0070,Golgari Midrange (2),Golgari Midrange,1.23
70,user_0070,Grixis Artifacts,Grixis Artifacts,1.04
70,user_0070,Izzet Lessons,Izzet Lessons,4.55
70,user_0070,4c Omniscience,4c Omniscience,1.71
70,user_0070,Simic Landfall,Simic Landfall,2.11
70,user_0070,Izzet Aggro,Izzet Aggro,1.07
70,user_0070,Temur Kona,Temur Kona,1.29
70,user_0070,Izzet Midrange,Izzet Midrange,0.81
70,user_0070,Mono-Black Midrange,Mono-Black Midrange,0.52
70,user_0070,Gruul Leyline Aggro,Gruul Leyline Aggro,1.35
70,user_0070,Temur Battlecrier Combo,Temur Battlecrier Combo,1.43
70,user_0070,Abzan Insidious Roots,Abzan Insidious Roots,2.09
70,user_0070,Izzet Prowess,Izzet Prowess,2.82
70,user_0070,Sultai Graveyard,Sultai Graveyard,1.33
70,user_0070,Gruul Random Encounter,Gruul Random Encounter,1.24
70,user_0070,4c Reanimator,4c Reanimator,2.89
70,user_0070,Simic Aggro,Simic Aggro,1.67
70,user_0070,Azorius Control,Azorius Control,1.55
70,user_0070,Dimir Midrange,Dimir Midrange,3.57
70,user_0070,Mono-Red Leyline Aggro,Mono-Red Leyline Aggro,1.16
70,user_0070,Grixis Leyline,Grixis Leyline,1.55
70,user_0070,Golgari Insidious Roots,Golgari Insidious Roots,1.63
70,user_0070,Boros Leyline Aggro,Boros Leyline Aggro,1.45
70,user_0070,Naya Yuna,Naya Yuna,1.72
70,user_0070,4c Insidious Roots (2),4c Insidious Roots,1.6
70,user_0070,Sultai Control,Sultai Control,0.78
70,user_0070,Orzhov Midrange,Orzhov Midrange,1.36
70,user_0070,Dimir Bounce,Dimir Bounce,1.01
70,user_0070,Gruul Delirium,Gruul Delirium,1.7
70,user_0070,Boros Burn,Boros Burn,1.41
70,user_0070,Simic Midrange,Simic Midrange,1.1
70,user_0070,Simic Omniscience,Simic Omniscience,1.95
70,user_0070,Selesnya Landfall,Selesnya Landfall,2.27
70,user_0070,4c Control,4c Control,1.0
70,user_0070,Rakdos Aggro,Rakdos Aggro,1.16
70,user_0070,Mardu Dragons,Mardu Dragons,1.83
71,user_0071,Jeskai Self-Bounce,Jeskai Self-Bounce,1.25
71,user_0071,Simic Midrange,Simic Midrange,0.75
71,user_0071,Orzhov Control,Orzhov Control,1.91
71,user_0071,Mono-Black Midrange,Mono-Black Midrange,0.92
71,user_0071,Temur Kona,Temur Kona,1.28
71,user_0071,Dimir Bounce,Dimir Bounce,0.95
71,user_0071,Izzet,Izzet,1.55
71,user_0071,4c Control,4c Control,0.97
71,user_0071,Golgari Midrange,Golgari Midrange,1.74
71,user_0071,Izzet Looting,Izzet Looting,2.48
71,user_0071,Mono-Red Leyline Aggro,Mono-Red Leyline Aggro,0.84
71,user_0071,Esper Self-Bounce,Esper Self-Bounce,0.88
71,user_0071,Mardu Dragons,Mardu Dragons,1.59
71,user_0071,Gruul Delirium,Gruul Delirium,0.81
71,user_0071,Simic Aggro,Simic Aggro,1.27
71,user_0071,Jeskai Looting,Jeskai Looting,1.21
71,user_0071,Temur Battlecrier Combo,Temur Battlecrier Combo,1.41
71,user_0071,Rakdos Aggro,Rakdos Aggro,0.68
71,user_0071,Sultai Reanimator,Sultai Reanimator,1.4
71,user_0071,Selesnya Landfall,Selesnya Landfall,1.77
71,user_0071,Izzet Aggro,Izzet Aggro,0.92
71,user_0071,Grixis Leyline,Grixis Leyline,1.15
71,user_0071,Sultai Control,Sultai Control,1.43
71,user_0071,Bant Omniscience,Bant Omniscience,1.04
71,user_0071,Bant Airbending Combo,Bant Airbending Combo,1.55
71,user_0071,Abzan Insidious Roots,Abzan Insidious Roots,1.14
71,user_0071,Mono-Red Aggro,Mono-Red Aggro,3.48
71,user_0071,Gruul Leyline Aggro,Gruul Leyline Aggro,0.94
71,user_0071,Jeskai Control,Jeskai Control,3.23
71,user_0071,Naya Yuna,Naya Yuna,1.02
71,user_0071,Boros Mice,Boros Mice,1.08
71,user_0071,Boros Dragons,Boros Dragons,0.8
71,user_0071,Golgari Midrange (2),Golgari Midrange,1.1
71,user_0071,Simic Omniscience,Simic Omniscience,1.1
71,user_0071,4c Insidious Roots (2),4c Insidious Roots,1.4
71,user_0071,Izzet Omniscience,Izzet Omniscience,1.2
71,user_0071,Izzet Prowess,Izzet Prowess,1.95
71,user_0071,Sultai Graveyard,Sultai Graveyard,1.06
71,user_0071,4c Kona,4c Kona,1.23
71,user_0071,4c Insidious Roots,4c Insidious Roots,1.13
71,user_0071,Mono-White Tokens,Mono-White Tokens,0.97
71,user_0071,Jund Aggro,Jund Aggro,0.62
71,user_0071,Lifegain,Lifegain,1.05
71,user_0071,Boros Aggro,Boros Aggro,0.97
71,user_0071,4c Reanimator,4c Reanimator,2.4
71,user_0071,Dimir Midrange,Dimir Midrange,3.06
71,user_0071,Boros Manufacturing,Boros Manufacturing,0.52
71,user_0071,Izzet Midrange,Izzet Midrange,1.26
71,user_0071,Boros Leyline Aggro,Boros Leyline Aggro,0.4
71,user_0071,Abzan Midrange,Abzan Midrange,1.49
71,user_0071,4c Omniscience,4c Omniscience,0.9
72,user_0072,Gruul Delirium,Gruul Delirium,1.3
72,user_0072,Temur Kona,Temur Kona,1.23
72,user_0072,Izzet Prowess,Izzet Prowess,2.71
72,user_0072,Jeskai Self-Bounce,Jeskai Self-Bounce,1.44
72,user_0072,Izzet,Izzet,1.3
72,user_0072,Sultai Graveyard,Sultai Graveyard,0.83
72,user_0072,Temur Lessons,Temur Lessons,1.61
72,user_0072,Gruul Aggro,Gruul Aggro,1.05
72,user_0072,Golgari Dragons,Golgari Dragons,1.14
72,user_0072,4c Kona,4c Kona,0.84
72,user_0072,Jund Aggro,Jund Aggro,0.66
72,user_0072,5c Reanimator,5c Reanimator,1.05
72,user_0072,Mono-Green Landfall,Mono-Green Landfall,1.48
72,user_0072,Selesnya Landfall,Selesnya Landfall,1.26
72,user_0072,Mono-White Tokens,Mono-White Tokens,1.36
72,user_0072,Gruul Random Encounter,Gruul Random Encounter,1.74
72,user_0072,Jeskai Artifacts,Jeskai Artifacts,1.38
72,user_0072,Dimir Control,Dimir Control,1.15
72,user_0072,Dimir Bounce,Dimir Bounce,0.67
72,user_0072,Izzet Omniscience,Izzet Omniscience,1.12
72,user_0072,Mono-Red Leyline Aggro,Mono-Red Leyline Aggro,0.7
73,user_0073,Temur Kona,Temur Kona,1.39
73,user_0073,Golgari Insidious Roots,Golgari Insidious Roots,0.72
73,user_0073,Golgari Midrange,Golgari Midrange,1.95
73,user_0073,Mono-Red Aggro,Mono-Red Aggro,2.71
73,user_0073,Simic Midrange,Simic Midrange,0.87
73,user_0073,Gruul Delirium,Gruul Delirium,1.3
73,user_0073,Azorius Control,Azorius Control,2.33
73,user_0073,Sultai Reanimator,Sultai Reanimator,1.04
73,user_0073,Temur Floodcaller Combo,Temur Floodcaller Combo,0.69
73,user_0073,Izzet Prowess,Izzet Prowess,1.49
73,user_0073,Boros Burn,Boros Burn,0.99
73,user_0073,Sultai Control,Sultai Control,1.02
73,user_0073,Golgari Dragons,Golgari Dragons,0.77
73,user_0073,Izzet Omniscience,Izzet Omniscience,0.55
73,user_0073,Abzan Midrange,Abzan Midrange,1.26
73,user_0073,Gruul Leyline Aggro,Gruul Leyline Aggro,0.63
73,user_0073,Temur Battlecrier Combo,Temur Battlecrier Combo,1.33
73,user_0073,Jund Aggro,Jund Aggro,1.21
73,user_0073,Simic Landfall,Simic Landfall,1.76
73,user_0073,Jeskai Self-Bounce,Jeskai Self-Bounce,1.61
73,user_0073,Gruul Random Encounter,Gruul Random Encounter,0.99
73,user_0073,Dimir Control,Dimir Control,0.57
73,user_0073,Mardu Dragons,Mardu Dragons,0.94
73,user_0073,Mono-Red Leyline Aggro,Mono-Red Leyline Aggro,0.74
74,user_0074,Boros Manufacturing,Boros Manufacturing,1.11
74,user_0074,Boros Aggro,Boros Aggro,1.54
74,user_0074,Grixis Artifacts,Grixis Artifacts,1.37
74,user_0074,4c Insidious Roots,4c Insidious Roots,0.88
74,user_0074,Simic Aggro,Simic Aggro,1.19
74,user_0074,Mardu Dragons,Mardu Dragons,1.34
74,user_0074,Gruul Delirium,Gruul Delirium,0.92
74,user_0074,Dimir Bounce,Dimir Bounce,0.75
74,user_0074,Temur Floodcaller Combo,Temur Floodcaller Combo,1.39
74,user_0074,Golgari Insidious Roots,Golgari Insidious Roots,1.24
74,user_0074,Dimir Midrange,Dimir Midrange,3.57
74,user_0074,Lifegain,Lifegain,1.05
74,user_0074,Jeskai Control,Jeskai Control,3.4
74,user_0074,Abzan Midrange,Abzan Midrange,1.14
74,user_0074,Esper Self-Bounce,Esper Self-Bounce,1.26
74,user_0074,Temur Battlecrier Combo,Temur Battlecrier Combo,1.25
74,user_0074,Mono-Green Landfall,Mono-Green Landfall,1.36
74,user_0074,Orzhov Midrange,Orzhov Midrange,1.23
74,user_0074,Golgari Midrange (2),Golgari Midrange,0.7
74,user_0074,Izzet Omniscience,Izzet Omniscience,1.5
74,user_0074,Mono-Black Midrange,Mono-Black Midrange,1.06
74,user_0074,Izzet Aggro,Izzet Aggro,1.51
74,user_0074,Orzhov Self-Bounce,Orzhov Self-Bounce,1.01
74,user_0074,Jund Aggro,Jund Aggro,0.45
74,user_0074,Izzet Looting,Izzet Looting,2.66
74,user_0074,4c Reanimator,4c Reanimator,1.64
74,user_0074,Rakdos Aggro,Rakdos Aggro,1.22
74,user_0074,Gruul Random Encounter,Gruul Random Encounter,0.94
74,user_0074,Bant Airbending Combo,Bant Airbending Combo,2.18
74,user_0074,Orzhov Control,Orzhov Control,1.28
74,user_0074,Abzan Insidious Roots,Abzan Insidious Roots,1.01
74,user_0074,Mono-Red Leyline Aggro,Mono-Red Leyline Aggro,1.03
74,user_0074,4c Control,4c Control,1.62
74,user_0074,Izzet,Izzet,1.27
74,user_0074,Temur Lessons,Temur Lessons,1.04
74,user_0074,Gruul Leyline Aggro,Gruul Leyline Aggro,0.84
74,user_0074,Mono-White Tokens,Mono-White Tokens,1.13
74,user_0074,5c Reanimator,5c Reanimator,0.68
74,user_0074,Izzet Midrange,Izzet Midrange,0.97
74,user_0074,Dimir Control,Dimir Control,1.01
74,user_0074,Sultai Graveyard,Sultai Graveyard,0.82
74,user_0074,Gruul Aggro,Gruul Aggro,1.06
74,user_0074,Boros Dragons,Boros Dragons,0.83
74,user_0074,Golgari Midrange,Golgari Midrange,1.85
74,user_0074,Jeskai Looting,Jeskai Looting,1.23
74,user_0074,Simic Landfall,Simic Landfall,1.14
74,user_0074,Simic Midrange,Simic Midrange,0.95
74,user_0074,Boros Burn,Boros Burn,0.83
75,user_0075,4c Artifacts,4c Artifacts,1.5
75,user_0075,Dimir Bounce,Dimir Bounce,0.81
75,user_0075,Mono-Red Leyline Aggro,Mono-Red Leyline Aggro,1.1
75,user_0075,Sultai Graveyard,Sultai Graveyard,1.65
75,user_0075,Sultai Reanimator,Sultai Reanimator,1.71
75,user_0075,Gruul Delirium,Gruul Delirium,0.88
75,user_0075,Abzan Insidious Roots,Abzan Insidious Roots,0.77
75,user_0075,Jeskai Control,Jeskai Control,3.34
75,user_0075,Boros Token Control,Boros Token Control,0.85
75,user_0075,Grixis Leyline,Grixis Leyline,1.04
75,user_0075,Mono-Black Midrange,Mono-Black Midrange,1.83
75,user_0075,Golgari Midrange (2),Golgari Midrange,1.26
75,user_0075,Boros Mice,Boros Mice,0.94
75,user_0075,Simic Landfall,Simic Landfall,1.45
75,user_0075,Jeskai Looting,Jeskai Looting,1.02
75,user_0075,Orzhov Self-Bounce,Orzhov Self-Bounce,0.58
75,user_0075,Temur Kona,Temur Kona,1.36
75,user_0075,4c Reanimator,4c Reanimator,2.02
75,user_0075,Jeskai Artifacts,Jeskai Artifacts,1.32
75,user_0075,Mardu Dragons,Mardu Dragons,0.79
75,user_0075,Simic Aggro,Simic Aggro,1.34
75,user_0075,Dimir Midrange,Dimir Midrange,3.06
75,user_0075,Abzan Midrange,Abzan Midrange,1.33
75,user_0075,Boros Aggro,Boros Aggro,1.6
75,user_0075,Izzet Looting,Izzet Looting,2.43
75,user_0075,Izzet Prowess,Izzet Prowess,1.98
75,user_0075,Orzhov Midrange,Orzhov Midrange,1.67
75,user_0075,5c Reanimator,5c Reanimator,0.83
75,user_0075,Sultai Control,Sultai Control,0.78
75,user_0075,Temur Floodcaller Combo,Temur Floodcaller Combo,0.75
75,user_0075,Boros Dragons,Boros Dragons,0.72
75,user_0075,Jeskai Self-Bounce,Jeskai Self-Bounce,1.27
75,user_0075,Rakdos Aggro,Rakdos Aggro,0.9
75,user_0075,Gruul Aggro,Gruul Aggro,1.4
75,user_0075,Lifegain,Lifegain,0.85
75,user_0075,Boros Leyline Aggro,Boros Leyline Aggro,1.59
75,user_0075,Rakdos Sacrifice,Rakdos Sacrifice,1.8
75,user_0075,Golgari Insidious Roots,Golgari Insidious Roots,1.64
75,user_0075,Izzet Lessons,Izzet Lessons,4.35
75,user_0075,4c Kona,4c Kona,1.26
75,user_0075,Bant Airbending Combo,Bant Airbending Combo,1.51
76,user_0076,Golgari Midrange (2),Golgari Midrange,1.54
76,user_0076,Temur Kona,Temur Kona,1.35
76,user_0076,Mono-Red Aggro,Mono-Red Aggro,3.28
76,user_0076,Esper Self-Bounce,Esper Self-Bounce,0.94
76,user_0076,Jeskai Artifacts,Jeskai Artifacts,1.45
76,user_0076,4c Reanimator,4c Reanimator,2.5
76,user_0076,Naya Yuna,Naya Yuna,0.92
76,user_0076,Simic Omniscience,Simic Omniscience,0.86
76,user_0076,Sultai Graveyard,Sultai Graveyard,1.05
76,user_0076,Gruul Random Encounter,Gruul Random Encounter,1.1
76,user_0076,Selesnya Landfall,Selesnya Landfall,1.44
76,user_0076,Simic Midrange,Simic Midrange,1.72
76,user_0076,Orzhov Midrange,Orzhov Midrange,1.86
76,user_0076,Sultai Control,Sultai Control,0.58
76,user_0076,Izzet Aggro,Izzet Aggro,0.85
76,user_0076,Izzet Midrange,Izzet Midrange,1.67
76,user_0076,Rakdos Aggro,Rakdos Aggro,0.53
76,user_0076,Mardu Dragons,Mardu Dragons,1.32
76,user_0076,Temur Battlecrier Combo,Temur Battlecrier Combo,0.73
76,user_0076,Boros Token Control,Boros Token Control,0.98
76,user_0076,Golgari Midrange,Golgari Midrange,1.95
76,user_0076,Izzet Looting,Izzet Looting,2.37
76,user_0076,Mono-Green Landfall,Mono-Green Landfall,2.5
76,user_0076,4c Kona,4c Kona,1.24
76,user_0076,Rakdos Sacrifice,Rakdos Sacrifice,1.33
76,user_0076,Jeskai Control,Jeskai Control,2.29
76,user_0076,5c Reanimator,5c Reanimator,1.18
76,user_0076,Boros Dragons,Boros Dragons,1.09
76,user_0076,4c Omniscience,4c Omniscience,1.2
76,user_0076,Izzet,Izzet,1.57
76,user_0076,Gruul Aggro,Gruul Aggro,1.14
76,user_0076,Jeskai Self-Bounce,Jeskai Self-Bounce,0.86
76,user_0076,Bant Omniscience,Bant Omniscience,1.49
76,user_0076,Boros Aggro,Boros Aggro,0.88
76,user_0076,4c Artifacts,4c Artifacts,1.22
76,user_0076,4c Insidious Roots,4c Insidious Roots,0.74
76,user_0076,4c Control,4c Control,1.13
76,user_0076,Jeskai Looting,Jeskai Looting,1.07
76,user_0076,Jund Aggro,Jund Aggro,0.9
76,user_0076,Simic Landfall,Simic Landfall,1.66
76,user_0076,Izzet Lessons,Izzet Lessons,3.39
76,user_0076,Boros Manufacturing,Boros Manufacturing,0.96
76,user_0076,Orzhov Control,Orzhov Control,1.33
76,user_0076,Mono-Black Midrange,Mono-Black Midrange,1.56
76,user_0076,Lifegain,Lifegain,1.1
76,user_0076,Boros Leyline Aggro,Boros Leyline Aggro,0.99
76,user_0076,Grixis Artifacts,Grixis Artifacts,0.52
76,user_0076,Gruul Delirium,Gruul Delirium,0.84
76,user_0076,Bant Airbending Combo,Bant Airbending Combo,1.32
76,user_0076,Temur Lessons,Temur Lessons,1.36
77,user_0077,Mono-Black Midrange,Mono-Black Midrange,0.6
77,user_0077,Jeskai Artifacts,Jeskai Artifacts,0.77
77,user_0077,Temur Battlecrier Combo,Temur Battlecrier Combo,0.94
77,user_0077,Gruul Aggro,Gruul Aggro,1.03
77,user_0077,Bant Airbending Combo,Bant Airbending Combo,1.14
77,user_0077,4c Kona,4c Kona,1.72
77,user_0077,5c Reanimator,5c Reanimator,1.36
77,user_0077,Gruul Leyline Aggro,Gruul Leyline Aggro,1.85
77,user_0077,Grixis Leyline,Grixis Leyline,1.76
77,user_0077,Orzhov Midrange,Orzhov Midrange,0.99
77,user_0077,Boros Dragons,Boros Dragons,0.91
77,user_0077,Mardu Dragons,Mardu Dragons,0.53
77,user_0077,Boros Manufacturing,Boros Manufacturing,1.02
77,user_0077,Abzan Midrange,Abzan Midrange,0.97
77,user_0077,Sultai Control,Sultai Control,0.93
77,user_0077,Golgari Midrange,Golgari Midrange,1.8
77,user_0077,Simic Aggro,Simic Aggro,1.62
77,user_0077,Jeskai Self-Bounce,Jeskai Self-Bounce,0.73
77,user_0077,Boros Token Control,Boros Token Control,1.06
77,user_0077,Temur Lessons,Temur Lessons,1.53
77,user_0077,Izzet Aggro,Izzet Aggro,1.45
77,user_0077,4c Control,4c Control,0.89
77,user_0077,Izzet Looting,Izzet Looting,2.73
77,user_0077,Selesnya Landfall,Selesnya Landfall,1.84
77,user_0077,Temur Floodcaller Combo,Temur Floodcaller Combo,1.63
77,user_0077,Bant Omniscience,Bant Omniscience,0.71
77,user_0077,Boros Aggro,Boros Aggro,1.35
77,user_0077,Jund Aggro,Jund Aggro,1.24
77,user_0077,Izzet,Izzet,1.21
77,user_0077,Orzhov Self-Bounce,Orzhov Self-Bounce,1.36
77,user_0077,4c Reanimator,4c Reanimator,2.64
77,user_0077,4c Insidious Roots,4c Insidious Roots,0.8
77,user_0077,Mono-Green Landfall,Mono-Green Landfall,2.15
77,user_0077,Golgari Insidious Roots,Golgari Insidious Roots,1.09
77,user_0077,Simic Omniscience,Simic Omniscience,1.22
77,user_0077,Golgari Dragons,Golgari Dragons,1.52
77,user_0077,Rakdos Aggro,Rakdos Aggro,1.78
77,user_0077,Dimir Bounce,Dimir Bounce,0.72
77,user_0077,Mono-Red Aggro,Mono-Red Aggro,3.98
77,user_0077,Azorius Control,Azorius Control,1.1
77,user_0077,Boros Leyline Aggro,Boros Leyline Aggro,1.58
77,user_0077,4c Artifacts,4c Artifacts,1.66
77,user_0077,Golgari Midrange (2),Golgari Midrange,1.48
77,user_0077,Temur Kona,Temur Kona,1.34
77,user_0077,Simic Midrange,Simic Midrange,1.08
77,user_0077,Abzan Insidious Roots,Abzan Insidious Roots,1.41
77,user_0077,Mono-Red Leyline Aggro,Mono-Red Leyline Aggro,1.07
77,user_0077,Izzet Midrange,Izzet Midrange,1.21
77,user_0077,4c Insidious Roots (2),4c Insidious Roots,0.77
77,user_0077,Dimir Control,Dimir Control,1.09
77,user_0077,Sultai Reanimator,Sultai Reanimator,1.48
77,user_0077,Gruul Delirium,Gruul Delirium,1.15
77,user_0077,Izzet Prowess,Izzet Prowess,2.02
77,user_0077,Orzhov Control,Orzhov Control,0.93
77,user_0077,Dimir Midrange,Dimir Midrange,3.23
77,user_0077,Simic Landfall,Simic Landfall,0.93
78,user_0078,Rakdos Aggro,Rakdos Aggro,1.45
78,user_0078,Izzet Aggro,Izzet Aggro,1.45
78,user_0078,5c Reanimator,5c Reanimator,1.06
78,user_0078,Izzet,Izzet,1.02
78,user_0078,Dimir Bounce,Dimir Bounce,2.31
78,user_0078,Simic Midrange,Simic Midrange,1.26
78,user_0078,Gruul Leyline Aggro,Gruul Leyline Aggro,1.76
78,user_0078,Selesnya Landfall,Selesnya Landfall,1.58
78,user_0078,Bant Airbending Combo,Bant Airbending Combo,1.77
78,user_0078,Golgari Dragons,Golgari Dragons,0.92
78,user_0078,Sultai Control,Sultai Control,0.69
78,user_0078,Gruul Random Encounter,Gruul Random Encounter,0.82
78,user_0078,Temur Floodcaller Combo,Temur Floodcaller Combo,0.95
78,user_0078,Simic Omniscience,Simic Omniscience,1.22
78,user_0078,Grixis Leyline,Grixis Leyline,1.51
78,user_0078,Boros Token Control,Boros Token Control,0.92
78,user_0078,Mono-White Tokens,Mono-White Tokens,1.4
78,user_0078,Mono-Black Midrange,Mono-Black Midrange,0.92
78,user_0078,Orzhov Midrange,Orzhov Midrange,1.94
78,user_0078,Temur Kona,Temur Kona,1.25
78,user_0078,Boros Leyline Aggro,Boros Leyline Aggro,1.93
79,user_0079,Temur Kona,Temur Kona,1.16
79,user_0079,Izzet Lessons,Izzet Lessons,4.24
79,user_0079,Selesnya Landfall,Selesnya Landfall,1.8
79,user_0079,Temur Lessons,Temur Lessons,1.16
79,user_0079,Boros Manufacturing,Boros Manufacturing,1.25
79,user_0079,Boros Dragons,Boros Dragons,1.17
79,user_0079,Sultai Control,Sultai Control,0.72
79,user_0079,Golgari Midrange,Golgari Midrange,2.2
79,user_0079,Mono-Black Midrange,Mono-Black Midrange,0.99
79,user_0079,Izzet Looting,Izzet Looting,2.19
79,user_0079,Boros Burn,Boros Burn,0.84
79,user_0079,Izzet,Izzet,0.82
79,user_0079,5c Reanimator,5c Reanimator,1.1
79,user_0079,Bant Airbending Combo,Bant Airbending Combo,1.5
79,user_0079,Rakdos Sacrifice,Rakdos Sacrifice,0.8
79,user_0079,Mono-Red Aggro,Mono-Red Aggro,3.26
79,user_0079,Gruul Random Encounter,Gruul Random Encounter,0.48
79,user_0079,Mono-White Tokens,Mono-White Tokens,0.92
79,user_0079,4c Control,4c Control,0.82
79,user_0079,Jeskai Artifacts,Jeskai Artifacts,0.79
79,user_0079,Abzan Midrange,Abzan Midrange,1.96
79,user_0079,Boros Leyline Aggro,Boros Leyline Aggro,1.03
79,user_0079,4c Omniscience,4c Omniscience,0.98
79,user_0079,Gruul Delirium,Gruul Delirium,1.57
79,user_0079,4c Reanimator,4c Reanimator,2.5
79,user_0079,Dimir Midrange,Dimir Midrange,3.59
79,user_0079,Golgari Insidious Roots,Golgari Insidious Roots,0.9
79,user_0079,Sultai Graveyard,Sultai Graveyard,1.26
79,user_0079,Simic Omniscience,Simic Omniscience,1.6
79,user_0079,Abzan Insidious Roots,Abzan Insidious Roots,1.47
79,user_0079,Mono-Green Landfall,Mono-Green Landfall,1.23
79,user_0079,Jeskai Self-Bounce,Jeskai Self-Bounce,0.63
79,user_0079,Orzhov Control,Orzhov Control,0.85
79,user_0079,Orzhov Midrange,Orzhov Midrange,1.41
79,user_0079,Gruul Aggro,Gruul Aggro,1.43
79,user_0079,Boros Aggro,Boros Aggro,1.49
79,user_0079,Izzet Prowess,Izzet Prowess,1.75
79,user_0079,Gruul Leyline Aggro,Gruul Leyline Aggro,1.14
79,user_0079,Simic Aggro,Simic Aggro,0.97
79,user_0079,Golgari Dragons,Golgari Dragons,0.55
79,user_0079,Grixis Leyline,Grixis Leyline,1.08
79,user_0079,Jund Aggro,Jund Aggro,0.6
79,user_0079,Jeskai Control,Jeskai Control,2.93
79,user_0079,Dimir Bounce,Dimir Bounce,0.81
79,user_0079,Izzet Aggro,Izzet Aggro,1.07
79,user_0079,4c Insidious Roots,4c Insidious Roots,1.27
79,user_0079,Orzhov Self-Bounce,Orzhov Self-Bounce,0.72
80,user_0080,Simic Landfall,Simic Landfall,0.98
80,user_0080,Dimir Midrange,Dimir Midrange,3.0
80,user_0080,Mono-Black Midrange,Mono-Black Midrange,1.01
80,user_0080,Gruul Aggro,Gruul Aggro,2.11
80,user_0080,Golgari Insidious Roots,Golgari Insidious Roots,1.71
80,user_0080,Temur Battlecrier Combo,Temur Battlecrier Combo,0.91
80,user_0080,Izzet Aggro,Izzet Aggro,1.58
80,user_0080,Esper Self-Bounce,Esper Self-Bounce,1.38
80,user_0080,Rakdos Aggro,Rakdos Aggro,1.26
80,user_0080,Orzhov Self-Bounce,Orzhov Self-Bounce,0.79
80,user_0080,Selesnya Landfall,Selesnya Landfall,0.53
80,user_0080,Boros Token Control,Boros Token Control,0.91
80,user_0080,Izzet Looting,Izzet Looting,2.44
80,user_0080,Sultai Control,Sultai Control,0.66
80,user_0080,Boros Dragons,Boros Dragons,0.87
80,user_0080,Jeskai Looting,Jeskai Looting,1.02
80,user_0080,Boros Leyline Aggro,Boros Leyline Aggro,1.58
80,user_0080,Dimir Control,Dimir Control,0.89
80,user_0080,Jeskai Artifacts,Jeskai Artifacts,1.19
80,user_0080,Abzan Midrange,Abzan Midrange,1.08
80,user_0080,Simic Omniscience,Simic Omniscience,1.4
80,user_0080,Gruul Delirium,Gruul Delirium,1.4
80,user_0080,4c Omniscience,4c Omniscience,1.11
80,user_0080,Gruul Random Encounter,Gruul Random Encounter,0.81
80,user_0080,4c Reanimator,4c Reanimator,2.16
80,user_0080,Izzet Lessons,Izzet Lessons,3.36
80,user_0080,4c Insidious Roots,4c Insidious Roots,0.86
80,user_0080,Golgari Midrange,Golgari Midrange,2.1
80,user_0080,Mono-Green Landfall,Mono-Green Landfall,2.06
80,user_0080,Lifegain,Lifegain,1.06
80,user_0080,Bant Airbending Combo,Bant Airbending Combo,1.42
80,user_0080,Izzet Midrange,Izzet Midrange,0.67
80,user_0080,Izzet Prowess,Izzet Prowess,2.01
80,user_0080,Simic Midrange,Simic Midrange,0.57
80,user_0080,Orzhov Midrange,Orzhov Midrange,1.17
80,user_0080,Boros Manufacturing,Boros Manufacturing,1.12
80,user_0080,Jeskai Control,Jeskai Control,2.93
80,user_0080,Dimir Bounce,Dimir Bounce,0.82
80,user_0080,Jeskai Self-Bounce,Jeskai Self-Bounce,1.07
80,user_0080,Sultai Reanimator,Sultai Reanimator,1.39
80,user_0080,Gruul Leyline Aggro,Gruul Leyline Aggro,1.89
80,user_0080,5c Reanimator,5c Reanimator,1.18
80,user_0080,Mardu Dragons,Mardu Dragons,1.0
80,user_0080,Mono-Red Leyline Aggro,Mono-Red Leyline Aggro,1.75
80,user_0080,Bant Omniscience,Bant Omniscience,1.09
80,user_0080,Temur Floodcaller Combo,Temur Floodcaller Combo,1.31
80,user_0080,Temur Kona,Temur Kona,1.31
80,user_0080,Azorius Control,Azorius Control,1.56
80,user_0080,Izzet Omniscience,Izzet Omniscience,0.96
80,user_0080,Izzet,Izzet,1.26
81,user_0081,Simic Omniscience,Simic Omniscience,0.97
81,user_0081,Mono-Red Aggro,Mono-Red Aggro,3.61
81,user_0081,Mono-White Tokens,Mono-White Tokens,0.98
81,user_0081,Temur Kona,Temur Kona,1.68
81,user_0081,Boros Aggro,Boros Aggro,2.13
81,user_0081,Bant Omniscience,Bant Omniscience,1.68
81,user_0081,Gruul Leyline Aggro,Gruul Leyline Aggro,1.64
81,user_0081,Boros Manufacturing,Boros Manufacturing,0.83
81,user_0081,Mono-Black Midrange,Mono-Black Midrange,1.36
81,user_0081,Golgari Midrange (2),Golgari Midrange,1.54
81,user_0081,Boros Mice,Boros Mice,1.21
81,user_0081,Izzet,Izzet,0.95
81,user_0081,4c Control,4c Control,0.72
81,user_0081,Jeskai Control,Jeskai Control,2.83
81,user_0081,Jeskai Looting,Jeskai Looting,1.41
81,user_0081,Grixis Leyline,Grixis Leyline,0.81
81,user_0081,Boros Dragons,Boros Dragons,1.18
81,user_0081,4c Reanimator,4c Reanimator,2.15
81,user_0081,Mono-Red Leyline Aggro,Mono-Red Leyline Aggro,1.23
81,user_0081,Simic Midrange,Simic Midrange,0.84
81,user_0081,Mardu Dragons,Mardu Dragons,0.84
81,user_0081,Boros Burn,Boros Burn,1.01
82,user_0082,Sultai Reanimator,Sultai Reanimator,1.56
82,user_0082,Golgari Insidious Roots,Golgari Insidious Roots,1.16
82,user_0082,Temur Floodcaller Combo,Temur Floodcaller Combo,1.69
82,user_0082,Mono-Green Landfall,Mono-Green Landfall,1.24
82,user_0082,Esper Self-Bounce,Esper Self-Bounce,0.62
82,user_0082,4c Insidious Roots,4c Insidious Roots,1.19
82,user_0082,Mardu Dragons,Mardu Dragons,1.38
82,user_0082,Boros Token Control,Boros Token Control,1.49
82,user_0082,Jeskai Self-Bounce,Jeskai Self-Bounce,1.2
82,user_0082,Jeskai Artifacts,Jeskai Artifacts,0.95
82,user_0082,4c Kona,4c Kona,1.28
82,user_0082,Izzet,Izzet,1.49
82,user_0082,Naya Yuna,Naya Yuna,1.13
82,user_0082,Mono-Red Aggro,Mono-Red Aggro,3.42
82,user_0082,Temur Lessons,Temur Lessons,0.8
82,user_0082,Gruul Aggro,Gruul Aggro,1.58
82,user_0082,Boros Burn,Boros Burn,0.33
82,user_0082,Boros Mice,Boros Mice,0.77
82,user_0082,Selesnya Landfall,Selesnya Landfall,1.46
82,user_0082,Boros Dragons,Boros Dragons,0.96
82,user_0082,Jund Aggro,Jund Aggro,1.29
83,user_0083,Abzan Insidious Roots,Abzan Insidious Roots,1.07
83,user_0083,Boros Leyline Aggro,Boros Leyline Aggro,0.96
83,user_0083,Jeskai Artifacts,Jeskai Artifacts,1.88
83,user_0083,Izzet Midrange,Izzet Midrange,0.67
83,user_0083,Mardu Dragons,Mardu Dragons,0.73
83,user_0083,Simic Omniscience,Simic Omniscience,0.99
83,user_0083,Temur Battlecrier Combo,Temur Battlecrier Combo,1.63
83,user_0083,Golgari Insidious Roots,Golgari Insidious Roots,1.34
83,user_0083,Orzhov Control,Orzhov Control,1.04
83,user_0083,Dimir Midrange,Dimir Midrange,3.77
83,user_0083,Boros Manufacturing,Boros Manufacturing,1.04
83,user_0083,Mono-White Tokens,Mono-White Tokens,0.91
83,user_0083,Boros Token Control,Boros Token Control,0.93
83,user_0083,Grixis Leyline,Grixis Leyline,0.44
83,user_0083,Mono-Red Aggro,Mono-Red Aggro,3.76
83,user_0083,4c Insidious Roots,4c Insidious Roots,1.32
83,user_0083,Izzet Looting,Izzet Looting,2.66
83,user_0083,5c Reanimator,5c Reanimator,0.9
83,user_0083,4c Omniscience,4c Omniscience,0.92
83,user_0083,Golgari Dragons,Golgari Dragons,1.31
83,user_0083,Temur Lessons,Temur Lessons,1.41
83,user_0083,Orzhov Self-Bounce,Orzhov Self-Bounce,1.19
83,user_0083,Naya Yuna,Naya Yuna,1.06
83,user_0083,Bant Airbending Combo,Bant Airbending Combo,2.15
83,user_0083,Esper Self-Bounce,Esper Self-Bounce,1.46
83,user_0083,Simic Midrange,Simic Midrange,1.36
83,user_0083,Mono-Green Landfall,Mono-Green Landfall,1.8
83,user_0083,Temur Kona,Temur Kona,1.69
84,user_0084,Simic Midrange,Simic Midrange,1.11
84,user_0084,Izzet Looting,Izzet Looting,2.99
84,user_0084,Orzhov Self-Bounce,Orzhov Self-Bounce,0.86
84,user_0084,Temur Lessons,Temur Lessons,1.69
84,user_0084,Mono-Red Leyline Aggro,Mono-Red Leyline Aggro,1.16
84,user_0084,Izzet Omniscience,Izzet Omniscience,0.79
84,user_0084,Golgari Midrange,Golgari Midrange,1.25
84,user_0084,Simic Omniscience,Simic Omniscience,0.74
84,user_0084,Gruul Leyline Aggro,Gruul Leyline Aggro,2.0
84,user_0084,Temur Battlecrier Combo,Temur Battlecrier Combo,1.07
84,user_0084,Dimir Bounce,Dimir Bounce,1.06
84,user_0084,Golgari Midrange (2),Golgari Midrange,0.89
84,user_0084,Jeskai Self-Bounce,Jeskai Self-Bounce,1.2
84,user_0084,Simic Landfall,Simic Landfall,0.39
84,user_0084,Bant Omniscience,Bant Omniscience,1.79
84,user_0084,Orzhov Control,Orzhov Control,1.02
84,user_0084,Temur Kona,Temur Kona,0.89
84,user_0084,Orzhov Midrange,Orzhov Midrange,1.16
84,user_0084,Golgari Insidious Roots,Golgari Insidious Roots,1.43
84,user_0084,Bant Airbending Combo,Bant Airbending Combo,1.96
84,user_0084,4c Insidious Roots (2),4c Insidious Roots,1.5
84,user_0084,4c Insidious Roots,4c Insidious Roots,0.49
84,user_0084,Abzan Insidious Roots,Abzan Insidious Roots,0.87
84,user_0084,Lifegain,Lifegain,1.04
84,user_0084,Boros Token Control,Boros Token Control,0.87
84,user_0084,5c Reanimator,5c Reanimator,1.39
84,user_0084,4c Artifacts,4c Artifacts,1.28
84,user_0084,4c Omniscience,4c Omniscience,1.64
84,user_0084,Mardu Dragons,Mardu Dragons,0.87
84,user_0084,Jund Aggro,Jund Aggro,1.62
84,user_0084,Esper Self-Bounce,Esper Self-Bounce,1.43
84,user_0084,Azorius Control,Azorius Control,1.08
84,user_0084,Simic Aggro,Simic Aggro,1.72
84,user_0084,Gruul Aggro,Gruul Aggro,1.42
84,user_0084,Abzan Midrange,Abzan Midrange,0.99
84,user_0084,Sultai Control,Sultai Control,0.9
84,user_0084,Temur Floodcaller Combo,Temur Floodcaller Combo,1.0
84,user_0084,Jeskai Looting,Jeskai Looting,1.26
84,user_0084,Jeskai Control,Jeskai Control,3.15
85,user_0085,Izzet Midrange,Izzet Midrange,1.78
85,user_0085,Gruul Random Encounter,Gruul Random Encounter,1.1
85,user_0085,Selesnya Landfall,Selesnya Landfall,2.01
85,user_0085,Grixis Leyline,Grixis Leyline,1.09
85,user_0085,Sultai Control,Sultai Control,1.29
85,user_0085,Temur Battlecrier Combo,Temur Battlecrier Combo,1.07
85,user_0085,Mono-Green Landfall,Mono-Green Landfall,1.71
85,user_0085,Temur Kona,Temur Kona,1.52
85,user_0085,Jund Aggro,Jund Aggro,1.43
85,user_0085,Sultai Reanimator,Sultai Reanimator,1.03
85,user_0085,Simic Midrange,Simic Midrange,1.6
85,user_0085,4c Control,4c Control,0.72
85,user_0085,Grixis Artifacts,Grixis Artifacts,0.96
85,user_0085,Bant Omniscience,Bant Omniscience,0.81
85,user_0085,Orzhov Self-Bounce,Orzhov Self-Bounce,0.8
85,user_0085,Mono-Red Aggro,Mono-Red Aggro,3.93
85,user_0085,Golgari Midrange (2),Golgari Midrange,1.47
85,user_0085,Dimir Control,Dimir Control,0.87
85,user_0085,Sultai Graveyard,Sultai Graveyard,0.39
85,user_0085,4c Reanimator,4c Reanimator,2.28
85,user_0085,Izzet Looting,Izzet Looting,2.43
85,user_0085,Jeskai Control,Jeskai Control,3.2
85,user_0085,Mardu Dragons,Mardu Dragons,1.55
85,user_0085,Mono-White Tokens,Mono-White Tokens,1.28
85,user_0085,Izzet,Izzet,1.27
85,user_0085,Rakdos Sacrifice,Rakdos Sacrifice,1.28
85,user_0085,Boros Mice,Boros Mice,1.26
85,user_0085,Golgari Dragons,Golgari Dragons,1.94
85,user_0085,Abzan Insidious Roots,Abzan Insidious Roots,1.06
85,user_0085,Jeskai Looting,Jeskai Looting,0.76
85,user_0085,4c Kona,4c Kona,0.68
85,user_0085,Temur Floodcaller Combo,Temur Floodcaller Combo,1.04
85,user_0085,Naya Yuna,Naya Yuna,1.06
85,user_0085,5c Reanimator,5c Reanimator,1.14
86,user_0086,4c Insidious Roots (2),4c Insidious Roots,1.79
86,user_0086,Simic Midrange,Simic Midrange,1.09
86,user_0086,Orzhov Control,Orzhov Control,0.92
86,user_0086,Sultai Control,Sultai Control,1.39
86,user_0086,Boros Manufacturing,Boros Manufacturing,1.04
86,user_0086,Boros Leyline Aggro,Boros Leyline Aggro,0.95
86,user_0086,Simic Landfall,Simic Landfall,1.57
86,user_0086,4c Control,4c Control,0.98
86,user_0086,Jeskai Self-Bounce,Jeskai Self-Bounce,0.93
86,user_0086,Boros Mice,Boros Mice,1.45
86,user_0086,Temur Kona,Temur Kona,1.69
86,user_0086,Dimir Midrange,Dimir Midrange,3.05
86,user_0086,Jeskai Control,Jeskai Control,3.77
86,user_0086,Jeskai Artifacts,Jeskai Artifacts,1.65
86,user_0086,Abzan Midrange,Abzan Midrange,0.94
86,user_0086,Golgari Midrange,Golgari Midrange,1.96
86,user_0086,Izzet Lessons,Izzet Lessons,4.39
86,user_0086,Gruul Leyline Aggro,Gruul Leyline Aggro,0.56
86,user_0086,Mardu Dragons,Mardu Dragons,1.83
86,user_0086,Simic Omniscience,Simic Omniscience,1.04
86,user_0086,Izzet Prowess,Izzet Prowess,2.53
86,user_0086,Mono-White Tokens,Mono-White Tokens,1.87
86,user_0086,4c Kona,4c Kona,1.44
86,user_0086,4c Reanimator,4c Reanimator,2.75
86,user_0086,Grixis Leyline,Grixis Leyline,1.31
86,user_0086,Mono-Red Leyline Aggro,Mono-Red Leyline Aggro,1.23
86,user_0086,Golgari Insidious Roots,Golgari Insidious Roots,2.12
86,user_0086,Golgari Midrange (2),Golgari Midrange,1.43
86,user_0086,Naya Yuna,Naya Yuna,1.58
86,user_0086,Selesnya Landfall,Selesnya Landfall,2.47
86,user_0086,Sultai Graveyard,Sultai Graveyard,0.9
86,user_0086,Boros Token Control,Boros Token Control,1.55
86,user_0086,Gruul Aggro,Gruul Aggro,1.07
86,user_0086,Orzhov Self-Bounce,Orzhov Self-Bounce,2.07
86,user_0086,Temur Floodcaller Combo,Temur Floodcaller Combo,1.41
86,user_0086,4c Insidious Roots,4c Insidious Roots,1.77
86,user_0086,Bant Omniscience,Bant Omniscience,2.02
86,user_0086,Azorius Control,Azorius Control,0.75
86,user_0086,Izzet,Izzet,1.67
86,user_0086,4c Artifacts,4c Artifacts,1.81
86,user_0086,Dimir Control,Dimir Control,1.12
87,user_0087,Mardu Dragons,Mardu Dragons,1.41
87,user_0087,Simic Midrange,Simic Midrange,1.48
87,user_0087,4c Control,4c Control,1.23
87,user_0087,4c Insidious Roots,4c Insidious Roots,0.73
87,user_0087,Jeskai Self-Bounce,Jeskai Self-Bounce,0.72
87,user_0087,Boros Aggro,Boros Aggro,2.4
87,user_0087,Dimir Midrange,Dimir Midrange,3.26
87,user_0087,Izzet,Izzet,1.08
87,user_0087,Simic Aggro,Simic Aggro,1.54
87,user_0087,Mono-Green Landfall,Mono-Green Landfall,1.24
87,user_0087,Simic Omniscience,Simic Omniscience,1.11
87,user_0087,Sultai Graveyard,Sultai Graveyard,1.26
87,user_0087,Golgari Midrange (2),Golgari Midrange,0.41
87,user_0087,Lifegain,Lifegain,1.46
87,user_0087,Izzet Looting,Izzet Looting,2.64
87,user_0087,Golgari Midrange,Golgari Midrange,1.9
87,user_0087,4c Insidious Roots (2),4c Insidious Roots,1.69
87,user_0087,Temur Kona,Temur Kona,0.7
87,user_0087,Boros Token Control,Boros Token Control,0.88
87,user_0087,Sultai Reanimator,Sultai Reanimator,1.18
87,user_0087,Gruul Delirium,Gruul Delirium,1.5
87,user_0087,Temur Lessons,Temur Lessons,1.62
87,user_0087,Selesnya Landfall,Selesnya Landfall,1.33
87,user_0087,Jeskai Looting,Jeskai Looting,0.93
87,user_0087,4c Artifacts,4c Artifacts,0.99
87,user_0087,Boros Burn,Boros Burn,1.04
87,user_0087,Azorius Control,Azorius Control,1.3
87,user_0087,Orzhov Control,Orzhov Control,1.06
87,user_0087,Bant Omniscience,Bant Omniscience,0.68
87,user_0087,Izzet Prowess,Izzet Prowess,2.02
87,user_0087,Dimir Bounce,Dimir Bounce,1.09
87,user_0087,Rakdos Aggro,Rakdos Aggro,1.81
87,user_0087,Temur Floodcaller Combo,Temur Floodcaller Combo,0.66
87,user_0087,Sultai Control,Sultai Control,1.05
87,user_0087,Jeskai Artifacts,Jeskai Artifacts,1.23
87,user_0087,Golgari Dragons,Golgari Dragons,1.27
87,user_0087,Rakdos Sacrifice,Rakdos Sacrifice,1.27
87,user_0087,Boros Mice,Boros Mice,1.24
87,user_0087,Boros Dragons,Boros Dragons,0.76
87,user_0087,Izzet Midrange,Izzet Midrange,0.82
87,user_0087,4c Kona,4c Kona,1.13
87,user_0087,Izzet Aggro,Izzet Aggro,1.89
87,user_0087,Bant Airbending Combo,Bant Airbending Combo,1.06
87,user_0087,Mono-Red Leyline Aggro,Mono-Red Leyline Aggro,1.53
87,user_0087,Orzhov Midrange,Orzhov Midrange,0.94
87,user_0087,Temur Battlecrier Combo,Temur Battlecrier Combo,1.36
88,user_0088,Golgari Dragons,Golgari Dragons,1.02
88,user_0088,4c Insidious Roots,4c Insidious Roots,0.82
88,user_0088,Esper Self-Bounce,Esper Self-Bounce,1.36
88,user_0088,Mono-White Tokens,Mono-White Tokens,1.56
88,user_0088,Jeskai Looting,Jeskai Looting,0.78
88,user_0088,Boros Dragons,Boros Dragons,1.41
88,user_0088,Boros Mice,Boros Mice,0.67
88,user_0088,Gruul Leyline Aggro,Gruul Leyline Aggro,1.26
88,user_0088,4c Insidious Roots (2),4c Insidious Roots,1.18
88,user_0088,Mono-Black Midrange,Mono-Black Midrange,0.85
88,user_0088,Azorius Control,Azorius Control,1.48
88,user_0088,Simic Aggro,Simic Aggro,1.89
88,user_0088,Orzhov Self-Bounce,Orzhov Self-Bounce,1.5
88,user_0088,Simic Omniscience,Simic Omniscience,0.64
88,user_0088,Jeskai Control,Jeskai Control,3.95
88,user_0088,4c Artifacts,4c Artifacts,1.15
88,user_0088,Izzet Omniscience,Izzet Omniscience,1.19
88,user_0088,Bant Omniscience,Bant Omniscience,1.07
88,user_0088,Dimir Bounce,Dimir Bounce,0.84
88,user_0088,Simic Landfall,Simic Landfall,1.0
88,user_0088,4c Omniscience,4c Omniscience,0.64
88,user_0088,Boros Manufacturing,Boros Manufacturing,0.94
88,user_0088,Izzet Looting,Izzet Looting,2.19
88,user_0088,Sultai Graveyard,Sultai Graveyard,1.2
88,user_0088,Gruul Random Encounter,Gruul Random Encounter,0.77
88,user_0088,Jund Aggro,Jund Aggro,1.28
88,user_0088,4c Control,4c Control,1.73
88,user_0088,Dimir Midrange,Dimir Midrange,3.26
88,user_0088,Jeskai Self-Bounce,Jeskai Self-Bounce,0.93
88,user_0088,Temur Kona,Temur Kona,1.21
88,user_0088,Rakdos Sacrifice,Rakdos Sacrifice,0.28
88,user_0088,Gruul Delirium,Gruul Delirium,1.02
88,user_0088,Grixis Artifacts,Grixis Artifacts,0.85
88,user_0088,Izzet Midrange,Izzet Midrange,1.18
88,user_0088,Grixis Leyline,Grixis Leyline,0.62
88,user_0088,Lifegain,Lifegain,0.76
88,user_0088,Naya Yuna,Naya Yuna,1.42
88,user_0088,Boros Aggro,Boros Aggro,0.82
88,user_0088,Boros Leyline Aggro,Boros Leyline Aggro,0.78
88,user_0088,Mono-Red Leyline Aggro,Mono-Red Leyline Aggro,1.57
89,user_0089,Rakdos Aggro,Rakdos Aggro,1.76
89,user_0089,Gruul Aggro,Gruul Aggro,1.83
89,user_0089,Boros Leyline Aggro,Boros Leyline Aggro,1.93
89,user_0089,4c Artifacts,4c Artifacts,0.58
89,user_0089,Izzet Aggro,Izzet Aggro,1.39
89,user_0089,Boros Burn,Boros Burn,1.36
89,user_0089,Izzet Midrange,Izzet Midrange,0.75
89,user_0089,Gruul Random Encounter,Gruul Random Encounter,1.16
89,user_0089,Orzhov Self-Bounce,Orzhov Self-Bounce,1.17
89,user_0089,4c Reanimator,4c Reanimator,2.18
89,user_0089,Rakdos Sacrifice,Rakdos Sacrifice,1.25
89,user_0089,Sultai Graveyard,Sultai Graveyard,0.92
89,user_0089,Jeskai Artifacts,Jeskai Artifacts,0.96
89,user_0089,Golgari Dragons,Golgari Dragons,1.59
89,user_0089,Naya Yuna,Naya Yuna,0.83
89,user_0089,Izzet Looting,Izzet Looting,2.28
89,user_0089,Boros Aggro,Boros Aggro,1.58
89,user_0089,4c Control,4c Control,0.54
89,user_0089,Abzan Midrange,Abzan Midrange,0.84
89,user_0089,Dimir Midrange,Dimir Midrange,3.61
89,user_0089,Simic Omniscience,Simic Omniscience,0.71
89,user_0089,Mono-Red Leyline Aggro,Mono-Red Leyline Aggro,1.3
89,user_0089,Esper Self-Bounce,Esper Self-Bounce,1.08
89,user_0089,Sultai Reanimator,Sultai Reanimator,1.24
89,user_0089,Mono-White Tokens,Mono-White Tokens,0.91
89,user_0089,Boros Token Control,Boros Token Control,0.87
89,user_0089,4c Kona,4c Kona,1.33
90,user_0090,Simic Midrange,Simic Midrange,0.85
90,user_0090,Temur Lessons,Temur Lessons,1.5
90,user_0090,Golgari Midrange (2),Golgari Midrange,0.62
90,user_0090,Boros Dragons,Boros Dragons,0.97
90,user_0090,Boros Manufacturing,Boros Manufacturing,1.26
90,user_0090,Dimir Bounce,Dimir Bounce,0.92
90,user_0090,Temur Kona,Temur Kona,1.34
90,user_0090,Temur Floodcaller Combo,Temur Floodcaller Combo,1.81
90,user_0090,Orzhov Midrange,Orzhov Midrange,1.67
90,user_0090,Sultai Control,Sultai Control,1.14
90,user_0090,Grixis Artifacts,Grixis Artifacts,1.38
90,user_0090,Esper Self-Bounce,Esper Self-Bounce,1.27
90,user_0090,Gruul Random Encounter,Gruul Random Encounter,1.07
90,user_0090,4c Insidious Roots (2),4c Insidious Roots,0.69
90,user_0090,Bant Airbending Combo,Bant Airbending Combo,1.64
90,user_0090,Izzet Aggro,Izzet Aggro,1.05
90,user_0090,Orzhov Control,Orzhov Control,1.32
90,user_0090,Bant Omniscience,Bant Omniscience,0.83
90,user_0090,Selesnya Landfall,Selesnya Landfall,1.36
90,user_0090,Izzet Omniscience,Izzet Omniscience,1.28
90,user_0090,Mardu Dragons,Mardu Dragons,1.1
90,user_0090,Boros Token Control,Boros Token Control,1.14
90,user_0090,5c Reanimator,5c Reanimator,1.12
90,user_0090,Gruul Aggro,Gruul Aggro,0.73
90,user_0090,Mono-Red Leyline Aggro,Mono-Red Leyline Aggro,1.13
90,user_0090,Izzet Midrange,Izzet Midrange,1.15
90,user_0090,Mono-Red Aggro,Mono-Red Aggro,2.77
90,user_0090,Golgari Insidious Roots,Golgari Insidious Roots,1.51
90,user_0090,Rakdos Sacrifice,Rakdos Sacrifice,1.13
90,user_0090,Grixis Leyline,Grixis Leyline,0.36
90,user_0090,4c Reanimator,4c Reanimator,2.87
90,user_0090,Orzhov Self-Bounce,Orzhov Self-Bounce,1.22
90,user_0090,Naya Yuna,Naya Yuna,1.17
90,user_0090,Izzet Looting,Izzet Looting,2.27
90,user_0090,Sultai Graveyard,Sultai Graveyard,1.37
90,user_0090,Sultai Reanimator,Sultai Reanimator,0.97
90,user_0090,Simic Aggro,Simic Aggro,0.86
90,user_0090,Golgari Dragons,Golgari Dragons,1.15
90,user_0090,Mono-Green Landfall,Mono-Green Landfall,1.5
90,user_0090,Mono-Black Midrange,Mono-Black Midrange,1.09
90,user_0090,Simic Landfall,Simic Landfall,1.14
90,user_0090,Abzan Insidious Roots,Abzan Insidious Roots,1.8
90,user_0090,Izzet Prowess,Izzet Prowess,1.73
90,user_0090,Boros Aggro,Boros Aggro,0.96
90,user_0090,Jeskai Control,Jeskai Control,3.83
90,user_0090,Boros Leyline Aggro,Boros Leyline Aggro,1.19
90,user_0090,Boros Burn,Boros Burn,1.07
90,user_0090,Temur Battlecrier Combo,Temur Battlecrier Combo,1.78
90,user_0090,4c Omniscience,4c Omniscience,1.05
90,user_0090,Rakdos Aggro,Rakdos Aggro,1.16
90,user_0090,Azorius Control,Azorius Control,1.29
90,user_0090,Jeskai Artifacts,Jeskai Artifacts,2.03
90,user_0090,Golgari Midrange,Golgari Midrange,1.19
91,user_0091,Simic Midrange,Simic Midrange,1.25
91,user_0091,Esper Self-Bounce,Esper Self-Bounce,0.89
91,user_0091,Jeskai Control,Jeskai Control,3.06
91,user_0091,4c Kona,4c Kona,0.63
91,user_0091,Sultai Graveyard,Sultai Graveyard,0.85
91,user_0091,4c Artifacts,4c Artifacts,0.8
91,user_0091,Gruul Aggro,Gruul Aggro,1.25
91,user_0091,Golgari Dragons,Golgari Dragons,1.38
91,user_0091,4c Insidious Roots,4c Insidious Roots,1.2
91,user_0091,Boros Burn,Boros Burn,0.86
91,user_0091,Selesnya Landfall,Selesnya Landfall,1.7
91,user_0091,4c Insidious Roots (2),4c Insidious Roots,1.15
91,user_0091,Mono-Black Midrange,Mono-Black Midrange,0.71
91,user_0091,Golgari Insidious Roots,Golgari Insidious Roots,0.85
91,user_0091,Azorius Control,Azorius Control,0.8
91,user_0091,Boros Mice,Boros Mice,0.98
91,user_0091,Dimir Bounce,Dimir Bounce,1.16
91,user_0091,Bant Omniscience,Bant Omniscience,0.72
91,user_0091,4c Reanimator,4c Reanimator,2.53
91,user_0091,Temur Kona,Temur Kona,1.28
91,user_0091,Lifegain,Lifegain,1.14
91,user_0091,Gruul Leyline Aggro,Gruul Leyline Aggro,1.46
91,user_0091,Jeskai Self-Bounce,Jeskai Self-Bounce,0.9
91,user_0091,Gruul Random Encounter,Gruul Random Encounter,0.91
91,user_0091,Boros Leyline Aggro,Boros Leyline Aggro,0.74
91,user_0091,Boros Manufacturing,Boros Manufacturing,1.23
91,user_0091,Mono-Red Leyline Aggro,Mono-Red Leyline Aggro,0.75
91,user_0091,4c Omniscience,4c Omniscience,0.75
91,user_0091,Abzan Midrange,Abzan Midrange,1.33
91,user_0091,Bant Airbending Combo,Bant Airbending Combo,1.5
91,user_0091,Sultai Reanimator,Sultai Reanimator,1.39
91,user_0091,Boros Aggro,Boros Aggro,1.13
91,user_0091,Mono-Green Landfall,Mono-Green Landfall,1.92
91,user_0091,Simic Omniscience,Simic Omniscience,1.0
91,user_0091,Mono-White Tokens,Mono-White Tokens,1.59
91,user_0091,Abzan Insidious Roots,Abzan Insidious Roots,1.23
91,user_0091,Temur Lessons,Temur Lessons,1.47
91,user_0091,Temur Floodcaller Combo,Temur Floodcaller Combo,1.7
91,user_0091,5c Reanimator,5c Reanimator,1.24
91,user_0091,Jund Aggro,Jund Aggro,0.41
91,user_0091,Gruul Delirium,Gruul Delirium,1.15
91,user_0091,Naya Yuna,Naya Yuna,1.39
91,user_0091,Simic Aggro,Simic Aggro,0.97
91,user_0091,Izzet,Izzet,0.73
91,user_0091,Sultai Control,Sultai Control,1.36
91,user_0091,Mardu Dragons,Mardu Dragons,1.52
91,user_0091,Izzet Prowess,Izzet Prowess,2.22
91,user_0091,Izzet Midrange,Izzet Midrange,0.87
91,user_0091,Golgari Midrange (2),Golgari Midrange,0.84
91,user_0091,Simic Landfall,Simic Landfall,1.55
91,user_0091,Izzet Lessons,Izzet Lessons,4.2
91,user_0091,Izzet Looting,Izzet Looting,2.57
91,user_0091,Grixis Leyline,Grixis Leyline,0.91
91,user_0091,Orzhov Control,Orzhov Control,0.73
91,user_0091,4c Control,4c Control,1.06
92,user_0092,Gruul Leyline Aggro,Gruul Leyline Aggro,2.06
92,user_0092,Dimir Control,Dimir Control,1.11
92,user_0092,Boros Leyline Aggro,Boros Leyline Aggro,1.12
92,user_0092,Sultai Graveyard,Sultai Graveyard,1.03
92,user_0092,Orzhov Self-Bounce,Orzhov Self-Bounce,1.61
92,user_0092,Abzan Insidious Roots,Abzan Insidious Roots,1.08
92,user_0092,Golgari Midrange (2),Golgari Midrange,1.09
92,user_0092,Golgari Dragons,Golgari Dragons,1.41
92,user_0092,Golgari Insidious Roots,Golgari Insidious Roots,1.75
92,user_0092,Lifegain,Lifegain,0.82
92,user_0092,Dimir Midrange,Dimir Midrange,3.39
92,user_0092,5c Reanimator,5c Reanimator,1.06
92,user_0092,Temur Battlecrier Combo,Temur Battlecrier Combo,1.13
92,user_0092,Abzan Midrange,Abzan Midrange,1.13
92,user_0092,Izzet Lessons,Izzet Lessons,4.18
92,user_0092,Sultai Control,Sultai Control,1.1
92,user_0092,Izzet,Izzet,0.9
92,user_0092,4c Reanimator,4c Reanimator,2.64
92,user_0092,Jund Aggro,Jund Aggro,1.09
92,user_0092,Mono-Red Leyline Aggro,Mono-Red Leyline Aggro,1.66
92,user_0092,Simic Landfall,Simic Landfall,1.37
92,user_0092,Golgari Midrange,Golgari Midrange,1.76
92,user_0092,Temur Floodcaller Combo,Temur Floodcaller Combo,1.19
92,user_0092,Gruul Delirium,Gruul Delirium,0.97
93,user_0093,4c Kona,4c Kona,1.32
93,user_0093,5c Reanimator,5c Reanimator,0.68
93,user_0093,Gruul Random Encounter,Gruul Random Encounter,1.21
93,user_0093,Izzet Omniscience,Izzet Omniscience,0.98
93,user_0093,Boros Burn,Boros Burn,1.34
93,user_0093,Jeskai Artifacts,Jeskai Artifacts,1.46
93,user_0093,Mono-Red Leyline Aggro,Mono-Red Leyline Aggro,1.21
93,user_0093,Izzet Lessons,Izzet Lessons,3.98
93,user_0093,4c Insidious Roots,4c Insidious Roots,1.05
93,user_0093,Mono-Red Aggro,Mono-Red Aggro,3.66
93,user_0093,Golgari Midrange (2),Golgari Midrange,0.76
93,user_0093,Lifegain,Lifegain,0.94
93,user_0093,Naya Yuna,Naya Yuna,1.41
93,user_0093,Mardu Dragons,Mardu Dragons,1.34
93,user_0093,Izzet Midrange,Izzet Midrange,1.23
93,user_0093,Mono-Black Midrange,Mono-Black Midrange,1.0
93,user_0093,Azorius Control,Azorius Control,1.84
93,user_0093,Gruul Leyline Aggro,Gruul Leyline Aggro,1.48
93,user_0093,Temur Battlecrier Combo,Temur Battlecrier Combo,2.31
93,user_0093,Izzet Aggro,Izzet Aggro,0.99
93,user_0093,Rakdos Aggro,Rakdos Aggro,1.33
93,user_0093,Orzhov Midrange,Orzhov Midrange,0.81
94,user_0094,Grixis Leyline,Grixis Leyline,1.2
94,user_0094,Jeskai Looting,Jeskai Looting,1.63
94,user_0094,Golgari Dragons,Golgari Dragons,1.41
94,user_0094,Boros Token Control,Boros Token Control,0.81
94,user_0094,Jeskai Control,Jeskai Control,3.29
94,user_0094,Temur Lessons,Temur Lessons,1.28
94,user_0094,Abzan Midrange,Abzan Midrange,0.53
94,user_0094,Simic Omniscience,Simic Omniscience,0.88
94,user_0094,Mono-Red Aggro,Mono-Red Aggro,3.25
94,user_0094,Boros Aggro,Boros Aggro,1.03
94,user_0094,4c Insidious Roots,4c Insidious Roots,0.94
94,user_0094,Boros Dragons,Boros Dragons,1.28
94,user_0094,Jeskai Self-Bounce,Jeskai Self-Bounce,0.76
94,user_0094,4c Kona,4c Kona,1.13
94,user_0094,Gruul Leyline Aggro,Gruul Leyline Aggro,0.9
94,user_0094,Esper Self-Bounce,Esper Self-Bounce,1.4
94,user_0094,Abzan Insidious Roots,Abzan Insidious Roots,0.59
94,user_0094,Golgari Insidious Roots,Golgari Insidious Roots,1.5
94,user_0094,Izzet Omniscience,Izzet Omniscience,0.8
94,user_0094,Simic Midrange,Simic Midrange,1.08
94,user_0094,Boros Mice,Boros Mice,0.96
94,user_0094,Jeskai Artifacts,Jeskai Artifacts,1.05
94,user_0094,Izzet,Izzet,0.55
94,user_0094,Golgari Midrange,Golgari Midrange,1.31
95,user_0095,Mono-Green Landfall,Mono-Green Landfall,2.03
95,user_0095,Dimir Control,Dimir Control,0.9
95,user_0095,Sultai Control,Sultai Control,1.4
95,user_0095,4c Control,4c Control,1.0
95,user_0095,Golgari Insidious Roots,Golgari Insidious Roots,1.59
95,user_0095,Izzet,Izzet,2.07
95,user_0095,Boros Burn,Boros Burn,1.61
95,user_0095,Gruul Aggro,Gruul Aggro,1.29
95,user_0095,Gruul Delirium,Gruul Delirium,1.4
95,user_0095,Orzhov Control,Orzhov Control,0.75
95,user_0095,Lifegain,Lifegain,1.18
95,user_0095,Boros Manufacturing,Boros Manufacturing,1.66
95,user_0095,4c Insidious Roots,4c Insidious Roots,1.67
95,user_0095,Mono-Red Aggro,Mono-Red Aggro,3.37
95,user_0095,Mardu Dragons,Mardu Dragons,1.25
95,user_0095,4c Kona,4c Kona,1.51
95,user_0095,Izzet Looting,Izzet Looting,3.54
95,user_0095,Gruul Leyline Aggro,Gruul Leyline Aggro,0.76
95,user_0095,Izzet Omniscience,Izzet Omniscience,2.1
95,user_0095,Dimir Bounce,Dimir Bounce,1.8
95,user_0095,Boros Mice,Boros Mice,1.57
95,user_0095,4c Reanimator,4c Reanimator,3.75
95,user_0095,Mono-White Tokens,Mono-White Tokens,2.03
95,user_0095,4c Artifacts,4c Artifacts,1.57
95,user_0095,Grixis Artifacts,Grixis Artifacts,1.78
95,user_0095,Boros Dragons,Boros Dragons,2.21
96,user_0096,Dimir Control,Dimir Control,1.04
96,user_0096,Mono-White Tokens,Mono-White Tokens,1.22
96,user_0096,Simic Midrange,Simic Midrange,1.34
96,user_0096,Mardu Dragons,Mardu Dragons,1.25
96,user_0096,Temur Lessons,Temur Lessons,1.8
96,user_0096,Boros Token Control,Boros Token Control,1.0
96,user_0096,Dimir Midrange,Dimir Midrange,3.79
96,user_0096,Gruul Delirium,Gruul Delirium,0.88
96,user_0096,4c Insidious Roots,4c Insidious Roots,0.67
96,user_0096,Golgari Dragons,Golgari Dragons,1.22
96,user_0096,Sultai Graveyard,Sultai Graveyard,0.3
96,user_0096,4c Artifacts,4c Artifacts,1.3
96,user_0096,Boros Aggro,Boros Aggro,1.36
96,user_0096,Jeskai Looting,Jeskai Looting,0.61
96,user_0096,Jeskai Control,Jeskai Control,2.88
96,user_0096,5c Reanimator,5c Reanimator,1.23
96,user_0096,Orzhov Control,Orzhov Control,0.73
96,user_0096,Mono-Red Leyline Aggro,Mono-Red Leyline Aggro,0.84
96,user_0096,Boros Burn,Boros Burn,0.83
96,user_0096,Izzet,Izzet,0.85
96,user_0096,Temur Floodcaller Combo,Temur Floodcaller Combo,0.98
96,user_0096,Jeskai Artifacts,Jeskai Artifacts,1.14
96,user_0096,Simic Landfall,Simic Landfall,1.16
97,user_0097,Mono-Black Midrange,Mono-Black Midrange,1.07
97,user_0097,Izzet,Izzet,1.07
97,user_0097,Dimir Bounce,Dimir Bounce,1.54
97,user_0097,Azorius Control,Azorius Control,1.44
97,user_0097,Temur Lessons,Temur Lessons,1.48
97,user_0097,4c Omniscience,4c Omniscience,0.81
97,user_0097,Izzet Aggro,Izzet Aggro,0.89
97,user_0097,Boros Manufacturing,Boros Manufacturing,0.9
97,user_0097,Mono-White Tokens,Mono-White Tokens,1.07
97,user_0097,Dimir Control,Dimir Control,1.05
97,user_0097,Boros Mice,Boros Mice,0.87
97,user_0097,Grixis Artifacts,Grixis Artifacts,1.36
97,user_0097,Esper Self-Bounce,Esper Self-Bounce,1.49
97,user_0097,Jund Aggro,Jund Aggro,1.17
97,user_0097,Jeskai Looting,Jeskai Looting,1.09
97,user_0097,Boros Burn,Boros Burn,1.71
97,user_0097,Simic Landfall,Simic Landfall,1.28
97,user_0097,Izzet Prowess,Izzet Prowess,2.57
97,user_0097,Mono-Green Landfall,Mono-Green Landfall,1.62
97,user_0097,Jeskai Control,Jeskai Control,2.85
97,user_0097,5c Reanimator,5c Reanimator,0.68
97,user_0097,Izzet Lessons,Izzet Lessons,3.87
97,user_0097,Izzet Midrange,Izzet Midrange,1.14
97,user_0097,Izzet Omniscience,Izzet Omniscience,1.22
97,user_0097,Golgari Insidious Roots,Golgari Insidious Roots,1.03
97,user_0097,Simic Omniscience,Simic Omniscience,1.6
97,user_0097,Gruul Aggro,Gruul Aggro,0.49
97,user_0097,Boros Dragons,Boros Dragons,1.05
97,user_0097,Grixis Leyline,Grixis Leyline,1.25
97,user_0097,Bant Airbending Combo,Bant Airbending Combo,1.32
97,user_0097,Sultai Control,Sultai Control,0.9
97,user_0097,Simic Midrange,Simic Midrange,0.93
97,user_0097,Temur Floodcaller Combo,Temur Floodcaller Combo,1.79
97,user_0097,4c Reanimator,4c Reanimator,2.88
97,user_0097,4c Insidious Roots (2),4c Insidious Roots,1.57
97,user_0097,Rakdos Aggro,Rakdos Aggro,1.39
97,user_0097,Bant Omniscience,Bant Omniscience,0.41
97,user_0097,4c Artifacts,4c Artifacts,1.31
97,user_0097,Golgari Midrange (2),Golgari Midrange,1.26
97,user_0097,Izzet Looting,Izzet Looting,2.31
97,user_0097,Orzhov Midrange,Orzhov Midrange,1.05
97,user_0097,Mardu Dragons,Mardu Dragons,1.04
97,user_0097,Gruul Delirium,Gruul Delirium,1.37
97,user_0097,Gruul Leyline Aggro,Gruul Leyline Aggro,1.39
97,user_0097,Selesnya Landfall,Selesnya Landfall,1.93
97,user_0097,Orzhov Self-Bounce,Orzhov Self-Bounce,0.82
97,user_0097,Lifegain,Lifegain,0.69
97,user_0097,4c Insidious Roots,4c Insidious Roots,1.22
97,user_0097,Dimir Midrange,Dimir Midrange,3.14
97,user_0097,Temur Battlecrier Combo,Temur Battlecrier Combo,1.82
97,user_0097,Boros Token Control,Boros Token Control,1.03
98,user_0098,Jund Aggro,Jund Aggro,1.7
98,user_0098,Mono-Green Landfall,Mono-Green Landfall,2.07
98,user_0098,Gruul Random Encounter,Gruul Random Encounter,1.43
98,user_0098,Dimir Midrange,Dimir Midrange,3.62
98,user_0098,Izzet Lessons,Izzet Lessons,4.61
98,user_0098,Temur Kona,Temur Kona,2.16
98,user_0098,Temur Lessons,Temur Lessons,1.78
98,user_0098,Jeskai Looting,Jeskai Looting,1.13
98,user_0098,Mono-Black Midrange,Mono-Black Midrange,0.86
98,user_0098,Boros Burn,Boros Burn,1.08
98,user_0098,Azorius Control,Azorius Control,1.06
98,user_0098,Boros Manufacturing,Boros Manufacturing,2.21
98,user_0098,Rakdos Aggro,Rakdos Aggro,1.32
98,user_0098,Izzet Looting,Izzet Looting,3.3
98,user_0098,Orzhov Midrange,Orzhov Midrange,1.36
98,user_0098,Grixis Leyline,Grixis Leyline,0.6
98,user_0098,Sultai Control,Sultai Control,0.69
98,user_0098,4c Reanimator,4c Reanimator,2.6
98,user_0098,Boros Aggro,Boros Aggro,1.2
98,user_0098,Dimir Control,Dimir Control,1.09
98,user_0098,Boros Mice,Boros Mice,1.05
98,user_0098,Rakdos Sacrifice,Rakdos Sacrifice,1.64
98,user_0098,4c Insidious Roots,4c Insidious Roots,1.46
98,user_0098,Mono-White Tokens,Mono-White Tokens,1.62
98,user_0098,4c Kona,4c Kona,0.87
98,user_0098,Izzet Midrange,Izzet Midrange,1.7
98,user_0098,Esper Self-Bounce,Esper Self-Bounce,1.53
99,user_0099,Temur Lessons,Temur Lessons,1.12
99,user_0099,Izzet,Izzet,1.03
99,user_0099,Bant Airbending Combo,Bant Airbending Combo,1.13
99,user_0099,Boros Aggro,Boros Aggro,1.53
99,user_0099,5c Reanimator,5c Reanimator,0.63
99,user_0099,Dimir Midrange,Dimir Midrange,3.63
99,user_0099,Abzan Midrange,Abzan Midrange,1.22
99,user_0099,Simic Midrange,Simic Midrange,0.68
99,user_0099,4c Artifacts,4c Artifacts,1.02
99,user_0099,Boros Mice,Boros Mice,1.48
99,user_0099,Orzhov Midrange,Orzhov Midrange,1.12
99,user_0099,Grixis Leyline,Grixis Leyline,0.66
99,user_0099,Selesnya Landfall,Selesnya Landfall,1.17
99,user_0099,Gruul Aggro,Gruul Aggro,1.14
99,user_0099,Golgari Dragons,Golgari Dragons,1.23
99,user_0099,Sultai Graveyard,Sultai Graveyard,0.83
99,user_0099,Boros Token Control,Boros Token Control,1.0
99,user_0099,Abzan Insidious Roots,Abzan Insidious Roots,0.7
99,user_0099,Jeskai Artifacts,Jeskai Artifacts,1.44
99,user_0099,Izzet Looting,Izzet Looting,2.92
99,user_0099,4c Control,4c Control,0.74
99,user_0099,Jund Aggro,Jund Aggro,1.49
99,user_0099,Izzet Lessons,Izzet Lessons,3.81
99,user_0099,Sultai Reanimator,Sultai Reanimator,1.4
99,user_0099,Gruul Random Encounter,Gruul Random Encounter,1.1
99,user_0099,Rakdos Sacrifice,Rakdos Sacrifice,1.23
99,user_0099,Boros Dragons,Boros Dragons,1.25
99,user_0099,Naya Yuna,Naya Yuna,1.13
99,user_0099,Golgari Midrange,Golgari Midrange,1.37
99,user_0099,Grixis Artifacts,Grixis Artifacts,1.09
99,user_0099,Dimir Control,Dimir Control,0.63
99,user_0099,Temur Battlecrier Combo,Temur Battlecrier Combo,0.99
99,user_0099,Mono-Red Leyline Aggro,Mono-Red Leyline Aggro,1.76
99,user_0099,Jeskai Looting,Jeskai Looting,1.02
99,user_0099,Orzhov Control,Orzhov Control,0.69
99,user_0099,Golgari Insidious Roots,Golgari Insidious Roots,1.13
99,user_0099,Boros Manufacturing,Boros Manufacturing,1.39
99,user_0099,Izzet Midrange,Izzet Midrange,0.96
99,user_0099,Mono-Red Aggro,Mono-Red Aggro,4.27
99,user_0099,Lifegain,Lifegain,0.82
99,user_0099,4c Reanimator,4c Reanimator,2.45
99,user_0099,Boros Leyline Aggro,Boros Leyline Aggro,1.63
99,user_0099,Mono-Black Midrange,Mono-Black Midrange,0.99
100,user_0100,Izzet,Izzet,1.1
100,user_0100,Temur Kona,Temur Kona,1.22
100,user_0100,Orzhov Control,Orzhov Control,0.65
100,user_0100,Dimir Midrange,Dimir Midrange,3.9
100,user_0100,4c Insidious Roots (2),4c Insidious Roots,1.06
100,user_0100,Boros Leyline Aggro,Boros Leyline Aggro,0.96
100,user_0100,Gruul Leyline Aggro,Gruul Leyline Aggro,1.0
100,user_0100,Abzan Insidious Roots,Abzan Insidious Roots,0.68
100,user_0100,Izzet Omniscience,Izzet Omniscience,1.2
100,user_0100,Izzet Midrange,Izzet Midrange,1.38
100,user_0100,Azorius Control,Azorius Control,1.92
100,user_0100,Grixis Leyline,Grixis Leyline,0.6
100,user_0100,Simic Omniscience,Simic Omniscience,1.15
100,user_0100,Boros Burn,Boros Burn,1.64
100,user_0100,Temur Lessons,Temur Lessons,1.33
100,user_0100,4c Control,4c Control,0.9
100,user_0100,4c Omniscience,4c Omniscience,1.15
100,user_0100,Dimir Control,Dimir Control,1.13
100,user_0100,Boros Dragons,Boros Dragons,0.97
100,user_0100,Izzet Prowess,Izzet Prowess,2.19
100,user_0100,Gruul Random Encounter,Gruul Random Encounter,0.95
100,user_0100,Simic Midrange,Simic Midrange,1.76
100,user_0100,5c Reanimator,5c Reanimator,1.03
100,user_0100,Gruul Aggro,Gruul Aggro,0.83
100,user_0100,4c Kona,4c Kona,0.83
100,user_0100,Mono-Green Landfall,Mono-Green Landfall,1.31
100,user_0100,Naya Yuna,Naya Yuna,0.93
100,user_0100,Izzet Aggro,Izzet Aggro,1.24
100,user_0100,Boros Mice,Boros Mice,1.45
100,user_0100,4c Reanimator,4c Reanimator,1.62
100,user_0100,Dimir Bounce,Dimir Bounce,1.1
100,user_0100,Bant Airbending Combo,Bant Airbending Combo,1.07
100,user_0100,4c Artifacts,4c Artifacts,1.72
100,user_0100,Selesnya Landfall,Selesnya Landfall,1.31
100,user_0100,Golgari Dragons,Golgari Dragons,1.02
100,user_0100,Jeskai Looting,Jeskai Looting,1.08
100,user_0100,Mono-Red Aggro,Mono-Red Aggro,2.86
100,user_0100,Jeskai Control,Jeskai Control,3.38
100,user_0100,Mono-Red Leyline Aggro,Mono-Red Leyline Aggro,1.16
100,user_0100,Jund Aggro,Jund Aggro,0.75
100,user_0100,Izzet Looting,Izzet Looting,2.1
100,user_0100,Mono-Black Midrange,Mono-Black Midrange,1.84
100,user_0100,Boros Aggro,Boros Aggro,1.15
100,user_0100,Mardu Dragons,Mardu Dragons,0.6
100,user_0100,Sultai Graveyard,Sultai Graveyard,1.16
100,user_0100,Sultai Reanimator,Sultai Reanimator,1.45
100,user_0100,Bant Omniscience,Bant Omniscience,1.65
100,user_0100,Orzhov Midrange,Orzhov Midrange,1.3
100,user_0100,Golgari Insidious Roots,Golgari Insidious Roots,1.41
100,user_0100,Golgari Midrange (2),Golgari Midrange,1.69
100,user_0100,Sultai Control,Sultai Control,1.51
101,user_0101,Boros Dragons,Boros Dragons,1.57
101,user_0101,Rakdos Sacrifice,Rakdos Sacrifice,1.68
101,user_0101,Boros Burn,Boros Burn,1.44
101,user_0101,Temur Battlecrier Combo,Temur Battlecrier Combo,0.83
101,user_0101,4c Reanimator,4c Reanimator,2.38
101,user_0101,Mono-White Tokens,Mono-White Tokens,2.49
101,user_0101,Grixis Artifacts,Grixis Artifacts,1.62
101,user_0101,Mono-Red Aggro,Mono-Red Aggro,3.35
101,user_0101,Lifegain,Lifegain,1.42
101,user_0101,Gruul Leyline Aggro,Gruul Leyline Aggro,0.79
101,user_0101,Izzet Looting,Izzet Looting,3.02
101,user_0101,Temur Lessons,Temur Lessons,1.63
101,user_0101,4c Insidious Roots,4c Insidious Roots,1.41
101,user_0101,Mardu Dragons,Mardu Dragons,1.21
101,user_0101,Jeskai Artifacts,Jeskai Artifacts,1.99
101,user_0101,Naya Yuna,Naya Yuna,1.56
101,user_0101,4c Control,4c Control,0.93
101,user_0101,Temur Kona,Temur Kona,1.74
101,user_0101,Boros Aggro,Boros Aggro,1.63
101,user_0101,Gruul Aggro,Gruul Aggro,0.42
101,user_0101,Boros Token Control,Boros Token Control,1.35
101,user_0101,Mono-Red Leyline Aggro,Mono-Red Leyline Aggro,0.79
101,user_0101,Bant Airbending Combo,Bant Airbending Combo,1.43
101,user_0101,Jeskai Self-Bounce,Jeskai Self-Bounce,1.44
101,user_0101,Mono-Green Landfall,Mono-Green Landfall,2.3
101,user_0101,5c Reanimator,5c Reanimator,2.22
101,user_0101,Abzan Midrange,Abzan Midrange,0.99
101,user_0101,Boros Manufacturing,Boros Manufacturing,1.75
101,user_0101,4c Artifacts,4c Artifacts,1.95
101,user_0101,Orzhov Control,Orzhov Control,0.99
101,user_0101,Dimir Midrange,Dimir Midrange,3.28
101,user_0101,Boros Mice,Boros Mice,1.62
101,user_0101,Golgari Insidious Roots,Golgari Insidious Roots,1.32
101,user_0101,4c Insidious Roots (2),4c Insidious Roots,1.49
101,user_0101,Golgari Dragons,Golgari Dragons,1.75
101,user_0101,Sultai Reanimator,Sultai Reanimator,1.64
101,user_0101,Mono-Black Midrange,Mono-Black Midrange,1.4
101,user_0101,Orzhov Midrange,Orzhov Midrange,0.93
101,user_0101,Orzhov Self-Bounce,Orzhov Self-Bounce,1.28
101,user_0101,Simic Aggro,Simic Aggro,1.33
102,user_0102,Gruul Leyline Aggro,Gruul Leyline Aggro,1.27
102,user_0102,Azorius Control,Azorius Control,0.84
102,user_0102,Izzet,Izzet,1.18
102,user_0102,Rakdos Aggro,Rakdos Aggro,1.88
102,user_0102,Dimir Bounce,Dimir Bounce,0.99
102,user_0102,Gruul Delirium,Gruul Delirium,0.98
102,user_0102,4c Kona,4c Kona,1.36
102,user_0102,Izzet Lessons,Izzet Lessons,4.11
102,user_0102,Jeskai Artifacts,Jeskai Artifacts,1.76
102,user_0102,Mono-Black Midrange,Mono-Black Midrange,1.63
102,user_0102,Izzet Looting,Izzet Looting,2.51
102,user_0102,Izzet Aggro,Izzet Aggro,1.65
102,user_0102,Rakdos Sacrifice,Rakdos Sacrifice,1.42
102,user_0102,4c Insidious Roots,4c Insidious Roots,0.77
102,user_0102,Mardu Dragons,Mardu Dragons,1.04
102,user_0102,Boros Aggro,Boros Aggro,1.38
102,user_0102,4c Artifacts,4c Artifacts,0.91
102,user_0102,Orzhov Self-Bounce,Orzhov Self-Bounce,1.41
102,user_0102,Boros Dragons,Boros Dragons,1.3
102,user_0102,Izzet Omniscience,Izzet Omniscience,0.95
102,user_0102,Simic Landfall,Simic Landfall,0.78
102,user_0102,Sultai Control,Sultai Control,1.42
102,user_0102,Simic Aggro,Simic Aggro,1.91
102,user_0102,Lifegain,Lifegain,1.15
102,user_0102,Abzan Insidious Roots,Abzan Insidious Roots,0.85
103,user_0103,Gruul Delirium,Gruul Delirium,1.94
103,user_0103,Boros Manufacturing,Boros Manufacturing,1.4
103,user_0103,Boros Burn,Boros Burn,1.64
103,user_0103,Grixis Leyline,Grixis Leyline,0.73
103,user_0103,Orzhov Self-Bounce,Orzhov Self-Bounce,1.54
103,user_0103,Abzan Insidious Roots,Abzan Insidious Roots,1.88
103,user_0103,Gruul Aggro,Gruul Aggro,1.73
103,user_0103,Mono-Green Landfall,Mono-Green Landfall,2.93
103,user_0103,Jeskai Looting,Jeskai Looting,1.74
103,user_0103,Boros Aggro,Boros Aggro,1.15
103,user_0103,Izzet,Izzet,1.74
103,user_0103,Dimir Control,Dimir Control,1.2
103,user_0103,Sultai Control,Sultai Control,0.98
103,user_0103,4c Omniscience,4c Omniscience,1.37
103,user_0103,Bant Airbending Combo,Bant Airbending Combo,0.83
103,user_0103,4c Artifacts,4c Artifacts,1.11
103,user_0103,Izzet Lessons,Izzet Lessons,4.74
103,user_0103,Jund Aggro,Jund Aggro,1.48
103,user_0103,Abzan Midrange,Abzan Midrange,1.16
103,user_0103,Rakdos Aggro,Rakdos Aggro,1.41
103,user_0103,Selesnya Landfall,Selesnya Landfall,1.69
103,user_0103,Mono-White Tokens,Mono-White Tokens,1.92
103,user_0103,Golgari Midrange,Golgari Midrange,1.62
103,user_0103,Orzhov Midrange,Orzhov Midrange,1.57
103,user_0103,Sultai Graveyard,Sultai Graveyard,1.32
104,user_0104,Orzhov Control,Orzhov Control,1.18
104,user_0104,Esper Self-Bounce,Esper Self-Bounce,1.35
104,user_0104,Jeskai Looting,Jeskai Looting,0.72
104,user_0104,Mono-White Tokens,Mono-White Tokens,1.74
104,user_0104,Abzan Midrange,Abzan Midrange,1.05
104,user_0104,Mono-Red Aggro,Mono-Red Aggro,3.42
104,user_0104,Sultai Graveyard,Sultai Graveyard,1.03
104,user_0104,Jeskai Control,Jeskai Control,3.47
104,user_0104,Simic Landfall,Simic Landfall,0.84
104,user_0104,Izzet Looting,Izzet Looting,2.5
104,user_0104,Rakdos Sacrifice,Rakdos Sacrifice,1.05
104,user_0104,4c Kona,4c Kona,0.8
104,user_0104,Izzet Prowess,Izzet Prowess,2.33
104,user_0104,Izzet Aggro,Izzet Aggro,1.91
104,user_0104,Dimir Control,Dimir Control,0.95
104,user_0104,Izzet,Izzet,1.8
104,user_0104,4c Artifacts,4c Artifacts,1.17
104,user_0104,Boros Manufacturing,Boros Manufacturing,1.23
104,user_0104,4c Insidious Roots,4c Insidious Roots,0.69
104,user_0104,Jeskai Self-Bounce,Jeskai Self-Bounce,1.38
104,user_0104,Grixis Leyline,Grixis Leyline,0.1
104,user_0104,Grixis Artifacts,Grixis Artifacts,1.45
104,user_0104,Jund Aggro,Jund Aggro,1.6
104,user_0104,Gruul Random Encounter,Gruul Random Encounter,0.64
104,user_0104,5c Reanimator,5c Reanimator,0.73
104,user_0104,Simic Midrange,Simic Midrange,1.03
104,user_0104,Izzet Omniscience,Izzet Omniscience,1.32
104,user_0104,Naya Yuna,Naya Yuna,1.02
104,user_0104,Boros Burn,Boros Burn,1.27
104,user_0104,4c Insidious Roots (2),4c Insidious Roots,1.09
104,user_0104,4c Reanimator,4c Reanimator,2.09
104,user_0104,Boros Token Control,Boros Token Control,1.38
104,user_0104,Golgari Dragons,Golgari Dragons,0.67
104,user_0104,Selesnya Landfall,Selesnya Landfall,1.35
104,user_0104,4c Control,4c Control,0.72
104,user_0104,Dimir Midrange,Dimir Midrange,3.45
104,user_0104,Temur Floodcaller Combo,Temur Floodcaller Combo,1.22
104,user_0104,Temur Battlecrier Combo,Temur Battlecrier Combo,1.46
104,user_0104,Abzan Insidious Roots,Abzan Insidious Roots,1.57
104,user_0104,Simic Aggro,Simic Aggro,1.91
105,user_0105,Jund Aggro,Jund Aggro,0.93
105,user_0105,4c Control,4c Control,1.23
105,user_0105,4c Insidious Roots,4c Insidious Roots,1.49
105,user_0105,Bant Airbending Combo,Bant Airbending Combo,1.79
105,user_0105,Sultai Control,Sultai Control,0.84
105,user_0105,Dimir Control,Dimir Control,0.67
105,user_0105,Golgari Midrange (2),Golgari Midrange,1.49
105,user_0105,Abzan Insidious Roots,Abzan Insidious Roots,1.23
105,user_0105,Izzet Omniscience,Izzet Omniscience,1.52
105,user_0105,Mono-Black Midrange,Mono-Black Midrange,1.56
105,user_0105,Jeskai Self-Bounce,Jeskai Self-Bounce,0.54
105,user_0105,Gruul Delirium,Gruul Delirium,0.97
105,user_0105,Rakdos Aggro,Rakdos Aggro,0.87
105,user_0105,Azorius Control,Azorius Control,2.0
105,user_0105,Mono-Green Landfall,Mono-Green Landfall,1.14
105,user_0105,Izzet Midrange,Izzet Midrange,2.0
105,user_0105,4c Artifacts,4c Artifacts,0.89
105,user_0105,4c Omniscience,4c Omniscience,1.04
105,user_0105,Izzet Lessons,Izzet Lessons,3.7
105,user_0105,Mardu Dragons,Mardu Dragons,1.03
105,user_0105,Izzet Prowess,Izzet Prowess,2.63
105,user_0105,Simic Landfall,Simic Landfall,1.0
106,user_0106,Jund Aggro,Jund Aggro,0.9
106,user_0106,Dimir Control,Dimir Control,1.37
106,user_0106,Golgari Dragons,Golgari Dragons,1.65
106,user_0106,Izzet Looting,Izzet Looting,2.4
106,user_0106,Mono-Black Midrange,Mono-Black Midrange,2.26
106,user_0106,4c Omniscience,4c Omniscience,0.63
106,user_0106,Orzhov Self-Bounce,Orzhov Self-Bounce,1.07
106,user_0106,Abzan Midrange,Abzan Midrange,1.42
106,user_0106,Dimir Bounce,Dimir Bounce,0.94
106,user_0106,Temur Floodcaller Combo,Temur Floodcaller Combo,1.15
106,user_0106,Izzet Midrange,Izzet Midrange,1.38
106,user_0106,Boros Aggro,Boros Aggro,0.85
106,user_0106,Sultai Reanimator,Sultai Reanimator,1.6
106,user_0106,Jeskai Artifacts,Jeskai Artifacts,1.15
106,user_0106,Mono-Green Landfall,Mono-Green Landfall,1.54
106,user_0106,Lifegain,Lifegain,0.71
106,user_0106,Naya Yuna,Naya Yuna,0.84
106,user_0106,4c Kona,4c Kona,1.46
106,user_0106,4c Reanimator,4c Reanimator,2.41
106,user_0106,Jeskai Control,Jeskai Control,3.04
106,user_0106,Orzhov Control,Orzhov Control,0.91
106,user_0106,Simic Midrange,Simic Midrange,1.7
106,user_0106,Simic Landfall,Simic Landfall,1.24
106,user_0106,Gruul Delirium,Gruul Delirium,1.16
106,user_0106,Bant Omniscience,Bant Omniscience,0.9
106,user_0106,Sultai Graveyard,Sultai Graveyard,1.29
106,user_0106,Jeskai Looting,Jeskai Looting,1.21
106,user_0106,Mono-White Tokens,Mono-White Tokens,0.82
107,user_0107,Gruul Aggro,Gruul Aggro,1.5
107,user_0107,Golgari Dragons,Golgari Dragons,1.49
107,user_0107,Temur Kona,Temur Kona,2.37
107,user_0107,Orzhov Self-Bounce,Orzhov Self-Bounce,1.35
107,user_0107,Dimir Control,Dimir Control,1.17
107,user_0107,Temur Lessons,Temur Lessons,1.99
107,user_0107,Rakdos Aggro,Rakdos Aggro,1.5
107,user_0107,Bant Airbending Combo,Bant Airbending Combo,0.83
107,user_0107,Grixis Leyline,Grixis Leyline,1.62
107,user_0107,Selesnya Landfall,Selesnya Landfall,1.65
107,user_0107,Jeskai Self-Bounce,Jeskai Self-Bounce,1.21
107,user_0107,Izzet Prowess,Izzet Prowess,2.86
107,user_0107,Mono-Red Leyline Aggro,Mono-Red Leyline Aggro,1.03
107,user_0107,Jeskai Control,Jeskai Control,3.13
107,user_0107,Simic Omniscience,Simic Omniscience,1.13
107,user_0107,Jeskai Artifacts,Jeskai Artifacts,2.34
107,user_0107,Izzet Lessons,Izzet Lessons,5
107,user_0107,4c Artifacts,4c Artifacts,1.32
107,user_0107,Simic Aggro,Simic Aggro,0.98
107,user_0107,Temur Battlecrier Combo,Temur Battlecrier Combo,0.7
107,user_0107,Gruul Leyline Aggro,Gruul Leyline Aggro,1.51
107,user_0107,Dimir Bounce,Dimir Bounce,0.99
107,user_0107,Golgari Insidious Roots,Golgari Insidious Roots,1.88
107,user_0107,Abzan Insidious Roots,Abzan Insidious Roots,1.34
107,user_0107,Bant Omniscience,Bant Omniscience,1.5
107,user_0107,4c Omniscience,4c Omniscience,1.23
107,user_0107,Boros Token Control,Boros Token Control,1.04
107,user_0107,4c Insidious Roots (2),4c Insidious Roots,1.89
107,user_0107,Temur Floodcaller Combo,Temur Floodcaller Combo,1.85
107,user_0107,Izzet Midrange,Izzet Midrange,1.48
107,user_0107,Esper Self-Bounce,Esper Self-Bounce,1.4
107,user_0107,Orzhov Midrange,Orzhov Midrange,1.28
107,user_0107,Sultai Graveyard,Sultai Graveyard,1.75
107,user_0107,Naya Yuna,Naya Yuna,1.34
107,user_0107,Boros Dragons,Boros Dragons,1.6
107,user_0107,4c Control,4c Control,1.0
107,user_0107,Abzan Midrange,Abzan Midrange,1.19
107,user_0107,Jeskai Looting,Jeskai Looting,1.85
107,user_0107,4c Reanimator,4c Reanimator,3.03
107,user_0107,Golgari Midrange (2),Golgari Midrange,1.42
107,user_0107,Golgari Midrange,Golgari Midrange,1.63
107,user_0107,Azorius Control,Azorius Control,0.5
107,user_0107,Boros Manufacturing,Boros Manufacturing,1.06
107,user_0107,Grixis Artifacts,Grixis Artifacts,1.84
107,user_0107,Orzhov Control,Orzhov Control,0.91
107,user_0107,Dimir Midrange,Dimir Midrange,3.02
107,user_0107,Mardu Dragons,Mardu Dragons,1.49
107,user_0107,Mono-White Tokens,Mono-White Tokens,1.19
107,user_0107,Simic Midrange,Simic Midrange,1.32
107,user_0107,4c Kona,4c Kona,1.67
107,user_0107,Gruul Random Encounter,Gruul Random Encounter,1.68
107,user_0107,Boros Mice,Boros Mice,1.43
107,user_0107,Boros Aggro,Boros Aggro,0.81
107,user_0107,Izzet Aggro,Izzet Aggro,1.7
107,user_0107,Mono-Black Midrange,Mono-Black Midrange,1.07
108,user_0108,Azorius Control,Azorius Control,1.83
108,user_0108,Rakdos Sacrifice,Rakdos Sacrifice,1.45
108,user_0108,Dimir Midrange,Dimir Midrange,3.36
108,user_0108,Orzhov Control,Orzhov Control,1.76
108,user_0108,Golgari Midrange,Golgari Midrange,2.25
108,user_0108,Bant Omniscience,Bant Omniscience,0.69
108,user_0108,Temur Kona,Temur Kona,1.14
108,user_0108,4c Insidious Roots,4c Insidious Roots,1.02
108,user_0108,Golgari Insidious Roots,Golgari Insidious Roots,0.89
108,user_0108,Temur Floodcaller Combo,Temur Floodcaller Combo,1.22
108,user_0108,Jeskai Control,Jeskai Control,3.89
108,user_0108,Grixis Artifacts,Grixis Artifacts,0.87
108,user_0108,Izzet,Izzet,1.22
108,user_0108,4c Artifacts,4c Artifacts,0.81
108,user_0108,Jeskai Artifacts,Jeskai Artifacts,1.37
108,user_0108,Mono-White Tokens,Mono-White Tokens,1.06
108,user_0108,Boros Aggro,Boros Aggro,1.4
108,user_0108,Gruul Leyline Aggro,Gruul Leyline Aggro,1.53
108,user_0108,Simic Landfall,Simic Landfall,0.72
108,user_0108,Jund Aggro,Jund Aggro,1.15
108,user_0108,4c Control,4c Control,1.29
108,user_0108,4c Reanimator,4c Reanimator,2.37
108,user_0108,Boros Leyline Aggro,Boros Leyline Aggro,1.12
108,user_0108,Golgari Dragons,Golgari Dragons,1.24
108,user_0108,Naya Yuna,Naya Yuna,0.75
108,user_0108,Sultai Control,Sultai Control,1.3
108,user_0108,5c Reanimator,5c Reanimator,1.25
108,user_0108,Gruul Random Encounter,Gruul Random Encounter,1.17
108,user_0108,Orzhov Self-Bounce,Orzhov Self-Bounce,1.21
108,user_0108,Dimir Bounce,Dimir Bounce,1.0
108,user_0108,Mardu Dragons,Mardu Dragons,1.35
108,user_0108,Gruul Aggro,Gruul Aggro,0.89
108,user_0108,Sultai Reanimator,Sultai Reanimator,1.53
108,user_0108,Boros Token Control,Boros Token Control,1.47
108,user_0108,Orzhov Midrange,Orzhov Midrange,1.13
108,user_0108,Simic Aggro,Simic Aggro,0.97
108,user_0108,Mono-Red Aggro,Mono-Red Aggro,2.81
108,user_0108,Boros Mice,Boros Mice,0.79
108,user_0108,Mono-Green Landfall,Mono-Green Landfall,1.06
108,user_0108,Boros Dragons,Boros Dragons,1.0
108,user_0108,Izzet Omniscience,Izzet Omniscience,0.89
108,user_0108,Esper Self-Bounce,Esper Self-Bounce,1.08
108,user_0108,Izzet Looting,Izzet Looting,2.34
108,user_0108,Boros Burn,Boros Burn,1.13
108,user_0108,Temur Lessons,Temur Lessons,1.33
108,user_0108,Mono-Red Leyline Aggro,Mono-Red Leyline Aggro,1.15
108,user_0108,Izzet Prowess,Izzet Prowess,2.01
108,user_0108,Jeskai Self-Bounce,Jeskai Self-Bounce,0.48
108,user_0108,Grixis Leyline,Grixis Leyline,1.06
109,user_0109,Izzet Looting,Izzet Looting,2.24
109,user_0109,5c Reanimator,5c Reanimator,1.1
109,user_0109,Boros Token Control,Boros Token Control,1.51
109,user_0109,Temur Kona,Temur Kona,1.16
109,user_0109,Sultai Control,Sultai Control,1.03
109,user_0109,Mono-Black Midrange,Mono-Black Midrange,1.01
109,user_0109,Gruul Leyline Aggro,Gruul Leyline Aggro,0.72
109,user_0109,Selesnya Landfall,Selesnya Landfall,1.57
109,user_0109,4c Insidious Roots (2),4c Insidious Roots,1.06
109,user_0109,Grixis Leyline,Grixis Leyline,0.56
109,user_0109,Rakdos Aggro,Rakdos Aggro,0.98
109,user_0109,Abzan Midrange,Abzan Midrange,1.03
109,user_0109,Temur Floodcaller Combo,Temur Floodcaller Combo,1.03
109,user_0109,4c Omniscience,4c Omniscience,0.92
109,user_0109,Golgari Dragons,Golgari Dragons,0.67
109,user_0109,Abzan Insidious Roots,Abzan Insidious Roots,0.93
109,user_0109,Mono-Green Landfall,Mono-Green Landfall,1.69
109,user_0109,Bant Airbending Combo,Bant Airbending Combo,2.31
109,user_0109,Gruul Delirium,Gruul Delirium,1.35
109,user_0109,Mono-Red Aggro,Mono-Red Aggro,3.32
109,user_0109,Boros Mice,Boros Mice,1.04
109,user_0109,Lifegain,Lifegain,1.23
109,user_0109,Orzhov Self-Bounce,Orzhov Self-Bounce,1.39
109,user_0109,Golgari Midrange (2),Golgari Midrange,1.38
109,user_0109,Orzhov Control,Orzhov Control,0.88
109,user_0109,Gruul Random Encounter,Gruul Random Encounter,0.3
109,user_0109,Mono-White Tokens,Mono-White Tokens,1.27
109,user_0109,4c Kona,4c Kona,1.02
110,user_0110,Dimir Control,Dimir Control,0.99
110,user_0110,Temur Kona,Temur Kona,2.04
110,user_0110,Jeskai Artifacts,Jeskai Artifacts,2.03
110,user_0110,Izzet Midrange,Izzet Midrange,1.18
110,user_0110,4c Reanimator,4c Reanimator,2.81
110,user_0110,Gruul Aggro,Gruul Aggro,1.85
110,user_0110,Izzet Prowess,Izzet Prowess,2.62
110,user_0110,Jeskai Control,Jeskai Control,3.14
110,user_0110,Mono-Red Leyline Aggro,Mono-Red Leyline Aggro,0.89
110,user_0110,Boros Token Control,Boros Token Control,0.95
110,user_0110,Sultai Control,Sultai Control,1.12
110,user_0110,Simic Midrange,Simic Midrange,0.86
110,user_0110,Rakdos Sacrifice,Rakdos Sacrifice,0.83
110,user_0110,Golgari Midrange,Golgari Midrange,1.19
110,user_0110,Gruul Leyline Aggro,Gruul Leyline Aggro,1.76
110,user_0110,Jeskai Looting,Jeskai Looting,1.07
110,user_0110,Orzhov Control,Orzhov Control,0.77
110,user_0110,Azorius Control,Azorius Control,1.35
110,user_0110,Gruul Delirium,Gruul Delirium,2.64
110,user_0110,Simic Landfall,Simic Landfall,0.95
110,user_0110,Rakdos Aggro,Rakdos Aggro,0.69
110,user_0110,Mono-Red Aggro,Mono-Red Aggro,3.18
110,user_0110,Boros Burn,Boros Burn,1.64
110,user_0110,4c Artifacts,4c Artifacts,1.58
110,user_0110,Gruul Random Encounter,Gruul Random Encounter,1.95
110,user_0110,Boros Aggro,Boros Aggro,1.38
110,user_0110,Orzhov Self-Bounce,Orzhov Self-Bounce,1.74
110,user_0110,Bant Airbending Combo,Bant Airbending Combo,1.3
111,user_0111,4c Insidious Roots,4c Insidious Roots,1.71
111,user_0111,Orzhov Self-Bounce,Orzhov Self-Bounce,1.51
111,user_0111,Boros Aggro,Boros Aggro,1.07
111,user_0111,Temur Kona,Temur Kona,1.67
111,user_0111,4c Artifacts,4c Artifacts,1.49
111,user_0111,Mono-Red Aggro,Mono-Red Aggro,2.94
111,user_0111,Lifegain,Lifegain,2.22
111,user_0111,Izzet Prowess,Izzet Prowess,2.93
111,user_0111,Boros Manufacturing,Boros Manufacturing,1.95
111,user_0111,4c Insidious Roots (2),4c Insidious Roots,1.35
111,user_0111,Boros Mice,Boros Mice,1.5
111,user_0111,Orzhov Midrange,Orzhov Midrange,1.87
111,user_0111,Izzet Midrange,Izzet Midrange,1.61
111,user_0111,Golgari Dragons,Golgari Dragons,1.81
111,user_0111,4c Control,4c Control,1.05
111,user_0111,Jund Aggro,Jund Aggro,0.88
111,user_0111,Simic Aggro,Simic Aggro,1.39
111,user_0111,4c Kona,4c Kona,1.53
111,user_0111,Azorius Control,Azorius Control,0.74
111,user_0111,4c Reanimator,4c Reanimator,3.01
111,user_0111,Temur Lessons,Temur Lessons,2.43
112,user_0112,Abzan Midrange,Abzan Midrange,0.91
112,user_0112,Gruul Delirium,Gruul Delirium,1.17
112,user_0112,Mono-Black Midrange,Mono-Black Midrange,0.68
112,user_0112,4c Control,4c Control,0.99
112,user_0112,Boros Mice,Boros Mice,1.84
112,user_0112,Naya Yuna,Naya Yuna,1.88
112,user_0112,4c Omniscience,4c Omniscience,1.62
112,user_0112,Izzet Omniscience,Izzet Omniscience,2.05
112,user_0112,Simic Midrange,Simic Midrange,1.01
112,user_0112,Orzhov Self-Bounce,Orzhov Self-Bounce,1.08
112,user_0112,Rakdos Sacrifice,Rakdos Sacrifice,1.35
112,user_0112,Bant Omniscience,Bant Omniscience,1.46
112,user_0112,Mono-Red Leyline Aggro,Mono-Red Leyline Aggro,0.75
112,user_0112,Dimir Bounce,Dimir Bounce,1.55
112,user_0112,Temur Floodcaller Combo,Temur Floodcaller Combo,1.1
112,user_0112,4c Kona,4c Kona,1.73
112,user_0112,Izzet,Izzet,1.52
112,user_0112,Gruul Random Encounter,Gruul Random Encounter,1.71
112,user_0112,Sultai Reanimator,Sultai Reanimator,2.05
112,user_0112,Boros Token Control,Boros Token Control,1.01
112,user_0112,4c Insidious Roots,4c Insidious Roots,2.02
112,user_0112,Jeskai Artifacts,Jeskai Artifacts,1.65
112,user_0112,Grixis Artifacts,Grixis Artifacts,1.35
112,user_0112,5c Reanimator,5c Reanimator,1.58
112,user_0112,Boros Leyline Aggro,Boros Leyline Aggro,0.84
112,user_0112,Izzet Aggro,Izzet Aggro,0.78
112,user_0112,Golgari Midrange (2),Golgari Midrange,1.06
112,user_0112,Temur Lessons,Temur Lessons,1.84
112,user_0112,Golgari Midrange,Golgari Midrange,1.55
112,user_0112,Boros Aggro,Boros Aggro,0.85
112,user_0112,4c Artifacts,4c Artifacts,1.48
113,user_0113,Izzet Looting,Izzet Looting,2.9
113,user_0113,4c Reanimator,4c Reanimator,1.92
113,user_0113,Grixis Artifacts,Grixis Artifacts,1.15
113,user_0113,Gruul Random Encounter,Gruul Random Encounter,0.73
113,user_0113,Boros Manufacturing,Boros Manufacturing,1.44
113,user_0113,Naya Yuna,Naya Yuna,1.42
113,user_0113,4c Control,4c Control,1.74
113,user_0113,Esper Self-Bounce,Esper Self-Bounce,1.37
113,user_0113,Izzet Prowess,Izzet Prowess,1.94
113,user_0113,Mono-Red Leyline Aggro,Mono-Red Leyline Aggro,0.76
113,user_0113,Gruul Aggro,Gruul Aggro,1.22
113,user_0113,Jeskai Looting,Jeskai Looting,1.02
113,user_0113,Orzhov Midrange,Orzhov Midrange,0.83
113,user_0113,Boros Burn,Boros Burn,1.68
113,user_0113,Izzet Lessons,Izzet Lessons,4.12
113,user_0113,Gruul Leyline Aggro,Gruul Leyline Aggro,1.26
113,user_0113,Simic Aggro,Simic Aggro,1.29
113,user_0113,Rakdos Aggro,Rakdos Aggro,1.28
113,user_0113,Sultai Graveyard,Sultai Graveyard,0.91
113,user_0113,Azorius Control,Azorius Control,1.73
113,user_0113,Abzan Insidious Roots,Abzan Insidious Roots,1.14
113,user_0113,Jeskai Control,Jeskai Control,4.13
113,user_0113,Izzet,Izzet,1.07
113,user_0113,Temur Floodcaller Combo,Temur Floodcaller Combo,0.75
113,user_0113,Sultai Control,Sultai Control,1.4
113,user_0113,Boros Token Control,Boros Token Control,2.2
113,user_0113,Golgari Insidious Roots,Golgari Insidious Roots,1.07
113,user_0113,Temur Lessons,Temur Lessons,1.69
113,user_0113,Grixis Leyline,Grixis Leyline,0.94
113,user_0113,Golgari Dragons,Golgari Dragons,0.79
113,user_0113,Mono-Green Landfall,Mono-Green Landfall,2.21
113,user_0113,Jeskai Artifacts,Jeskai Artifacts,1.94
113,user_0113,5c Reanimator,5c Reanimator,1.11
113,user_0113,4c Omniscience,4c Omniscience,0.96
113,user_0113,Boros Mice,Boros Mice,0.81
113,user_0113,Bant Omniscience,Bant Omniscience,1.1
113,user_0113,Izzet Midrange,Izzet Midrange,0.79
113,user_0113,Simic Omniscience,Simic Omniscience,0.91
113,user_0113,Temur Battlecrier Combo,Temur Battlecrier Combo,1.09
113,user_0113,Rakdos Sacrifice,Rakdos Sacrifice,1.33
113,user_0113,Temur Kona,Temur Kona,1.38
113,user_0113,Orzhov Control,Orzhov Control,1.63
113,user_0113,Abzan Midrange,Abzan Midrange,1.68
113,user_0113,4c Kona,4c Kona,0.62
113,user_0113,Izzet Omniscience,Izzet Omniscience,1.43
113,user_0113,Sultai Reanimator,Sultai Reanimator,1.12
113,user_0113,Boros Aggro,Boros Aggro,0.85
113,user_0113,Simic Landfall,Simic Landfall,1.06
113,user_0113,Mono-Red Aggro,Mono-Red Aggro,3.27
113,user_0113,Orzhov Self-Bounce,Orzhov Self-Bounce,0.84
113,user_0113,Mardu Dragons,Mardu Dragons,1.14
113,user_0113,Izzet Aggro,Izzet Aggro,1.37
113,user_0113,Jund Aggro,Jund Aggro,1.92
113,user_0113,Boros Dragons,Boros Dragons,1.6
113,user_0113,Mono-White Tokens,Mono-White Tokens,0.92
113,user_0113,Golgari Midrange,Golgari Midrange,1.53
114,user_0114,Abzan Midrange,Abzan Midrange,1.58
114,user_0114,Izzet,Izzet,1.37
114,user_0114,Simic Omniscience,Simic Omniscience,2.07
114,user_0114,4c Artifacts,4c Artifacts,1.65
114,user_0114,Gruul Delirium,Gruul Delirium,2.18
114,user_0114,Izzet Aggro,Izzet Aggro,1.05
114,user_0114,Gruul Random Encounter,Gruul Random Encounter,1.96
114,user_0114,Dimir Midrange,Dimir Midrange,2.98
114,user_0114,Grixis Leyline,Grixis Leyline,1.11
114,user_0114,Boros Mice,Boros Mice,1.83
114,user_0114,Gruul Aggro,Gruul Aggro,0.26
114,user_0114,Mono-Black Midrange,Mono-Black Midrange,1.57
114,user_0114,Rakdos Sacrifice,Rakdos Sacrifice,2.11
114,user_0114,Abzan Insidious Roots,Abzan Insidious Roots,1.81
114,user_0114,Golgari Midrange,Golgari Midrange,1.96
114,user_0114,4c Control,4c Control,1.47
114,user_0114,Rakdos Aggro,Rakdos Aggro,1.26
114,user_0114,Mono-Red Aggro,Mono-Red Aggro,2.77
114,user_0114,Dimir Control,Dimir Control,0.48
114,user_0114,Lifegain,Lifegain,1.46
114,user_0114,4c Insidious Roots (2),4c Insidious Roots,1.36
114,user_0114,Golgari Insidious Roots,Golgari Insidious Roots,1.67
114,user_0114,4c Reanimator,4c Reanimator,2.56
114,user_0114,Sultai Control,Sultai Control,1.15
114,user_0114,Sultai Reanimator,Sultai Reanimator,1.28
114,user_0114,Boros Token Control,Boros Token Control,0.37
114,user_0114,Dimir Bounce,Dimir Bounce,1.32
114,user_0114,Mono-White Tokens,Mono-White Tokens,2.01
114,user_0114,Golgari Midrange (2),Golgari Midrange,1.01
114,user_0114,Temur Floodcaller Combo,Temur Floodcaller Combo,1.46
114,user_0114,Orzhov Control,Orzhov Control,0.86
114,user_0114,Mardu Dragons,Mardu Dragons,1.81
114,user_0114,Boros Manufacturing,Boros Manufacturing,1.49
114,user_0114,Sultai Graveyard,Sultai Graveyard,1.03
114,user_0114,Grixis Artifacts,Grixis Artifacts,1.82
114,user_0114,Mono-Green Landfall,Mono-Green Landfall,2.58
114,user_0114,Orzhov Midrange,Orzhov Midrange,0.84
114,user_0114,Boros Dragons,Boros Dragons,1.56
114,user_0114,Selesnya Landfall,Selesnya Landfall,2.42
114,user_0114,Mono-Red Leyline Aggro,Mono-Red Leyline Aggro,0.55
114,user_0114,Gruul Leyline Aggro,Gruul Leyline Aggro,1.25
114,user_0114,Jeskai Control,Jeskai Control,3.02
114,user_0114,Jeskai Looting,Jeskai Looting,1.52
114,user_0114,Temur Kona,Temur Kona,1.76
114,user_0114,Izzet Prowess,Izzet Prowess,2.55
114,user_0114,Temur Lessons,Temur Lessons,2.36
114,user_0114,Izzet Omniscience,Izzet Omniscience,1.05
114,user_0114,4c Omniscience,4c Omniscience,1.74
114,user_0114,Golgari Dragons,Golgari Dragons,1.07
114,user_0114,4c Kona,4c Kona,1.57
114,user_0114,Bant Airbending Combo,Bant Airbending Combo,1.11
114,user_0114,4c Insidious Roots,4c Insidious Roots,1.62
114,user_0114,Izzet Midrange,Izzet Midrange,1.13
114,user_0114,Jeskai Artifacts,Jeskai Artifacts,1.93
114,user_0114,Jund Aggro,Jund Aggro,1.26
114,user_0114,Esper Self-Bounce,Esper Self-Bounce,1.22
115,user_0115,Bant Omniscience,Bant Omniscience,1.17
115,user_0115,Rakdos Sacrifice,Rakdos Sacrifice,0.93
115,user_0115,Selesnya Landfall,Selesnya Landfall,1.7
115,user_0115,Azorius Control,Azorius Control,1.45
115,user_0115,Boros Token Control,Boros Token Control,1.01
115,user_0115,Temur Battlecrier Combo,Temur Battlecrier Combo,1.2
115,user_0115,Golgari Insidious Roots,Golgari Insidious Roots,1.11
115,user_0115,Izzet,Izzet,1.09
115,user_0115,Abzan Insidious Roots,Abzan Insidious Roots,0.61
115,user_0115,Golgari Midrange,Golgari Midrange,1.47
115,user_0115,4c Insidious Roots,4c Insidious Roots,1.14
115,user_0115,Izzet Prowess,Izzet Prowess,2.08
115,user_0115,Sultai Control,Sultai Control,0.57
115,user_0115,Jeskai Self-Bounce,Jeskai Self-Bounce,0.87
115,user_0115,Mono-Red Leyline Aggro,Mono-Red Leyline Aggro,1.26
115,user_0115,Jeskai Control,Jeskai Control,2.56
115,user_0115,Temur Lessons,Temur Lessons,1.43
115,user_0115,Naya Yuna,Naya Yuna,1.15
115,user_0115,Golgari Midrange (2),Golgari Midrange,1.02
115,user_0115,Esper Self-Bounce,Esper Self-Bounce,1.39
115,user_0115,Rakdos Aggro,Rakdos Aggro,1.3
115,user_0115,Lifegain,Lifegain,1.3
115,user_0115,Orzhov Midrange,Orzhov Midrange,1.05
115,user_0115,Temur Floodcaller Combo,Temur Floodcaller Combo,1.09
115,user_0115,Izzet Midrange,Izzet Midrange,1.03
115,user_0115,4c Reanimator,4c Reanimator,2.88
115,user_0115,Simic Aggro,Simic Aggro,2.42
115,user_0115,Abzan Midrange,Abzan Midrange,0.63
115,user_0115,Simic Landfall,Simic Landfall,0.87
115,user_0115,Sultai Graveyard,Sultai Graveyard,1.07
115,user_0115,Grixis Leyline,Grixis Leyline,1.6
115,user_0115,4c Insidious Roots (2),4c Insidious Roots,0.75
115,user_0115,Temur Kona,Temur Kona,1.16
115,user_0115,Gruul Leyline Aggro,Gruul Leyline Aggro,1.38
115,user_0115,Bant Airbending Combo,Bant Airbending Combo,1.63
115,user_0115,Boros Dragons,Boros Dragons,1.14
115,user_0115,Gruul Random Encounter,Gruul Random Encounter,0.91
115,user_0115,4c Artifacts,4c Artifacts,0.91
115,user_0115,Izzet Lessons,Izzet Lessons,4.13
115,user_0115,Dimir Midrange,Dimir Midrange,3.44
115,user_0115,Gruul Aggro,Gruul Aggro,2.02
115,user_0115,Boros Burn,Boros Burn,1.42
115,user_0115,Boros Mice,Boros Mice,1.39
115,user_0115,Golgari Dragons,Golgari Dragons,0.91
115,user_0115,Izzet Aggro,Izzet Aggro,0.83
115,user_0115,4c Omniscience,4c Omniscience,0.67
115,user_0115,Izzet Omniscience,Izzet Omniscience,0.63
115,user_0115,Jund Aggro,Jund Aggro,1.78
115,user_0115,Simic Omniscience,Simic Omniscience,0.53
115,user_0115,Orzhov Self-Bounce,Orzhov Self-Bounce,0.69
115,user_0115,Jeskai Artifacts,Jeskai Artifacts,0.94
115,user_0115,4c Kona,4c Kona,1.23
115,user_0115,Mono-Black Midrange,Mono-Black Midrange,1.05
116,user_0116,Orzhov Midrange,Orzhov Midrange,1.98
116,user_0116,Boros Dragons,Boros Dragons,1.29
116,user_0116,Esper Self-Bounce,Esper Self-Bounce,0.94
116,user_0116,Golgari Insidious Roots,Golgari Insidious Roots,0.61
116,user_0116,Boros Aggro,Boros Aggro,1.1
116,user_0116,Izzet Midrange,Izzet Midrange,1.42
116,user_0116,Boros Leyline Aggro,Boros Leyline Aggro,1.11
116,user_0116,4c Artifacts,4c Artifacts,1.13
116,user_0116,Sultai Graveyard,Sultai Graveyard,0.79
116,user_0116,Orzhov Control,Orzhov Control,1.48
116,user_0116,4c Insidious Roots,4c Insidious Roots,1.1
116,user_0116,Mono-Red Aggro,Mono-Red Aggro,3.52
116,user_0116,Azorius Control,Azorius Control,1.07
116,user_0116,Izzet Omniscience,Izzet Omniscience,1.19
116,user_0116,Simic Midrange,Simic Midrange,1.68
116,user_0116,5c Reanimator,5c Reanimator,0.77
116,user_0116,Selesnya Landfall,Selesnya Landfall,1.43
116,user_0116,Temur Lessons,Temur Lessons,1.56
116,user_0116,Izzet Lessons,Izzet Lessons,3.85
116,user_0116,Rakdos Sacrifice,Rakdos Sacrifice,0.3
116,user_0116,Mono-Black Midrange,Mono-Black Midrange,1.28
116,user_0116,Lifegain,Lifegain,0.73
116,user_0116,Golgari Midrange,Golgari Midrange,2.13
116,user_0116,4c Control,4c Control,0.6
116,user_0116,Jeskai Artifacts,Jeskai Artifacts,0.72
117,user_0117,Mono-Green Landfall,Mono-Green Landfall,1.63
117,user_0117,Simic Landfall,Simic Landfall,1.35
117,user_0117,Jeskai Self-Bounce,Jeskai Self-Bounce,1.43
117,user_0117,Dimir Midrange,Dimir Midrange,2.88
117,user_0117,Temur Lessons,Temur Lessons,1.81
117,user_0117,Mono-Red Leyline Aggro,Mono-Red Leyline Aggro,1.79
117,user_0117,Lifegain,Lifegain,0.92
117,user_0117,Orzhov Midrange,Orzhov Midrange,0.96
117,user_0117,Jeskai Control,Jeskai Control,3.0
117,user_0117,Esper Self-Bounce,Esper Self-Bounce,0.61
117,user_0117,Gruul Random Encounter,Gruul Random Encounter,1.26
117,user_0117,Rakdos Aggro,Rakdos Aggro,1.31
117,user_0117,Jund Aggro,Jund Aggro,2.35
117,user_0117,Boros Token Control,Boros Token Control,1.17
117,user_0117,Temur Battlecrier Combo,Temur Battlecrier Combo,0.97
117,user_0117,Izzet Lessons,Izzet Lessons,3.41
117,user_0117,Izzet,Izzet,1.07
117,user_0117,Rakdos Sacrifice,Rakdos Sacrifice,1.86
117,user_0117,Sultai Reanimator,Sultai Reanimator,1.49
117,user_0117,Golgari Insidious Roots,Golgari Insidious Roots,1.48
117,user_0117,Golgari Dragons,Golgari Dragons,1.8
117,user_0117,Grixis Leyline,Grixis Leyline,1.04
117,user_0117,Temur Floodcaller Combo,Temur Floodcaller Combo,1.13
117,user_0117,Sultai Graveyard,Sultai Graveyard,1.03
117,user_0117,Naya Yuna,Naya Yuna,1.22
117,user_0117,Mardu Dragons,Mardu Dragons,1.03
117,user_0117,4c Artifacts,4c Artifacts,1.0
117,user_0117,Golgari Midrange,Golgari Midrange,0.93
117,user_0117,4c Control,4c Control,0.56
117,user_0117,Boros Dragons,Boros Dragons,1.02
117,user_0117,Mono-Red Aggro,Mono-Red Aggro,3.6
117,user_0117,4c Reanimator,4c Reanimator,2.84
117,user_0117,Simic Aggro,Simic Aggro,1.53
118,user_0118,Jund Aggro,Jund Aggro,1.56
118,user_0118,Golgari Midrange (2),Golgari Midrange,1.17
118,user_0118,Golgari Midrange,Golgari Midrange,1.11
118,user_0118,Dimir Midrange,Dimir Midrange,3.43
118,user_0118,Izzet Lessons,Izzet Lessons,4.81
118,user_0118,Gruul Leyline Aggro,Gruul Leyline Aggro,1.21
118,user_0118,Orzhov Self-Bounce,Orzhov Self-Bounce,1.48
118,user_0118,Orzhov Midrange,Orzhov Midrange,1.0
118,user_0118,Bant Airbending Combo,Bant Airbending Combo,1.43
118,user_0118,Izzet Omniscience,Izzet Omniscience,1.87
118,user_0118,Izzet Midrange,Izzet Midrange,1.07
118,user_0118,Mono-White Tokens,Mono-White Tokens,1.34
118,user_0118,Mono-Red Leyline Aggro,Mono-Red Leyline Aggro,0.87
118,user_0118,Simic Aggro,Simic Aggro,1.69
118,user_0118,4c Artifacts,4c Artifacts,1.59
118,user_0118,Mardu Dragons,Mardu Dragons,1.69
118,user_0118,Jeskai Control,Jeskai Control,2.79
118,user_0118,Jeskai Artifacts,Jeskai Artifacts,2.06
118,user_0118,Boros Manufacturing,Boros Manufacturing,1.79
118,user_0118,Sultai Control,Sultai Control,1.25
118,user_0118,Dimir Control,Dimir Control,0.41
118,user_0118,Simic Omniscience,Simic Omniscience,1.28
118,user_0118,Izzet,Izzet,1.33
118,user_0118,Mono-Green Landfall,Mono-Green Landfall,1.69
118,user_0118,Simic Midrange,Simic Midrange,1.42
118,user_0118,Abzan Midrange,Abzan Midrange,0.72
118,user_0118,Temur Lessons,Temur Lessons,2.05
118,user_0118,4c Reanimator,4c Reanimator,3.08
118,user_0118,Boros Burn,Boros Burn,1.56
118,user_0118,Izzet Prowess,Izzet Prowess,2.97
118,user_0118,Temur Floodcaller Combo,Temur Floodcaller Combo,1.05
118,user_0118,Mono-Black Midrange,Mono-Black Midrange,0.9
118,user_0118,Rakdos Aggro,Rakdos Aggro,0.56
118,user_0118,Bant Omniscience,Bant Omniscience,1.74
118,user_0118,Selesnya Landfall,Selesnya Landfall,2.06
118,user_0118,4c Insidious Roots,4c Insidious Roots,1.19
118,user_0118,4c Insidious Roots (2),4c Insidious Roots,1.28
118,user_0118,Boros Aggro,Boros Aggro,1.0
118,user_0118,Boros Mice,Boros Mice,1.1
118,user_0118,Esper Self-Bounce,Esper Self-Bounce,1.89
118,user_0118,Boros Token Control,Boros Token Control,0.95
118,user_0118,Naya Yuna,Naya Yuna,1.58
118,user_0118,Gruul Aggro,Gruul Aggro,1.16
118,user_0118,Temur Kona,Temur Kona,1.71
118,user_0118,Dimir Bounce,Dimir Bounce,1.65
118,user_0118,Sultai Reanimator,Sultai Reanimator,2.15
118,user_0118,4c Control,4c Control,0.83
118,user_0118,Boros Dragons,Boros Dragons,1.79
118,user_0118,Lifegain,Lifegain,1.52
118,user_0118,Mono-Red Aggro,Mono-Red Aggro,3.66
118,user_0118,5c Reanimator,5c Reanimator,1.3
118,user_0118,Izzet Aggro,Izzet Aggro,0.89
118,user_0118,Gruul Delirium,Gruul Delirium,1.37
119,user_0119,Mardu Dragons,Mardu Dragons,1.06
119,user_0119,Orzhov Self-Bounce,Orzhov Self-Bounce,1.16
119,user_0119,Abzan Insidious Roots,Abzan Insidious Roots,0.97
119,user_0119,Jeskai Artifacts,Jeskai Artifacts,1.13
119,user_0119,Lifegain,Lifegain,1.15
119,user_0119,Golgari Insidious Roots,Golgari Insidious Roots,1.22
119,user_0119,Gruul Delirium,Gruul Delirium,1.31
119,user_0119,Sultai Control,Sultai Control,1.13
119,user_0119,Esper Self-Bounce,Esper Self-Bounce,1.51
119,user_0119,Boros Token Control,Boros Token Control,1.14
119,user_0119,Mono-Red Aggro,Mono-Red Aggro,4.32
119,user_0119,Mono-White Tokens,Mono-White Tokens,1.2
119,user_0119,Izzet Aggro,Izzet Aggro,1.48
119,user_0119,4c Kona,4c Kona,1.15
119,user_0119,Boros Dragons,Boros Dragons,0.97
119,user_0119,4c Artifacts,4c Artifacts,1.16
119,user_0119,Golgari Midrange,Golgari Midrange,1.36
119,user_0119,Gruul Aggro,Gruul Aggro,1.69
119,user_0119,Mono-Green Landfall,Mono-Green Landfall,1.36
119,user_0119,Mono-Red Leyline Aggro,Mono-Red Leyline Aggro,1.49
119,user_0119,Simic Midrange,Simic Midrange,1.52
119,user_0119,Jeskai Looting,Jeskai Looting,1.17
119,user_0119,Dimir Control,Dimir Control,1.39
119,user_0119,Orzhov Control,Orzhov Control,0.91
119,user_0119,Azorius Control,Azorius Control,1.39
119,user_0119,Izzet Lessons,Izzet Lessons,3.66
119,user_0119,Boros Mice,Boros Mice,0.84
119,user_0119,4c Reanimator,4c Reanimator,1.93
119,user_0119,Golgari Dragons,Golgari Dragons,0.96
119,user_0119,Gruul Leyline Aggro,Gruul Leyline Aggro,1.78
119,user_0119,4c Insidious Roots (2),4c Insidious Roots,1.17
119,user_0119,Temur Kona,Temur Kona,1.61
119,user_0119,Abzan Midrange,Abzan Midrange,1.65
119,user_0119,Izzet Midrange,Izzet Midrange,0.85
119,user_0119,4c Omniscience,4c Omniscience,0.55
119,user_0119,Boros Burn,Boros Burn,1.08
119,user_0119,4c Control,4c Control,1.2
119,user_0119,Sultai Graveyard,Sultai Graveyard,1.0
119,user_0119,Izzet,Izzet,0.71
119,user_0119,Temur Floodcaller Combo,Temur Floodcaller Combo,1.29
119,user_0119,Grixis Leyline,Grixis Leyline,1.08
119,user_0119,Dimir Midrange,Dimir Midrange,4.01
119,user_0119,Rakdos Sacrifice,Rakdos Sacrifice,0.98
119,user_0119,Jeskai Self-Bounce,Jeskai Self-Bounce,0.72
119,user_0119,Naya Yuna,Naya Yuna,1.19
119,user_0119,Jund Aggro,Jund Aggro,1.84
119,user_0119,Boros Aggro,Boros Aggro,1.45
119,user_0119,Golgari Midrange (2),Golgari Midrange,0.83
119,user_0119,Gruul Random Encounter,Gruul Random Encounter,1.13
119,user_0119,Simic Aggro,Simic Aggro,1.7
119,user_0119,Sultai Reanimator,Sultai Reanimator,1.56
119,user_0119,Dimir Bounce,Dimir Bounce,1.96
119,user_0119,Temur Lessons,Temur Lessons,1.31
120,user_0120,Jeskai Looting,Jeskai Looting,1.5
120,user_0120,Bant Airbending Combo,Bant Airbending Combo,0.59
120,user_0120,4c Artifacts,4c Artifacts,0.85
120,user_0120,Izzet Midrange,Izzet Midrange,0.49
120,user_0120,Lifegain,Lifegain,0.7
120,user_0120,Boros Manufacturing,Boros Manufacturing,0.9
120,user_0120,Mardu Dragons,Mardu Dragons,1.14
120,user_0120,Orzhov Control,Orzhov Control,0.52
120,user_0120,Temur Kona,Temur Kona,1.7
120,user_0120,Boros Leyline Aggro,Boros Leyline Aggro,1.72
120,user_0120,4c Insidious Roots,4c Insidious Roots,0.61
120,user_0120,Boros Burn,Boros Burn,1.07
120,user_0120,Bant Omniscience,Bant Omniscience,1.24
120,user_0120,Simic Midrange,Simic Midrange,1.19
120,user_0120,Temur Lessons,Temur Lessons,1.61
120,user_0120,Grixis Leyline,Grixis Leyline,1.12
120,user_0120,Temur Battlecrier Combo,Temur Battlecrier Combo,1.01
120,user_0120,Mono-Red Aggro,Mono-Red Aggro,4.23
120,user_0120,Simic Landfall,Simic Landfall,0.93
120,user_0120,Sultai Graveyard,Sultai Graveyard,0.55
120,user_0120,5c Reanimator,5c Reanimator,1.84
120,user_0120,Izzet Prowess,Izzet Prowess,2.21
120,user_0120,4c Insidious Roots (2),4c Insidious Roots,1.04
120,user_0120,4c Kona,4c Kona,0.93
120,user_0120,Izzet Aggro,Izzet Aggro,2.04
120,user_0120,Simic Aggro,Simic Aggro,1.8
120,user_0120,Mono-White Tokens,Mono-White Tokens,0.74
120,user_0120,Gruul Leyline Aggro,Gruul Leyline Aggro,2.17
120,user_0120,Temur Floodcaller Combo,Temur Floodcaller Combo,1.29
120,user_0120,Dimir Bounce,Dimir Bounce,1.03
120,user_0120,Boros Mice,Boros Mice,0.84
120,user_0120,Abzan Midrange,Abzan Midrange,0.96
120,user_0120,Golgari Midrange (2),Golgari Midrange,0.84
120,user_0120,Mono-Black Midrange,Mono-Black Midrange,1.4
120,user_0120,Mono-Red Leyline Aggro,Mono-Red Leyline Aggro,1.73
120,user_0120,Boros Dragons,Boros Dragons,0.73
120,user_0120,Esper Self-Bounce,Esper Self-Bounce,1.69
120,user_0120,Izzet,Izzet,1.17
120,user_0120,Izzet Lessons,Izzet Lessons,3.31
120,user_0120,Golgari Insidious Roots,Golgari Insidious Roots,1.41
120,user_0120,Jeskai Control,Jeskai Control,3.08
120,user_0120,Abzan Insidious Roots,Abzan Insidious Roots,1.52
120,user_0120,Golgari Midrange,Golgari Midrange,1.38
121,user_0121,Sultai Graveyard,Sultai Graveyard,0.84
121,user_0121,Golgari Insidious Roots,Golgari Insidious Roots,0.77
121,user_0121,Golgari Dragons,Golgari Dragons,1.42
121,user_0121,5c Reanimator,5c Reanimator,0.62
121,user_0121,Mono-White Tokens,Mono-White Tokens,1.5
121,user_0121,Abzan Midrange,Abzan Midrange,0.87
121,user_0121,Mono-Red Aggro,Mono-Red Aggro,2.94
121,user_0121,Gruul Aggro,Gruul Aggro,0.54
121,user_0121,Bant Omniscience,Bant Omniscience,0.61
121,user_0121,Simic Landfall,Simic Landfall,0.77
121,user_0121,Izzet,Izzet,1.16
121,user_0121,Orzhov Control,Orzhov Control,1.58
121,user_0121,Gruul Delirium,Gruul Delirium,1.44
121,user_0121,Golgari Midrange (2),Golgari Midrange,0.75
121,user_0121,Jund Aggro,Jund Aggro,0.97
121,user_0121,Izzet Lessons,Izzet Lessons,4.4
121,user_0121,4c Omniscience,4c Omniscience,1.42
121,user_0121,Simic Omniscience,Simic Omniscience,0.74
121,user_0121,Boros Mice,Boros Mice,1.23
121,user_0121,4c Reanimator,4c Reanimator,1.8
121,user_0121,Rakdos Aggro,Rakdos Aggro,1.26
121,user_0121,Mono-Red Leyline Aggro,Mono-Red Leyline Aggro,0.77
121,user_0121,4c Control,4c Control,1.65
121,user_0121,Mono-Black Midrange,Mono-Black Midrange,0.82
121,user_0121,Jeskai Self-Bounce,Jeskai Self-Bounce,1.09
121,user_0121,Dimir Control,Dimir Control,1.51
121,user_0121,Orzhov Midrange,Orzhov Midrange,1.05
121,user_0121,Esper Self-Bounce,Esper Self-Bounce,0.9
121,user_0121,Izzet Omniscience,Izzet Omniscience,0.94
121,user_0121,Orzhov Self-Bounce,Orzhov Self-Bounce,0.94
121,user_0121,Golgari Midrange,Golgari Midrange,1.58
121,user_0121,Sultai Control,Sultai Control,1.84
121,user_0121,Simic Aggro,Simic Aggro,1.05
121,user_0121,Jeskai Artifacts,Jeskai Artifacts,1.12
121,user_0121,Selesnya Landfall,Selesnya Landfall,1.37
121,user_0121,Mardu Dragons,Mardu Dragons,1.31
121,user_0121,4c Insidious Roots (2),4c Insidious Roots,0.62
121,user_0121,Dimir Bounce,Dimir Bounce,1.08
121,user_0121,Izzet Looting,Izzet Looting,2.41
121,user_0121,Gruul Random Encounter,Gruul Random Encounter,0.8
121,user_0121,Azorius Control,Azorius Control,0.99
121,user_0121,Temur Floodcaller Combo,Temur Floodcaller Combo,1.35
121,user_0121,Abzan Insidious Roots,Abzan Insidious Roots,1.46
121,user_0121,4c Insidious Roots,4c Insidious Roots,1.13
122,user_0122,4c Insidious Roots,4c Insidious Roots,1.07
122,user_0122,Sultai Control,Sultai Control,1.41
122,user_0122,Izzet Lessons,Izzet Lessons,4.12
122,user_0122,Golgari Dragons,Golgari Dragons,1.51
122,user_0122,Mono-Green Landfall,Mono-Green Landfall,1.15
122,user_0122,Orzhov Self-Bounce,Orzhov Self-Bounce,1.35
122,user_0122,Dimir Bounce,Dimir Bounce,0.78
122,user_0122,Gruul Leyline Aggro,Gruul Leyline Aggro,1.37
122,user_0122,Izzet Omniscience,Izzet Omniscience,0.87
122,user_0122,Mardu Dragons,Mardu Dragons,0.96
122,user_0122,Izzet,Izzet,1.06
122,user_0122,Izzet Midrange,Izzet Midrange,1.33
122,user_0122,Izzet Prowess,Izzet Prowess,1.6
122,user_0122,Mono-White Tokens,Mono-White Tokens,1.19
122,user_0122,Simic Midrange,Simic Midrange,0.63
122,user_0122,Gruul Random Encounter,Gruul Random Encounter,0.99
122,user_0122,Jeskai Self-Bounce,Jeskai Self-Bounce,1.52
122,user_0122,Temur Kona,Temur Kona,2.08
122,user_0122,Naya Yuna,Naya Yuna,1.15
122,user_0122,Gruul Aggro,Gruul Aggro,0.68
122,user_0122,Izzet Looting,Izzet Looting,2.24
122,user_0122,Boros Aggro,Boros Aggro,0.78
122,user_0122,Sultai Reanimator,Sultai Reanimator,1.51
122,user_0122,Bant Omniscience,Bant Omniscience,1.15
122,user_0122,4c Reanimator,4c Reanimator,2.25
122,user_0122,Simic Landfall,Simic Landfall,0.9
122,user_0122,Selesnya Landfall,Selesnya Landfall,1.98
122,user_0122,4c Control,4c Control,1.38
123,user_0123,Izzet Omniscience,Izzet Omniscience,1.09
123,user_0123,Bant Airbending Combo,Bant Airbending Combo,0.94
123,user_0123,Abzan Insidious Roots,Abzan Insidious Roots,1.56
123,user_0123,Jeskai Self-Bounce,Jeskai Self-Bounce,1.2
123,user_0123,Mardu Dragons,Mardu Dragons,0.92
123,user_0123,4c Control,4c Control,1.82
123,user_0123,Boros Burn,Boros Burn,1.61
123,user_0123,Jeskai Control,Jeskai Control,3.99
123,user_0123,Boros Mice,Boros Mice,0.74
123,user_0123,4c Insidious Roots,4c Insidious Roots,1.11
123,user_0123,Golgari Midrange,Golgari Midrange,1.59
123,user_0123,Izzet Looting,Izzet Looting,2.58
123,user_0123,Temur Kona,Temur Kona,1.02
123,user_0123,4c Artifacts,4c Artifacts,1.38
123,user_0123,4c Insidious Roots (2),4c Insidious Roots,1.26
123,user_0123,Boros Dragons,Boros Dragons,0.88
123,user_0123,Mono-Green Landfall,Mono-Green Landfall,1.65
123,user_0123,Mono-Black Midrange,Mono-Black Midrange,1.07
123,user_0123,Temur Battlecrier Combo,Temur Battlecrier Combo,1.24
123,user_0123,Dimir Bounce,Dimir Bounce,1.17
123,user_0123,Naya Yuna,Naya Yuna,0.92
123,user_0123,Jeskai Artifacts,Jeskai Artifacts,1.17
123,user_0123,Simic Midrange,Simic Midrange,0.23
123,user_0123,Golgari Midrange (2),Golgari Midrange,0.59
123,user_0123,Bant Omniscience,Bant Omniscience,0.82
123,user_0123,Izzet Midrange,Izzet Midrange,0.52
123,user_0123,Rakdos Aggro,Rakdos Aggro,1.94
123,user_0123,Mono-Red Aggro,Mono-Red Aggro,3.54
123,user_0123,Mono-White Tokens,Mono-White Tokens,1.08
123,user_0123,Temur Lessons,Temur Lessons,1.33
123,user_0123,Temur Floodcaller Combo,Temur Floodcaller Combo,1.06
123,user_0123,Boros Aggro,Boros Aggro,1.06
123,user_0123,Boros Manufacturing,Boros Manufacturing,0.97
123,user_0123,Izzet Lessons,Izzet Lessons,4.01
123,user_0123,Simic Omniscience,Simic Omniscience,1.46
124,user_0124,Abzan Insidious Roots,Abzan Insidious Roots,1.02
124,user_0124,Orzhov Self-Bounce,Orzhov Self-Bounce,0.98
124,user_0124,Dimir Midrange,Dimir Midrange,3.11
124,user_0124,Boros Manufacturing,Boros Manufacturing,0.91
124,user_0124,Izzet Midrange,Izzet Midrange,0.71
124,user_0124,Boros Mice,Boros Mice,1.05
124,user_0124,Gruul Random Encounter,Gruul Random Encounter,1.01
124,user_0124,Bant Omniscience,Bant Omniscience,0.48
124,user_0124,Mono-Green Landfall,Mono-Green Landfall,1.72
124,user_0124,Golgari Midrange (2),Golgari Midrange,0.74
124,user_0124,Simic Omniscience,Simic Omniscience,0.95
124,user_0124,Izzet Looting,Izzet Looting,2.58
124,user_0124,Temur Kona,Temur Kona,1.32
124,user_0124,Dimir Control,Dimir Control,1.02
124,user_0124,5c Reanimator,5c Reanimator,1.07
124,user_0124,Azorius Control,Azorius Control,1.32
124,user_0124,Temur Floodcaller Combo,Temur Floodcaller Combo,1.69
124,user_0124,Izzet Aggro,Izzet Aggro,1.16
124,user_0124,Jeskai Artifacts,Jeskai Artifacts,1.31
124,user_0124,4c Artifacts,4c Artifacts,1.09
124,user_0124,Mono-Red Leyline Aggro,Mono-Red Leyline Aggro,1.48
124,user_0124,Abzan Midrange,Abzan Midrange,0.85
124,user_0124,4c Kona,4c Kona,0.55
124,user_0124,Simic Landfall,Simic Landfall,0.66
124,user_0124,Izzet Prowess,Izzet Prowess,1.92
124,user_0124,Jeskai Self-Bounce,Jeskai Self-Bounce,0.86
124,user_0124,Jund Aggro,Jund Aggro,0.98
124,user_0124,Sultai Graveyard,Sultai Graveyard,1.25
124,user_0124,Temur Battlecrier Combo,Temur Battlecrier Combo,0.82
124,user_0124,Izzet,Izzet,1.58
124,user_0124,Jeskai Looting,Jeskai Looting,1.29
125,user_0125,Simic Midrange,Simic Midrange,1.04
125,user_0125,Dimir Control,Dimir Control,1.56
125,user_0125,Gruul Random Encounter,Gruul Random Encounter,1.18
125,user_0125,Izzet Omniscience,Izzet Omniscience,0.03
125,user_0125,Bant Omniscience,Bant Omniscience,1.34
125,user_0125,Boros Manufacturing,Boros Manufacturing,1.19
125,user_0125,Izzet Aggro,Izzet Aggro,1.22
125,user_0125,Orzhov Self-Bounce,Orzhov Self-Bounce,0.85
125,user_0125,4c Insidious Roots (2),4c Insidious Roots,1.01
125,user_0125,Sultai Control,Sultai Control,1.67
125,user_0125,Abzan Midrange,Abzan Midrange,1.6
125,user_0125,Dimir Midrange,Dimir Midrange,3.08
125,user_0125,Temur Kona,Temur Kona,1.35
125,user_0125,Gruul Leyline Aggro,Gruul Leyline Aggro,0.85
125,user_0125,Gruul Delirium,Gruul Delirium,1.25
125,user_0125,Orzhov Control,Orzhov Control,1.98
125,user_0125,Grixis Leyline,Grixis Leyline,1.02
125,user_0125,5c Reanimator,5c Reanimator,1.0
125,user_0125,4c Artifacts,4c Artifacts,0.85
125,user_0125,Boros Mice,Boros Mice,0.94
125,user_0125,Rakdos Sacrifice,Rakdos Sacrifice,1.56
125,user_0125,Boros Dragons,Boros Dragons,1.65
125,user_0125,Golgari Midrange,Golgari Midrange,1.85
125,user_0125,Azorius Control,Azorius Control,1.72
125,user_0125,Golgari Insidious Roots,Golgari Insidious Roots,1.18
125,user_0125,Sultai Graveyard,Sultai Graveyard,1.39
125,user_0125,Rakdos Aggro,Rakdos Aggro,1.09
125,user_0125,Jeskai Control,Jeskai Control,3.54
125,user_0125,4c Omniscience,4c Omniscience,0.95
125,user_0125,4c Kona,4c Kona,0.48
125,user_0125,Izzet Prowess,Izzet Prowess,1.78
125,user_0125,4c Reanimator,4c Reanimator,1.89
125,user_0125,Jeskai Self-Bounce,Jeskai Self-Bounce,1.17
125,user_0125,Simic Aggro,Simic Aggro,1.09
125,user_0125,Simic Landfall,Simic Landfall,0.9
125,user_0125,4c Control,4c Control,1.47
125,user_0125,Jeskai Looting,Jeskai Looting,1.23
125,user_0125,Golgari Midrange (2),Golgari Midrange,0.92
125,user_0125,Temur Floodcaller Combo,Temur Floodcaller Combo,1.29
125,user_0125,Abzan Insidious Roots,Abzan Insidious Roots,1.49
125,user_0125,Jund Aggro,Jund Aggro,0.88
125,user_0125,Boros Aggro,Boros Aggro,1.01
125,user_0125,Mono-White Tokens,Mono-White Tokens,1.24
125,user_0125,Simic Omniscience,Simic Omniscience,0.81
125,user_0125,4c Insidious Roots,4c Insidious Roots,1.13
125,user_0125,Mardu Dragons,Mardu Dragons,1.09
125,user_0125,Jeskai Artifacts,Jeskai Artifacts,1.47
125,user_0125,Boros Leyline Aggro,Boros Leyline Aggro,1.01
125,user_0125,Sultai Reanimator,Sultai Reanimator,1.4
125,user_0125,Mono-Red Aggro,Mono-Red Aggro,3.46
125,user_0125,Naya Yuna,Naya Yuna,0.76
125,user_0125,Gruul Aggro,Gruul Aggro,0.95
125,user_0125,Boros Burn,Boros Burn,1.14
126,user_0126,Jund Aggro,Jund Aggro,1.07
126,user_0126,Temur Lessons,Temur Lessons,1.55
126,user_0126,Simic Aggro,Simic Aggro,0.91
126,user_0126,Sultai Reanimator,Sultai Reanimator,1.22
126,user_0126,Grixis Leyline,Grixis Leyline,1.05
126,user_0126,Mono-Red Aggro,Mono-Red Aggro,2.87
126,user_0126,4c Kona,4c Kona,1.39
126,user_0126,Boros Manufacturing,Boros Manufacturing,1.13
126,user_0126,4c Control,4c Control,0.81
126,user_0126,Orzhov Control,Orzhov Control,1.07
126,user_0126,Boros Leyline Aggro,Boros Leyline Aggro,0.85
126,user_0126,Boros Burn,Boros Burn,0.89
126,user_0126,Golgari Midrange (2),Golgari Midrange,1.19
126,user_0126,Golgari Dragons,Golgari Dragons,1.65
126,user_0126,Boros Token Control,Boros Token Control,0.66
126,user_0126,Jeskai Looting,Jeskai Looting,0.31
126,user_0126,Orzhov Midrange,Orzhov Midrange,0.58
126,user_0126,Azorius Control,Azorius Control,1.38
126,user_0126,Mono-Red Leyline Aggro,Mono-Red Leyline Aggro,1.27
126,user_0126,Sultai Graveyard,Sultai Graveyard,1.71
126,user_0126,Lifegain,Lifegain,1.01
126,user_0126,Gruul Leyline Aggro,Gruul Leyline Aggro,1.08
126,user_0126,Simic Midrange,Simic Midrange,0.64
126,user_0126,4c Insidious Roots,4c Insidious Roots,0.75
126,user_0126,Temur Battlecrier Combo,Temur Battlecrier Combo,1.1
126,user_0126,4c Insidious Roots (2),4c Insidious Roots,0.52
126,user_0126,Dimir Control,Dimir Control,0.33
126,user_0126,Golgari Insidious Roots,Golgari Insidious Roots,0.62
126,user_0126,Izzet Aggro,Izzet Aggro,1.49
126,user_0126,Izzet Prowess,Izzet Prowess,2.55
126,user_0126,Gruul Aggro,Gruul Aggro,1.04
126,user_0126,Izzet Midrange,Izzet Midrange,0.92
126,user_0126,5c Reanimator,5c Reanimator,0.79
126,user_0126,Orzhov Self-Bounce,Orzhov Self-Bounce,1.13
126,user_0126,Gruul Delirium,Gruul Delirium,0.88
126,user_0126,Mono-White Tokens,Mono-White Tokens,1.71
126,user_0126,Boros Dragons,Boros Dragons,1.26
126,user_0126,Simic Landfall,Simic Landfall,0.88
126,user_0126,Temur Floodcaller Combo,Temur Floodcaller Combo,1.74
126,user_0126,Bant Omniscience,Bant Omniscience,0.92
126,user_0126,Mono-Green Landfall,Mono-Green Landfall,1.03
126,user_0126,Abzan Midrange,Abzan Midrange,1.27
126,user_0126,Izzet Omniscience,Izzet Omniscience,0.35
126,user_0126,Sultai Control,Sultai Control,1.54
126,user_0126,Rakdos Sacrifice,Rakdos Sacrifice,0.79
126,user_0126,Simic Omniscience,Simic Omniscience,1.23
126,user_0126,Izzet Lessons,Izzet Lessons,4.21
126,user_0126,Jeskai Self-Bounce,Jeskai Self-Bounce,0.81
126,user_0126,Golgari Midrange,Golgari Midrange,1.55
126,user_0126,4c Omniscience,4c Omniscience,1.08
126,user_0126,Bant Airbending Combo,Bant Airbending Combo,1.91
126,user_0126,Dimir Bounce,Dimir Bounce,0.76
126,user_0126,Mardu Dragons,Mardu Dragons,0.9
126,user_0126,Grixis Artifacts,Grixis Artifacts,0.83
126,user_0126,Rakdos Aggro,Rakdos Aggro,0.91
127,user_0127,Golgari Dragons,Golgari Dragons,1.64
127,user_0127,Mono-White Tokens,Mono-White Tokens,1.03
127,user_0127,Naya Yuna,Naya Yuna,0.86
127,user_0127,Boros Aggro,Boros Aggro,1.61
127,user_0127,Esper Self-Bounce,Esper Self-Bounce,1.26
127,user_0127,Izzet Looting,Izzet Looting,2.65
127,user_0127,Izzet Omniscience,Izzet Omniscience,1.06
127,user_0127,4c Reanimator,4c Reanimator,2.12
127,user_0127,Simic Midrange,Simic Midrange,1.4
127,user_0127,Sultai Reanimator,Sultai Reanimator,0.84
127,user_0127,Mono-Black Midrange,Mono-Black Midrange,1.47
127,user_0127,Simic Aggro,Simic Aggro,0.9
127,user_0127,4c Omniscience,4c Omniscience,0.9
127,user_0127,Mardu Dragons,Mardu Dragons,1.13
127,user_0127,Rakdos Aggro,Rakdos Aggro,1.17
127,user_0127,Izzet Lessons,Izzet Lessons,3.76
127,user_0127,Bant Omniscience,Bant Omniscience,0.89
127,user_0127,Sultai Graveyard,Sultai Graveyard,1.06
127,user_0127,Selesnya Landfall,Selesnya Landfall,2.47
127,user_0127,Jeskai Self-Bounce,Jeskai Self-Bounce,1.59
127,user_0127,4c Control,4c Control,1.14
127,user_0127,Gruul Delirium,Gruul Delirium,1.45
127,user_0127,Orzhov Midrange,Orzhov Midrange,1.51
127,user_0127,Dimir Midrange,Dimir Midrange,3.21
127,user_0127,Jeskai Artifacts,Jeskai Artifacts,0.55
127,user_0127,4c Kona,4c Kona,1.17
127,user_0127,Dimir Control,Dimir Control,1.3
127,user_0127,Abzan Midrange,Abzan Midrange,1.37
127,user_0127,Sultai Control,Sultai Control,0.87
128,user_0128,Dimir Midrange,Dimir Midrange,3.65
128,user_0128,Bant Airbending Combo,Bant Airbending Combo,1.67
128,user_0128,Gruul Random Encounter,Gruul Random Encounter,0.9
128,user_0128,Mardu Dragons,Mardu Dragons,1.59
128,user_0128,Temur Battlecrier Combo,Temur Battlecrier Combo,0.84
128,user_0128,Gruul Delirium,Gruul Delirium,1.43
128,user_0128,Temur Lessons,Temur Lessons,0.83
128,user_0128,Izzet Looting,Izzet Looting,1.98
128,user_0128,4c Insidious Roots,4c Insidious Roots,0.95
128,user_0128,Golgari Dragons,Golgari Dragons,1.37
128,user_0128,Jeskai Self-Bounce,Jeskai Self-Bounce,1.34
128,user_0128,Izzet Midrange,Izzet Midrange,1.36
128,user_0128,Orzhov Control,Orzhov Control,0.94
128,user_0128,Lifegain,Lifegain,0.85
128,user_0128,Orzhov Self-Bounce,Orzhov Self-Bounce,1.83
128,user_0128,Simic Omniscience,Simic Omniscience,0.57
128,user_0128,4c Omniscience,4c Omniscience,1.23
128,user_0128,Simic Aggro,Simic Aggro,1.37
128,user_0128,Bant Omniscience,Bant Omniscience,0.97
128,user_0128,Gruul Aggro,Gruul Aggro,1.18
128,user_0128,Jeskai Artifacts,Jeskai Artifacts,1.42
128,user_0128,Rakdos Aggro,Rakdos Aggro,2.06
128,user_0128,Gruul Leyline Aggro,Gruul Leyline Aggro,1.25
128,user_0128,4c Control,4c Control,1.2
128,user_0128,Dimir Bounce,Dimir Bounce,1.14
128,user_0128,Boros Burn,Boros Burn,1.41
128,user_0128,Golgari Midrange,Golgari Midrange,2.23
128,user_0128,Orzhov Midrange,Orzhov Midrange,1.15
128,user_0128,Esper Self-Bounce,Esper Self-Bounce,0.95
128,user_0128,Izzet Aggro,Izzet Aggro,1.13
128,user_0128,4c Reanimator,4c Reanimator,2.15
128,user_0128,Temur Kona,Temur Kona,1.31
128,user_0128,Mono-Red Leyline Aggro,Mono-Red Leyline Aggro,1.09
128,user_0128,Rakdos Sacrifice,Rakdos Sacrifice,1.12
128,user_0128,Mono-Black Midrange,Mono-Black Midrange,1.62
128,user_0128,Izzet,Izzet,0.95
128,user_0128,Azorius Control,Azorius Control,0.85
128,user_0128,Temur Floodcaller Combo,Temur Floodcaller Combo,1.4
128,user_0128,Grixis Leyline,Grixis Leyline,1.23
128,user_0128,Golgari Insidious Roots,Golgari Insidious Roots,0.89
128,user_0128,Mono-Red Aggro,Mono-Red Aggro,3.38
128,user_0128,Simic Landfall,Simic Landfall,1.52
128,user_0128,Izzet Lessons,Izzet Lessons,3.96
128,user_0128,Sultai Reanimator,Sultai Reanimator,1.84
128,user_0128,4c Artifacts,4c Artifacts,1.11
128,user_0128,Boros Dragons,Boros Dragons,0.61
129,user_0129,4c Artifacts,4c Artifacts,1.27
129,user_0129,Mono-Red Leyline Aggro,Mono-Red Leyline Aggro,1.62
129,user_0129,Orzhov Midrange,Orzhov Midrange,1.23
129,user_0129,Dimir Midrange,Dimir Midrange,3.85
129,user_0129,4c Omniscience,4c Omniscience,1.4
129,user_0129,Jeskai Looting,Jeskai Looting,0.38
129,user_0129,Abzan Midrange,Abzan Midrange,1.59
129,user_0129,Abzan Insidious Roots,Abzan Insidious Roots,0.78
129,user_0129,Mardu Dragons,Mardu Dragons,1.39
129,user_0129,4c Insidious Roots,4c Insidious Roots,0.55
129,user_0129,5c Reanimator,5c Reanimator,0.87
129,user_0129,Orzhov Self-Bounce,Orzhov Self-Bounce,1.3
129,user_0129,Azorius Control,Azorius Control,1.26
129,user_0129,4c Control,4c Control,1.08
129,user_0129,Simic Landfall,Simic Landfall,0.87
129,user_0129,Temur Battlecrier Combo,Temur Battlecrier Combo,1.25
129,user_0129,Rakdos Aggro,Rakdos Aggro,0.88
129,user_0129,Lifegain,Lifegain,0.83
129,user_0129,Golgari Insidious Roots,Golgari Insidious Roots,1.02
129,user_0129,Golgari Dragons,Golgari Dragons,1.25
129,user_0129,Sultai Graveyard,Sultai Graveyard,0.38
129,user_0129,4c Kona,4c Kona,0.33
129,user_0129,Golgari Midrange (2),Golgari Midrange,1.46
129,user_0129,Izzet Looting,Izzet Looting,2.2
129,user_0129,Izzet Midrange,Izzet Midrange,1.57
129,user_0129,Simic Aggro,Simic Aggro,0.31
129,user_0129,Izzet Omniscience,Izzet Omniscience,0.99
129,user_0129,Jeskai Control,Jeskai Control,3.05
129,user_0129,Gruul Delirium,Gruul Delirium,0.88
129,user_0129,Gruul Leyline Aggro,Gruul Leyline Aggro,0.88
129,user_0129,Gruul Aggro,Gruul Aggro,0.99
129,user_0129,Boros Manufacturing,Boros Manufacturing,1.04
129,user_0129,Jeskai Artifacts,Jeskai Artifacts,0.98
129,user_0129,Izzet Aggro,Izzet Aggro,0.7
130,user_0130,Izzet,Izzet,0.79
130,user_0130,Gruul Random Encounter,Gruul Random Encounter,1.41
130,user_0130,Jeskai Control,Jeskai Control,3.1
130,user_0130,Simic Midrange,Simic Midrange,1.25
130,user_0130,Golgari Midrange,Golgari Midrange,1.43
130,user_0130,Jeskai Looting,Jeskai Looting,0.4
130,user_0130,Izzet Aggro,Izzet Aggro,1.12
130,user_0130,Sultai Graveyard,Sultai Graveyard,1.54
130,user_0130,Temur Battlecrier Combo,Temur Battlecrier Combo,1.55
130,user_0130,Izzet Midrange,Izzet Midrange,1.09
130,user_0130,4c Kona,4c Kona,1.0
130,user_0130,Dimir Midrange,Dimir Midrange,2.94
130,user_0130,Azorius Control,Azorius Control,1.97
130,user_0130,Boros Mice,Boros Mice,0.98
130,user_0130,Rakdos Aggro,Rakdos Aggro,0.89
130,user_0130,Lifegain,Lifegain,1.03
130,user_0130,Jeskai Self-Bounce,Jeskai Self-Bounce,0.93
130,user_0130,4c Insidious Roots,4c Insidious Roots,1.54
130,user_0130,Mardu Dragons,Mardu Dragons,0.91
130,user_0130,Orzhov Midrange,Orzhov Midrange,1.02
130,user_0130,Jund Aggro,Jund Aggro,0.87
130,user_0130,Grixis Artifacts,Grixis Artifacts,1.09
130,user_0130,Orzhov Control,Orzhov Control,1.5
130,user_0130,Bant Omniscience,Bant Omniscience,0.96
130,user_0130,4c Artifacts,4c Artifacts,0.9
130,user_0130,Izzet Omniscience,Izzet Omniscience,1.98
130,user_0130,Orzhov Self-Bounce,Orzhov Self-Bounce,1.07
130,user_0130,Mono-White Tokens,Mono-White Tokens,0.9
130,user_0130,Esper Self-Bounce,Esper Self-Bounce,1.13
130,user_0130,Gruul Delirium,Gruul Delirium,1.23
130,user_0130,Mono-Red Leyline Aggro,Mono-Red Leyline Aggro,0.71
130,user_0130,Abzan Midrange,Abzan Midrange,1.26
130,user_0130,Dimir Control,Dimir Control,1.59
130,user_0130,Rakdos Sacrifice,Rakdos Sacrifice,0.45
130,user_0130,4c Reanimator,4c Reanimator,1.99
130,user_0130,Mono-Green Landfall,Mono-Green Landfall,1.39
130,user_0130,Simic Aggro,Simic Aggro,1.67
130,user_0130,Temur Floodcaller Combo,Temur Floodcaller Combo,0.77
131,user_0131,Mardu Dragons,Mardu Dragons,1.07
131,user_0131,Jeskai Control,Jeskai Control,3.84
131,user_0131,Grixis Leyline,Grixis Leyline,1.49
131,user_0131,Simic Aggro,Simic Aggro,0.74
131,user_0131,Boros Token Control,Boros Token Control,1.69
131,user_0131,Temur Kona,Temur Kona,1.67
131,user_0131,Izzet,Izzet,1.14
131,user_0131,Bant Airbending Combo,Bant Airbending Combo,1.27
131,user_0131,Orzhov Control,Orzhov Control,1.03
131,user_0131,Gruul Aggro,Gruul Aggro,1.33
131,user_0131,Abzan Insidious Roots,Abzan Insidious Roots,0.79
131,user_0131,4c Artifacts,4c Artifacts,1.13
131,user_0131,Izzet Aggro,Izzet Aggro,0.41
131,user_0131,Mono-Red Aggro,Mono-Red Aggro,2.76
131,user_0131,4c Insidious Roots (2),4c Insidious Roots,1.26
131,user_0131,Grixis Artifacts,Grixis Artifacts,1.03
131,user_0131,Izzet Lessons,Izzet Lessons,4.53
131,user_0131,Boros Aggro,Boros Aggro,1.33
131,user_0131,Izzet Omniscience,Izzet Omniscience,1.6
131,user_0131,Naya Yuna,Naya Yuna,0.95
131,user_0131,Orzhov Midrange,Orzhov Midrange,1.21
131,user_0131,Esper Self-Bounce,Esper Self-Bounce,1.36
131,user_0131,Gruul Random Encounter,Gruul Random Encounter,1.62
131,user_0131,Bant Omniscience,Bant Omniscience,0.95
131,user_0131,Izzet Prowess,Izzet Prowess,2.35
131,user_0131,Boros Burn,Boros Burn,1.11
131,user_0131,Jeskai Self-Bounce,Jeskai Self-Bounce,0.7
131,user_0131,4c Omniscience,4c Omniscience,0.96
131,user_0131,Temur Floodcaller Combo,Temur Floodcaller Combo,1.16
131,user_0131,Orzhov Self-Bounce,Orzhov Self-Bounce,0.26
131,user_0131,Lifegain,Lifegain,1.07
131,user_0131,Dimir Bounce,Dimir Bounce,1.19
131,user_0131,Izzet Midrange,Izzet Midrange,1.02
131,user_0131,Dimir Midrange,Dimir Midrange,3.75
131,user_0131,Simic Omniscience,Simic Omniscience,0.84
131,user_0131,4c Kona,4c Kona,0.94
131,user_0131,Temur Battlecrier Combo,Temur Battlecrier Combo,1.08
131,user_0131,Sultai Graveyard,Sultai Graveyard,1.3
131,user_0131,Simic Midrange,Simic Midrange,0.65
131,user_0131,Mono-White Tokens,Mono-White Tokens,0.72
131,user_0131,Dimir Control,Dimir Control,1.17
131,user_0131,Boros Manufacturing,Boros Manufacturing,0.94
131,user_0131,Sultai Reanimator,Sultai Reanimator,1.37
131,user_0131,Abzan Midrange,Abzan Midrange,0.64
131,user_0131,Mono-Red Leyline Aggro,Mono-Red Leyline Aggro,0.57
131,user_0131,Gruul Leyline Aggro,Gruul Leyline Aggro,1.52
131,user_0131,5c Reanimator,5c Reanimator,0.79
131,user_0131,Jund Aggro,Jund Aggro,0.8
131,user_0131,Boros Leyline Aggro,Boros Leyline Aggro,1.58
131,user_0131,Sultai Control,Sultai Control,1.85
132,user_0132,Golgari Dragons,Golgari Dragons,1.28
132,user_0132,Sultai Control,Sultai Control,1.11
132,user_0132,Grixis Artifacts,Grixis Artifacts,2.22
132,user_0132,Rakdos Sacrifice,Rakdos Sacrifice,1.76
132,user_0132,Dimir Midrange,Dimir Midrange,3.64
132,user_0132,Boros Mice,Boros Mice,1.3
132,user_0132,Abzan Insidious Roots,Abzan Insidious Roots,1.58
132,user_0132,Boros Dragons,Boros Dragons,1.89
132,user_0132,Simic Midrange,Simic Midrange,1.19
132,user_0132,Bant Omniscience,Bant Omniscience,1.84
132,user_0132,Bant Airbending Combo,Bant Airbending Combo,1.51
132,user_0132,Gruul Random Encounter,Gruul Random Encounter,1.42
132,user_0132,Gruul Aggro,Gruul Aggro,0.89
132,user_0132,Orzhov Self-Bounce,Orzhov Self-Bounce,2.22
132,user_0132,Temur Kona,Temur Kona,2.13
132,user_0132,Mono-Red Aggro,Mono-Red Aggro,3.34
132,user_0132,Golgari Midrange,Golgari Midrange,0.73
132,user_0132,Golgari Midrange (2),Golgari Midrange,0.91
132,user_0132,Grixis Leyline,Grixis Leyline,0.95
132,user_0132,Abzan Midrange,Abzan Midrange,0.5
132,user_0132,Golgari Insidious Roots,Golgari Insidious Roots,1.33
132,user_0132,Izzet Lessons,Izzet Lessons,3.89
132,user_0132,Simic Aggro,Simic Aggro,1.49
132,user_0132,Izzet,Izzet,1.42
132,user_0132,Izzet Looting,Izzet Looting,3.61
132,user_0132,Selesnya Landfall,Selesnya Landfall,1.88
132,user_0132,Jeskai Control,Jeskai Control,3.24
132,user_0132,Boros Aggro,Boros Aggro,1.39
132,user_0132,Esper Self-Bounce,Esper Self-Bounce,1.42
132,user_0132,Jeskai Self-Bounce,Jeskai Self-Bounce,1.95
132,user_0132,Temur Lessons,Temur Lessons,2.22
132,user_0132,Temur Floodcaller Combo,Temur Floodcaller Combo,1.11
133,user_0133,4c Reanimator,4c Reanimator,2.04
133,user_0133,Orzhov Self-Bounce,Orzhov Self-Bounce,0.85
133,user_0133,5c Reanimator,5c Reanimator,0.55
133,user_0133,Jeskai Looting,Jeskai Looting,1.31
133,user_0133,Bant Omniscience,Bant Omniscience,0.74
133,user_0133,Izzet Lessons,Izzet Lessons,4.08
133,user_0133,Temur Floodcaller Combo,Temur Floodcaller Combo,0.73
133,user_0133,Dimir Control,Dimir Control,0.78
133,user_0133,Selesnya Landfall,Selesnya Landfall,1.63
133,user_0133,Lifegain,Lifegain,1.44
133,user_0133,Mono-Red Leyline Aggro,Mono-Red Leyline Aggro,2.12
133,user_0133,Jund Aggro,Jund Aggro,1.24
133,user_0133,Boros Dragons,Boros Dragons,1.34
133,user_0133,Abzan Midrange,Abzan Midrange,0.4
133,user_0133,Dimir Bounce,Dimir Bounce,1.09
133,user_0133,Boros Leyline Aggro,Boros Leyline Aggro,1.14
133,user_0133,Simic Aggro,Simic Aggro,1.78
133,user_0133,Gruul Random Encounter,Gruul Random Encounter,0.73
133,user_0133,Bant Airbending Combo,Bant Airbending Combo,1.19
133,user_0133,Izzet Omniscience,Izzet Omniscience,0.95
133,user_0133,Dimir Midrange,Dimir Midrange,3.59
133,user_0133,Boros Mice,Boros Mice,1.35
133,user_0133,Temur Battlecrier Combo,Temur Battlecrier Combo,0.56
133,user_0133,Izzet Midrange,Izzet Midrange,1.1
133,user_0133,4c Insidious Roots (2),4c Insidious Roots,1.13
133,user_0133,Boros Manufacturing,Boros Manufacturing,0.98
133,user_0133,Sultai Control,Sultai Control,1.46
133,user_0133,Golgari Midrange,Golgari Midrange,1.98
133,user_0133,Mono-Red Aggro,Mono-Red Aggro,3.59
133,user_0133,Gruul Aggro,Gruul Aggro,1.65
133,user_0133,Izzet Aggro,Izzet Aggro,1.56
134,user_0134,5c Reanimator,5c Reanimator,1.7
134,user_0134,Dimir Midrange,Dimir Midrange,3.71
134,user_0134,Naya Yuna,Naya Yuna,1.88
134,user_0134,Orzhov Self-Bounce,Orzhov Self-Bounce,0.87
134,user_0134,Boros Aggro,Boros Aggro,1.24
134,user_0134,Jeskai Self-Bounce,Jeskai Self-Bounce,1.54
134,user_0134,4c Insidious Roots (2),4c Insidious Roots,2.25
134,user_0134,Boros Mice,Boros Mice,1.31
134,user_0134,Golgari Midrange (2),Golgari Midrange,0.76
134,user_0134,Izzet,Izzet,1.36
134,user_0134,Sultai Reanimator,Sultai Reanimator,1.64
134,user_0134,Grixis Artifacts,Grixis Artifacts,1.65
134,user_0134,Golgari Midrange,Golgari Midrange,1.19
134,user_0134,Mono-Red Leyline Aggro,Mono-Red Leyline Aggro,0.89
134,user_0134,Grixis Leyline,Grixis Leyline,0.99
134,user_0134,Izzet Lessons,Izzet Lessons,4.97
134,user_0134,Mono-Black Midrange,Mono-Black Midrange,1.32
134,user_0134,Selesnya Landfall,Selesnya Landfall,2.27
134,user_0134,Izzet Prowess,Izzet Prowess,2.74
134,user_0134,Lifegain,Lifegain,2.14
134,user_0134,Izzet Midrange,Izzet Midrange,1.21
134,user_0134,Abzan Midrange,Abzan Midrange,1.59
134,user_0134,Simic Aggro,Simic Aggro,1.6
134,user_0134,Boros Manufacturing,Boros Manufacturing,1.78
134,user_0134,Azorius Control,Azorius Control,1.62
134,user_0134,Gruul Aggro,Gruul Aggro,1.17
134,user_0134,Bant Airbending Combo,Bant Airbending Combo,1.48
134,user_0134,Abzan Insidious Roots,Abzan Insidious Roots,1.8
134,user_0134,Gruul Delirium,Gruul Delirium,1.55
134,user_0134,Dimir Bounce,Dimir Bounce,1.35
134,user_0134,Mardu Dragons,Mardu Dragons,0.67
135,user_0135,Izzet Looting,Izzet Looting,2.37
135,user_0135,Boros Burn,Boros Burn,1.22
135,user_0135,Boros Manufacturing,Boros Manufacturing,1.32
135,user_0135,Boros Mice,Boros Mice,0.95
135,user_0135,Bant Omniscience,Bant Omniscience,1.28
135,user_0135,Temur Kona,Temur Kona,1.25
135,user_0135,Lifegain,Lifegain,1.07
135,user_0135,4c Reanimator,4c Reanimator,1.6
135,user_0135,Grixis Artifacts,Grixis Artifacts,1.58
135,user_0135,Golgari Insidious Roots,Golgari Insidious Roots,0.87
135,user_0135,Golgari Dragons,Golgari Dragons,1.07
135,user_0135,Bant Airbending Combo,Bant Airbending Combo,1.77
135,user_0135,Mono-Green Landfall,Mono-Green Landfall,1.75
135,user_0135,Jeskai Control,Jeskai Control,3.05
135,user_0135,Dimir Control,Dimir Control,1.19
135,user_0135,Jeskai Looting,Jeskai Looting,0.87
135,user_0135,4c Insidious Roots (2),4c Insidious Roots,0.84
135,user_0135,4c Kona,4c Kona,0.73
135,user_0135,Gruul Delirium,Gruul Delirium,1.13
135,user_0135,Selesnya Landfall,Selesnya Landfall,1.44
135,user_0135,5c Reanimator,5c Reanimator,1.13
135,user_0135,Gruul Leyline Aggro,Gruul Leyline Aggro,0.99
135,user_0135,Boros Dragons,Boros Dragons,0.98
135,user_0135,Temur Floodcaller Combo,Temur Floodcaller Combo,0.94
135,user_0135,Izzet Lessons,Izzet Lessons,3.95
135,user_0135,Simic Landfall,Simic Landfall,1.34
135,user_0135,Boros Aggro,Boros Aggro,1.72
135,user_0135,Orzhov Self-Bounce,Orzhov Self-Bounce,1.25
135,user_0135,Abzan Insidious Roots,Abzan Insidious Roots,1.08
135,user_0135,Gruul Aggro,Gruul Aggro,1.49
135,user_0135,Simic Omniscience,Simic Omniscience,1.3
135,user_0135,Azorius Control,Azorius Control,1.26
135,user_0135,4c Omniscience,4c Omniscience,1.68
135,user_0135,Abzan Midrange,Abzan Midrange,1.12
135,user_0135,Simic Aggro,Simic Aggro,1.37
135,user_0135,4c Insidious Roots,4c Insidious Roots,0.88
135,user_0135,Rakdos Sacrifice,Rakdos Sacrifice,0.68
135,user_0135,4c Artifacts,4c Artifacts,0.9
135,user_0135,Golgari Midrange (2),Golgari Midrange,0.83
135,user_0135,Jund Aggro,Jund Aggro,0.94
135,user_0135,Naya Yuna,Naya Yuna,1.57
135,user_0135,Simic Midrange,Simic Midrange,1.19
135,user_0135,Orzhov Control,Orzhov Control,1.33
135,user_0135,Jeskai Self-Bounce,Jeskai Self-Bounce,1.43
136,user_0136,Gruul Aggro,Gruul Aggro,0.61
136,user_0136,4c Omniscience,4c Omniscience,0.92
136,user_0136,Grixis Artifacts,Grixis Artifacts,1.05
136,user_0136,Mono-Red Leyline Aggro,Mono-Red Leyline Aggro,0.94
136,user_0136,Izzet Prowess,Izzet Prowess,1.94
136,user_0136,Simic Omniscience,Simic Omniscience,1.47
136,user_0136,Boros Burn,Boros Burn,1.26
136,user_0136,Jund Aggro,Jund Aggro,0.93
136,user_0136,Sultai Reanimator,Sultai Reanimator,1.57
136,user_0136,Sultai Control,Sultai Control,1.41
136,user_0136,Golgari Midrange (2),Golgari Midrange,1.67
136,user_0136,4c Insidious Roots,4c Insidious Roots,0.97
136,user_0136,Mono-Black Midrange,Mono-Black Midrange,1.9
136,user_0136,Jeskai Looting,Jeskai Looting,0.95
136,user_0136,Jeskai Artifacts,Jeskai Artifacts,0.8
136,user_0136,Temur Kona,Temur Kona,1.34
136,user_0136,Izzet,Izzet,1.24
136,user_0136,Temur Battlecrier Combo,Temur Battlecrier Combo,0.88
136,user_0136,Mono-White Tokens,Mono-White Tokens,1.82
136,user_0136,Bant Omniscience,Bant Omniscience,0.45
136,user_0136,4c Insidious Roots (2),4c Insidious Roots,0.95
137,user_0137,Temur Kona,Temur Kona,1.36
137,user_0137,Rakdos Aggro,Rakdos Aggro,1.49
137,user_0137,Temur Floodcaller Combo,Temur Floodcaller Combo,0.51
137,user_0137,Grixis Leyline,Grixis Leyline,1.35
137,user_0137,Dimir Midrange,Dimir Midrange,3.7
137,user_0137,Orzhov Control,Orzhov Control,1.54
137,user_0137,Izzet Lessons,Izzet Lessons,4.53
137,user_0137,Jeskai Control,Jeskai Control,3.01
137,user_0137,Sultai Graveyard,Sultai Graveyard,1.31
137,user_0137,Simic Omniscience,Simic Omniscience,1.1
137,user_0137,Mono-Green Landfall,Mono-Green Landfall,1.8
137,user_0137,Gruul Delirium,Gruul Delirium,0.92
137,user_0137,Golgari Midrange,Golgari Midrange,1.59
137,user_0137,Naya Yuna,Naya Yuna,1.25
137,user_0137,Boros Aggro,Boros Aggro,2.32
137,user_0137,Abzan Insidious Roots,Abzan Insidious Roots,0.9
137,user_0137,Esper Self-Bounce,Esper Self-Bounce,1.7
137,user_0137,Orzhov Midrange,Orzhov Midrange,1.11
137,user_0137,Bant Airbending Combo,Bant Airbending Combo,1.48
137,user_0137,Gruul Aggro,Gruul Aggro,1.15
137,user_0137,4c Omniscience,4c Omniscience,0.98
137,user_0137,5c Reanimator,5c Reanimator,0.63
137,user_0137,Temur Battlecrier Combo,Temur Battlecrier Combo,1.07
137,user_0137,Mono-Black Midrange,Mono-Black Midrange,0.77
137,user_0137,Sultai Reanimator,Sultai Reanimator,0.86
137,user_0137,Boros Token Control,Boros Token Control,0.96
137,user_0137,Gruul Leyline Aggro,Gruul Leyline Aggro,1.47
137,user_0137,Mardu Dragons,Mardu Dragons,1.31
137,user_0137,4c Artifacts,4c Artifacts,1.57
137,user_0137,Grixis Artifacts,Grixis Artifacts,1.16
137,user_0137,Mono-Red Aggro,Mono-Red Aggro,4.27
137,user_0137,Golgari Insidious Roots,Golgari Insidious Roots,1.32
137,user_0137,Sultai Control,Sultai Control,1.14
137,user_0137,Boros Burn,Boros Burn,1.0
137,user_0137,Golgari Dragons,Golgari Dragons,0.46
137,user_0137,Mono-White Tokens,Mono-White Tokens,1.33
137,user_0137,Jeskai Looting,Jeskai Looting,0.86
137,user_0137,Lifegain,Lifegain,1.12
137,user_0137,Abzan Midrange,Abzan Midrange,1.12
137,user_0137,Boros Leyline Aggro,Boros Leyline Aggro,2.06
137,user_0137,Izzet,Izzet,0.41
137,user_0137,Orzhov Self-Bounce,Orzhov Self-Bounce,0.56
137,user_0137,4c Kona,4c Kona,0.76
137,user_0137,Bant Omniscience,Bant Omniscience,0.58
137,user_0137,Simic Aggro,Simic Aggro,1.9
137,user_0137,Izzet Looting,Izzet Looting,2.84
137,user_0137,Golgari Midrange (2),Golgari Midrange,1.0
137,user_0137,Izzet Omniscience,Izzet Omniscience,0.92
137,user_0137,Boros Dragons,Boros Dragons,1.44
137,user_0137,Simic Landfall,Simic Landfall,0.92
137,user_0137,Simic Midrange,Simic Midrange,1.33
137,user_0137,Izzet Aggro,Izzet Aggro,2.0
137,user_0137,Jeskai Artifacts,Jeskai Artifacts,1.62
138,user_0138,Mono-Black Midrange,Mono-Black Midrange,0.92
138,user_0138,Grixis Leyline,Grixis Leyline,1.34
138,user_0138,Abzan Midrange,Abzan Midrange,1.15
138,user_0138,Golgari Insidious Roots,Golgari Insidious Roots,0.87
138,user_0138,Izzet Midrange,Izzet Midrange,1.06
138,user_0138,4c Kona,4c Kona,0.87
138,user_0138,Boros Dragons,Boros Dragons,1.68
138,user_0138,Golgari Midrange (2),Golgari Midrange,0.97
138,user_0138,Simic Landfall,Simic Landfall,0.8
138,user_0138,Temur Battlecrier Combo,Temur Battlecrier Combo,1.43
138,user_0138,Jund Aggro,Jund Aggro,1.39
138,user_0138,Izzet Looting,Izzet Looting,3.13
138,user_0138,Rakdos Aggro,Rakdos Aggro,0.85
138,user_0138,Grixis Artifacts,Grixis Artifacts,0.91
138,user_0138,Mono-Red Leyline Aggro,Mono-Red Leyline Aggro,1.34
138,user_0138,Mono-White Tokens,Mono-White Tokens,1.21
138,user_0138,Boros Burn,Boros Burn,1.38
138,user_0138,Sultai Reanimator,Sultai Reanimator,2.19
138,user_0138,Sultai Graveyard,Sultai Graveyard,0.9
138,user_0138,Temur Floodcaller Combo,Temur Floodcaller Combo,1.12
138,user_0138,Orzhov Control,Orzhov Control,1.4
138,user_0138,Simic Midrange,Simic Midrange,0.73
138,user_0138,Dimir Bounce,Dimir Bounce,0.85
138,user_0138,Selesnya Landfall,Selesnya Landfall,1.03
138,user_0138,4c Reanimator,4c Reanimator,2.33
138,user_0138,Bant Airbending Combo,Bant Airbending Combo,1.41
138,user_0138,Mardu Dragons,Mardu Dragons,1.28
138,user_0138,Rakdos Sacrifice,Rakdos Sacrifice,1.45
138,user_0138,Mono-Green Landfall,Mono-Green Landfall,1.09
138,user_0138,Golgari Dragons,Golgari Dragons,1.19
138,user_0138,Gruul Aggro,Gruul Aggro,0.9
138,user_0138,Mono-Red Aggro,Mono-Red Aggro,3.33
138,user_0138,4c Control,4c Control,0.71
138,user_0138,Simic Omniscience,Simic Omniscience,0.86
138,user_0138,Gruul Delirium,Gruul Delirium,0.83
138,user_0138,Esper Self-Bounce,Esper Self-Bounce,0.63
138,user_0138,Temur Lessons,Temur Lessons,1.32
138,user_0138,Gruul Random Encounter,Gruul Random Encounter,1.57
138,user_0138,Izzet Prowess,Izzet Prowess,2.08
138,user_0138,Abzan Insidious Roots,Abzan Insidious Roots,1.28
138,user_0138,Izzet,Izzet,0.83
138,user_0138,Orzhov Self-Bounce,Orzhov Self-Bounce,0.91
138,user_0138,Sultai Control,Sultai Control,1.88
139,user_0139,Jeskai Looting,Jeskai Looting,1.29
139,user_0139,Boros Mice,Boros Mice,1.21
139,user_0139,Azorius Control,Azorius Control,1.39
139,user_0139,Golgari Insidious Roots,Golgari Insidious Roots,1.33
139,user_0139,Dimir Control,Dimir Control,1.24
139,user_0139,4c Insidious Roots (2),4c Insidious Roots,1.05
139,user_0139,Boros Token Control,Boros Token Control,0.74
139,user_0139,Golgari Midrange (2),Golgari Midrange,0.45
139,user_0139,4c Omniscience,4c Omniscience,1.34
139,user_0139,Abzan Insidious Roots,Abzan Insidious Roots,0.89
139,user_0139,Jeskai Self-Bounce,Jeskai Self-Bounce,0.77
139,user_0139,Temur Floodcaller Combo,Temur Floodcaller Combo,0.64
139,user_0139,Mono-Green Landfall,Mono-Green Landfall,2.03
139,user_0139,Gruul Delirium,Gruul Delirium,0.97
139,user_0139,Lifegain,Lifegain,1.42
139,user_0139,Golgari Midrange,Golgari Midrange,1.44
139,user_0139,4c Control,4c Control,1.17
139,user_0139,Selesnya Landfall,Selesnya Landfall,1.79
139,user_0139,Izzet Lessons,Izzet Lessons,4.12
139,user_0139,Abzan Midrange,Abzan Midrange,1.08
139,user_0139,Mono-Red Leyline Aggro,Mono-Red Leyline Aggro,1.53
139,user_0139,Sultai Reanimator,Sultai Reanimator,1.43
139,user_0139,Rakdos Aggro,Rakdos Aggro,1.45
139,user_0139,Orzhov Midrange,Orzhov Midrange,0.61
139,user_0139,Mono-White Tokens,Mono-White Tokens,0.77
139,user_0139,Sultai Control,Sultai Control,0.94
139,user_0139,Gruul Aggro,Gruul Aggro,1.77
139,user_0139,Simic Aggro,Simic Aggro,2.43
139,user_0139,Temur Kona,Temur Kona,0.95
139,user_0139,Mono-Red Aggro,Mono-Red Aggro,3.47
139,user_0139,4c Insidious Roots,4c Insidious Roots,0.9
139,user_0139,Izzet Aggro,Izzet Aggro,1.12
139,user_0139,Simic Landfall,Simic Landfall,0.84
139,user_0139,Boros Dragons,Boros Dragons,1.37
139,user_0139,Orzhov Control,Orzhov Control,1.16
139,user_0139,Grixis Leyline,Grixis Leyline,1.28
139,user_0139,Izzet Omniscience,Izzet Omniscience,1.17
139,user_0139,Mardu Dragons,Mardu Dragons,0.97
139,user_0139,Naya Yuna,Naya Yuna,0.75
139,user_0139,Izzet Prowess,Izzet Prowess,1.95
139,user_0139,Jeskai Artifacts,Jeskai Artifacts,0.94
139,user_0139,Jund Aggro,Jund Aggro,1.39
139,user_0139,5c Reanimator,5c Reanimator,0.85
139,user_0139,Simic Omniscience,Simic Omniscience,0.98
139,user_0139,4c Reanimator,4c Reanimator,2.42
140,user_0140,Mono-Green Landfall,Mono-Green Landfall,2.42
140,user_0140,Golgari Dragons,Golgari Dragons,1.37
140,user_0140,Gruul Leyline Aggro,Gruul Leyline Aggro,1.13
140,user_0140,Simic Aggro,Simic Aggro,1.3
140,user_0140,Jeskai Control,Jeskai Control,3.51
140,user_0140,Temur Kona,Temur Kona,1.44
140,user_0140,Bant Omniscience,Bant Omniscience,1.57
140,user_0140,Temur Lessons,Temur Lessons,1.94
140,user_0140,4c Artifacts,4c Artifacts,1.83
140,user_0140,Temur Battlecrier Combo,Temur Battlecrier Combo,1.27
140,user_0140,5c Reanimator,5c Reanimator,1.18
140,user_0140,Simic Landfall,Simic Landfall,1.31
140,user_0140,4c Insidious Roots,4c Insidious Roots,1.98
140,user_0140,Golgari Insidious Roots,Golgari Insidious Roots,1.92
140,user_0140,Rakdos Aggro,Rakdos Aggro,0.55
140,user_0140,Simic Midrange,Simic Midrange,1.07
140,user_0140,Sultai Control,Sultai Control,1.15
140,user_0140,Gruul Aggro,Gruul Aggro,0.86
140,user_0140,Boros Dragons,Boros Dragons,1.7
140,user_0140,Sultai Reanimator,Sultai Reanimator,1.72
140,user_0140,Lifegain,Lifegain,1.59
140,user_0140,Jeskai Looting,Jeskai Looting,2.14
140,user_0140,Simic Omniscience,Simic Omniscience,1.84
140,user_0140,Dimir Midrange,Dimir Midrange,3.79
140,user_0140,Bant Airbending Combo,Bant Airbending Combo,1.83
140,user_0140,Jeskai Artifacts,Jeskai Artifacts,2.39
140,user_0140,Gruul Delirium,Gruul Delirium,1.62
140,user_0140,Golgari Midrange,Golgari Midrange,1.59
140,user_0140,Grixis Leyline,Grixis Leyline,1.14
140,user_0140,Dimir Bounce,Dimir Bounce,1.5
140,user_0140,Izzet Aggro,Izzet Aggro,1.33
140,user_0140,4c Insidious Roots (2),4c Insidious Roots,1.67
140,user_0140,Dimir Control,Dimir Control,0.58
140,user_0140,Sultai Graveyard,Sultai Graveyard,1.39
140,user_0140,Mono-White Tokens,Mono-White Tokens,1.12
140,user_0140,Izzet Midrange,Izzet Midrange,1.57
140,user_0140,Izzet,Izzet,1.78
140,user_0140,Jeskai Self-Bounce,Jeskai Self-Bounce,1.56
140,user_0140,Boros Burn,Boros Burn,1.57
140,user_0140,Boros Mice,Boros Mice,1.43
140,user_0140,Rakdos Sacrifice,Rakdos Sacrifice,1.71
140,user_0140,4c Control,4c Control,1.2
141,user_0141,Naya Yuna,Naya Yuna,1.19
141,user_0141,Rakdos Sacrifice,Rakdos Sacrifice,0.83
141,user_0141,Lifegain,Lifegain,1.13
141,user_0141,Boros Dragons,Boros Dragons,1.51
141,user_0141,Orzhov Self-Bounce,Orzhov Self-Bounce,0.7
141,user_0141,Golgari Dragons,Golgari Dragons,1.6
141,user_0141,Izzet Lessons,Izzet Lessons,4.21
141,user_0141,4c Artifacts,4c Artifacts,1.03
141,user_0141,Sultai Graveyard,Sultai Graveyard,1.27
141,user_0141,Esper Self-Bounce,Esper Self-Bounce,1.08
141,user_0141,Mardu Dragons,Mardu Dragons,1.0
141,user_0141,Gruul Leyline Aggro,Gruul Leyline Aggro,0.7
141,user_0141,Gruul Delirium,Gruul Delirium,1.02
141,user_0141,Boros Burn,Boros Burn,1.18
141,user_0141,Boros Token Control,Boros Token Control,0.63
141,user_0141,Izzet Omniscience,Izzet Omniscience,0.66
141,user_0141,Boros Aggro,Boros Aggro,1.62
141,user_0141,Golgari Insidious Roots,Golgari Insidious Roots,1.37
141,user_0141,Golgari Midrange,Golgari Midrange,1.31
141,user_0141,Jeskai Looting,Jeskai Looting,1.25
141,user_0141,Izzet Aggro,Izzet Aggro,1.05
141,user_0141,Jeskai Control,Jeskai Control,3.1
141,user_0141,Mono-Red Leyline Aggro,Mono-Red Leyline Aggro,0.48
141,user_0141,5c Reanimator,5c Reanimator,1.1
141,user_0141,Boros Manufacturing,Boros Manufacturing,1.45
141,user_0141,Bant Omniscience,Bant Omniscience,0.96
141,user_0141,Simic Omniscience,Simic Omniscience,1.24
141,user_0141,Sultai Control,Sultai Control,1.16
141,user_0141,Mono-Red Aggro,Mono-Red Aggro,3.11
141,user_0141,4c Control,4c Control,0.78
141,user_0141,Boros Leyline Aggro,Boros Leyline Aggro,1.01
141,user_0141,Jeskai Self-Bounce,Jeskai Self-Bounce,0.61
141,user_0141,Izzet Prowess,Izzet Prowess,2.56
141,user_0141,Orzhov Control,Orzhov Control,0.58
141,user_0141,Dimir Midrange,Dimir Midrange,3.6
141,user_0141,Mono-Green Landfall,Mono-Green Landfall,1.25
141,user_0141,Dimir Control,Dimir Control,0.93
141,user_0141,Izzet Looting,Izzet Looting,2.03
141,user_0141,Mono-White Tokens,Mono-White Tokens,1.4
141,user_0141,Simic Landfall,Simic Landfall,1.02
141,user_0141,Izzet Midrange,Izzet Midrange,1.65
141,user_0141,Abzan Insidious Roots,Abzan Insidious Roots,1.33
141,user_0141,Bant Airbending Combo,Bant Airbending Combo,1.59
141,user_0141,Abzan Midrange,Abzan Midrange,1.17
142,user_0142,Temur Lessons,Temur Lessons,1.27
142,user_0142,Abzan Insidious Roots,Abzan Insidious Roots,0.37
142,user_0142,Izzet Midrange,Izzet Midrange,2.1
142,user_0142,Dimir Midrange,Dimir Midrange,4.37
142,user_0142,Rakdos Aggro,Rakdos Aggro,1.02
142,user_0142,Gruul Random Encounter,Gruul Random Encounter,0.95
142,user_0142,Gruul Aggro,Gruul Aggro,0.76
142,user_0142,5c Reanimator,5c Reanimator,0.32
142,user_0142,Golgari Dragons,Golgari Dragons,1.28
142,user_0142,Gruul Leyline Aggro,Gruul Leyline Aggro,1.3
142,user_0142,Temur Battlecrier Combo,Temur Battlecrier Combo,0.97
142,user_0142,Naya Yuna,Naya Yuna,1.35
142,user_0142,Sultai Reanimator,Sultai Reanimator,1.82
142,user_0142,Golgari Insidious Roots,Golgari Insidious Roots,0.62
142,user_0142,4c Control,4c Control,0.88
142,user_0142,Dimir Control,Dimir Control,1.68
142,user_0142,Bant Airbending Combo,Bant Airbending Combo,1.28
142,user_0142,Boros Token Control,Boros Token Control,0.29
142,user_0142,Simic Landfall,Simic Landfall,0.84
142,user_0142,4c Insidious Roots (2),4c Insidious Roots,1.18
142,user_0142,Jeskai Control,Jeskai Control,3.32
142,user_0142,Simic Omniscience,Simic Omniscience,0.93
142,user_0142,Selesnya Landfall,Selesnya Landfall,2.01
142,user_0142,Izzet Omniscience,Izzet Omniscience,0.59
142,user_0142,Jeskai Artifacts,Jeskai Artifacts,1.29
142,user_0142,Golgari Midrange (2),Golgari Midrange,2.09
142,user_0142,4c Omniscience,4c Omniscience,1.22
142,user_0142,Sultai Control,Sultai Control,1.01
142,user_0142,Izzet Aggro,Izzet Aggro,1.6
142,user_0142,Simic Midrange,Simic Midrange,1.16
142,user_0142,Izzet Looting,Izzet Looting,2.54
142,user_0142,Gruul Delirium,Gruul Delirium,1.28
142,user_0142,Boros Manufacturing,Boros Manufacturing,0.94
142,user_0142,Boros Aggro,Boros Aggro,1.18
142,user_0142,Bant Omniscience,Bant Omniscience,1.53
142,user_0142,Izzet,Izzet,1.48
142,user_0142,Boros Burn,Boros Burn,0.97
142,user_0142,Simic Aggro,Simic Aggro,1.67
142,user_0142,Boros Dragons,Boros Dragons,1.52
142,user_0142,Boros Leyline Aggro,Boros Leyline Aggro,0.59
142,user_0142,4c Insidious Roots,4c Insidious Roots,1.08
142,user_0142,4c Artifacts,4c Artifacts,1.36
142,user_0142,4c Kona,4c Kona,0.92
142,user_0142,Orzhov Self-Bounce,Orzhov Self-Bounce,1.1
142,user_0142,Mono-Green Landfall,Mono-Green Landfall,1.73
142,user_0142,Jeskai Self-Bounce,Jeskai Self-Bounce,0.55
142,user_0142,Orzhov Control,Orzhov Control,0.7
142,user_0142,Boros Mice,Boros Mice,0.8
142,user_0142,Azorius Control,Azorius Control,1.32
143,user_0143,Rakdos Sacrifice,Rakdos Sacrifice,1.7
143,user_0143,Golgari Dragons,Golgari Dragons,1.87
143,user_0143,Orzhov Midrange,Orzhov Midrange,1.11
143,user_0143,Sultai Control,Sultai Control,1.6
143,user_0143,4c Control,4c Control,1.21
143,user_0143,Mono-Green Landfall,Mono-Green Landfall,1.91
143,user_0143,Mono-Red Aggro,Mono-Red Aggro,3.38
143,user_0143,Temur Floodcaller Combo,Temur Floodcaller Combo,1.16
143,user_0143,Dimir Bounce,Dimir Bounce,1.56
143,user_0143,Mardu Dragons,Mardu Dragons,2.08
143,user_0143,Simic Midrange,Simic Midrange,1.35
143,user_0143,Jeskai Control,Jeskai Control,3.32
143,user_0143,Selesnya Landfall,Selesnya Landfall,2.19
143,user_0143,Gruul Aggro,Gruul Aggro,1.16
143,user_0143,Jund Aggro,Jund Aggro,1.5
143,user_0143,Bant Omniscience,Bant Omniscience,1.81
143,user_0143,Izzet Looting,Izzet Looting,2.73
143,user_0143,4c Reanimator,4c Reanimator,2.52
143,user_0143,Orzhov Control,Orzhov Control,1.45
143,user_0143,Simic Landfall,Simic Landfall,1.22
143,user_0143,4c Kona,4c Kona,1.42
143,user_0143,Grixis Artifacts,Grixis Artifacts,1.24
143,user_0143,Boros Dragons,Boros Dragons,1.48
143,user_0143,Boros Burn,Boros Burn,1.55
143,user_0143,Jeskai Self-Bounce,Jeskai Self-Bounce,1.55
143,user_0143,4c Insidious Roots (2),4c Insidious Roots,1.25
143,user_0143,Gruul Leyline Aggro,Gruul Leyline Aggro,0.93
143,user_0143,Simic Aggro,Simic Aggro,0.65
143,user_0143,Izzet Aggro,Izzet Aggro,0.44
143,user_0143,Izzet Omniscience,Izzet Omniscience,1.72
143,user_0143,Grixis Leyline,Grixis Leyline,1.82
143,user_0143,Orzhov Self-Bounce,Orzhov Self-Bounce,1.73
143,user_0143,Simic Omniscience,Simic Omniscience,0.77
143,user_0143,Rakdos Aggro,Rakdos Aggro,0.86
143,user_0143,Abzan Insidious Roots,Abzan Insidious Roots,1.78
143,user_0143,Bant Airbending Combo,Bant Airbending Combo,1.33
143,user_0143,Izzet Lessons,Izzet Lessons,4.78
143,user_0143,Temur Lessons,Temur Lessons,1.84
143,user_0143,Boros Leyline Aggro,Boros Leyline Aggro,1.41
143,user_0143,Temur Battlecrier Combo,Temur Battlecrier Combo,0.85
143,user_0143,Boros Aggro,Boros Aggro,1.04
143,user_0143,Golgari Midrange (2),Golgari Midrange,0.5
143,user_0143,Dimir Midrange,Dimir Midrange,3.42
143,user_0143,Izzet Prowess,Izzet Prowess,2.51
143,user_0143,Boros Mice,Boros Mice,1.21
143,user_0143,5c Reanimator,5c Reanimator,1.49
143,user_0143,4c Artifacts,4c Artifacts,1.86
143,user_0143,4c Omniscience,4c Omniscience,1.73
143,user_0143,Boros Manufacturing,Boros Manufacturing,1.5
143,user_0143,Lifegain,Lifegain,1.41
143,user_0143,Izzet Midrange,Izzet Midrange,0.69
143,user_0143,Esper Self-Bounce,Esper Self-Bounce,1.51
143,user_0143,Mono-Black Midrange,Mono-Black Midrange,0.99
144,user_0144,Jeskai Self-Bounce,Jeskai Self-Bounce,0.84
144,user_0144,Mono-Red Aggro,Mono-Red Aggro,3.17
144,user_0144,Jund Aggro,Jund Aggro,1.14
144,user_0144,Rakdos Sacrifice,Rakdos Sacrifice,1.17
144,user_0144,Dimir Control,Dimir Control,0.95
144,user_0144,Temur Kona,Temur Kona,1.48
144,user_0144,Izzet Omniscience,Izzet Omniscience,1.64
144,user_0144,Jeskai Looting,Jeskai Looting,1.45
144,user_0144,Golgari Insidious Roots,Golgari Insidious Roots,1.28
144,user_0144,Gruul Aggro,Gruul Aggro,0.59
144,user_0144,4c Insidious Roots,4c Insidious Roots,0.93
144,user_0144,Izzet Midrange,Izzet Midrange,1.63
144,user_0144,Boros Token Control,Boros Token Control,1.29
144,user_0144,Sultai Graveyard,Sultai Graveyard,1.0
144,user_0144,Orzhov Control,Orzhov Control,0.77
144,user_0144,Sultai Reanimator,Sultai Reanimator,1.72
144,user_0144,Sultai Control,Sultai Control,0.99
144,user_0144,4c Omniscience,4c Omniscience,0.81
144,user_0144,Mono-Black Midrange,Mono-Black Midrange,1.91
144,user_0144,Gruul Leyline Aggro,Gruul Leyline Aggro,1.07
144,user_0144,Abzan Insidious Roots,Abzan Insidious Roots,1.25
144,user_0144,Jeskai Control,Jeskai Control,3.65
144,user_0144,Temur Battlecrier Combo,Temur Battlecrier Combo,1.6
144,user_0144,5c Reanimator,5c Reanimator,0.79
144,user_0144,Esper Self-Bounce,Esper Self-Bounce,0.99
144,user_0144,Mardu Dragons,Mardu Dragons,0.97
144,user_0144,4c Insidious Roots (2),4c Insidious Roots,0.57
144,user_0144,Selesnya Landfall,Selesnya Landfall,1.35
145,user_0145,Jeskai Artifacts,Jeskai Artifacts,0.88
145,user_0145,Izzet Omniscience,Izzet Omniscience,1.28
145,user_0145,Grixis Leyline,Grixis Leyline,0.84
145,user_0145,Izzet Midrange,Izzet Midrange,1.35
145,user_0145,Orzhov Control,Orzhov Control,1.04
145,user_0145,4c Reanimator,4c Reanimator,2.0
145,user_0145,Orzhov Self-Bounce,Orzhov Self-Bounce,1.34
145,user_0145,Abzan Midrange,Abzan Midrange,1.0
145,user_0145,Grixis Artifacts,Grixis Artifacts,1.22
145,user_0145,Boros Manufacturing,Boros Manufacturing,0.65
145,user_0145,Gruul Leyline Aggro,Gruul Leyline Aggro,1.22
145,user_0145,Mardu Dragons,Mardu Dragons,1.28
145,user_0145,Boros Aggro,Boros Aggro,1.25
145,user_0145,Mono-Red Leyline Aggro,Mono-Red Leyline Aggro,1.48
145,user_0145,Simic Omniscience,Simic Omniscience,0.48
145,user_0145,Dimir Bounce,Dimir Bounce,1.31
145,user_0145,Azorius Control,Azorius Control,1.14
145,user_0145,Lifegain,Lifegain,0.63
145,user_0145,4c Kona,4c Kona,0.85
145,user_0145,5c Reanimator,5c Reanimator,0.62
145,user_0145,4c Artifacts,4c Artifacts,0.67
145,user_0145,Temur Battlecrier Combo,Temur Battlecrier Combo,0.76
145,user_0145,Sultai Graveyard,Sultai Graveyard,1.11
145,user_0145,Izzet,Izzet,0.76
145,user_0145,Esper Self-Bounce,Esper Self-Bounce,1.03
145,user_0145,Rakdos Aggro,Rakdos Aggro,1.54
145,user_0145,Boros Leyline Aggro,Boros Leyline Aggro,1.68
145,user_0145,Gruul Random Encounter,Gruul Random Encounter,0.76
145,user_0145,Izzet Lessons,Izzet Lessons,3.66
145,user_0145,4c Omniscience,4c Omniscience,0.89
145,user_0145,Boros Burn,Boros Burn,0.86
145,user_0145,Sultai Control,Sultai Control,0.97
145,user_0145,Jeskai Looting,Jeskai Looting,1.53
145,user_0145,Izzet Aggro,Izzet Aggro,1.22
145,user_0145,Jund Aggro,Jund Aggro,1.57
145,user_0145,Orzhov Midrange,Orzhov Midrange,1.2
146,user_0146,4c Control,4c Control,1.18
146,user_0146,4c Artifacts,4c Artifacts,0.43
146,user_0146,Dimir Control,Dimir Control,0.82
146,user_0146,Mono-Red Leyline Aggro,Mono-Red Leyline Aggro,1.01
146,user_0146,Golgari Midrange (2),Golgari Midrange,1.13
146,user_0146,Mono-White Tokens,Mono-White Tokens,0.98
146,user_0146,Boros Token Control,Boros Token Control,1.31
146,user_0146,Jeskai Self-Bounce,Jeskai Self-Bounce,0.86
146,user_0146,Grixis Leyline,Grixis Leyline,1.47
146,user_0146,Naya Yuna,Naya Yuna,0.9
146,user_0146,4c Omniscience,4c Omniscience,0.45
146,user_0146,4c Insidious Roots,4c Insidious Roots,1.18
146,user_0146,Gruul Aggro,Gruul Aggro,0.81
146,user_0146,Bant Omniscience,Bant Omniscience,0.96
146,user_0146,Orzhov Midrange,Orzhov Midrange,1.1
146,user_0146,Sultai Graveyard,Sultai Graveyard,1.27
146,user_0146,Golgari Dragons,Golgari Dragons,0.9
146,user_0146,Orzhov Self-Bounce,Orzhov Self-Bounce,0.95
146,user_0146,Temur Kona,Temur Kona,2.46
146,user_0146,Gruul Leyline Aggro,Gruul Leyline Aggro,1.48
146,user_0146,Boros Manufacturing,Boros Manufacturing,1.07
146,user_0146,Temur Lessons,Temur Lessons,1.33
146,user_0146,Lifegain,Lifegain,1.84
146,user_0146,Rakdos Aggro,Rakdos Aggro,1.37
146,user_0146,Orzhov Control,Orzhov Control,1.01
146,user_0146,Grixis Artifacts,Grixis Artifacts,1.21
146,user_0146,Izzet Omniscience,Izzet Omniscience,0.83
146,user_0146,Azorius Control,Azorius Control,0.61
146,user_0146,Simic Aggro,Simic Aggro,1.16
146,user_0146,Boros Leyline Aggro,Boros Leyline Aggro,1.95
146,user_0146,Selesnya Landfall,Selesnya Landfall,2.26
146,user_0146,Jund Aggro,Jund Aggro,0.79
146,user_0146,Izzet Looting,Izzet Looting,2.75
146,user_0146,Dimir Midrange,Dimir Midrange,3.29
146,user_0146,Simic Midrange,Simic Midrange,0.19
146,user_0146,Mono-Black Midrange,Mono-Black Midrange,1.37
146,user_0146,Izzet Prowess,Izzet Prowess,1.81
146,user_0146,Simic Omniscience,Simic Omniscience,0.73
146,user_0146,Temur Battlecrier Combo,Temur Battlecrier Combo,1.87
146,user_0146,5c Reanimator,5c Reanimator,1.12
146,user_0146,Gruul Delirium,Gruul Delirium,1.36
146,user_0146,Izzet Aggro,Izzet Aggro,0.89
146,user_0146,4c Reanimator,4c Reanimator,2.36
146,user_0146,Bant Airbending Combo,Bant Airbending Combo,1.81
146,user_0146,Boros Dragons,Boros Dragons,1.24
146,user_0146,Temur Floodcaller Combo,Temur Floodcaller Combo,1.6
146,user_0146,Abzan Insidious Roots,Abzan Insidious Roots,1.52
146,user_0146,Izzet,Izzet,1.12
146,user_0146,Gruul Random Encounter,Gruul Random Encounter,1.01
146,user_0146,Esper Self-Bounce,Esper Self-Bounce,0.73
146,user_0146,Golgari Midrange,Golgari Midrange,1.92
147,user_0147,Izzet Prowess,Izzet Prowess,2.59
147,user_0147,Grixis Artifacts,Grixis Artifacts,1.39
147,user_0147,Golgari Dragons,Golgari Dragons,0.63
147,user_0147,Jeskai Self-Bounce,Jeskai Self-Bounce,0.69
147,user_0147,Jeskai Looting,Jeskai Looting,0.83
147,user_0147,Rakdos Sacrifice,Rakdos Sacrifice,0.93
147,user_0147,Izzet Midrange,Izzet Midrange,1.37
147,user_0147,Esper Self-Bounce,Esper Self-Bounce,1.3
147,user_0147,Mono-Black Midrange,Mono-Black Midrange,1.37
147,user_0147,Temur Kona,Temur Kona,1.22
147,user_0147,Grixis Leyline,Grixis Leyline,1.14
147,user_0147,Bant Airbending Combo,Bant Airbending Combo,1.4
147,user_0147,Golgari Midrange,Golgari Midrange,1.93
147,user_0147,Orzhov Self-Bounce,Orzhov Self-Bounce,1.26
147,user_0147,Dimir Midrange,Dimir Midrange,4.2
147,user_0147,Izzet Lessons,Izzet Lessons,3.42
147,user_0147,Gruul Aggro,Gruul Aggro,1.47
147,user_0147,Orzhov Midrange,Orzhov Midrange,2.06
147,user_0147,Dimir Bounce,Dimir Bounce,1.21
147,user_0147,Mardu Dragons,Mardu Dragons,0.65
147,user_0147,4c Reanimator,4c Reanimator,2.67
147,user_0147,Boros Leyline Aggro,Boros Leyline Aggro,0.99
147,user_0147,Izzet Looting,Izzet Looting,2.78
147,user_0147,Boros Manufacturing,Boros Manufacturing,0.66
147,user_0147,Izzet Aggro,Izzet Aggro,1.36
147,user_0147,Boros Aggro,Boros Aggro,1.46
147,user_0147,Temur Battlecrier Combo,Temur Battlecrier Combo,0.9
147,user_0147,Gruul Leyline Aggro,Gruul Leyline Aggro,1.13
147,user_0147,Abzan Midrange,Abzan Midrange,1.63
147,user_0147,Golgari Midrange (2),Golgari Midrange,1.25
147,user_0147,Sultai Reanimator,Sultai Reanimator,1.52
147,user_0147,Dimir Control,Dimir Control,1.16
147,user_0147,Izzet,Izzet,1.94
147,user_0147,Gruul Delirium,Gruul Delirium,1.0
147,user_0147,Simic Aggro,Simic Aggro,1.05
147,user_0147,Jeskai Control,Jeskai Control,3.22
147,user_0147,Sultai Graveyard,Sultai Graveyard,0.52
147,user_0147,Abzan Insidious Roots,Abzan Insidious Roots,1.24
147,user_0147,4c Insidious Roots,4c Insidious Roots,1.26
147,user_0147,Azorius Control,Azorius Control,1.32
147,user_0147,Jund Aggro,Jund Aggro,0.86
147,user_0147,Mono-White Tokens,Mono-White Tokens,1.49
147,user_0147,Orzhov Control,Orzhov Control,1.39
147,user_0147,Selesnya Landfall,Selesnya Landfall,1.87
147,user_0147,Golgari Insidious Roots,Golgari Insidious Roots,1.42
147,user_0147,Naya Yuna,Naya Yuna,0.81
147,user_0147,Simic Omniscience,Simic Omniscience,0.83
147,user_0147,Rakdos Aggro,Rakdos Aggro,0.57
147,user_0147,Temur Lessons,Temur Lessons,1.47
147,user_0147,Mono-Red Leyline Aggro,Mono-Red Leyline Aggro,0.96
147,user_0147,4c Artifacts,4c Artifacts,0.93
148,user_0148,Grixis Artifacts,Grixis Artifacts,0.78
148,user_0148,Boros Burn,Boros Burn,1.34
148,user_0148,Boros Dragons,Boros Dragons,1.42
148,user_0148,Jeskai Looting,Jeskai Looting,1.31
148,user_0148,Temur Lessons,Temur Lessons,1.08
148,user_0148,Abzan Insidious Roots,Abzan Insidious Roots,1.18
148,user_0148,4c Control,4c Control,1.28
148,user_0148,Jeskai Artifacts,Jeskai Artifacts,1.3
148,user_0148,Rakdos Sacrifice,Rakdos Sacrifice,0.9
148,user_0148,Izzet Looting,Izzet Looting,2.43
148,user_0148,Dimir Bounce,Dimir Bounce,1.25
148,user_0148,Sultai Control,Sultai Control,0.78
148,user_0148,Golgari Dragons,Golgari Dragons,0.72
148,user_0148,Sultai Reanimator,Sultai Reanimator,1.32
148,user_0148,Boros Aggro,Boros Aggro,1.38
148,user_0148,Mono-Green Landfall,Mono-Green Landfall,1.45
148,user_0148,Dimir Midrange,Dimir Midrange,3.99
148,user_0148,Izzet Omniscience,Izzet Omniscience,0.76
148,user_0148,Izzet Midrange,Izzet Midrange,2.01
148,user_0148,Jeskai Self-Bounce,Jeskai Self-Bounce,0.67
148,user_0148,Golgari Midrange,Golgari Midrange,2.34
148,user_0148,Jeskai Control,Jeskai Control,3.14
148,user_0148,Lifegain,Lifegain,1.99
148,user_0148,Esper Self-Bounce,Esper Self-Bounce,0.8
148,user_0148,Golgari Midrange (2),Golgari Midrange,1.18
148,user_0148,4c Omniscience,4c Omniscience,0.88
149,user_0149,Gruul Random Encounter,Gruul Random Encounter,1.12
149,user_0149,Esper Self-Bounce,Esper Self-Bounce,0.8
149,user_0149,Selesnya Landfall,Selesnya Landfall,2.21
149,user_0149,5c Reanimator,5c Reanimator,1.23
149,user_0149,Jeskai Artifacts,Jeskai Artifacts,2.03
149,user_0149,Dimir Midrange,Dimir Midrange,3.4
149,user_0149,Simic Landfall,Simic Landfall,0.83
149,user_0149,Sultai Control,Sultai Control,1.97
149,user_0149,Izzet Omniscience,Izzet Omniscience,0.74
149,user_0149,Rakdos Aggro,Rakdos Aggro,0.66
149,user_0149,Bant Omniscience,Bant Omniscience,1.24
149,user_0149,Temur Floodcaller Combo,Temur Floodcaller Combo,0.82
149,user_0149,Grixis Artifacts,Grixis Artifacts,0.97
149,user_0149,Simic Omniscience,Simic Omniscience,1.35
149,user_0149,4c Omniscience,4c Omniscience,0.79
149,user_0149,Sultai Graveyard,Sultai Graveyard,1.27
149,user_0149,Gruul Delirium,Gruul Delirium,1.25
149,user_0149,4c Control,4c Control,1.42
149,user_0149,4c Insidious Roots,4c Insidious Roots,0.87
149,user_0149,Dimir Bounce,Dimir Bounce,0.76
149,user_0149,Orzhov Control,Orzhov Control,1.19
149,user_0149,Boros Burn,Boros Burn,1.03
149,user_0149,Jeskai Control,Jeskai Control,3.92
149,user_0149,Mono-Red Aggro,Mono-Red Aggro,3.32
149,user_0149,Sultai Reanimator,Sultai Reanimator,2.19
149,user_0149,Boros Manufacturing,Boros Manufacturing,0.87
149,user_0149,Golgari Midrange,Golgari Midrange,1.69
149,user_0149,Izzet Midrange,Izzet Midrange,0.78
149,user_0149,Izzet Looting,Izzet Looting,2.39
149,user_0149,Boros Dragons,Boros Dragons,0.97
149,user_0149,Temur Kona,Temur Kona,1.61
149,user_0149,Temur Lessons,Temur Lessons,1.08
149,user_0149,Boros Mice,Boros Mice,0.81
150,user_0150,Boros Token Control,Boros Token Control,0.35
150,user_0150,Gruul Leyline Aggro,Gruul Leyline Aggro,0.98
150,user_0150,Izzet,Izzet,1.13
150,user_0150,Orzhov Control,Orzhov Control,1.1
150,user_0150,Simic Midrange,Simic Midrange,1.54
150,user_0150,Mono-Black Midrange,Mono-Black Midrange,0.78
150,user_0150,Grixis Artifacts,Grixis Artifacts,0.7
150,user_0150,Boros Mice,Boros Mice,1.15
150,user_0150,Golgari Insidious Roots,Golgari Insidious Roots,1.38
150,user_0150,4c Artifacts,4c Artifacts,1.17
150,user_0150,Bant Omniscience,Bant Omniscience,1.03
150,user_0150,Rakdos Sacrifice,Rakdos Sacrifice,0.97
150,user_0150,Sultai Graveyard,Sultai Graveyard,1.49
150,user_0150,4c Insidious Roots,4c Insidious Roots,0.81
150,user_0150,Gruul Aggro,Gruul Aggro,1.35
150,user_0150,4c Control,4c Control,0.83
150,user_0150,Simic Aggro,Simic Aggro,1.67
150,user_0150,Boros Manufacturing,Boros Manufacturing,1.19
150,user_0150,Boros Burn,Boros Burn,1.32
150,user_0150,Sultai Reanimator,Sultai Reanimator,1.41
150,user_0150,Boros Dragons,Boros Dragons,1.41
150,user_0150,Boros Aggro,Boros Aggro,1.62
150,user_0150,Jeskai Self-Bounce,Jeskai Self-Bounce,0.89
150,user_0150,Mono-Red Aggro,Mono-Red Aggro,3.53
150,user_0150,Temur Lessons,Temur Lessons,2.31
150,user_0150,Dimir Midrange,Dimir Midrange,2.94
150,user_0150,Boros Leyline Aggro,Boros Leyline Aggro,1.14
150,user_0150,Sultai Control,Sultai Control,0.65
150,user_0150,Esper Self-Bounce,Esper Self-Bounce,1.21
150,user_0150,5c Reanimator,5c Reanimator,1.55
150,user_0150,Gruul Random Encounter,Gruul Random Encounter,1.24
150,user_0150,Jeskai Artifacts,Jeskai Artifacts,1.05
150,user_0150,Abzan Insidious Roots,Abzan Insidious Roots,0.77
150,user_0150,Naya Yuna,Naya Yuna,1.26
150,user_0150,Izzet Lessons,Izzet Lessons,4.03
150,user_0150,Mono-Green Landfall,Mono-Green Landfall,1.5
150,user_0150,Izzet Midrange,Izzet Midrange,1.62
150,user_0150,Golgari Midrange,Golgari Midrange,1.66
150,user_0150,Mono-White Tokens,Mono-White Tokens,1.31
150,user_0150,Temur Floodcaller Combo,Temur Floodcaller Combo,1.43
150,user_0150,Grixis Leyline,Grixis Leyline,1.36
150,user_0150,4c Reanimator,4c Reanimator,2.49
150,user_0150,Dimir Bounce,Dimir Bounce,0.81
150,user_0150,Mono-Red Leyline Aggro,Mono-Red Leyline Aggro,1.4
150,user_0150,Golgari Dragons,Golgari Dragons,1.64
150,user_0150,Golgari Midrange (2),Golgari Midrange,0.9
150,user_0150,Jeskai Looting,Jeskai Looting,1.37
151,user_0151,Jeskai Control,Jeskai Control,3.11
151,user_0151,Sultai Control,Sultai Control,1.45
151,user_0151,Golgari Midrange (2),Golgari Midrange,0.99
151,user_0151,Esper Self-Bounce,Esper Self-Bounce,1.3
151,user_0151,Izzet Lessons,Izzet Lessons,4.68
151,user_0151,Gruul Aggro,Gruul Aggro,1.1
151,user_0151,Selesnya Landfall,Selesnya Landfall,2.63
151,user_0151,Dimir Bounce,Dimir Bounce,1.51
151,user_0151,Jeskai Self-Bounce,Jeskai Self-Bounce,1.45
151,user_0151,Sultai Reanimator,Sultai Reanimator,1.13
151,user_0151,Orzhov Midrange,Orzhov Midrange,1.9
151,user_0151,Dimir Control,Dimir Control,0.51
151,user_0151,Izzet Midrange,Izzet Midrange,1.53
151,user_0151,5c Reanimator,5c Reanimator,1.89
151,user_0151,Temur Kona,Temur Kona,1.98
151,user_0151,Mono-Red Leyline Aggro,Mono-Red Leyline Aggro,1.11
151,user_0151,Golgari Dragons,Golgari Dragons,1.62
151,user_0151,Naya Yuna,Naya Yuna,1.75
151,user_0151,Boros Manufacturing,Boros Manufacturing,2.49
151,user_0151,Boros Leyline Aggro,Boros Leyline Aggro,1.38
151,user_0151,4c Insidious Roots,4c Insidious Roots,1.37
151,user_0151,Mardu Dragons,Mardu Dragons,2.08
151,user_0151,Boros Mice,Boros Mice,1.68
151,user_0151,Gruul Delirium,Gruul Delirium,1.85
151,user_0151,Boros Burn,Boros Burn,2.12
151,user_0151,Bant Airbending Combo,Bant Airbending Combo,2.03
151,user_0151,Rakdos Aggro,Rakdos Aggro,1.53
151,user_0151,Abzan Midrange,Abzan Midrange,1.11
151,user_0151,4c Control,4c Control,1.34
151,user_0151,Izzet Prowess,Izzet Prowess,2.71
151,user_0151,Lifegain,Lifegain,1.44
151,user_0151,Simic Landfall,Simic Landfall,1.89
151,user_0151,Gruul Leyline Aggro,Gruul Leyline Aggro,1.39
151,user_0151,Abzan Insidious Roots,Abzan Insidious Roots,1.36
151,user_0151,Jeskai Artifacts,Jeskai Artifacts,2.09
151,user_0151,Temur Lessons,Temur Lessons,1.78
152,user_0152,Selesnya Landfall,Selesnya Landfall,1.75
152,user_0152,Esper Self-Bounce,Esper Self-Bounce,1.0
152,user_0152,Boros Mice,Boros Mice,0.86
152,user_0152,Grixis Artifacts,Grixis Artifacts,1.4
152,user_0152,Golgari Dragons,Golgari Dragons,0.9
152,user_0152,Abzan Insidious Roots,Abzan Insidious Roots,1.03
152,user_0152,Mono-Red Leyline Aggro,Mono-Red Leyline Aggro,1.27
152,user_0152,Rakdos Aggro,Rakdos Aggro,0.7
152,user_0152,5c Reanimator,5c Reanimator,1.25
152,user_0152,Jeskai Control,Jeskai Control,3.55
152,user_0152,Jeskai Artifacts,Jeskai Artifacts,1.09
152,user_0152,Boros Token Control,Boros Token Control,0.93
152,user_0152,Jund Aggro,Jund Aggro,1.28
152,user_0152,Izzet Looting,Izzet Looting,2.41
152,user_0152,Abzan Midrange,Abzan Midrange,1.06
152,user_0152,Temur Floodcaller Combo,Temur Floodcaller Combo,1.05
152,user_0152,Simic Landfall,Simic Landfall,1.28
152,user_0152,Bant Omniscience,Bant Omniscience,0.7
152,user_0152,Mono-Black Midrange,Mono-Black Midrange,1.66
152,user_0152,Temur Lessons,Temur Lessons,2.0
152,user_0152,Boros Manufacturing,Boros Manufacturing,0.77
152,user_0152,Golgari Insidious Roots,Golgari Insidious Roots,1.07
152,user_0152,4c Insidious Roots,4c Insidious Roots,0.99
152,user_0152,Izzet Prowess,Izzet Prowess,1.98
152,user_0152,Sultai Control,Sultai Control,1.71
152,user_0152,Gruul Leyline Aggro,Gruul Leyline Aggro,1.04
152,user_0152,4c Insidious Roots (2),4c Insidious Roots,0.51
152,user_0152,Sultai Graveyard,Sultai Graveyard,1.0
152,user_0152,Temur Battlecrier Combo,Temur Battlecrier Combo,1.23
152,user_0152,Izzet Midrange,Izzet Midrange,1.88
152,user_0152,4c Reanimator,4c Reanimator,2.25
152,user_0152,Izzet Aggro,Izzet Aggro,0.67
152,user_0152,Naya Yuna,Naya Yuna,0.74
152,user_0152,Gruul Aggro,Gruul Aggro,1.28
152,user_0152,Rakdos Sacrifice,Rakdos Sacrifice,1.08
152,user_0152,Boros Aggro,Boros Aggro,1.53
152,user_0152,Izzet Lessons,Izzet Lessons,4.15
152,user_0152,Dimir Bounce,Dimir Bounce,1.51
152,user_0152,Jeskai Self-Bounce,Jeskai Self-Bounce,0.73
152,user_0152,Boros Dragons,Boros Dragons,0.94
152,user_0152,4c Control,4c Control,0.69
153,user_0153,Gruul Leyline Aggro,Gruul Leyline Aggro,1.0
153,user_0153,Mono-White Tokens,Mono-White Tokens,1.65
153,user_0153,Orzhov Self-Bounce,Orzhov Self-Bounce,1.37
153,user_0153,5c Reanimator,5c Reanimator,1.98
153,user_0153,Temur Floodcaller Combo,Temur Floodcaller Combo,1.37
153,user_0153,4c Kona,4c Kona,1.25
153,user_0153,Grixis Leyline,Grixis Leyline,1.81
153,user_0153,Bant Airbending Combo,Bant Airbending Combo,1.39
153,user_0153,Boros Aggro,Boros Aggro,0.78
153,user_0153,Izzet Looting,Izzet Looting,2.96
153,user_0153,Dimir Bounce,Dimir Bounce,1.64
153,user_0153,Boros Token Control,Boros Token Control,0.71
153,user_0153,4c Control,4c Control,0.99
153,user_0153,Temur Lessons,Temur Lessons,1.92
153,user_0153,Azorius Control,Azorius Control,0.96
153,user_0153,4c Insidious Roots,4c Insidious Roots,1.89
153,user_0153,Orzhov Control,Orzhov Control,1.07
153,user_0153,Jeskai Looting,Jeskai Looting,1.54
153,user_0153,Sultai Graveyard,Sultai Graveyard,1.2
153,user_0153,Temur Battlecrier Combo,Temur Battlecrier Combo,1.12
153,user_0153,Dimir Midrange,Dimir Midrange,3.55
153,user_0153,Esper Self-Bounce,Esper Self-Bounce,1.43
153,user_0153,Lifegain,Lifegain,1.15
153,user_0153,Izzet,Izzet,1.98
153,user_0153,Jeskai Control,Jeskai Control,2.88
153,user_0153,Boros Leyline Aggro,Boros Leyline Aggro,1.11
153,user_0153,Izzet Midrange,Izzet Midrange,1.12
153,user_0153,Abzan Insidious Roots,Abzan Insidious Roots,0.86
153,user_0153,Jeskai Artifacts,Jeskai Artifacts,1.73
153,user_0153,Golgari Midrange,Golgari Midrange,1.44
153,user_0153,Rakdos Sacrifice,Rakdos Sacrifice,1.71
153,user_0153,Naya Yuna,Naya Yuna,1.22
153,user_0153,Boros Mice,Boros Mice,1.14
153,user_0153,Gruul Aggro,Gruul Aggro,1.12
153,user_0153,Simic Omniscience,Simic Omniscience,1.18
153,user_0153,Mono-Green Landfall,Mono-Green Landfall,1.86
153,user_0153,Bant Omniscience,Bant Omniscience,0.64
153,user_0153,Simic Aggro,Simic Aggro,0.82
153,user_0153,Selesnya Landfall,Selesnya Landfall,2.36
153,user_0153,4c Reanimator,4c Reanimator,2.47
153,user_0153,Orzhov Midrange,Orzhov Midrange,1.29
154,user_0154,5c Reanimator,5c Reanimator,0.97
154,user_0154,Jeskai Artifacts,Jeskai Artifacts,1.47
154,user_0154,Mono-Red Leyline Aggro,Mono-Red Leyline Aggro,0.86
154,user_0154,Mono-Black Midrange,Mono-Black Midrange,0.72
154,user_0154,4c Insidious Roots,4c Insidious Roots,1.5
154,user_0154,Izzet Looting,Izzet Looting,3.27
154,user_0154,4c Kona,4c Kona,0.85
154,user_0154,Boros Aggro,Boros Aggro,1.46
154,user_0154,Temur Lessons,Temur Lessons,1.01
154,user_0154,Selesnya Landfall,Selesnya Landfall,1.27
154,user_0154,Boros Burn,Boros Burn,0.94
154,user_0154,Golgari Midrange,Golgari Midrange,1.3
154,user_0154,Abzan Insidious Roots,Abzan Insidious Roots,1.26
154,user_0154,Bant Airbending Combo,Bant Airbending Combo,1.32
154,user_0154,Azorius Control,Azorius Control,1.58
154,user_0154,Temur Floodcaller Combo,Temur Floodcaller Combo,1.45
154,user_0154,Mono-Green Landfall,Mono-Green Landfall,1.05
154,user_0154,Gruul Aggro,Gruul Aggro,1.26
154,user_0154,4c Insidious Roots (2),4c Insidious Roots,1.5
154,user_0154,Sultai Reanimator,Sultai Reanimator,1.28
154,user_0154,4c Reanimator,4c Reanimator,2.37
154,user_0154,Dimir Control,Dimir Control,1.95
154,user_0154,Dimir Midrange,Dimir Midrange,3.81
154,user_0154,Esper Self-Bounce,Esper Self-Bounce,1.62
154,user_0154,Orzhov Control,Orzhov Control,2.06
154,user_0154,Grixis Artifacts,Grixis Artifacts,0.98
154,user_0154,Boros Token Control,Boros Token Control,1.16
154,user_0154,Abzan Midrange,Abzan Midrange,0.79
154,user_0154,Grixis Leyline,Grixis Leyline,1.16
154,user_0154,4c Omniscience,4c Omniscience,0.54
155,user_0155,Rakdos Sacrifice,Rakdos Sacrifice,0.89
155,user_0155,4c Omniscience,4c Omniscience,0.74
155,user_0155,Boros Burn,Boros Burn,1.04
155,user_0155,Gruul Leyline Aggro,Gruul Leyline Aggro,0.71
155,user_0155,Grixis Leyline,Grixis Leyline,1.03
155,user_0155,Esper Self-Bounce,Esper Self-Bounce,0.57
155,user_0155,Mono-Red Leyline Aggro,Mono-Red Leyline Aggro,0.89
155,user_0155,Mono-Green Landfall,Mono-Green Landfall,1.7
155,user_0155,Orzhov Control,Orzhov Control,1.29
155,user_0155,Boros Manufacturing,Boros Manufacturing,0.96
155,user_0155,Grixis Artifacts,Grixis Artifacts,0.87
155,user_0155,Abzan Midrange,Abzan Midrange,2.25
155,user_0155,Simic Midrange,Simic Midrange,1.49
155,user_0155,Sultai Reanimator,Sultai Reanimator,0.57
155,user_0155,Jeskai Artifacts,Jeskai Artifacts,0.97
155,user_0155,Boros Leyline Aggro,Boros Leyline Aggro,1.26
155,user_0155,Mardu Dragons,Mardu Dragons,1.09
155,user_0155,Abzan Insidious Roots,Abzan Insidious Roots,1.36
155,user_0155,Bant Airbending Combo,Bant Airbending Combo,1.58
155,user_0155,Golgari Midrange (2),Golgari Midrange,1.91
155,user_0155,Gruul Delirium,Gruul Delirium,1.18
155,user_0155,Boros Dragons,Boros Dragons,0.94
155,user_0155,Sultai Graveyard,Sultai Graveyard,0.39
155,user_0155,Boros Token Control,Boros Token Control,1.4
155,user_0155,Selesnya Landfall,Selesnya Landfall,1.41
155,user_0155,Temur Battlecrier Combo,Temur Battlecrier Combo,0.92
155,user_0155,Mono-White Tokens,Mono-White Tokens,0.98
155,user_0155,Izzet Aggro,Izzet Aggro,0.93
155,user_0155,Izzet Midrange,Izzet Midrange,1.22
155,user_0155,Golgari Insidious Roots,Golgari Insidious Roots,1.1
155,user_0155,Mono-Red Aggro,Mono-Red Aggro,3.08
155,user_0155,Izzet Looting,Izzet Looting,2.07
155,user_0155,Orzhov Self-Bounce,Orzhov Self-Bounce,0.85
156,user_0156,4c Control,4c Control,0.77
156,user_0156,Boros Burn,Boros Burn,1.41
156,user_0156,Sultai Graveyard,Sultai Graveyard,0.84
156,user_0156,Temur Lessons,Temur Lessons,0.96
156,user_0156,Izzet Looting,Izzet Looting,1.86
156,user_0156,Gruul Leyline Aggro,Gruul Leyline Aggro,1.65
156,user_0156,Grixis Leyline,Grixis Leyline,1.22
156,user_0156,Izzet Midrange,Izzet Midrange,1.32
156,user_0156,Simic Omniscience,Simic Omniscience,0.93
156,user_0156,Simic Midrange,Simic Midrange,1.23
156,user_0156,Izzet Prowess,Izzet Prowess,1.94
156,user_0156,Abzan Insidious Roots,Abzan Insidious Roots,1.03
156,user_0156,Jund Aggro,Jund Aggro,1.34
156,user_0156,Golgari Insidious Roots,Golgari Insidious Roots,0.91
156,user_0156,Golgari Midrange,Golgari Midrange,1.71
156,user_0156,Naya Yuna,Naya Yuna,1.0
156,user_0156,Bant Airbending Combo,Bant Airbending Combo,1.61
156,user_0156,Esper Self-Bounce,Esper Self-Bounce,1.56
156,user_0156,4c Artifacts,4c Artifacts,1.7
156,user_0156,Jeskai Looting,Jeskai Looting,0.93
156,user_0156,Grixis Artifacts,Grixis Artifacts,1.13
156,user_0156,Boros Aggro,Boros Aggro,2.41
156,user_0156,Dimir Midrange,Dimir Midrange,3.83
156,user_0156,Boros Mice,Boros Mice,1.0
156,user_0156,5c Reanimator,5c Reanimator,1.02
156,user_0156,4c Reanimator,4c Reanimator,2.58
156,user_0156,Orzhov Self-Bounce,Orzhov Self-Bounce,1.44
156,user_0156,Mono-Black Midrange,Mono-Black Midrange,1.56
156,user_0156,Mono-White Tokens,Mono-White Tokens,1.37
156,user_0156,Sultai Reanimator,Sultai Reanimator,1.33
156,user_0156,Jeskai Control,Jeskai Control,2.98
156,user_0156,4c Insidious Roots,4c Insidious Roots,1.27
156,user_0156,Temur Battlecrier Combo,Temur Battlecrier Combo,1.16
156,user_0156,Boros Leyline Aggro,Boros Leyline Aggro,1.75
156,user_0156,Bant Omniscience,Bant Omniscience,1.07
156,user_0156,Selesnya Landfall,Selesnya Landfall,1.55
156,user_0156,Izzet Lessons,Izzet Lessons,4.57
156,user_0156,Dimir Control,Dimir Control,0.63
156,user_0156,Mono-Red Aggro,Mono-Red Aggro,3.75
156,user_0156,Abzan Midrange,Abzan Midrange,0.87
156,user_0156,Dimir Bounce,Dimir Bounce,0.91
156,user_0156,Azorius Control,Azorius Control,1.72
156,user_0156,Lifegain,Lifegain,1.15
156,user_0156,Temur Floodcaller Combo,Temur Floodcaller Combo,1.39
156,user_0156,Izzet,Izzet,0.92
156,user_0156,Jeskai Self-Bounce,Jeskai Self-Bounce,0.8
156,user_0156,Izzet Aggro,Izzet Aggro,1.5
156,user_0156,Izzet Omniscience,Izzet Omniscience,1.01
156,user_0156,Golgari Dragons,Golgari Dragons,0.78
156,user_0156,Boros Dragons,Boros Dragons,1.22
156,user_0156,Simic Aggro,Simic Aggro,1.76
157,user_0157,Boros Manufacturing,Boros Manufacturing,1.13
157,user_0157,Golgari Insidious Roots,Golgari Insidious Roots,0.61
157,user_0157,Selesnya Landfall,Selesnya Landfall,1.27
157,user_0157,Temur Kona,Temur Kona,1.32
157,user_0157,Izzet Looting,Izzet Looting,2.25
157,user_0157,Jeskai Control,Jeskai Control,3.36
157,user_0157,Jund Aggro,Jund Aggro,1.17
157,user_0157,Temur Floodcaller Combo,Temur Floodcaller Combo,1.59
157,user_0157,Mardu Dragons,Mardu Dragons,0.61
157,user_0157,4c Reanimator,4c Reanimator,3.01
157,user_0157,Dimir Bounce,Dimir Bounce,1.13
157,user_0157,Izzet Aggro,Izzet Aggro,0.73
157,user_0157,Izzet Omniscience,Izzet Omniscience,1.05
157,user_0157,Gruul Aggro,Gruul Aggro,1.11
157,user_0157,Orzhov Control,Orzhov Control,0.82
157,user_0157,Mono-White Tokens,Mono-White Tokens,1.31
157,user_0157,Simic Midrange,Simic Midrange,1.23
157,user_0157,Boros Burn,Boros Burn,1.3
157,user_0157,Gruul Random Encounter,Gruul Random Encounter,0.96
157,user_0157,Boros Dragons,Boros Dragons,0.81
157,user_0157,Simic Landfall,Simic Landfall,1.26
157,user_0157,Jeskai Artifacts,Jeskai Artifacts,1.09
157,user_0157,Boros Leyline Aggro,Boros Leyline Aggro,1.9
157,user_0157,Esper Self-Bounce,Esper Self-Bounce,1.1
157,user_0157,Abzan Midrange,Abzan Midrange,0.92
157,user_0157,Grixis Leyline,Grixis Leyline,1.02
157,user_0157,Izzet,Izzet,1.15
157,user_0157,Mono-Black Midrange,Mono-Black Midrange,1.11
157,user_0157,Izzet Lessons,Izzet Lessons,3.67
157,user_0157,Dimir Control,Dimir Control,0.93
157,user_0157,Rakdos Sacrifice,Rakdos Sacrifice,1.26
157,user_0157,Orzhov Self-Bounce,Orzhov Self-Bounce,1.15
157,user_0157,Izzet Prowess,Izzet Prowess,2.2
158,user_0158,Boros Mice,Boros Mice,1.15
158,user_0158,Abzan Midrange,Abzan Midrange,1.5
158,user_0158,Jeskai Control,Jeskai Control,2.8
158,user_0158,Simic Omniscience,Simic Omniscience,1.78
158,user_0158,Mono-White Tokens,Mono-White Tokens,1.63
158,user_0158,Temur Battlecrier Combo,Temur Battlecrier Combo,1.18
158,user_0158,Naya Yuna,Naya Yuna,1.55
158,user_0158,4c Control,4c Control,1.0
158,user_0158,4c Insidious Roots,4c Insidious Roots,1.51
158,user_0158,Esper Self-Bounce,Esper Self-Bounce,1.65
158,user_0158,Izzet Midrange,Izzet Midrange,1.46
158,user_0158,Simic Aggro,Simic Aggro,1.36
158,user_0158,Mono-Black Midrange,Mono-Black Midrange,1.17
158,user_0158,Orzhov Self-Bounce,Orzhov Self-Bounce,1.47
158,user_0158,Mono-Red Aggro,Mono-Red Aggro,3.42
158,user_0158,Izzet Aggro,Izzet Aggro,0.7
158,user_0158,Sultai Reanimator,Sultai Reanimator,1.7
158,user_0158,Dimir Midrange,Dimir Midrange,3.1
158,user_0158,4c Insidious Roots (2),4c Insidious Roots,1.83
158,user_0158,Izzet Looting,Izzet Looting,3.12
158,user_0158,Boros Dragons,Boros Dragons,1.35
158,user_0158,Orzhov Midrange,Orzhov Midrange,1.37
158,user_0158,Grixis Artifacts,Grixis Artifacts,1.41
158,user_0158,Grixis Leyline,Grixis Leyline,1.09
158,user_0158,Simic Landfall,Simic Landfall,1.57
158,user_0158,Izzet Prowess,Izzet Prowess,2.47
158,user_0158,Azorius Control,Azorius Control,0.85
158,user_0158,Jeskai Looting,Jeskai Looting,1.84
158,user_0158,Golgari Midrange (2),Golgari Midrange,0.77
158,user_0158,Selesnya Landfall,Selesnya Landfall,1.92
158,user_0158,Rakdos Aggro,Rakdos Aggro,1.42
158,user_0158,Boros Burn,Boros Burn,1.77
158,user_0158,Abzan Insidious Roots,Abzan Insidious Roots,1.71
158,user_0158,Orzhov Control,Orzhov Control,1.43
158,user_0158,Jeskai Artifacts,Jeskai Artifacts,2.03
158,user_0158,Boros Leyline Aggro,Boros Leyline Aggro,1.0
158,user_0158,5c Reanimator,5c Reanimator,1.19
158,user_0158,Temur Floodcaller Combo,Temur Floodcaller Combo,0.9
158,user_0158,Mono-Red Leyline Aggro,Mono-Red Leyline Aggro,0.65
158,user_0158,Rakdos Sacrifice,Rakdos Sacrifice,2.5
158,user_0158,Bant Omniscience,Bant Omniscience,1.66
158,user_0158,Izzet,Izzet,1.55
158,user_0158,Temur Kona,Temur Kona,1.45
158,user_0158,Gruul Delirium,Gruul Delirium,1.5
158,user_0158,Golgari Midrange,Golgari Midrange,1.94
158,user_0158,Gruul Random Encounter,Gruul Random Encounter,1.3
158,user_0158,Gruul Aggro,Gruul Aggro,0.75
158,user_0158,4c Omniscience,4c Omniscience,1.21
159,user_0159,5c Reanimator,5c Reanimator,1.03
159,user_0159,Rakdos Sacrifice,Rakdos Sacrifice,0.8
159,user_0159,Jeskai Control,Jeskai Control,3.56
159,user_0159,Izzet Aggro,Izzet Aggro,1.46
159,user_0159,Golgari Midrange,Golgari Midrange,1.51
159,user_0159,Orzhov Control,Orzhov Control,1.02
159,user_0159,4c Insidious Roots (2),4c Insidious Roots,0.68
159,user_0159,Jeskai Looting,Jeskai Looting,0.73
159,user_0159,Gruul Aggro,Gruul Aggro,1.37
159,user_0159,4c Control,4c Control,1.43
159,user_0159,Gruul Random Encounter,Gruul Random Encounter,0.67
159,user_0159,Sultai Control,Sultai Control,0.84
159,user_0159,4c Reanimator,4c Reanimator,2.04
159,user_0159,Golgari Midrange (2),Golgari Midrange,0.93
159,user_0159,4c Omniscience,4c Omniscience,0.82
159,user_0159,Dimir Bounce,Dimir Bounce,1.02
159,user_0159,Orzhov Self-Bounce,Orzhov Self-Bounce,0.99
159,user_0159,Temur Kona,Temur Kona,1.52
159,user_0159,Boros Burn,Boros Burn,0.61
159,user_0159,Dimir Control,Dimir Control,1.41
159,user_0159,Golgari Insidious Roots,Golgari Insidious Roots,0.76
159,user_0159,Simic Aggro,Simic Aggro,2.44
159,user_0159,Gruul Delirium,Gruul Delirium,0.86
159,user_0159,Boros Manufacturing,Boros Manufacturing,1.39
159,user_0159,Boros Leyline Aggro,Boros Leyline Aggro,2.0
159,user_0159,Mono-Red Aggro,Mono-Red Aggro,3.89
159,user_0159,Grixis Artifacts,Grixis Artifacts,1.03
159,user_0159,Bant Omniscience,Bant Omniscience,0.63
159,user_0159,Abzan Insidious Roots,Abzan Insidious Roots,1.32
159,user_0159,Izzet Midrange,Izzet Midrange,1.1
160,user_0160,Jeskai Self-Bounce,Jeskai Self-Bounce,1.77
160,user_0160,Temur Battlecrier Combo,Temur Battlecrier Combo,1.64
160,user_0160,Simic Landfall,Simic Landfall,0.95
160,user_0160,Gruul Aggro,Gruul Aggro,1.45
160,user_0160,Orzhov Midrange,Orzhov Midrange,1.79
160,user_0160,Sultai Control,Sultai Control,1.24
160,user_0160,Jeskai Looting,Jeskai Looting,1.41
160,user_0160,Izzet Aggro,Izzet Aggro,1.39
160,user_0160,Golgari Insidious Roots,Golgari Insidious Roots,0.65
160,user_0160,Golgari Midrange,Golgari Midrange,2.02
160,user_0160,Esper Self-Bounce,Esper Self-Bounce,0.98
160,user_0160,Dimir Midrange,Dimir Midrange,5.0
160,user_0160,Izzet Lessons,Izzet Lessons,4.0
160,user_0160,Izzet Prowess,Izzet Prowess,2.07
160,user_0160,Abzan Insidious Roots,Abzan Insidious Roots,1.36
160,user_0160,4c Control,4c Control,1.16
160,user_0160,4c Artifacts,4c Artifacts,0.74
160,user_0160,Simic Aggro,Simic Aggro,1.34
160,user_0160,Sultai Reanimator,Sultai Reanimator,0.97
160,user_0160,Orzhov Self-Bounce,Orzhov Self-Bounce,1.18
160,user_0160,Mono-White Tokens,Mono-White Tokens,1.37
160,user_0160,Mono-Red Leyline Aggro,Mono-Red Leyline Aggro,1.78
160,user_0160,Orzhov Control,Orzhov Control,0.41
160,user_0160,4c Insidious Roots (2),4c Insidious Roots,0.57
160,user_0160,Gruul Random Encounter,Gruul Random Encounter,0.84
160,user_0160,Izzet Omniscience,Izzet Omniscience,1.32
160,user_0160,5c Reanimator,5c Reanimator,0.92
160,user_0160,Jund Aggro,Jund Aggro,0.83
160,user_0160,Izzet Looting,Izzet Looting,2.79
160,user_0160,Simic Omniscience,Simic Omniscience,1.23
160,user_0160,Golgari Dragons,Golgari Dragons,1.23
160,user_0160,4c Reanimator,4c Reanimator,2.87
160,user_0160,Grixis Leyline,Grixis Leyline,0.66
160,user_0160,4c Omniscience,4c Omniscience,1.27
160,user_0160,4c Kona,4c Kona,1.08
160,user_0160,Boros Leyline Aggro,Boros Leyline Aggro,1.43
160,user_0160,Mono-Green Landfall,Mono-Green Landfall,1.41
160,user_0160,Mono-Black Midrange,Mono-Black Midrange,1.64
160,user_0160,Temur Kona,Temur Kona,1.49
160,user_0160,Bant Airbending Combo,Bant Airbending Combo,1.26
160,user_0160,Mardu Dragons,Mardu Dragons,1.21
160,user_0160,Temur Lessons,Temur Lessons,1.65
160,user_0160,Abzan Midrange,Abzan Midrange,1.71
160,user_0160,Gruul Delirium,Gruul Delirium,0.76
160,user_0160,Azorius Control,Azorius Control,1.07
160,user_0160,Temur Floodcaller Combo,Temur Floodcaller Combo,1.15
160,user_0160,Gruul Leyline Aggro,Gruul Leyline Aggro,1.13
160,user_0160,Izzet Midrange,Izzet Midrange,1.21
160,user_0160,Mono-Red Aggro,Mono-Red Aggro,2.99
160,user_0160,Boros Dragons,Boros Dragons,0.65
160,user_0160,Dimir Control,Dimir Control,1.88
160,user_0160,4c Insidious Roots,4c Insidious Roots,1.44
160,user_0160,Naya Yuna,Naya Yuna,1.28
160,user_0160,Simic Midrange,Simic Midrange,1.64
161,user_0161,Temur Lessons,Temur Lessons,1.85
161,user_0161,Lifegain,Lifegain,1.4
161,user_0161,Boros Manufacturing,Boros Manufacturing,0.68
161,user_0161,Rakdos Aggro,Rakdos Aggro,1.4
161,user_0161,Jeskai Self-Bounce,Jeskai Self-Bounce,0.93
161,user_0161,Temur Kona,Temur Kona,1.78
161,user_0161,Naya Yuna,Naya Yuna,0.99
161,user_0161,4c Insidious Roots,4c Insidious Roots,1.25
161,user_0161,Mono-White Tokens,Mono-White Tokens,1.57
161,user_0161,Izzet Lessons,Izzet Lessons,4.81
161,user_0161,4c Artifacts,4c Artifacts,1.33
161,user_0161,Golgari Insidious Roots,Golgari Insidious Roots,1.13
161,user_0161,Esper Self-Bounce,Esper Self-Bounce,0.95
161,user_0161,Boros Dragons,Boros Dragons,1.33
161,user_0161,Simic Landfall,Simic Landfall,0.78
161,user_0161,Mono-Red Aggro,Mono-Red Aggro,3.55
161,user_0161,4c Control,4c Control,0.69
161,user_0161,Golgari Dragons,Golgari Dragons,1.41
161,user_0161,Rakdos Sacrifice,Rakdos Sacrifice,1.06
161,user_0161,Boros Leyline Aggro,Boros Leyline Aggro,1.5
161,user_0161,Boros Token Control,Boros Token Control,0.79
161,user_0161,Mono-Red Leyline Aggro,Mono-Red Leyline Aggro,1.32
161,user_0161,Sultai Control,Sultai Control,1.07
161,user_0161,Temur Floodcaller Combo,Temur Floodcaller Combo,1.33
161,user_0161,Simic Midrange,Simic Midrange,0.92
161,user_0161,Grixis Leyline,Grixis Leyline,1.1
161,user_0161,Orzhov Self-Bounce,Orzhov Self-Bounce,0.74
161,user_0161,4c Reanimator,4c Reanimator,1.78
161,user_0161,5c Reanimator,5c Reanimator,1.51
161,user_0161,4c Insidious Roots (2),4c Insidious Roots,0.96
161,user_0161,Gruul Delirium,Gruul Delirium,1.08
161,user_0161,Grixis Artifacts,Grixis Artifacts,1.32
161,user_0161,Bant Omniscience,Bant Omniscience,0.65
162,user_0162,Bant Omniscience,Bant Omniscience,0.76
162,user_0162,Orzhov Control,Orzhov Control,1.35
162,user_0162,Mono-Red Leyline Aggro,Mono-Red Leyline Aggro,1.88
162,user_0162,Azorius Control,Azorius Control,1.26
162,user_0162,Grixis Leyline,Grixis Leyline,0.69
162,user_0162,Golgari Midrange,Golgari Midrange,1.37
162,user_0162,Naya Yuna,Naya Yuna,1.01
162,user_0162,Golgari Midrange (2),Golgari Midrange,0.98
162,user_0162,Gruul Aggro,Gruul Aggro,1.05
162,user_0162,Dimir Bounce,Dimir Bounce,0.91
162,user_0162,Boros Dragons,Boros Dragons,2.19
162,user_0162,Mono-White Tokens,Mono-White Tokens,0.92
162,user_0162,Orzhov Self-Bounce,Orzhov Self-Bounce,1.11
162,user_0162,Simic Midrange,Simic Midrange,1.13
162,user_0162,Jeskai Control,Jeskai Control,3.86
162,user_0162,Gruul Delirium,Gruul Delirium,1.13
162,user_0162,Izzet Lessons,Izzet Lessons,3.81
162,user_0162,Rakdos Aggro,Rakdos Aggro,1.42
162,user_0162,Izzet Prowess,Izzet Prowess,1.95
162,user_0162,Izzet,Izzet,0.94
162,user_0162,Mono-Red Aggro,Mono-Red Aggro,3.81
162,user_0162,4c Reanimator,4c Reanimator,2.33
162,user_0162,Temur Floodcaller Combo,Temur Floodcaller Combo,0.99
162,user_0162,Sultai Reanimator,Sultai Reanimator,1.34
162,user_0162,4c Artifacts,4c Artifacts,0.92
162,user_0162,Orzhov Midrange,Orzhov Midrange,1.33
163,user_0163,Sultai Reanimator,Sultai Reanimator,1.02
163,user_0163,4c Control,4c Control,1.79
163,user_0163,Bant Omniscience,Bant Omniscience,1.03
163,user_0163,Golgari Dragons,Golgari Dragons,1.32
163,user_0163,Boros Leyline Aggro,Boros Leyline Aggro,0.78
163,user_0163,Jeskai Looting,Jeskai Looting,1.22
163,user_0163,Grixis Artifacts,Grixis Artifacts,1.3
163,user_0163,Gruul Aggro,Gruul Aggro,1.15
163,user_0163,Rakdos Aggro,Rakdos Aggro,0.97
163,user_0163,Orzhov Midrange,Orzhov Midrange,1.29
163,user_0163,Golgari Insidious Roots,Golgari Insidious Roots,0.94
163,user_0163,Simic Omniscience,Simic Omniscience,1.65
163,user_0163,Izzet Omniscience,Izzet Omniscience,1.29
163,user_0163,Mono-Red Leyline Aggro,Mono-Red Leyline Aggro,1.2
163,user_0163,Mono-Black Midrange,Mono-Black Midrange,1.24
163,user_0163,4c Insidious Roots (2),4c Insidious Roots,1.51
163,user_0163,Dimir Midrange,Dimir Midrange,3.29
163,user_0163,Esper Self-Bounce,Esper Self-Bounce,0.91
163,user_0163,Dimir Control,Dimir Control,1.05
163,user_0163,Mono-Green Landfall,Mono-Green Landfall,1.94
163,user_0163,Izzet Midrange,Izzet Midrange,0.93
163,user_0163,Sultai Control,Sultai Control,1.44
163,user_0163,Golgari Midrange (2),Golgari Midrange,1.06
163,user_0163,4c Artifacts,4c Artifacts,1.33
163,user_0163,Temur Battlecrier Combo,Temur Battlecrier Combo,1.69
163,user_0163,Gruul Leyline Aggro,Gruul Leyline Aggro,0.86
163,user_0163,Azorius Control,Azorius Control,1.16
163,user_0163,Sultai Graveyard,Sultai Graveyard,0.85
163,user_0163,Boros Token Control,Boros Token Control,0.98
163,user_0163,Izzet Looting,Izzet Looting,1.6
163,user_0163,Mardu Dragons,Mardu Dragons,1.3
164,user_0164,Izzet Omniscience,Izzet Omniscience,1.36
164,user_0164,Dimir Control,Dimir Control,1.48
164,user_0164,Simic Aggro,Simic Aggro,1.5
164,user_0164,Mardu Dragons,Mardu Dragons,0.4
164,user_0164,4c Kona,4c Kona,0.99
164,user_0164,Grixis Leyline,Grixis Leyline,1.28
164,user_0164,Temur Lessons,Temur Lessons,1.11
164,user_0164,Azorius Control,Azorius Control,1.73
164,user_0164,Golgari Dragons,Golgari Dragons,0.83
164,user_0164,Jeskai Self-Bounce,Jeskai Self-Bounce,1.19
164,user_0164,Boros Aggro,Boros Aggro,1.51
164,user_0164,Jeskai Looting,Jeskai Looting,1.28
164,user_0164,Simic Omniscience,Simic Omniscience,0.79
164,user_0164,Boros Mice,Boros Mice,1.33
164,user_0164,4c Omniscience,4c Omniscience,0.98
164,user_0164,Orzhov Self-Bounce,Orzhov Self-Bounce,0.87
164,user_0164,4c Artifacts,4c Artifacts,0.74
164,user_0164,Mono-Green Landfall,Mono-Green Landfall,1.42
164,user_0164,Bant Omniscience,Bant Omniscience,0.37
164,user_0164,Orzhov Control,Orzhov Control,1.75
164,user_0164,Abzan Insidious Roots,Abzan Insidious Roots,0.64
164,user_0164,Jeskai Artifacts,Jeskai Artifacts,1.03
164,user_0164,Bant Airbending Combo,Bant Airbending Combo,0.92
164,user_0164,Izzet Aggro,Izzet Aggro,1.02
164,user_0164,Dimir Bounce,Dimir Bounce,0.84
164,user_0164,Selesnya Landfall,Selesnya Landfall,1.62
164,user_0164,Sultai Control,Sultai Control,1.46
164,user_0164,Boros Leyline Aggro,Boros Leyline Aggro,1.12
164,user_0164,Simic Landfall,Simic Landfall,1.15
164,user_0164,Naya Yuna,Naya Yuna,1.0
164,user_0164,Mono-Red Aggro,Mono-Red Aggro,3.37
164,user_0164,Mono-Red Leyline Aggro,Mono-Red Leyline Aggro,1.15
164,user_0164,Esper Self-Bounce,Esper Self-Bounce,1.39
164,user_0164,Temur Battlecrier Combo,Temur Battlecrier Combo,1.11
164,user_0164,Temur Kona,Temur Kona,1.28
164,user_0164,Sultai Graveyard,Sultai Graveyard,0.88
164,user_0164,Izzet,Izzet,0.86
164,user_0164,Dimir Midrange,Dimir Midrange,2.89
164,user_0164,4c Control,4c Control,1.11
164,user_0164,Orzhov Midrange,Orzhov Midrange,1.24
164,user_0164,Izzet Midrange,Izzet Midrange,0.6
165,user_0165,Mono-Green Landfall,Mono-Green Landfall,1.55
165,user_0165,Temur Kona,Temur Kona,1.3
165,user_0165,Dimir Bounce,Dimir Bounce,1.11
165,user_0165,Mono-White Tokens,Mono-White Tokens,1.56
165,user_0165,Mono-Red Leyline Aggro,Mono-Red Leyline Aggro,0.71
165,user_0165,Izzet,Izzet,0.62
165,user_0165,Orzhov Self-Bounce,Orzhov Self-Bounce,0.66
165,user_0165,5c Reanimator,5c Reanimator,0.96
165,user_0165,Orzhov Control,Orzhov Control,0.78
165,user_0165,Temur Floodcaller Combo,Temur Floodcaller Combo,1.09
165,user_0165,Sultai Graveyard,Sultai Graveyard,0.71
165,user_0165,Rakdos Aggro,Rakdos Aggro,0.76
165,user_0165,Sultai Reanimator,Sultai Reanimator,0.89
165,user_0165,Izzet Midrange,Izzet Midrange,1.66
165,user_0165,4c Reanimator,4c Reanimator,2.13
165,user_0165,Abzan Midrange,Abzan Midrange,1.65
165,user_0165,Simic Landfall,Simic Landfall,0.65
165,user_0165,Boros Leyline Aggro,Boros Leyline Aggro,1.0
165,user_0165,Golgari Dragons,Golgari Dragons,0.89
165,user_0165,4c Omniscience,4c Omniscience,0.97
165,user_0165,Boros Burn,Boros Burn,1.15
165,user_0165,Golgari Insidious Roots,Golgari Insidious Roots,1.02
165,user_0165,4c Kona,4c Kona,0.75
165,user_0165,Esper Self-Bounce,Esper Self-Bounce,1.36
165,user_0165,Izzet Lessons,Izzet Lessons,4.0
165,user_0165,Bant Omniscience,Bant Omniscience,0.86
165,user_0165,Azorius Control,Azorius Control,1.5
165,user_0165,4c Control,4c Control,0.99
165,user_0165,Simic Aggro,Simic Aggro,1.11
165,user_0165,Gruul Leyline Aggro,Gruul Leyline Aggro,1.05
165,user_0165,Selesnya Landfall,Selesnya Landfall,1.54
165,user_0165,Jeskai Artifacts,Jeskai Artifacts,1.26
165,user_0165,Rakdos Sacrifice,Rakdos Sacrifice,0.89
165,user_0165,Dimir Midrange,Dimir Midrange,3.94
165,user_0165,Simic Midrange,Simic Midrange,1.73
165,user_0165,Golgari Midrange (2),Golgari Midrange,1.56
165,user_0165,Naya Yuna,Naya Yuna,0.76
165,user_0165,Boros Token Control,Boros Token Control,0.63
165,user_0165,Mardu Dragons,Mardu Dragons,0.84
165,user_0165,Jeskai Looting,Jeskai Looting,1.69
165,user_0165,Golgari Midrange,Golgari Midrange,1.94
165,user_0165,4c Artifacts,4c Artifacts,1.11
165,user_0165,Simic Omniscience,Simic Omniscience,0.62
165,user_0165,Temur Battlecrier Combo,Temur Battlecrier Combo,1.4
166,user_0166,Bant Omniscience,Bant Omniscience,1.2
166,user_0166,Dimir Control,Dimir Control,1.03
166,user_0166,Boros Leyline Aggro,Boros Leyline Aggro,0.99
166,user_0166,Jeskai Self-Bounce,Jeskai Self-Bounce,0.97
166,user_0166,4c Control,4c Control,0.4
166,user_0166,Sultai Reanimator,Sultai Reanimator,1.07
166,user_0166,Temur Kona,Temur Kona,1.39
166,user_0166,4c Omniscience,4c Omniscience,1.04
166,user_0166,Izzet,Izzet,0.91
166,user_0166,Orzhov Control,Orzhov Control,1.0
166,user_0166,Izzet Lessons,Izzet Lessons,3.63
166,user_0166,Izzet Prowess,Izzet Prowess,2.44
166,user_0166,Mono-Red Leyline Aggro,Mono-Red Leyline Aggro,1.21
166,user_0166,Mono-Red Aggro,Mono-Red Aggro,3.6
166,user_0166,Izzet Omniscience,Izzet Omniscience,1.15
166,user_0166,Rakdos Aggro,Rakdos Aggro,1.28
166,user_0166,Gruul Aggro,Gruul Aggro,0.86
166,user_0166,Izzet Midrange,Izzet Midrange,1.75
166,user_0166,4c Insidious Roots,4c Insidious Roots,0.82
166,user_0166,4c Artifacts,4c Artifacts,1.67
166,user_0166,Boros Manufacturing,Boros Manufacturing,0.83
166,user_0166,Golgari Midrange (2),Golgari Midrange,2.07
166,user_0166,Boros Dragons,Boros Dragons,1.39
166,user_0166,4c Reanimator,4c Reanimator,2.75
166,user_0166,Esper Self-Bounce,Esper Self-Bounce,1.11
166,user_0166,Mardu Dragons,Mardu Dragons,0.84
166,user_0166,5c Reanimator,5c Reanimator,1.01
166,user_0166,Sultai Graveyard,Sultai Graveyard,0.8
166,user_0166,Jeskai Artifacts,Jeskai Artifacts,1.55
166,user_0166,Gruul Leyline Aggro,Gruul Leyline Aggro,0.99
166,user_0166,Simic Midrange,Simic Midrange,1.59
167,user_0167,5c Reanimator,5c Reanimator,1.91
167,user_0167,Simic Aggro,Simic Aggro,1.53
167,user_0167,Izzet Aggro,Izzet Aggro,1.4
167,user_0167,Orzhov Midrange,Orzhov Midrange,0.39
167,user_0167,Grixis Leyline,Grixis Leyline,1.5
167,user_0167,Rakdos Sacrifice,Rakdos Sacrifice,1.24
167,user_0167,4c Artifacts,4c Artifacts,1.76
167,user_0167,Esper Self-Bounce,Esper Self-Bounce,1.47
167,user_0167,Gruul Delirium,Gruul Delirium,1.62
167,user_0167,Boros Aggro,Boros Aggro,0.99
167,user_0167,Gruul Leyline Aggro,Gruul Leyline Aggro,1.39
167,user_0167,Jeskai Looting,Jeskai Looting,1.7
167,user_0167,Mono-Black Midrange,Mono-Black Midrange,0.97
167,user_0167,Selesnya Landfall,Selesnya Landfall,2.11
167,user_0167,Simic Midrange,Simic Midrange,0.86
167,user_0167,Izzet Prowess,Izzet Prowess,3.32
167,user_0167,Bant Omniscience,Bant Omniscience,1.64
167,user_0167,Azorius Control,Azorius Control,0.88
167,user_0167,Dimir Bounce,Dimir Bounce,1.86
167,user_0167,Gruul Aggro,Gruul Aggro,0.62
167,user_0167,Boros Mice,Boros Mice,1.64
167,user_0167,Sultai Control,Sultai Control,1.0
167,user_0167,Dimir Control,Dimir Control,0.22
167,user_0167,4c Insidious Roots (2),4c Insidious Roots,1.93
167,user_0167,Abzan Insidious Roots,Abzan Insidious Roots,0.96
167,user_0167,Mono-Green Landfall,Mono-Green Landfall,1.69
167,user_0167,4c Omniscience,4c Omniscience,2.19
167,user_0167,Grixis Artifacts,Grixis Artifacts,1.3
167,user_0167,Boros Manufacturing,Boros Manufacturing,2.13
167,user_0167,Jeskai Control,Jeskai Control,3.1
167,user_0167,Boros Dragons,Boros Dragons,1.98
167,user_0167,Simic Landfall,Simic Landfall,1.52
167,user_0167,Naya Yuna,Naya Yuna,1.82
167,user_0167,Jeskai Self-Bounce,Jeskai Self-Bounce,1.22
167,user_0167,4c Kona,4c Kona,1.87
167,user_0167,4c Reanimator,4c Reanimator,2.58
167,user_0167,Mono-White Tokens,Mono-White Tokens,2.12
167,user_0167,Orzhov Self-Bounce,Orzhov Self-Bounce,1.67
167,user_0167,Temur Kona,Temur Kona,2.11
167,user_0167,Temur Lessons,Temur Lessons,1.95
167,user_0167,Golgari Midrange,Golgari Midrange,1.16
168,user_0168,Golgari Midrange (2),Golgari Midrange,1.64
168,user_0168,Mono-Red Leyline Aggro,Mono-Red Leyline Aggro,1.18
168,user_0168,Mono-Red Aggro,Mono-Red Aggro,3.45
168,user_0168,Izzet Prowess,Izzet Prowess,2.11
168,user_0168,4c Control,4c Control,0.89
168,user_0168,Boros Aggro,Boros Aggro,0.84
168,user_0168,Boros Burn,Boros Burn,0.83
168,user_0168,Gruul Delirium,Gruul Delirium,1.52
168,user_0168,Sultai Control,Sultai Control,0.83
168,user_0168,Golgari Insidious Roots,Golgari Insidious Roots,1.51
168,user_0168,Temur Kona,Temur Kona,1.05
168,user_0168,Simic Midrange,Simic Midrange,1.81
168,user_0168,Orzhov Control,Orzhov Control,1.06
168,user_0168,4c Omniscience,4c Omniscience,0.48
168,user_0168,Izzet,Izzet,0.66
168,user_0168,Izzet Midrange,Izzet Midrange,1.7
168,user_0168,Esper Self-Bounce,Esper Self-Bounce,0.77
168,user_0168,Golgari Midrange,Golgari Midrange,2.55
168,user_0168,Bant Omniscience,Bant Omniscience,1.15
168,user_0168,4c Reanimator,4c Reanimator,1.94
168,user_0168,Azorius Control,Azorius Control,1.33
168,user_0168,Dimir Midrange,Dimir Midrange,3.49
168,user_0168,Jeskai Control,Jeskai Control,2.85
168,user_0168,Mono-Black Midrange,Mono-Black Midrange,1.91
168,user_0168,Rakdos Aggro,Rakdos Aggro,0.81
168,user_0168,Boros Leyline Aggro,Boros Leyline Aggro,1.36
168,user_0168,4c Artifacts,4c Artifacts,0.93
168,user_0168,5c Reanimator,5c Reanimator,1.56
168,user_0168,Grixis Leyline,Grixis Leyline,0.67
168,user_0168,Boros Mice,Boros Mice,1.48
168,user_0168,Gruul Leyline Aggro,Gruul Leyline Aggro,0.76
168,user_0168,Golgari Dragons,Golgari Dragons,1.35
168,user_0168,Naya Yuna,Naya Yuna,0.76
168,user_0168,Rakdos Sacrifice,Rakdos Sacrifice,0.92
168,user_0168,Simic Omniscience,Simic Omniscience,0.87
168,user_0168,4c Insidious Roots (2),4c Insidious Roots,1.76
168,user_0168,Simic Aggro,Simic Aggro,1.28
168,user_0168,Jund Aggro,Jund Aggro,1.11
168,user_0168,Sultai Reanimator,Sultai Reanimator,1.03
168,user_0168,Sultai Graveyard,Sultai Graveyard,0.6
168,user_0168,4c Kona,4c Kona,1.2
169,user_0169,Orzhov Midrange,Orzhov Midrange,1.04
169,user_0169,Gruul Delirium,Gruul Delirium,1.46
169,user_0169,Esper Self-Bounce,Esper Self-Bounce,1.27
169,user_0169,4c Artifacts,4c Artifacts,1.61
169,user_0169,Izzet,Izzet,1.02
169,user_0169,Lifegain,Lifegain,1.59
169,user_0169,Mono-Red Leyline Aggro,Mono-Red Leyline Aggro,1.04
169,user_0169,Selesnya Landfall,Selesnya Landfall,1.93
169,user_0169,Mono-Red Aggro,Mono-Red Aggro,3.69
169,user_0169,5c Reanimator,5c Reanimator,1.66
169,user_0169,4c Insidious Roots (2),4c Insidious Roots,0.8
169,user_0169,Boros Dragons,Boros Dragons,1.37
169,user_0169,Temur Floodcaller Combo,Temur Floodcaller Combo,1.34
169,user_0169,Simic Midrange,Simic Midrange,0.79
169,user_0169,Izzet Lessons,Izzet Lessons,4.44
169,user_0169,4c Kona,4c Kona,1.39
169,user_0169,Orzhov Control,Orzhov Control,0.87
169,user_0169,Dimir Control,Dimir Control,0.74
169,user_0169,Izzet Omniscience,Izzet Omniscience,1.3
169,user_0169,Simic Landfall,Simic Landfall,1.87
169,user_0169,Jeskai Looting,Jeskai Looting,1.32
169,user_0169,Izzet Prowess,Izzet Prowess,2.46
169,user_0169,Golgari Insidious Roots,Golgari Insidious Roots,1.44
169,user_0169,Jeskai Control,Jeskai Control,2.73
169,user_0169,Abzan Midrange,Abzan Midrange,1.45
169,user_0169,Rakdos Sacrifice,Rakdos Sacrifice,1.28
169,user_0169,Golgari Dragons,Golgari Dragons,2.16
169,user_0169,Golgari Midrange,Golgari Midrange,2.62
169,user_0169,4c Omniscience,4c Omniscience,1.44
169,user_0169,Jeskai Self-Bounce,Jeskai Self-Bounce,2.02
169,user_0169,Boros Manufacturing,Boros Manufacturing,0.79
169,user_0169,4c Control,4c Control,0.39
169,user_0169,Sultai Control,Sultai Control,0.6
169,user_0169,Temur Lessons,Temur Lessons,1.38
169,user_0169,Grixis Leyline,Grixis Leyline,1.67
169,user_0169,Temur Battlecrier Combo,Temur Battlecrier Combo,1.16
169,user_0169,Gruul Random Encounter,Gruul Random Encounter,1.34
169,user_0169,Simic Aggro,Simic Aggro,0.66
169,user_0169,Temur Kona,Temur Kona,2.03
169,user_0169,Izzet Looting,Izzet Looting,3.39
169,user_0169,Gruul Leyline Aggro,Gruul Leyline Aggro,1.25
169,user_0169,Sultai Reanimator,Sultai Reanimator,1.76
169,user_0169,4c Insidious Roots,4c Insidious Roots,1.26
169,user_0169,Mono-White Tokens,Mono-White Tokens,0.96
169,user_0169,Boros Token Control,Boros Token Control,0.91
169,user_0169,Simic Omniscience,Simic Omniscience,1.48
169,user_0169,Jund Aggro,Jund Aggro,1.01
169,user_0169,Orzhov Self-Bounce,Orzhov Self-Bounce,1.39
170,user_0170,Rakdos Aggro,Rakdos Aggro,0.57
170,user_0170,Golgari Insidious Roots,Golgari Insidious Roots,1.73
170,user_0170,Mardu Dragons,Mardu Dragons,1.61
170,user_0170,Selesnya Landfall,Selesnya Landfall,2.47
170,user_0170,Orzhov Midrange,Orzhov Midrange,1.5
170,user_0170,Simic Landfall,Simic Landfall,2.05
170,user_0170,4c Control,4c Control,1.24
170,user_0170,Boros Token Control,Boros Token Control,1.32
170,user_0170,Temur Kona,Temur Kona,1.99
170,user_0170,Golgari Midrange,Golgari Midrange,1.57
170,user_0170,Mono-Green Landfall,Mono-Green Landfall,1.59
170,user_0170,Boros Mice,Boros Mice,1.47
170,user_0170,Lifegain,Lifegain,1.34
170,user_0170,Temur Lessons,Temur Lessons,1.49
170,user_0170,Rakdos Sacrifice,Rakdos Sacrifice,1.35
170,user_0170,Mono-Red Leyline Aggro,Mono-Red Leyline Aggro,1.7
170,user_0170,Izzet,Izzet,1.96
170,user_0170,Izzet Midrange,Izzet Midrange,0.63
170,user_0170,Boros Dragons,Boros Dragons,1.5
170,user_0170,Temur Floodcaller Combo,Temur Floodcaller Combo,0.88
170,user_0170,5c Reanimator,5c Reanimator,1.36
170,user_0170,Esper Self-Bounce,Esper Self-Bounce,1.18
170,user_0170,Izzet Aggro,Izzet Aggro,0.77
170,user_0170,Sultai Control,Sultai Control,1.19
170,user_0170,Azorius Control,Azorius Control,1.57
170,user_0170,Abzan Midrange,Abzan Midrange,1.12
171,user_0171,Azorius Control,Azorius Control,1.5
171,user_0171,Boros Token Control,Boros Token Control,1.79
171,user_0171,Sultai Reanimator,Sultai Reanimator,1.21
171,user_0171,4c Insidious Roots,4c Insidious Roots,1.43
171,user_0171,Jeskai Control,Jeskai Control,3.59
171,user_0171,4c Artifacts,4c Artifacts,1.42
171,user_0171,Orzhov Midrange,Orzhov Midrange,1.05
171,user_0171,Izzet Prowess,Izzet Prowess,2.32
171,user_0171,Simic Landfall,Simic Landfall,1.12
171,user_0171,Naya Yuna,Naya Yuna,0.95
171,user_0171,4c Reanimator,4c Reanimator,2.55
171,user_0171,Dimir Midrange,Dimir Midrange,3.96
171,user_0171,Gruul Random Encounter,Gruul Random Encounter,1.46
171,user_0171,Simic Omniscience,Simic Omniscience,1.09
171,user_0171,Rakdos Sacrifice,Rakdos Sacrifice,0.21
171,user_0171,Jeskai Self-Bounce,Jeskai Self-Bounce,0.61
171,user_0171,Boros Mice,Boros Mice,1.16
171,user_0171,Boros Aggro,Boros Aggro,0.54
171,user_0171,Gruul Aggro,Gruul Aggro,0.76
171,user_0171,Golgari Insidious Roots,Golgari Insidious Roots,0.87
171,user_0171,Abzan Insidious Roots,Abzan Insidious Roots,1.38
171,user_0171,Simic Aggro,Simic Aggro,1.22
171,user_0171,Boros Manufacturing,Boros Manufacturing,1.2
171,user_0171,Mono-White Tokens,Mono-White Tokens,1.09
171,user_0171,Grixis Leyline,Grixis Leyline,1.17
171,user_0171,Izzet Lessons,Izzet Lessons,3.77
171,user_0171,Rakdos Aggro,Rakdos Aggro,1.35
171,user_0171,Abzan Midrange,Abzan Midrange,1.35
171,user_0171,Orzhov Control,Orzhov Control,1.59
171,user_0171,Izzet Aggro,Izzet Aggro,1.28
171,user_0171,4c Kona,4c Kona,1.25
171,user_0171,Gruul Delirium,Gruul Delirium,1.3
171,user_0171,Mono-Green Landfall,Mono-Green Landfall,1.32
171,user_0171,Temur Kona,Temur Kona,1.39
171,user_0171,4c Omniscience,4c Omniscience,0.76
171,user_0171,Esper Self-Bounce,Esper Self-Bounce,0.75
171,user_0171,Selesnya Landfall,Selesnya Landfall,1.69
171,user_0171,Grixis Artifacts,Grixis Artifacts,1.13
171,user_0171,Sultai Graveyard,Sultai Graveyard,0.42
171,user_0171,Izzet Omniscience,Izzet Omniscience,0.82
171,user_0171,Lifegain,Lifegain,1.17
171,user_0171,Bant Omniscience,Bant Omniscience,0.91
171,user_0171,Dimir Bounce,Dimir Bounce,0.9
171,user_0171,Mono-Black Midrange,Mono-Black Midrange,0.48
171,user_0171,Jeskai Looting,Jeskai Looting,0.7
171,user_0171,Boros Burn,Boros Burn,0.79
171,user_0171,Izzet,Izzet,1.22
172,user_0172,Dimir Control,Dimir Control,0.98
172,user_0172,4c Omniscience,4c Omniscience,1.13
172,user_0172,Boros Token Control,Boros Token Control,1.21
172,user_0172,Mardu Dragons,Mardu Dragons,1.34
172,user_0172,Gruul Leyline Aggro,Gruul Leyline Aggro,0.97
172,user_0172,Izzet Looting,Izzet Looting,2.8
172,user_0172,Jeskai Self-Bounce,Jeskai Self-Bounce,0.64
172,user_0172,5c Reanimator,5c Reanimator,1.09
172,user_0172,Mono-Black Midrange,Mono-Black Midrange,1.1
172,user_0172,4c Insidious Roots (2),4c Insidious Roots,0.64
172,user_0172,Selesnya Landfall,Selesnya Landfall,1.44
172,user_0172,Abzan Midrange,Abzan Midrange,1.39
172,user_0172,Boros Burn,Boros Burn,1.11
172,user_0172,Golgari Insidious Roots,Golgari Insidious Roots,1.21
172,user_0172,Gruul Random Encounter,Gruul Random Encounter,1.17
172,user_0172,Jeskai Artifacts,Jeskai Artifacts,1.73
172,user_0172,Grixis Artifacts,Grixis Artifacts,1.08
172,user_0172,Boros Mice,Boros Mice,1.26
172,user_0172,Golgari Midrange (2),Golgari Midrange,1.15
172,user_0172,Boros Leyline Aggro,Boros Leyline Aggro,1.32
172,user_0172,Izzet,Izzet,1.26
172,user_0172,Golgari Midrange,Golgari Midrange,1.09
172,user_0172,Abzan Insidious Roots,Abzan Insidious Roots,1.24
172,user_0172,Boros Dragons,Boros Dragons,1.72
172,user_0172,Izzet Midrange,Izzet Midrange,1.31
172,user_0172,Bant Airbending Combo,Bant Airbending Combo,1.53
172,user_0172,Jeskai Control,Jeskai Control,2.63
172,user_0172,4c Control,4c Control,1.01
173,user_0173,Izzet Aggro,Izzet Aggro,1.44
173,user_0173,Golgari Midrange (2),Golgari Midrange,0.58
173,user_0173,Jeskai Control,Jeskai Control,3.09
173,user_0173,4c Insidious Roots,4c Insidious Roots,1.15
173,user_0173,Dimir Control,Dimir Control,0.72
173,user_0173,Orzhov Midrange,Orzhov Midrange,1.07
173,user_0173,Golgari Dragons,Golgari Dragons,1.06
173,user_0173,Bant Omniscience,Bant Omniscience,1.45
173,user_0173,Rakdos Sacrifice,Rakdos Sacrifice,1.46
173,user_0173,Gruul Random Encounter,Gruul Random Encounter,0.96
173,user_0173,Dimir Midrange,Dimir Midrange,3.51
173,user_0173,Izzet Prowess,Izzet Prowess,2.31
173,user_0173,Izzet Omniscience,Izzet Omniscience,1.29
173,user_0173,Boros Token Control,Boros Token Control,0.71
173,user_0173,Gruul Aggro,Gruul Aggro,1.41
173,user_0173,Izzet,Izzet,1.87
173,user_0173,Grixis Artifacts,Grixis Artifacts,0.45
173,user_0173,Jeskai Artifacts,Jeskai Artifacts,1.29
173,user_0173,Simic Aggro,Simic Aggro,0.82
173,user_0173,Gruul Leyline Aggro,Gruul Leyline Aggro,1.34
173,user_0173,4c Reanimator,4c Reanimator,2.71
173,user_0173,Selesnya Landfall,Selesnya Landfall,1.53
173,user_0173,Simic Landfall,Simic Landfall,0.96
173,user_0173,5c Reanimator,5c Reanimator,0.91
173,user_0173,Mono-Red Aggro,Mono-Red Aggro,3.3
173,user_0173,Dimir Bounce,Dimir Bounce,0.7
173,user_0173,Izzet Midrange,Izzet Midrange,1.52
173,user_0173,Temur Kona,Temur Kona,1.3
173,user_0173,Rakdos Aggro,Rakdos Aggro,1.22
173,user_0173,Esper Self-Bounce,Esper Self-Bounce,0.87
173,user_0173,Abzan Midrange,Abzan Midrange,0.84
173,user_0173,Mono-Black Midrange,Mono-Black Midrange,0.69
173,user_0173,Golgari Midrange,Golgari Midrange,1.78
173,user_0173,4c Insidious Roots (2),4c Insidious Roots,1.02
173,user_0173,Abzan Insidious Roots,Abzan Insidious Roots,1.12
173,user_0173,Golgari Insidious Roots,Golgari Insidious Roots,1.05
173,user_0173,Boros Dragons,Boros Dragons,1.38
173,user_0173,Simic Omniscience,Simic Omniscience,0.61
173,user_0173,Orzhov Control,Orzhov Control,1.62
173,user_0173,Naya Yuna,Naya Yuna,0.56
173,user_0173,Izzet Looting,Izzet Looting,3.56
173,user_0173,Grixis Leyline,Grixis Leyline,0.33
173,user_0173,Gruul Delirium,Gruul Delirium,1.12
173,user_0173,Jeskai Self-Bounce,Jeskai Self-Bounce,0.93
173,user_0173,Temur Battlecrier Combo,Temur Battlecrier Combo,2.04
173,user_0173,Boros Mice,Boros Mice,1.68
173,user_0173,Izzet Lessons,Izzet Lessons,3.84
173,user_0173,Azorius Control,Azorius Control,1.11
173,user_0173,Temur Lessons,Temur Lessons,1.56
173,user_0173,Boros Burn,Boros Burn,1.37
173,user_0173,Sultai Graveyard,Sultai Graveyard,0.76
173,user_0173,4c Control,4c Control,0.69
173,user_0173,Lifegain,Lifegain,1.21
173,user_0173,Temur Floodcaller Combo,Temur Floodcaller Combo,1.29
174,user_0174,Dimir Midrange,Dimir Midrange,3.19
174,user_0174,5c Reanimator,5c Reanimator,1.86
174,user_0174,4c Kona,4c Kona,1.7
174,user_0174,4c Omniscience,4c Omniscience,1.62
174,user_0174,Izzet Midrange,Izzet Midrange,0.81
174,user_0174,4c Insidious Roots,4c Insidious Roots,1.21
174,user_0174,Temur Lessons,Temur Lessons,2.25
174,user_0174,Mono-Red Leyline Aggro,Mono-Red Leyline Aggro,1.24
174,user_0174,Orzhov Control,Orzhov Control,1.18
174,user_0174,Simic Midrange,Simic Midrange,1.05
174,user_0174,Mono-Green Landfall,Mono-Green Landfall,2.31
174,user_0174,4c Insidious Roots (2),4c Insidious Roots,1.77
174,user_0174,Lifegain,Lifegain,1.9
174,user_0174,Bant Omniscience,Bant Omniscience,1.58
174,user_0174,Sultai Graveyard,Sultai Graveyard,1.77
174,user_0174,4c Reanimator,4c Reanimator,2.93
174,user_0174,Rakdos Sacrifice,Rakdos Sacrifice,1.56
174,user_0174,Boros Manufacturing,Boros Manufacturing,1.9
174,user_0174,Esper Self-Bounce,Esper Self-Bounce,1.83
174,user_0174,Jeskai Artifacts,Jeskai Artifacts,1.56
174,user_0174,Jeskai Self-Bounce,Jeskai Self-Bounce,0.88
174,user_0174,Mardu Dragons,Mardu Dragons,1.63
174,user_0174,Jeskai Looting,Jeskai Looting,1.83
174,user_0174,Gruul Leyline Aggro,Gruul Leyline Aggro,0.76
174,user_0174,Gruul Random Encounter,Gruul Random Encounter,1.31
175,user_0175,Dimir Midrange,Dimir Midrange,3.47
175,user_0175,Golgari Midrange,Golgari Midrange,1.99
175,user_0175,Jeskai Looting,Jeskai Looting,1.43
175,user_0175,Esper Self-Bounce,Esper Self-Bounce,1.74
175,user_0175,Mardu Dragons,Mardu Dragons,1.43
175,user_0175,Jeskai Artifacts,Jeskai Artifacts,1.24
175,user_0175,Rakdos Aggro,Rakdos Aggro,0.73
175,user_0175,Abzan Insidious Roots,Abzan Insidious Roots,0.98
175,user_0175,4c Insidious Roots (2),4c Insidious Roots,1.08
175,user_0175,Boros Leyline Aggro,Boros Leyline Aggro,1.23
175,user_0175,Boros Burn,Boros Burn,1.04
175,user_0175,4c Control,4c Control,0.29
175,user_0175,Grixis Artifacts,Grixis Artifacts,0.91
175,user_0175,Boros Mice,Boros Mice,0.7
175,user_0175,Jeskai Control,Jeskai Control,3.16
175,user_0175,Simic Aggro,Simic Aggro,0.99
175,user_0175,Izzet Looting,Izzet Looting,2.35
175,user_0175,Boros Token Control,Boros Token Control,1.26
175,user_0175,Izzet Aggro,Izzet Aggro,1.43
175,user_0175,Orzhov Control,Orzhov Control,0.95
175,user_0175,Izzet,Izzet,0.83
175,user_0175,Rakdos Sacrifice,Rakdos Sacrifice,0.17
175,user_0175,Temur Kona,Temur Kona,1.17
175,user_0175,Sultai Reanimator,Sultai Reanimator,1.27
175,user_0175,Izzet Lessons,Izzet Lessons,3.84
175,user_0175,Mono-Red Aggro,Mono-Red Aggro,3.36
175,user_0175,Boros Manufacturing,Boros Manufacturing,0.64
175,user_0175,Lifegain,Lifegain,1.25
175,user_0175,Golgari Dragons,Golgari Dragons,1.36
175,user_0175,Bant Omniscience,Bant Omniscience,1.31
175,user_0175,Simic Midrange,Simic Midrange,1.46
175,user_0175,Jeskai Self-Bounce,Jeskai Self-Bounce,1.47
175,user_0175,Boros Aggro,Boros Aggro,1.23
175,user_0175,4c Artifacts,4c Artifacts,1.14
175,user_0175,4c Omniscience,4c Omniscience,0.65
175,user_0175,Mono-Red Leyline Aggro,Mono-Red Leyline Aggro,1.23
175,user_0175,Simic Omniscience,Simic Omniscience,1.55
175,user_0175,Gruul Random Encounter,Gruul Random Encounter,1.29
175,user_0175,Azorius Control,Azorius Control,1.29
175,user_0175,Izzet Prowess,Izzet Prowess,1.88
175,user_0175,Mono-Black Midrange,Mono-Black Midrange,1.88
175,user_0175,Golgari Insidious Roots,Golgari Insidious Roots,1.76
176,user_0176,Orzhov Self-Bounce,Orzhov Self-Bounce,0.96
176,user_0176,Bant Omniscience,Bant Omniscience,0.54
176,user_0176,Mono-Red Aggro,Mono-Red Aggro,3.89
176,user_0176,Izzet Prowess,Izzet Prowess,1.9
176,user_0176,4c Kona,4c Kona,0.67
176,user_0176,Boros Mice,Boros Mice,0.81
176,user_0176,Dimir Bounce,Dimir Bounce,0.62
176,user_0176,Gruul Aggro,Gruul Aggro,1.97
176,user_0176,Jeskai Artifacts,Jeskai Artifacts,0.65
176,user_0176,Boros Dragons,Boros Dragons,1.81
176,user_0176,Mono-Red Leyline Aggro,Mono-Red Leyline Aggro,1.3
176,user_0176,Temur Kona,Temur Kona,1.52
176,user_0176,Boros Manufacturing,Boros Manufacturing,1.57
176,user_0176,Abzan Midrange,Abzan Midrange,0.42
176,user_0176,Mardu Dragons,Mardu Dragons,1.33
176,user_0176,4c Insidious Roots,4c Insidious Roots,1.25
176,user_0176,Esper Self-Bounce,Esper Self-Bounce,1.35
176,user_0176,Simic Midrange,Simic Midrange,1.03
176,user_0176,Izzet Lessons,Izzet Lessons,3.91
176,user_0176,Sultai Graveyard,Sultai Graveyard,1.01
176,user_0176,Naya Yuna,Naya Yuna,0.9
176,user_0176,Orzhov Midrange,Orzhov Midrange,1.17
176,user_0176,Abzan Insidious Roots,Abzan Insidious Roots,1.25
176,user_0176,Grixis Leyline,Grixis Leyline,1.07
176,user_0176,Lifegain,Lifegain,1.22
176,user_0176,Rakdos Aggro,Rakdos Aggro,1.54
176,user_0176,Jund Aggro,Jund Aggro,1.4
176,user_0176,Temur Lessons,Temur Lessons,1.25
176,user_0176,Izzet Midrange,Izzet Midrange,1.21
176,user_0176,Mono-Green Landfall,Mono-Green Landfall,1.46
176,user_0176,Dimir Midrange,Dimir Midrange,3.56
176,user_0176,Bant Airbending Combo,Bant Airbending Combo,1.68
176,user_0176,Golgari Insidious Roots,Golgari Insidious Roots,1.14
176,user_0176,Jeskai Control,Jeskai Control,2.84
176,user_0176,Mono-White Tokens,Mono-White Tokens,1.04
176,user_0176,Temur Battlecrier Combo,Temur Battlecrier Combo,0.83
176,user_0176,Simic Aggro,Simic Aggro,1.32
176,user_0176,4c Control,4c Control,0.89
176,user_0176,Grixis Artifacts,Grixis Artifacts,1.13
176,user_0176,Gruul Delirium,Gruul Delirium,1.25
176,user_0176,Golgari Dragons,Golgari Dragons,0.91
176,user_0176,Boros Aggro,Boros Aggro,2.33
176,user_0176,Gruul Leyline Aggro,Gruul Leyline Aggro,2.31
176,user_0176,Izzet,Izzet,1.04
176,user_0176,Simic Landfall,Simic Landfall,0.75
176,user_0176,4c Reanimator,4c Reanimator,2.64
177,user_0177,Simic Aggro,Simic Aggro,1.58
177,user_0177,Sultai Reanimator,Sultai Reanimator,1.24
177,user_0177,Jund Aggro,Jund Aggro,2.23
177,user_0177,Temur Lessons,Temur Lessons,1.52
177,user_0177,4c Reanimator,4c Reanimator,2.02
177,user_0177,Izzet Midrange,Izzet Midrange,0.86
177,user_0177,Izzet Looting,Izzet Looting,2.69
177,user_0177,Golgari Dragons,Golgari Dragons,0.94
177,user_0177,Orzhov Midrange,Orzhov Midrange,0.88
177,user_0177,Jeskai Control,Jeskai Control,2.83
177,user_0177,Temur Battlecrier Combo,Temur Battlecrier Combo,0.96
177,user_0177,Simic Landfall,Simic Landfall,1.0
177,user_0177,Izzet Prowess,Izzet Prowess,1.94
177,user_0177,Selesnya Landfall,Selesnya Landfall,1.81
177,user_0177,Mono-Red Leyline Aggro,Mono-Red Leyline Aggro,1.64
177,user_0177,Gruul Delirium,Gruul Delirium,0.8
177,user_0177,Boros Manufacturing,Boros Manufacturing,1.18
177,user_0177,Naya Yuna,Naya Yuna,1.66
177,user_0177,Boros Mice,Boros Mice,0.74
177,user_0177,Gruul Random Encounter,Gruul Random Encounter,1.21
177,user_0177,Rakdos Aggro,Rakdos Aggro,2.07
177,user_0177,Grixis Artifacts,Grixis Artifacts,1.35
177,user_0177,Dimir Midrange,Dimir Midrange,3.45
177,user_0177,Izzet Omniscience,Izzet Omniscience,0.56
177,user_0177,4c Artifacts,4c Artifacts,1.04
177,user_0177,Lifegain,Lifegain,1.32
177,user_0177,Mono-White Tokens,Mono-White Tokens,1.07
177,user_0177,Azorius Control,Azorius Control,0.95
177,user_0177,4c Omniscience,4c Omniscience,1.14
177,user_0177,Temur Kona,Temur Kona,1.12
177,user_0177,Golgari Midrange,Golgari Midrange,1.57
177,user_0177,Abzan Midrange,Abzan Midrange,1.1
177,user_0177,Grixis Leyline,Grixis Leyline,0.28
177,user_0177,Orzhov Control,Orzhov Control,1.07
177,user_0177,Dimir Bounce,Dimir Bounce,0.3
177,user_0177,Abzan Insidious Roots,Abzan Insidious Roots,1.79
177,user_0177,Simic Omniscience,Simic Omniscience,0.92
177,user_0177,Boros Leyline Aggro,Boros Leyline Aggro,1.58
177,user_0177,Golgari Insidious Roots,Golgari Insidious Roots,1.34
178,user_0178,Izzet Prowess,Izzet Prowess,2.71
178,user_0178,Mono-Green Landfall,Mono-Green Landfall,2.19
178,user_0178,5c Reanimator,5c Reanimator,1.51
178,user_0178,Sultai Control,Sultai Control,1.13
178,user_0178,Temur Battlecrier Combo,Temur Battlecrier Combo,1.22
178,user_0178,Dimir Midrange,Dimir Midrange,3.81
178,user_0178,Lifegain,Lifegain,2.11
178,user_0178,Simic Aggro,Simic Aggro,0.93
178,user_0178,Jeskai Looting,Jeskai Looting,1.11
178,user_0178,Temur Lessons,Temur Lessons,1.19
178,user_0178,Sultai Graveyard,Sultai Graveyard,1.74
178,user_0178,Dimir Bounce,Dimir Bounce,1.62
178,user_0178,Izzet Omniscience,Izzet Omniscience,1.5
178,user_0178,Naya Yuna,Naya Yuna,1.88
178,user_0178,Jeskai Artifacts,Jeskai Artifacts,1.41
178,user_0178,Izzet Looting,Izzet Looting,2.63
178,user_0178,Rakdos Sacrifice,Rakdos Sacrifice,1.59
178,user_0178,Boros Manufacturing,Boros Manufacturing,1.64
178,user_0178,Gruul Random Encounter,Gruul Random Encounter,1.59
178,user_0178,4c Artifacts,4c Artifacts,1.47
178,user_0178,Simic Landfall,Simic Landfall,1.59
179,user_0179,Rakdos Sacrifice,Rakdos Sacrifice,1.38
179,user_0179,Mono-Green Landfall,Mono-Green Landfall,2.13
179,user_0179,4c Artifacts,4c Artifacts,0.94
179,user_0179,Jeskai Self-Bounce,Jeskai Self-Bounce,0.6
179,user_0179,Gruul Leyline Aggro,Gruul Leyline Aggro,1.65
179,user_0179,Sultai Graveyard,Sultai Graveyard,0.81
179,user_0179,Boros Manufacturing,Boros Manufacturing,1.12
179,user_0179,Izzet Prowess,Izzet Prowess,2.02
179,user_0179,4c Reanimator,4c Reanimator,1.82
179,user_0179,5c Reanimator,5c Reanimator,1.34
179,user_0179,4c Insidious Roots (2),4c Insidious Roots,0.91
179,user_0179,Dimir Control,Dimir Control,1.23
179,user_0179,Golgari Dragons,Golgari Dragons,1.53
179,user_0179,Selesnya Landfall,Selesnya Landfall,1.93
179,user_0179,Dimir Bounce,Dimir Bounce,0.89
179,user_0179,Boros Burn,Boros Burn,1.07
179,user_0179,Jeskai Control,Jeskai Control,2.8
179,user_0179,Gruul Random Encounter,Gruul Random Encounter,0.8
179,user_0179,Abzan Insidious Roots,Abzan Insidious Roots,0.89
179,user_0179,Boros Leyline Aggro,Boros Leyline Aggro,1.43
179,user_0179,Mono-Red Aggro,Mono-Red Aggro,3.46
179,user_0179,Jeskai Looting,Jeskai Looting,1.13
179,user_0179,Orzhov Control,Orzhov Control,0.67
179,user_0179,Grixis Artifacts,Grixis Artifacts,1.54
179,user_0179,Golgari Midrange (2),Golgari Midrange,1.67
179,user_0179,Izzet Aggro,Izzet Aggro,2.14
179,user_0179,Temur Kona,Temur Kona,1.12
179,user_0179,Simic Omniscience,Simic Omniscience,0.86
179,user_0179,Mardu Dragons,Mardu Dragons,0.52
179,user_0179,Izzet Midrange,Izzet Midrange,1.47
179,user_0179,Sultai Reanimator,Sultai Reanimator,1.87
179,user_0179,Bant Airbending Combo,Bant Airbending Combo,1.12
179,user_0179,Izzet,Izzet,0.96
179,user_0179,Temur Battlecrier Combo,Temur Battlecrier Combo,1.29
179,user_0179,Orzhov Midrange,Orzhov Midrange,1.09
179,user_0179,Temur Floodcaller Combo,Temur Floodcaller Combo,1.59
179,user_0179,4c Insidious Roots,4c Insidious Roots,1.26
179,user_0179,Rakdos Aggro,Rakdos Aggro,1.86
179,user_0179,Gruul Aggro,Gruul Aggro,1.38
179,user_0179,Izzet Omniscience,Izzet Omniscience,1.06
180,user_0180,Sultai Reanimator,Sultai Reanimator,1.21
180,user_0180,Bant Airbending Combo,Bant Airbending Combo,1.2
180,user_0180,Golgari Dragons,Golgari Dragons,1.46
180,user_0180,Jund Aggro,Jund Aggro,1.15
180,user_0180,Boros Leyline Aggro,Boros Leyline Aggro,1.51
180,user_0180,Gruul Random Encounter,Gruul Random Encounter,1.52
180,user_0180,Lifegain,Lifegain,0.9
180,user_0180,5c Reanimator,5c Reanimator,1.32
180,user_0180,Izzet Midrange,Izzet Midrange,1.35
180,user_0180,Gruul Leyline Aggro,Gruul Leyline Aggro,0.9
180,user_0180,Simic Landfall,Simic Landfall,1.3
180,user_0180,Abzan Insidious Roots,Abzan Insidious Roots,1.08
180,user_0180,Mono-Green Landfall,Mono-Green Landfall,1.61
180,user_0180,Selesnya Landfall,Selesnya Landfall,1.45
180,user_0180,4c Artifacts,4c Artifacts,1.12
180,user_0180,Simic Aggro,Simic Aggro,1.28
180,user_0180,Grixis Leyline,Grixis Leyline,0.99
180,user_0180,Esper Self-Bounce,Esper Self-Bounce,0.88
180,user_0180,Boros Dragons,Boros Dragons,1.06
180,user_0180,Orzhov Self-Bounce,Orzhov Self-Bounce,1.04
180,user_0180,Boros Aggro,Boros Aggro,1.71
180,user_0180,Izzet Lessons,Izzet Lessons,3.53
180,user_0180,Gruul Aggro,Gruul Aggro,0.78
180,user_0180,4c Kona,4c Kona,1.31
180,user_0180,Boros Token Control,Boros Token Control,1.63
180,user_0180,Dimir Midrange,Dimir Midrange,4.25
181,user_0181,Bant Airbending Combo,Bant Airbending Combo,1.06
181,user_0181,Golgari Midrange,Golgari Midrange,1.99
181,user_0181,Jeskai Artifacts,Jeskai Artifacts,1.07
181,user_0181,Temur Kona,Temur Kona,1.09
181,user_0181,Izzet Lessons,Izzet Lessons,4.19
181,user_0181,Rakdos Sacrifice,Rakdos Sacrifice,0.67
181,user_0181,Temur Floodcaller Combo,Temur Floodcaller Combo,1.47
181,user_0181,Orzhov Midrange,Orzhov Midrange,1.26
181,user_0181,Mono-Black Midrange,Mono-Black Midrange,1.91
181,user_0181,Simic Omniscience,Simic Omniscience,0.54
181,user_0181,Simic Midrange,Simic Midrange,1.05
181,user_0181,Boros Manufacturing,Boros Manufacturing,0.87
181,user_0181,Simic Aggro,Simic Aggro,1.6
181,user_0181,Gruul Delirium,Gruul Delirium,1.37
181,user_0181,4c Artifacts,4c Artifacts,0.86
181,user_0181,Boros Dragons,Boros Dragons,1.28
181,user_0181,Mardu Dragons,Mardu Dragons,1.14
181,user_0181,Izzet,Izzet,1.03
181,user_0181,Izzet Midrange,Izzet Midrange,1.21
181,user_0181,5c Reanimator,5c Reanimator,1.14
181,user_0181,Gruul Aggro,Gruul Aggro,1.71
181,user_0181,Dimir Midrange,Dimir Midrange,3.63
181,user_0181,Temur Lessons,Temur Lessons,1.42
181,user_0181,4c Omniscience,4c Omniscience,1.03
181,user_0181,Dimir Bounce,Dimir Bounce,0.68
181,user_0181,Orzhov Control,Orzhov Control,1.15
181,user_0181,Naya Yuna,Naya Yuna,0.86
181,user_0181,Grixis Artifacts,Grixis Artifacts,1.19
181,user_0181,Grixis Leyline,Grixis Leyline,1.55
181,user_0181,Mono-Red Leyline Aggro,Mono-Red Leyline Aggro,1.69
181,user_0181,Boros Mice,Boros Mice,0.8
181,user_0181,Esper Self-Bounce,Esper Self-Bounce,1.59
181,user_0181,Orzhov Self-Bounce,Orzhov Self-Bounce,0.74
181,user_0181,Lifegain,Lifegain,0.91
181,user_0181,Mono-Red Aggro,Mono-Red Aggro,3.48
181,user_0181,Temur Battlecrier Combo,Temur Battlecrier Combo,0.64
181,user_0181,Jund Aggro,Jund Aggro,1.3
181,user_0181,Sultai Reanimator,Sultai Reanimator,1.35
181,user_0181,Gruul Leyline Aggro,Gruul Leyline Aggro,1.72
181,user_0181,Selesnya Landfall,Selesnya Landfall,1.75
181,user_0181,Abzan Midrange,Abzan Midrange,0.97
181,user_0181,Simic Landfall,Simic Landfall,1.0
182,user_0182,Jeskai Looting,Jeskai Looting,1.88
182,user_0182,Dimir Control,Dimir Control,1.47
182,user_0182,Boros Manufacturing,Boros Manufacturing,1.34
182,user_0182,Rakdos Aggro,Rakdos Aggro,1.3
182,user_0182,Temur Kona,Temur Kona,1.78
182,user_0182,Sultai Control,Sultai Control,0.9
182,user_0182,Izzet Looting,Izzet Looting,3.01
182,user_0182,Orzhov Self-Bounce,Orzhov Self-Bounce,1.87
182,user_0182,Temur Battlecrier Combo,Temur Battlecrier Combo,1.4
182,user_0182,Rakdos Sacrifice,Rakdos Sacrifice,1.85
182,user_0182,Simic Midrange,Simic Midrange,1.52
182,user_0182,Jund Aggro,Jund Aggro,1.1
182,user_0182,Mono-Green Landfall,Mono-Green Landfall,2.38
182,user_0182,Dimir Midrange,Dimir Midrange,3.47
182,user_0182,Boros Leyline Aggro,Boros Leyline Aggro,0.55
182,user_0182,Izzet Prowess,Izzet Prowess,2.74
182,user_0182,Lifegain,Lifegain,1.46
182,user_0182,Simic Landfall,Simic Landfall,2.19
182,user_0182,Temur Floodcaller Combo,Temur Floodcaller Combo,0.78
182,user_0182,Bant Airbending Combo,Bant Airbending Combo,2.02
182,user_0182,4c Artifacts,4c Artifacts,1.43
182,user_0182,Gruul Random Encounter,Gruul Random Encounter,2.42
182,user_0182,Mono-White Tokens,Mono-White Tokens,1.86
182,user_0182,4c Reanimator,4c Reanimator,3.09
182,user_0182,Izzet Aggro,Izzet Aggro,1.1
182,user_0182,Mono-Red Aggro,Mono-Red Aggro,3.67
182,user_0182,Esper Self-Bounce,Esper Self-Bounce,1.71
182,user_0182,Abzan Midrange,Abzan Midrange,1.39
182,user_0182,Mardu Dragons,Mardu Dragons,1.74
182,user_0182,Golgari Insidious Roots,Golgari Insidious Roots,1.8
182,user_0182,Izzet Midrange,Izzet Midrange,1.22
182,user_0182,5c Reanimator,5c Reanimator,0.99
183,user_0183,Izzet Looting,Izzet Looting,3.1
183,user_0183,Grixis Artifacts,Grixis Artifacts,0.98
183,user_0183,Sultai Graveyard,Sultai Graveyard,1.89
183,user_0183,Rakdos Sacrifice,Rakdos Sacrifice,1.52
183,user_0183,Abzan Insidious Roots,Abzan Insidious Roots,1.76
183,user_0183,Bant Omniscience,Bant Omniscience,1.59
183,user_0183,Mono-White Tokens,Mono-White Tokens,1.64
183,user_0183,4c Reanimator,4c Reanimator,2.8
183,user_0183,Dimir Midrange,Dimir Midrange,3.24
183,user_0183,Jeskai Self-Bounce,Jeskai Self-Bounce,1.62
183,user_0183,Esper Self-Bounce,Esper Self-Bounce,1.75
183,user_0183,Simic Aggro,Simic Aggro,1.06
183,user_0183,Golgari Insidious Roots,Golgari Insidious Roots,1.57
183,user_0183,Jeskai Artifacts,Jeskai Artifacts,2.19
183,user_0183,Mardu Dragons,Mardu Dragons,1.78
183,user_0183,Golgari Dragons,Golgari Dragons,1.43
183,user_0183,Naya Yuna,Naya Yuna,1.61
183,user_0183,Boros Burn,Boros Burn,1.77
183,user_0183,4c Insidious Roots (2),4c Insidious Roots,1.3
183,user_0183,Bant Airbending Combo,Bant Airbending Combo,1.04
183,user_0183,Simic Midrange,Simic Midrange,1.37
183,user_0183,Sultai Control,Sultai Control,0.77
183,user_0183,Temur Lessons,Temur Lessons,1.16
183,user_0183,Mono-Green Landfall,Mono-Green Landfall,1.64
183,user_0183,Gruul Leyline Aggro,Gruul Leyline Aggro,0.43
183,user_0183,Golgari Midrange,Golgari Midrange,1.3
183,user_0183,Boros Aggro,Boros Aggro,1.33
183,user_0183,5c Reanimator,5c Reanimator,2.03
183,user_0183,Azorius Control,Azorius Control,1.5
183,user_0183,Jeskai Looting,Jeskai Looting,1.23
183,user_0183,Izzet Prowess,Izzet Prowess,2.27
183,user_0183,Izzet Lessons,Izzet Lessons,4.27
183,user_0183,Sultai Reanimator,Sultai Reanimator,2.06
183,user_0183,Mono-Red Aggro,Mono-Red Aggro,3.47
183,user_0183,Izzet Aggro,Izzet Aggro,0.84
183,user_0183,Jund Aggro,Jund Aggro,0.87
183,user_0183,Rakdos Aggro,Rakdos Aggro,1.36
183,user_0183,Temur Kona,Temur Kona,1.95
184,user_0184,Simic Aggro,Simic Aggro,1.04
184,user_0184,Gruul Aggro,Gruul Aggro,1.27
184,user_0184,Dimir Control,Dimir Control,1.78
184,user_0184,Bant Airbending Combo,Bant Airbending Combo,1.54
184,user_0184,Izzet Prowess,Izzet Prowess,1.95
184,user_0184,Mono-Black Midrange,Mono-Black Midrange,1.22
184,user_0184,Orzhov Control,Orzhov Control,1.19
184,user_0184,Abzan Midrange,Abzan Midrange,0.63
184,user_0184,Grixis Artifacts,Grixis Artifacts,0.64
184,user_0184,Izzet Omniscience,Izzet Omniscience,0.72
184,user_0184,Jeskai Control,Jeskai Control,3.45
184,user_0184,Grixis Leyline,Grixis Leyline,1.24
184,user_0184,Gruul Random Encounter,Gruul Random Encounter,1.17
184,user_0184,Esper Self-Bounce,Esper Self-Bounce,0.89
184,user_0184,Izzet Lessons,Izzet Lessons,4.29
184,user_0184,Izzet Aggro,Izzet Aggro,1.13
184,user_0184,Golgari Dragons,Golgari Dragons,0.79
184,user_0184,Mono-Green Landfall,Mono-Green Landfall,2.12
184,user_0184,Simic Midrange,Simic Midrange,0.84
184,user_0184,Temur Battlecrier Combo,Temur Battlecrier Combo,1.02
184,user_0184,Izzet Midrange,Izzet Midrange,0.63
184,user_0184,4c Omniscience,4c Omniscience,1.33
184,user_0184,Golgari Insidious Roots,Golgari Insidious Roots,1.32
184,user_0184,Temur Floodcaller Combo,Temur Floodcaller Combo,1.02
184,user_0184,Azorius Control,Azorius Control,1.6
184,user_0184,4c Reanimator,4c Reanimator,2.27
184,user_0184,Boros Leyline Aggro,Boros Leyline Aggro,1.02
184,user_0184,Sultai Reanimator,Sultai Reanimator,1.2
184,user_0184,Boros Manufacturing,Boros Manufacturing,0.74
184,user_0184,Orzhov Self-Bounce,Orzhov Self-Bounce,1.12
184,user_0184,Rakdos Aggro,Rakdos Aggro,1.68
184,user_0184,4c Insidious Roots,4c Insidious Roots,1.26
184,user_0184,Gruul Delirium,Gruul Delirium,1.01
184,user_0184,Abzan Insidious Roots,Abzan Insidious Roots,0.88
184,user_0184,Sultai Control,Sultai Control,1.51
184,user_0184,Izzet Looting,Izzet Looting,2.49
184,user_0184,Sultai Graveyard,Sultai Graveyard,0.7
184,user_0184,Bant Omniscience,Bant Omniscience,1.54
184,user_0184,Simic Omniscience,Simic Omniscience,0.73
184,user_0184,Lifegain,Lifegain,1.26
184,user_0184,Mono-White Tokens,Mono-White Tokens,1.17
184,user_0184,Dimir Bounce,Dimir Bounce,0.69
184,user_0184,4c Kona,4c Kona,0.96
184,user_0184,Mono-Red Leyline Aggro,Mono-Red Leyline Aggro,1.03
184,user_0184,Golgari Midrange (2),Golgari Midrange,1.02
184,user_0184,Temur Lessons,Temur Lessons,1.5
184,user_0184,Naya Yuna,Naya Yuna,1.1
184,user_0184,Izzet,Izzet,0.69
184,user_0184,Simic Landfall,Simic Landfall,1.5
184,user_0184,Orzhov Midrange,Orzhov Midrange,1.39
184,user_0184,4c Artifacts,4c Artifacts,0.77
184,user_0184,Jeskai Self-Bounce,Jeskai Self-Bounce,0.87
185,user_0185,Orzhov Midrange,Orzhov Midrange,1.68
185,user_0185,Simic Aggro,Simic Aggro,0.8
185,user_0185,Jeskai Looting,Jeskai Looting,1.06
185,user_0185,Mono-White Tokens,Mono-White Tokens,1.4
185,user_0185,Mono-Black Midrange,Mono-Black Midrange,1.53
185,user_0185,Gruul Aggro,Gruul Aggro,0.71
185,user_0185,Temur Kona,Temur Kona,1.66
185,user_0185,Temur Lessons,Temur Lessons,1.18
185,user_0185,Boros Manufacturing,Boros Manufacturing,0.53
185,user_0185,Naya Yuna,Naya Yuna,0.55
185,user_0185,Mono-Red Leyline Aggro,Mono-Red Leyline Aggro,1.07
185,user_0185,Izzet Prowess,Izzet Prowess,2.64
185,user_0185,Jeskai Control,Jeskai Control,3.16
185,user_0185,Jeskai Self-Bounce,Jeskai Self-Bounce,1.27
185,user_0185,Bant Airbending Combo,Bant Airbending Combo,2.07
185,user_0185,Mono-Green Landfall,Mono-Green Landfall,2.43
185,user_0185,Izzet Lessons,Izzet Lessons,3.91
185,user_0185,4c Control,4c Control,1.42
185,user_0185,4c Artifacts,4c Artifacts,0.92
185,user_0185,Sultai Reanimator,Sultai Reanimator,2.14
185,user_0185,Temur Battlecrier Combo,Temur Battlecrier Combo,1.21
185,user_0185,5c Reanimator,5c Reanimator,1.5
185,user_0185,Golgari Insidious Roots,Golgari Insidious Roots,1.29
185,user_0185,4c Omniscience,4c Omniscience,1.19
185,user_0185,Gruul Delirium,Gruul Delirium,0.91
185,user_0185,Grixis Artifacts,Grixis Artifacts,0.81
185,user_0185,Dimir Midrange,Dimir Midrange,3.92
185,user_0185,Golgari Midrange,Golgari Midrange,1.68
185,user_0185,Bant Omniscience,Bant Omniscience,1.27
185,user_0185,Simic Omniscience,Simic Omniscience,1.12
185,user_0185,Izzet Looting,Izzet Looting,3.19
185,user_0185,Lifegain,Lifegain,0.75
185,user_0185,Izzet Aggro,Izzet Aggro,1.73
185,user_0185,4c Insidious Roots,4c Insidious Roots,1.1
185,user_0185,4c Reanimator,4c Reanimator,2.51
185,user_0185,Simic Landfall,Simic Landfall,0.58
185,user_0185,Boros Token Control,Boros Token Control,0.95
185,user_0185,Orzhov Control,Orzhov Control,1.07
185,user_0185,Mardu Dragons,Mardu Dragons,1.35
185,user_0185,Sultai Graveyard,Sultai Graveyard,1.09
185,user_0185,Izzet,Izzet,1.9
185,user_0185,Boros Mice,Boros Mice,1.04
185,user_0185,Boros Dragons,Boros Dragons,0.92
185,user_0185,Boros Leyline Aggro,Boros Leyline Aggro,1.13
185,user_0185,Dimir Bounce,Dimir Bounce,0.98
185,user_0185,Gruul Random Encounter,Gruul Random Encounter,0.6
186,user_0186,Simic Landfall,Simic Landfall,1.23
186,user_0186,Mono-Red Aggro,Mono-Red Aggro,4.1
186,user_0186,Boros Manufacturing,Boros Manufacturing,1.64
186,user_0186,Dimir Bounce,Dimir Bounce,1.46
186,user_0186,Selesnya Landfall,Selesnya Landfall,1.86
186,user_0186,Golgari Midrange,Golgari Midrange,1.33
186,user_0186,Dimir Control,Dimir Control,0.95
186,user_0186,Golgari Insidious Roots,Golgari Insidious Roots,0.8
186,user_0186,Grixis Artifacts,Grixis Artifacts,1.25
186,user_0186,Azorius Control,Azorius Control,0.7
186,user_0186,Gruul Aggro,Gruul Aggro,2.08
186,user_0186,Temur Lessons,Temur Lessons,1.37
186,user_0186,Abzan Insidious Roots,Abzan Insidious Roots,0.97
186,user_0186,Esper Self-Bounce,Esper Self-Bounce,0.94
186,user_0186,Grixis Leyline,Grixis Leyline,0.77
186,user_0186,Boros Burn,Boros Burn,1.57
186,user_0186,Boros Token Control,Boros Token Control,1.91
186,user_0186,Rakdos Sacrifice,Rakdos Sacrifice,0.71
186,user_0186,4c Kona,4c Kona,0.83
186,user_0186,Temur Floodcaller Combo,Temur Floodcaller Combo,0.85
186,user_0186,Orzhov Self-Bounce,Orzhov Self-Bounce,0.92
186,user_0186,Boros Aggro,Boros Aggro,2.12
186,user_0186,Izzet Prowess,Izzet Prowess,2.08
186,user_0186,Jeskai Self-Bounce,Jeskai Self-Bounce,1.14
186,user_0186,Bant Airbending Combo,Bant Airbending Combo,1.12
186,user_0186,Jeskai Looting,Jeskai Looting,0.72
186,user_0186,4c Artifacts,4c Artifacts,1.21
186,user_0186,4c Control,4c Control,0.42
186,user_0186,4c Insidious Roots (2),4c Insidious Roots,0.93
186,user_0186,Mono-Green Landfall,Mono-Green Landfall,1.06
186,user_0186,Izzet Midrange,Izzet Midrange,1.06
187,user_0187,Temur Floodcaller Combo,Temur Floodcaller Combo,1.07
187,user_0187,Mono-Red Aggro,Mono-Red Aggro,3.21
187,user_0187,Abzan Midrange,Abzan Midrange,1.88
187,user_0187,Simic Aggro,Simic Aggro,1.28
187,user_0187,Izzet Aggro,Izzet Aggro,0.52
187,user_0187,Selesnya Landfall,Selesnya Landfall,1.15
187,user_0187,Dimir Midrange,Dimir Midrange,3.57
187,user_0187,Boros Dragons,Boros Dragons,0.72
187,user_0187,Jeskai Looting,Jeskai Looting,0.93
187,user_0187,Golgari Dragons,Golgari Dragons,0.81
187,user_0187,Izzet,Izzet,0.73
187,user_0187,4c Insidious Roots,4c Insidious Roots,0.85
187,user_0187,4c Kona,4c Kona,1.17
187,user_0187,Sultai Reanimator,Sultai Reanimator,1.47
187,user_0187,4c Reanimator,4c Reanimator,2.7
187,user_0187,Temur Lessons,Temur Lessons,1.75
187,user_0187,Izzet Lessons,Izzet Lessons,4.22
187,user_0187,Boros Token Control,Boros Token Control,1.33
187,user_0187,Jeskai Control,Jeskai Control,2.71
187,user_0187,Rakdos Aggro,Rakdos Aggro,1.12
187,user_0187,Gruul Delirium,Gruul Delirium,0.84
187,user_0187,Mono-White Tokens,Mono-White Tokens,1.13
187,user_0187,4c Artifacts,4c Artifacts,1.1
187,user_0187,Izzet Looting,Izzet Looting,2.88
187,user_0187,Sultai Graveyard,Sultai Graveyard,1.3
188,user_0188,Temur Battlecrier Combo,Temur Battlecrier Combo,1.39
188,user_0188,Bant Omniscience,Bant Omniscience,2.02
188,user_0188,Naya Yuna,Naya Yuna,1.61
188,user_0188,Izzet Lessons,Izzet Lessons,4.61
188,user_0188,Izzet Omniscience,Izzet Omniscience,1.75
188,user_0188,4c Insidious Roots (2),4c Insidious Roots,2.41
188,user_0188,Mono-Red Leyline Aggro,Mono-Red Leyline Aggro,1.31
188,user_0188,Golgari Midrange,Golgari Midrange,1.65
188,user_0188,Orzhov Control,Orzhov Control,1.13
188,user_0188,Lifegain,Lifegain,1.14
188,user_0188,Mono-Green Landfall,Mono-Green Landfall,2.61
188,user_0188,Boros Token Control,Boros Token Control,1.03
188,user_0188,Abzan Midrange,Abzan Midrange,0.68
188,user_0188,Boros Mice,Boros Mice,1.5
188,user_0188,Abzan Insidious Roots,Abzan Insidious Roots,2.24
188,user_0188,Boros Burn,Boros Burn,1.44
188,user_0188,Sultai Control,Sultai Control,1.32
188,user_0188,Gruul Delirium,Gruul Delirium,2.14
188,user_0188,Orzhov Self-Bounce,Orzhov Self-Bounce,1.53
188,user_0188,Simic Midrange,Simic Midrange,0.66
188,user_0188,Izzet Aggro,Izzet Aggro,1.05
188,user_0188,Esper Self-Bounce,Esper Self-Bounce,1.19
188,user_0188,Mono-Black Midrange,Mono-Black Midrange,0.72
188,user_0188,Golgari Insidious Roots,Golgari Insidious Roots,1.42
188,user_0188,Simic Omniscience,Simic Omniscience,0.61
188,user_0188,Mardu Dragons,Mardu Dragons,1.23
188,user_0188,Mono-White Tokens,Mono-White Tokens,1.88
188,user_0188,4c Artifacts,4c Artifacts,2.24
188,user_0188,Temur Floodcaller Combo,Temur Floodcaller Combo,1.46
188,user_0188,4c Kona,4c Kona,1.65
188,user_0188,Izzet,Izzet,1.15
188,user_0188,5c Reanimator,5c Reanimator,1.25
188,user_0188,Izzet Prowess,Izzet Prowess,2.88
188,user_0188,Dimir Control,Dimir Control,0.71
188,user_0188,Jeskai Artifacts,Jeskai Artifacts,1.34
188,user_0188,Orzhov Midrange,Orzhov Midrange,1.11
188,user_0188,Rakdos Aggro,Rakdos Aggro,1.07
188,user_0188,Boros Aggro,Boros Aggro,1.12
188,user_0188,Boros Leyline Aggro,Boros Leyline Aggro,1.29
188,user_0188,Azorius Control,Azorius Control,1.1
188,user_0188,Golgari Midrange (2),Golgari Midrange,1.2
188,user_0188,Dimir Midrange,Dimir Midrange,2.91
188,user_0188,Gruul Random Encounter,Gruul Random Encounter,0.74
188,user_0188,Jeskai Looting,Jeskai Looting,1.95
189,user_0189,Dimir Bounce,Dimir Bounce,1.19
189,user_0189,5c Reanimator,5c Reanimator,0.68
189,user_0189,Golgari Dragons,Golgari Dragons,1.14
189,user_0189,Mono-White Tokens,Mono-White Tokens,1.48
189,user_0189,Izzet Midrange,Izzet Midrange,0.58
189,user_0189,Simic Omniscience,Simic Omniscience,0.67
189,user_0189,4c Artifacts,4c Artifacts,0.9
189,user_0189,Izzet Omniscience,Izzet Omniscience,1.59
189,user_0189,Jeskai Artifacts,Jeskai Artifacts,0.56
189,user_0189,Mono-Green Landfall,Mono-Green Landfall,1.55
189,user_0189,Temur Kona,Temur Kona,1.38
189,user_0189,Jund Aggro,Jund Aggro,1.62
189,user_0189,4c Reanimator,4c Reanimator,2.6
189,user_0189,Jeskai Looting,Jeskai Looting,0.98
189,user_0189,Golgari Midrange (2),Golgari Midrange,1.2
189,user_0189,Lifegain,Lifegain,1.01
189,user_0189,Mono-Red Leyline Aggro,Mono-Red Leyline Aggro,1.58
189,user_0189,Sultai Reanimator,Sultai Reanimator,1.81
189,user_0189,Bant Airbending Combo,Bant Airbending Combo,2.13
189,user_0189,Boros Burn,Boros Burn,1.61
189,user_0189,Abzan Midrange,Abzan Midrange,0.68
189,user_0189,Gruul Random Encounter,Gruul Random Encounter,0.32
189,user_0189,Golgari Insidious Roots,Golgari Insidious Roots,1.1
189,user_0189,Izzet Aggro,Izzet Aggro,1.11
189,user_0189,Orzhov Control,Orzhov Control,1.33
189,user_0189,Simic Midrange,Simic Midrange,0.79
189,user_0189,Simic Landfall,Simic Landfall,0.79
189,user_0189,Boros Dragons,Boros Dragons,1.0
189,user_0189,Jeskai Self-Bounce,Jeskai Self-Bounce,0.88
189,user_0189,Golgari Midrange,Golgari Midrange,0.91
189,user_0189,Orzhov Self-Bounce,Orzhov Self-Bounce,1.34
189,user_0189,Temur Floodcaller Combo,Temur Floodcaller Combo,2.7
189,user_0189,Izzet Lessons,Izzet Lessons,4.21
189,user_0189,4c Insidious Roots,4c Insidious Roots,1.18
189,user_0189,Orzhov Midrange,Orzhov Midrange,1.49
189,user_0189,4c Control,4c Control,1.08
189,user_0189,4c Omniscience,4c Omniscience,1.13
189,user_0189,Bant Omniscience,Bant Omniscience,1.25
189,user_0189,Jeskai Control,Jeskai Control,2.67
189,user_0189,Mono-Red Aggro,Mono-Red Aggro,3.03
189,user_0189,Selesnya Landfall,Selesnya Landfall,1.46
189,user_0189,Dimir Control,Dimir Control,1.08
189,user_0189,Izzet Looting,Izzet Looting,1.86
189,user_0189,Rakdos Aggro,Rakdos Aggro,1.3
189,user_0189,Rakdos Sacrifice,Rakdos Sacrifice,1.6
189,user_0189,Abzan Insidious Roots,Abzan Insidious Roots,1.53
189,user_0189,Gruul Aggro,Gruul Aggro,1.22
189,user_0189,Izzet,Izzet,1.09
189,user_0189,Temur Battlecrier Combo,Temur Battlecrier Combo,1.77
189,user_0189,Izzet Prowess,Izzet Prowess,2.51
189,user_0189,Boros Token Control,Boros Token Control,1.2
189,user_0189,Grixis Artifacts,Grixis Artifacts,1.25
189,user_0189,Azorius Control,Azorius Control,1.37
189,user_0189,4c Insidious Roots (2),4c Insidious Roots,0.74
189,user_0189,Boros Manufacturing,Boros Manufacturing,1.33
190,user_0190,Boros Dragons,Boros Dragons,0.95
190,user_0190,Mono-Black Midrange,Mono-Black Midrange,0.81
190,user_0190,Bant Airbending Combo,Bant Airbending Combo,1.03
190,user_0190,4c Insidious Roots,4c Insidious Roots,1.56
190,user_0190,Jeskai Self-Bounce,Jeskai Self-Bounce,0.78
190,user_0190,4c Omniscience,4c Omniscience,1.59
190,user_0190,Naya Yuna,Naya Yuna,0.95
190,user_0190,Orzhov Midrange,Orzhov Midrange,1.03
190,user_0190,Mardu Dragons,Mardu Dragons,0.92
190,user_0190,Jeskai Control,Jeskai Control,3.17
190,user_0190,Azorius Control,Azorius Control,1.4
190,user_0190,Izzet Aggro,Izzet Aggro,1.02
190,user_0190,Lifegain,Lifegain,1.26
190,user_0190,Gruul Delirium,Gruul Delirium,1.16
190,user_0190,Gruul Aggro,Gruul Aggro,1.54
190,user_0190,4c Reanimator,4c Reanimator,2.02
190,user_0190,Simic Aggro,Simic Aggro,1.76
190,user_0190,Abzan Insidious Roots,Abzan Insidious Roots,1.09
190,user_0190,4c Control,4c Control,1.01
190,user_0190,Mono-Red Leyline Aggro,Mono-Red Leyline Aggro,1.46
190,user_0190,Boros Burn,Boros Burn,0.86
190,user_0190,Temur Kona,Temur Kona,0.76
190,user_0190,Gruul Random Encounter,Gruul Random Encounter,0.98
190,user_0190,Temur Floodcaller Combo,Temur Floodcaller Combo,0.97
190,user_0190,Golgari Midrange,Golgari Midrange,1.75
190,user_0190,Sultai Graveyard,Sultai Graveyard,1.0
190,user_0190,Izzet Prowess,Izzet Prowess,2.1
191,user_0191,Dimir Control,Dimir Control,1.07
191,user_0191,Rakdos Sacrifice,Rakdos Sacrifice,0.84
191,user_0191,Simic Aggro,Simic Aggro,1.56
191,user_0191,4c Reanimator,4c Reanimator,2.15
191,user_0191,Gruul Random Encounter,Gruul Random Encounter,1.01
191,user_0191,Temur Battlecrier Combo,Temur Battlecrier Combo,1.07
191,user_0191,Esper Self-Bounce,Esper Self-Bounce,1.58
191,user_0191,Jund Aggro,Jund Aggro,1.7
191,user_0191,Izzet Looting,Izzet Looting,2.24
191,user_0191,Sultai Reanimator,Sultai Reanimator,1.29
191,user_0191,Golgari Dragons,Golgari Dragons,0.78
191,user_0191,Orzhov Control,Orzhov Control,0.78
191,user_0191,Mono-Red Aggro,Mono-Red Aggro,4.12
191,user_0191,Mono-Red Leyline Aggro,Mono-Red Leyline Aggro,2.09
191,user_0191,Simic Midrange,Simic Midrange,0.96
191,user_0191,Rakdos Aggro,Rakdos Aggro,1.34
191,user_0191,Boros Burn,Boros Burn,0.88
191,user_0191,Izzet Omniscience,Izzet Omniscience,1.07
191,user_0191,4c Insidious Roots,4c Insidious Roots,0.65
191,user_0191,Boros Dragons,Boros Dragons,1.33
191,user_0191,Simic Omniscience,Simic Omniscience,1.09
191,user_0191,Grixis Artifacts,Grixis Artifacts,1.07
191,user_0191,Gruul Delirium,Gruul Delirium,0.85
191,user_0191,Abzan Insidious Roots,Abzan Insidious Roots,0.77
191,user_0191,Sultai Graveyard,Sultai Graveyard,0.74
191,user_0191,Izzet Midrange,Izzet Midrange,1.29
191,user_0191,Izzet Prowess,Izzet Prowess,2.51
191,user_0191,4c Kona,4c Kona,0.97
191,user_0191,Bant Omniscience,Bant Omniscience,0.85
191,user_0191,Abzan Midrange,Abzan Midrange,0.77
191,user_0191,Temur Floodcaller Combo,Temur Floodcaller Combo,0.93
191,user_0191,Golgari Insidious Roots,Golgari Insidious Roots,0.92
191,user_0191,Simic Landfall,Simic Landfall,0.98
191,user_0191,5c Reanimator,5c Reanimator,0.83
191,user_0191,Jeskai Control,Jeskai Control,3.13
191,user_0191,Izzet,Izzet,1.45
191,user_0191,Mono-Green Landfall,Mono-Green Landfall,1.16
191,user_0191,Boros Token Control,Boros Token Control,1.61
191,user_0191,Naya Yuna,Naya Yuna,0.99
191,user_0191,Izzet Aggro,Izzet Aggro,1.71
191,user_0191,4c Insidious Roots (2),4c Insidious Roots,1.06
191,user_0191,Gruul Leyline Aggro,Gruul Leyline Aggro,1.79
191,user_0191,Mono-White Tokens,Mono-White Tokens,1.08
191,user_0191,Grixis Leyline,Grixis Leyline,1.11
191,user_0191,Lifegain,Lifegain,1.6
191,user_0191,4c Control,4c Control,0.54
191,user_0191,Boros Leyline Aggro,Boros Leyline Aggro,1.08
191,user_0191,Dimir Midrange,Dimir Midrange,3.73
191,user_0191,Golgari Midrange (2),Golgari Midrange,0.94
192,user_0192,Golgari Insidious Roots,Golgari Insidious Roots,1.88
192,user_0192,Jeskai Control,Jeskai Control,2.72
192,user_0192,Boros Aggro,Boros Aggro,1.19
192,user_0192,Mono-Black Midrange,Mono-Black Midrange,1.05
192,user_0192,Mono-White Tokens,Mono-White Tokens,1.55
192,user_0192,4c Omniscience,4c Omniscience,1.19
192,user_0192,4c Kona,4c Kona,1.31
192,user_0192,Naya Yuna,Naya Yuna,1.8
192,user_0192,Bant Omniscience,Bant Omniscience,1.17
192,user_0192,Azorius Control,Azorius Control,0.76
192,user_0192,Izzet,Izzet,1.51
192,user_0192,Temur Battlecrier Combo,Temur Battlecrier Combo,0.67
192,user_0192,Dimir Midrange,Dimir Midrange,2.99
192,user_0192,Bant Airbending Combo,Bant Airbending Combo,1.34
192,user_0192,Simic Omniscience,Simic Omniscience,1.6
192,user_0192,Selesnya Landfall,Selesnya Landfall,2.37
192,user_0192,4c Insidious Roots,4c Insidious Roots,1.94
192,user_0192,Golgari Dragons,Golgari Dragons,1.92
192,user_0192,Boros Mice,Boros Mice,1.76
192,user_0192,Mono-Red Leyline Aggro,Mono-Red Leyline Aggro,1.12
192,user_0192,Orzhov Self-Bounce,Orzhov Self-Bounce,1.52
192,user_0192,Boros Leyline Aggro,Boros Leyline Aggro,1.56
192,user_0192,Temur Lessons,Temur Lessons,1.55
192,user_0192,Sultai Reanimator,Sultai Reanimator,2.44
192,user_0192,Gruul Aggro,Gruul Aggro,1.37
192,user_0192,Boros Token Control,Boros Token Control,0.71
192,user_0192,Izzet Aggro,Izzet Aggro,0.78
192,user_0192,Izzet Looting,Izzet Looting,2.76
192,user_0192,Orzhov Control,Orzhov Control,1.0
192,user_0192,Golgari Midrange,Golgari Midrange,1.27
192,user_0192,4c Artifacts,4c Artifacts,1.81
192,user_0192,Boros Manufacturing,Boros Manufacturing,1.48
192,user_0192,Boros Dragons,Boros Dragons,2.07
192,user_0192,Lifegain,Lifegain,1.73
192,user_0192,4c Insidious Roots (2),4c Insidious Roots,1.15
192,user_0192,Simic Aggro,Simic Aggro,1.28
193,user_0193,Temur Battlecrier Combo,Temur Battlecrier Combo,1.27
193,user_0193,Rakdos Sacrifice,Rakdos Sacrifice,1.03
193,user_0193,Lifegain,Lifegain,1.2
193,user_0193,Abzan Insidious Roots,Abzan Insidious Roots,0.87
193,user_0193,Naya Yuna,Naya Yuna,0.59
193,user_0193,Jeskai Self-Bounce,Jeskai Self-Bounce,2.24
193,user_0193,Golgari Midrange,Golgari Midrange,1.73
193,user_0193,Golgari Dragons,Golgari Dragons,1.33
193,user_0193,4c Insidious Roots,4c Insidious Roots,0.7
193,user_0193,5c Reanimator,5c Reanimator,1.36
193,user_0193,Boros Leyline Aggro,Boros Leyline Aggro,0.76
193,user_0193,Mardu Dragons,Mardu Dragons,1.18
193,user_0193,Simic Aggro,Simic Aggro,1.82
193,user_0193,Sultai Control,Sultai Control,1.16
193,user_0193,Gruul Leyline Aggro,Gruul Leyline Aggro,1.24
193,user_0193,4c Omniscience,4c Omniscience,1.15
193,user_0193,Grixis Artifacts,Grixis Artifacts,0.85
193,user_0193,Abzan Midrange,Abzan Midrange,1.59
193,user_0193,Mono-Red Aggro,Mono-Red Aggro,3.2
193,user_0193,Mono-White Tokens,Mono-White Tokens,1.4
193,user_0193,Grixis Leyline,Grixis Leyline,0.45
193,user_0193,Jeskai Control,Jeskai Control,3.07
193,user_0193,Orzhov Self-Bounce,Orzhov Self-Bounce,0.88
193,user_0193,Rakdos Aggro,Rakdos Aggro,1.25
193,user_0193,Selesnya Landfall,Selesnya Landfall,1.27
193,user_0193,Dimir Control,Dimir Control,1.12
193,user_0193,Izzet Midrange,Izzet Midrange,1.62
193,user_0193,4c Insidious Roots (2),4c Insidious Roots,1.13
193,user_0193,4c Control,4c Control,1.09
193,user_0193,Sultai Graveyard,Sultai Graveyard,1.1
193,user_0193,Gruul Delirium,Gruul Delirium,0.91
193,user_0193,Boros Token Control,Boros Token Control,0.95
193,user_0193,Mono-Red Leyline Aggro,Mono-Red Leyline Aggro,1.16
193,user_0193,Sultai Reanimator,Sultai Reanimator,1.19
193,user_0193,Simic Landfall,Simic Landfall,1.02
193,user_0193,Izzet Aggro,Izzet Aggro,1.27
193,user_0193,Izzet Prowess,Izzet Prowess,2.18
193,user_0193,Dimir Midrange,Dimir Midrange,3.57
194,user_0194,Naya Yuna,Naya Yuna,1.62
194,user_0194,Selesnya Landfall,Selesnya Landfall,1.13
194,user_0194,Mardu Dragons,Mardu Dragons,0.51
194,user_0194,Temur Floodcaller Combo,Temur Floodcaller Combo,1.19
194,user_0194,Simic Aggro,Simic Aggro,1.28
194,user_0194,Bant Omniscience,Bant Omniscience,0.99
194,user_0194,Boros Leyline Aggro,Boros Leyline Aggro,1.01
194,user_0194,5c Reanimator,5c Reanimator,0.93
194,user_0194,Rakdos Aggro,Rakdos Aggro,0.72
194,user_0194,Gruul Leyline Aggro,Gruul Leyline Aggro,1.28
194,user_0194,Mono-Red Aggro,Mono-Red Aggro,3.33
194,user_0194,Golgari Midrange,Golgari Midrange,1.57
194,user_0194,Izzet Omniscience,Izzet Omniscience,0.93
194,user_0194,Grixis Leyline,Grixis Leyline,1.07
194,user_0194,4c Insidious Roots (2),4c Insidious Roots,0.52
194,user_0194,Grixis Artifacts,Grixis Artifacts,1.17
194,user_0194,Izzet Looting,Izzet Looting,2.38
194,user_0194,Bant Airbending Combo,Bant Airbending Combo,2.36
194,user_0194,Mono-Red Leyline Aggro,Mono-Red Leyline Aggro,0.99
194,user_0194,Orzhov Midrange,Orzhov Midrange,1.01
194,user_0194,Jund Aggro,Jund Aggro,1.44
195,user_0195,Jeskai Self-Bounce,Jeskai Self-Bounce,1.65
195,user_0195,4c Kona,4c Kona,1.55
195,user_0195,Jund Aggro,Jund Aggro,1.1
195,user_0195,Grixis Leyline,Grixis Leyline,1.49
195,user_0195,Mono-Black Midrange,Mono-Black Midrange,1.46
195,user_0195,Orzhov Control,Orzhov Control,0.57
195,user_0195,Rakdos Aggro,Rakdos Aggro,1.12
195,user_0195,Sultai Control,Sultai Control,1.63
195,user_0195,4c Insidious Roots,4c Insidious Roots,1.56
195,user_0195,Dimir Midrange,Dimir Midrange,3.4
195,user_0195,Boros Burn,Boros Burn,1.95
195,user_0195,Jeskai Artifacts,Jeskai Artifacts,2.05
195,user_0195,Gruul Leyline Aggro,Gruul Leyline Aggro,0.98
195,user_0195,Golgari Midrange,Golgari Midrange,0.97
195,user_0195,Boros Token Control,Boros Token Control,1.25
195,user_0195,Rakdos Sacrifice,Rakdos Sacrifice,1.27
195,user_0195,Jeskai Control,Jeskai Control,3.33
195,user_0195,Boros Dragons,Boros Dragons,1.27
195,user_0195,Simic Landfall,Simic Landfall,1.47
195,user_0195,Abzan Insidious Roots,Abzan Insidious Roots,1.28
195,user_0195,Temur Floodcaller Combo,Temur Floodcaller Combo,1.16
195,user_0195,Dimir Bounce,Dimir Bounce,1.96
195,user_0195,4c Reanimator,4c Reanimator,2.73
195,user_0195,Naya Yuna,Naya Yuna,1.46
195,user_0195,4c Insidious Roots (2),4c Insidious Roots,1.46
195,user_0195,Orzhov Midrange,Orzhov Midrange,1.34
195,user_0195,Temur Battlecrier Combo,Temur Battlecrier Combo,1.62
195,user_0195,Gruul Aggro,Gruul Aggro,1.27
195,user_0195,Temur Lessons,Temur Lessons,2.12
195,user_0195,Temur Kona,Temur Kona,2.09
195,user_0195,Simic Midrange,Simic Midrange,1.0
195,user_0195,Izzet Looting,Izzet Looting,3.3
195,user_0195,4c Control,4c Control,0.93
195,user_0195,Esper Self-Bounce,Esper Self-Bounce,1.84
195,user_0195,Mono-White Tokens,Mono-White Tokens,1.56
195,user_0195,Mono-Green Landfall,Mono-Green Landfall,2.29
195,user_0195,Sultai Reanimator,Sultai Reanimator,1.51
195,user_0195,Golgari Dragons,Golgari Dragons,2.06
195,user_0195,Grixis Artifacts,Grixis Artifacts,1.18
195,user_0195,Boros Aggro,Boros Aggro,1.63
195,user_0195,Lifegain,Lifegain,1.28
195,user_0195,Sultai Graveyard,Sultai Graveyard,1.24
195,user_0195,Abzan Midrange,Abzan Midrange,1.41
195,user_0195,Izzet Lessons,Izzet Lessons,4.51
195,user_0195,Orzhov Self-Bounce,Orzhov Self-Bounce,1.48
195,user_0195,Izzet Midrange,Izzet Midrange,1.0
195,user_0195,Izzet Prowess,Izzet Prowess,2.21
195,user_0195,Izzet Omniscience,Izzet Omniscience,1.47
195,user_0195,Selesnya Landfall,Selesnya Landfall,2.21
196,user_0196,Izzet Looting,Izzet Looting,2.42
196,user_0196,Dimir Midrange,Dimir Midrange,3.24
196,user_0196,Temur Lessons,Temur Lessons,1.73
196,user_0196,Jeskai Looting,Jeskai Looting,1.09
196,user_0196,Izzet Midrange,Izzet Midrange,1.61
196,user_0196,Boros Mice,Boros Mice,1.22
196,user_0196,Gruul Random Encounter,Gruul Random Encounter,0.6
196,user_0196,Mono-Green Landfall,Mono-Green Landfall,1.48
196,user_0196,Gruul Leyline Aggro,Gruul Leyline Aggro,0.93
196,user_0196,4c Artifacts,4c Artifacts,1.8
196,user_0196,Boros Manufacturing,Boros Manufacturing,0.92
196,user_0196,Jeskai Artifacts,Jeskai Artifacts,1.41
196,user_0196,Orzhov Self-Bounce,Orzhov Self-Bounce,1.12
196,user_0196,Izzet,Izzet,1.5
196,user_0196,Mono-Red Aggro,Mono-Red Aggro,3.6
196,user_0196,Grixis Leyline,Grixis Leyline,0.89
196,user_0196,Golgari Insidious Roots,Golgari Insidious Roots,1.22
196,user_0196,Abzan Insidious Roots,Abzan Insidious Roots,1.35
196,user_0196,Temur Floodcaller Combo,Temur Floodcaller Combo,1.11
196,user_0196,Naya Yuna,Naya Yuna,0.82
196,user_0196,Mardu Dragons,Mardu Dragons,0.91
196,user_0196,Mono-White Tokens,Mono-White Tokens,1.71
196,user_0196,4c Omniscience,4c Omniscience,0.91
196,user_0196,Golgari Dragons,Golgari Dragons,1.12
196,user_0196,Izzet Lessons,Izzet Lessons,3.54
196,user_0196,Boros Burn,Boros Burn,0.89
196,user_0196,Simic Omniscience,Simic Omniscience,1.22
196,user_0196,Lifegain,Lifegain,1.12
196,user_0196,Orzhov Midrange,Orzhov Midrange,1.07
196,user_0196,Sultai Reanimator,Sultai Reanimator,1.46
196,user_0196,Boros Dragons,Boros Dragons,1.25
196,user_0196,Bant Omniscience,Bant Omniscience,1.17
196,user_0196,4c Insidious Roots (2),4c Insidious Roots,1.1
196,user_0196,Jeskai Self-Bounce,Jeskai Self-Bounce,1.1
196,user_0196,Selesnya Landfall,Selesnya Landfall,1.99
196,user_0196,Boros Token Control,Boros Token Control,1.25
196,user_0196,Jeskai Control,Jeskai Control,4.19
196,user_0196,Dimir Control,Dimir Control,1.5
196,user_0196,4c Control,4c Control,1.45
196,user_0196,Golgari Midrange (2),Golgari Midrange,0.82
196,user_0196,Abzan Midrange,Abzan Midrange,1.25
196,user_0196,Izzet Prowess,Izzet Prowess,2.22
196,user_0196,Rakdos Aggro,Rakdos Aggro,0.62
196,user_0196,5c Reanimator,5c Reanimator,1.26
196,user_0196,Golgari Midrange,Golgari Midrange,1.79
196,user_0196,Gruul Delirium,Gruul Delirium,0.96
196,user_0196,Sultai Control,Sultai Control,1.67
196,user_0196,Bant Airbending Combo,Bant Airbending Combo,1.2
196,user_0196,Jund Aggro,Jund Aggro,1.04
196,user_0196,Azorius Control,Azorius Control,1.35
197,user_0197,Izzet Omniscience,Izzet Omniscience,1.16
197,user_0197,Temur Floodcaller Combo,Temur Floodcaller Combo,1.54
197,user_0197,Jeskai Self-Bounce,Jeskai Self-Bounce,0.71
197,user_0197,Gruul Leyline Aggro,Gruul Leyline Aggro,0.62
197,user_0197,Sultai Reanimator,Sultai Reanimator,1.12
197,user_0197,Golgari Insidious Roots,Golgari Insidious Roots,1.65
197,user_0197,Mardu Dragons,Mardu Dragons,1.36
197,user_0197,Rakdos Aggro,Rakdos Aggro,1.11
197,user_0197,Bant Airbending Combo,Bant Airbending Combo,1.25
197,user_0197,Abzan Midrange,Abzan Midrange,1.1
197,user_0197,Izzet Aggro,Izzet Aggro,1.28
197,user_0197,Dimir Bounce,Dimir Bounce,0.89
197,user_0197,Sultai Control,Sultai Control,1.09
197,user_0197,Mono-Red Leyline Aggro,Mono-Red Leyline Aggro,0.63
197,user_0197,Boros Dragons,Boros Dragons,1.02
197,user_0197,Gruul Aggro,Gruul Aggro,1.43
197,user_0197,4c Control,4c Control,1.29
197,user_0197,4c Insidious Roots (2),4c Insidious Roots,0.89
197,user_0197,4c Kona,4c Kona,0.61
197,user_0197,Rakdos Sacrifice,Rakdos Sacrifice,0.87
197,user_0197,4c Insidious Roots,4c Insidious Roots,1.25
197,user_0197,Azorius Control,Azorius Control,1.3
197,user_0197,Esper Self-Bounce,Esper Self-Bounce,1.26
197,user_0197,Sultai Graveyard,Sultai Graveyard,0.99
197,user_0197,Simic Midrange,Simic Midrange,1.19
197,user_0197,Jeskai Control,Jeskai Control,3.49
197,user_0197,Boros Aggro,Boros Aggro,1.09
197,user_0197,Jeskai Looting,Jeskai Looting,0.62
198,user_0198,Mardu Dragons,Mardu Dragons,1.16
198,user_0198,Izzet Prowess,Izzet Prowess,1.89
198,user_0198,4c Omniscience,4c Omniscience,0.83
198,user_0198,Mono-Green Landfall,Mono-Green Landfall,1.18
198,user_0198,Dimir Midrange,Dimir Midrange,3.05
198,user_0198,Mono-White Tokens,Mono-White Tokens,1.37
198,user_0198,Golgari Midrange,Golgari Midrange,1.39
198,user_0198,Sultai Reanimator,Sultai Reanimator,1.48
198,user_0198,Rakdos Sacrifice,Rakdos Sacrifice,0.91
198,user_0198,Golgari Midrange (2),Golgari Midrange,1.04
198,user_0198,4c Insidious Roots,4c Insidious Roots,0.91
198,user_0198,Boros Burn,Boros Burn,0.92
198,user_0198,4c Control,4c Control,1.64
198,user_0198,Golgari Insidious Roots,Golgari Insidious Roots,0.65
198,user_0198,Orzhov Self-Bounce,Orzhov Self-Bounce,0.67
198,user_0198,Azorius Control,Azorius Control,1.15
198,user_0198,Jeskai Artifacts,Jeskai Artifacts,1.28
198,user_0198,5c Reanimator,5c Reanimator,0.88
198,user_0198,Sultai Graveyard,Sultai Graveyard,1.03
198,user_0198,Golgari Dragons,Golgari Dragons,1.57
198,user_0198,Orzhov Control,Orzhov Control,0.96
198,user_0198,Orzhov Midrange,Orzhov Midrange,1.48
198,user_0198,Abzan Insidious Roots,Abzan Insidious Roots,1.69
198,user_0198,Bant Omniscience,Bant Omniscience,1.19
198,user_0198,Izzet,Izzet,1.24
198,user_0198,Izzet Aggro,Izzet Aggro,0.58
198,user_0198,Jeskai Looting,Jeskai Looting,1.26
198,user_0198,Gruul Leyline Aggro,Gruul Leyline Aggro,0.97
198,user_0198,Boros Dragons,Boros Dragons,0.6
198,user_0198,Jeskai Self-Bounce,Jeskai Self-Bounce,0.89
198,user_0198,Izzet Lessons,Izzet Lessons,3.96
198,user_0198,Mono-Black Midrange,Mono-Black Midrange,1.11
198,user_0198,Gruul Delirium,Gruul Delirium,1.4
198,user_0198,4c Reanimator,4c Reanimator,2.88
198,user_0198,Esper Self-Bounce,Esper Self-Bounce,1.47
198,user_0198,Rakdos Aggro,Rakdos Aggro,1.32
198,user_0198,Boros Aggro,Boros Aggro,1.69
198,user_0198,Temur Battlecrier Combo,Temur Battlecrier Combo,2.01
198,user_0198,Izzet Omniscience,Izzet Omniscience,0.99
198,user_0198,Dimir Bounce,Dimir Bounce,1.3
198,user_0198,Bant Airbending Combo,Bant Airbending Combo,2.14
198,user_0198,Grixis Artifacts,Grixis Artifacts,1.05
198,user_0198,Temur Lessons,Temur Lessons,1.27
198,user_0198,Jund Aggro,Jund Aggro,0.86
198,user_0198,Mono-Red Aggro,Mono-Red Aggro,3.7
199,user_0199,Mardu Dragons,Mardu Dragons,1.02
199,user_0199,Sultai Graveyard,Sultai Graveyard,0.65
199,user_0199,Jeskai Control,Jeskai Control,3.11
199,user_0199,Boros Leyline Aggro,Boros Leyline Aggro,1.34
199,user_0199,Rakdos Aggro,Rakdos Aggro,1.64
199,user_0199,Temur Lessons,Temur Lessons,1.41
199,user_0199,Rakdos Sacrifice,Rakdos Sacrifice,0.74
199,user_0199,Izzet,Izzet,0.61
199,user_0199,Gruul Delirium,Gruul Delirium,1.02
199,user_0199,Lifegain,Lifegain,1.13
199,user_0199,Gruul Leyline Aggro,Gruul Leyline Aggro,1.37
199,user_0199,Golgari Midrange,Golgari Midrange,1.39
199,user_0199,Dimir Midrange,Dimir Midrange,3.64
199,user_0199,Mono-Black Midrange,Mono-Black Midrange,0.94
199,user_0199,Grixis Leyline,Grixis Leyline,1.16
199,user_0199,Simic Aggro,Simic Aggro,0.89
199,user_0199,5c Reanimator,5c Reanimator,0.56
199,user_0199,4c Insidious Roots,4c Insidious Roots,1.14
199,user_0199,Boros Dragons,Boros Dragons,1.35
199,user_0199,Orzhov Control,Orzhov Control,1.23
199,user_0199,Jeskai Looting,Jeskai Looting,1.93
199,user_0199,Gruul Random Encounter,Gruul Random Encounter,1.22
199,user_0199,4c Control,4c Control,0.77
199,user_0199,Temur Battlecrier Combo,Temur Battlecrier Combo,1.19
199,user_0199,Jund Aggro,Jund Aggro,0.9
199,user_0199,Sultai Control,Sultai Control,0.72
199,user_0199,Jeskai Artifacts,Jeskai Artifacts,1.86
199,user_0199,Izzet Looting,Izzet Looting,2.9
199,user_0199,4c Artifacts,4c Artifacts,1.1
199,user_0199,Simic Omniscience,Simic Omniscience,1.19
199,user_0199,Selesnya Landfall,Selesnya Landfall,1.52
199,user_0199,Temur Floodcaller Combo,Temur Floodcaller Combo,1.56
200,user_0200,Jeskai Artifacts,Jeskai Artifacts,1.51
200,user_0200,Sultai Reanimator,Sultai Reanimator,1.36
200,user_0200,4c Insidious Roots,4c Insidious Roots,1.51
200,user_0200,Esper Self-Bounce,Esper Self-Bounce,1.01
200,user_0200,Gruul Delirium,Gruul Delirium,0.81
200,user_0200,Mono-White Tokens,Mono-White Tokens,0.99
200,user_0200,Boros Token Control,Boros Token Control,1.23
200,user_0200,5c Reanimator,5c Reanimator,1.01
200,user_0200,Abzan Insidious Roots,Abzan Insidious Roots,1.03
200,user_0200,Mono-Black Midrange,Mono-Black Midrange,1.37
200,user_0200,4c Artifacts,4c Artifacts,0.44
200,user_0200,Temur Floodcaller Combo,Temur Floodcaller Combo,1.53
200,user_0200,Boros Burn,Boros Burn,1.19
200,user_0200,Rakdos Sacrifice,Rakdos Sacrifice,0.76
200,user_0200,Izzet Midrange,Izzet Midrange,1.36
200,user_0200,Jeskai Looting,Jeskai Looting,0.52
200,user_0200,Golgari Dragons,Golgari Dragons,1.36
200,user_0200,Temur Lessons,Temur Lessons,1.63
200,user_0200,Izzet Looting,Izzet Looting,2.94
200,user_0200,Boros Dragons,Boros Dragons,0.63
200,user_0200,Izzet,Izzet,1.51
200,user_0200,Dimir Control,Dimir Control,0.89
200,user_0200,Simic Aggro,Simic Aggro,1.37
200,user_0200,Izzet Omniscience,Izzet Omniscience,0.58
200,user_0200,Abzan Midrange,Abzan Midrange,0.73
200,user_0200,Grixis Leyline,Grixis Leyline,0.69
200,user_0200,Mono-Red Aggro,Mono-Red Aggro,2.76
200,user_0200,Orzhov Control,Orzhov Control,1.02
200,user_0200,Sultai Graveyard,Sultai Graveyard,0.53
200,user_0200,4c Control,4c Control,1.74
200,user_0200,Dimir Bounce,Dimir Bounce,1.59
200,user_0200,Simic Omniscience,Simic Omniscience,0.79
200,user_0200,Temur Battlecrier Combo,Temur Battlecrier Combo,1.25
200,user_0200,Boros Manufacturing,Boros Manufacturing,1.14
200,user_0200,Boros Aggro,Boros Aggro,1.35
200,user_0200,4c Kona,4c Kona,1.05
200,user_0200,Izzet Aggro,Izzet Aggro,1.59
200,user_0200,Jeskai Control,Jeskai Control,2.63
201,user_0201,Mono-Red Leyline Aggro,Mono-Red Leyline Aggro,1.26
201,user_0201,Abzan Midrange,Abzan Midrange,0.83
201,user_0201,Grixis Artifacts,Grixis Artifacts,0.84
201,user_0201,Izzet Looting,Izzet Looting,2.66
201,user_0201,Temur Battlecrier Combo,Temur Battlecrier Combo,1.16
201,user_0201,Temur Lessons,Temur Lessons,2.45
201,user_0201,Orzhov Midrange,Orzhov Midrange,1.18
201,user_0201,Izzet,Izzet,1.21
201,user_0201,Lifegain,Lifegain,1.01
201,user_0201,Mardu Dragons,Mardu Dragons,0.7
201,user_0201,Jeskai Artifacts,Jeskai Artifacts,1.13
201,user_0201,Dimir Bounce,Dimir Bounce,1.49
201,user_0201,Sultai Graveyard,Sultai Graveyard,1.26
201,user_0201,Boros Aggro,Boros Aggro,1.73
201,user_0201,Izzet Omniscience,Izzet Omniscience,1.51
201,user_0201,4c Omniscience,4c Omniscience,1.43
201,user_0201,Mono-Black Midrange,Mono-Black Midrange,1.01
201,user_0201,Boros Manufacturing,Boros Manufacturing,1.41
201,user_0201,Boros Burn,Boros Burn,1.02
201,user_0201,Grixis Leyline,Grixis Leyline,1.35
201,user_0201,4c Insidious Roots,4c Insidious Roots,0.69
201,user_0201,Jeskai Control,Jeskai Control,2.44
201,user_0201,Simic Omniscience,Simic Omniscience,1.24
201,user_0201,5c Reanimator,5c Reanimator,1.36
201,user_0201,Izzet Aggro,Izzet Aggro,0.85
201,user_0201,Izzet Midrange,Izzet Midrange,1.26
201,user_0201,Golgari Midrange,Golgari Midrange,1.38
201,user_0201,Dimir Control,Dimir Control,0.98
201,user_0201,Dimir Midrange,Dimir Midrange,3.53
201,user_0201,Golgari Dragons,Golgari Dragons,0.88
201,user_0201,Orzhov Self-Bounce,Orzhov Self-Bounce,0.66
201,user_0201,Simic Midrange,Simic Midrange,1.37
201,user_0201,Gruul Leyline Aggro,Gruul Leyline Aggro,1.4
201,user_0201,Sultai Control,Sultai Control,1.17
201,user_0201,Sultai Reanimator,Sultai Reanimator,1.31
201,user_0201,Temur Floodcaller Combo,Temur Floodcaller Combo,2.03
201,user_0201,Selesnya Landfall,Selesnya Landfall,1.89
201,user_0201,Gruul Aggro,Gruul Aggro,0.32
201,user_0201,4c Insidious Roots (2),4c Insidious Roots,1.03
201,user_0201,Jund Aggro,Jund Aggro,0.95
201,user_0201,Golgari Midrange (2),Golgari Midrange,1.37
201,user_0201,Esper Self-Bounce,Esper Self-Bounce,1.16
201,user_0201,Bant Omniscience,Bant Omniscience,1.16
201,user_0201,Boros Dragons,Boros Dragons,0.67
201,user_0201,Bant Airbending Combo,Bant Airbending Combo,1.42
201,user_0201,Boros Token Control,Boros Token Control,1.19
201,user_0201,Mono-White Tokens,Mono-White Tokens,0.83
201,user_0201,Rakdos Sacrifice,Rakdos Sacrifice,0.98
201,user_0201,Simic Aggro,Simic Aggro,1.26
201,user_0201,4c Control,4c Control,0.73
201,user_0201,4c Reanimator,4c Reanimator,1.94
201,user_0201,Mono-Red Aggro,Mono-Red Aggro,2.82
202,user_0202,Boros Aggro,Boros Aggro,1.1
202,user_0202,Temur Lessons,Temur Lessons,1.18
202,user_0202,Dimir Bounce,Dimir Bounce,1.07
202,user_0202,Jund Aggro,Jund Aggro,1.34
202,user_0202,Simic Midrange,Simic Midrange,0.88
202,user_0202,4c Insidious Roots (2),4c Insidious Roots,0.95
202,user_0202,Sultai Control,Sultai Control,1.78
202,user_0202,Esper Self-Bounce,Esper Self-Bounce,1.24
202,user_0202,Abzan Insidious Roots,Abzan Insidious Roots,1.75
202,user_0202,Orzhov Midrange,Orzhov Midrange,1.14
202,user_0202,Grixis Leyline,Grixis Leyline,1.29
202,user_0202,Mono-Black Midrange,Mono-Black Midrange,0.66
202,user_0202,Boros Mice,Boros Mice,0.72
202,user_0202,4c Artifacts,4c Artifacts,0.98
202,user_0202,Izzet Midrange,Izzet Midrange,1.06
202,user_0202,Boros Leyline Aggro,Boros Leyline Aggro,1.29
202,user_0202,Temur Battlecrier Combo,Temur Battlecrier Combo,1.39
202,user_0202,Boros Token Control,Boros Token Control,1.01
202,user_0202,Jeskai Self-Bounce,Jeskai Self-Bounce,0.79
202,user_0202,Izzet,Izzet,0.61
202,user_0202,Rakdos Aggro,Rakdos Aggro,1.03
202,user_0202,Sultai Reanimator,Sultai Reanimator,0.87
202,user_0202,Boros Manufacturing,Boros Manufacturing,1.41
202,user_0202,Grixis Artifacts,Grixis Artifacts,0.59
202,user_0202,Gruul Leyline Aggro,Gruul Leyline Aggro,0.97
202,user_0202,Jeskai Looting,Jeskai Looting,1.46
202,user_0202,Simic Landfall,Simic Landfall,1.64
202,user_0202,Mono-Red Aggro,Mono-Red Aggro,2.95
202,user_0202,Orzhov Self-Bounce,Orzhov Self-Bounce,1.46
202,user_0202,5c Reanimator,5c Reanimator,1.08
202,user_0202,Boros Dragons,Boros Dragons,0.7
202,user_0202,Simic Omniscience,Simic Omniscience,0.52
202,user_0202,Golgari Dragons,Golgari Dragons,1.47
202,user_0202,Izzet Lessons,Izzet Lessons,3.93
202,user_0202,Abzan Midrange,Abzan Midrange,1.46
202,user_0202,Selesnya Landfall,Selesnya Landfall,1.0
202,user_0202,Izzet Omniscience,Izzet Omniscience,1.07
202,user_0202,Azorius Control,Azorius Control,1.84
202,user_0202,4c Kona,4c Kona,0.71
202,user_0202,Golgari Midrange (2),Golgari Midrange,0.85
202,user_0202,Bant Airbending Combo,Bant Airbending Combo,1.0
202,user_0202,Gruul Delirium,Gruul Delirium,1.13
202,user_0202,Simic Aggro,Simic Aggro,0.82
202,user_0202,Boros Burn,Boros Burn,1.12
202,user_0202,Orzhov Control,Orzhov Control,1.83
202,user_0202,Golgari Insidious Roots,Golgari Insidious Roots,1.2
202,user_0202,Mono-Red Leyline Aggro,Mono-Red Leyline Aggro,1.75
202,user_0202,Izzet Prowess,Izzet Prowess,1.76
202,user_0202,Izzet Aggro,Izzet Aggro,0.74
202,user_0202,Mardu Dragons,Mardu Dragons,0.78
202,user_0202,Temur Floodcaller Combo,Temur Floodcaller Combo,0.77
203,user_0203,4c Reanimator,4c Reanimator,2.28
203,user_0203,Sultai Graveyard,Sultai Graveyard,0.91
203,user_0203,Naya Yuna,Naya Yuna,1.39
203,user_0203,Jeskai Looting,Jeskai Looting,0.36
203,user_0203,Bant Omniscience,Bant Omniscience,1.24
203,user_0203,Orzhov Midrange,Orzhov Midrange,1.72
203,user_0203,Mono-Black Midrange,Mono-Black Midrange,1.26
203,user_0203,Izzet Aggro,Izzet Aggro,1.21
203,user_0203,Golgari Dragons,Golgari Dragons,1.16
203,user_0203,Azorius Control,Azorius Control,1.23
203,user_0203,Golgari Midrange,Golgari Midrange,1.83
203,user_0203,Sultai Reanimator,Sultai Reanimator,1.79
203,user_0203,Grixis Leyline,Grixis Leyline,1.15
203,user_0203,Boros Aggro,Boros Aggro,1.11
203,user_0203,Mardu Dragons,Mardu Dragons,1.19
203,user_0203,Dimir Bounce,Dimir Bounce,1.18
203,user_0203,Izzet Looting,Izzet Looting,2.29
203,user_0203,Boros Burn,Boros Burn,0.76
203,user_0203,Temur Battlecrier Combo,Temur Battlecrier Combo,1.36
203,user_0203,Golgari Insidious Roots,Golgari Insidious Roots,0.87
203,user_0203,Boros Mice,Boros Mice,0.41
203,user_0203,Dimir Control,Dimir Control,1.14
203,user_0203,Boros Token Control,Boros Token Control,1.01
203,user_0203,Boros Dragons,Boros Dragons,1.14
203,user_0203,Izzet Lessons,Izzet Lessons,3.7
203,user_0203,Jeskai Self-Bounce,Jeskai Self-Bounce,0.37
203,user_0203,Abzan Insidious Roots,Abzan Insidious Roots,1.22
203,user_0203,Mono-Red Leyline Aggro,Mono-Red Leyline Aggro,1.97
203,user_0203,4c Insidious Roots,4c Insidious Roots,1.01
203,user_0203,Grixis Artifacts,Grixis Artifacts,1.61
203,user_0203,Lifegain,Lifegain,1.22
203,user_0203,Simic Landfall,Simic Landfall,0.9
203,user_0203,Temur Floodcaller Combo,Temur Floodcaller Combo,0.9
203,user_0203,4c Insidious Roots (2),4c Insidious Roots,1.32
203,user_0203,Mono-White Tokens,Mono-White Tokens,1.26
203,user_0203,Gruul Leyline Aggro,Gruul Leyline Aggro,1.06
203,user_0203,Gruul Random Encounter,Gruul Random Encounter,1.45
203,user_0203,Izzet Prowess,Izzet Prowess,1.89
203,user_0203,Boros Manufacturing,Boros Manufacturing,1.4
203,user_0203,4c Kona,4c Kona,0.81
203,user_0203,Mono-Red Aggro,Mono-Red Aggro,3.02
204,user_0204,Dimir Control,Dimir Control,1.04
204,user_0204,Golgari Midrange,Golgari Midrange,1.34
204,user_0204,Sultai Graveyard,Sultai Graveyard,1.0
204,user_0204,Gruul Delirium,Gruul Delirium,0.51
204,user_0204,Golgari Midrange (2),Golgari Midrange,1.1
204,user_0204,Abzan Midrange,Abzan Midrange,1.2
204,user_0204,Temur Battlecrier Combo,Temur Battlecrier Combo,1.19
204,user_0204,Jund Aggro,Jund Aggro,0.84
204,user_0204,Izzet Aggro,Izzet Aggro,1.2
204,user_0204,Gruul Leyline Aggro,Gruul Leyline Aggro,1.35
204,user_0204,Mono-Black Midrange,Mono-Black Midrange,0.99
204,user_0204,Boros Dragons,Boros Dragons,0.73
204,user_0204,Azorius Control,Azorius Control,1.05
204,user_0204,4c Kona,4c Kona,0.91
204,user_0204,Simic Omniscience,Simic Omniscience,0.57
204,user_0204,Boros Aggro,Boros Aggro,1.41
204,user_0204,Boros Manufacturing,Boros Manufacturing,1.27
204,user_0204,Boros Burn,Boros Burn,1.39
204,user_0204,Rakdos Sacrifice,Rakdos Sacrifice,0.44
204,user_0204,Grixis Artifacts,Grixis Artifacts,0.94
204,user_0204,Izzet Omniscience,Izzet Omniscience,1.0
204,user_0204,Gruul Random Encounter,Gruul Random Encounter,0.83
204,user_0204,Mono-Red Leyline Aggro,Mono-Red Leyline Aggro,1.13
204,user_0204,Dimir Bounce,Dimir Bounce,1.16
204,user_0204,Esper Self-Bounce,Esper Self-Bounce,1.33
204,user_0204,Rakdos Aggro,Rakdos Aggro,1.25
204,user_0204,Orzhov Self-Bounce,Orzhov Self-Bounce,1.48
204,user_0204,Sultai Control,Sultai Control,0.98
204,user_0204,Orzhov Control,Orzhov Control,1.82
204,user_0204,Boros Mice,Boros Mice,0.68
204,user_0204,4c Reanimator,4c Reanimator,2.58
204,user_0204,Golgari Dragons,Golgari Dragons,0.6
204,user_0204,Orzhov Midrange,Orzhov Midrange,1.61
204,user_0204,Boros Token Control,Boros Token Control,0.68
204,user_0204,Gruul Aggro,Gruul Aggro,1.13
205,user_0205,Boros Token Control,Boros Token Control,1.47
205,user_0205,4c Reanimator,4c Reanimator,1.62
205,user_0205,Dimir Midrange,Dimir Midrange,3.43
205,user_0205,Simic Midrange,Simic Midrange,1.22
205,user_0205,Gruul Random Encounter,Gruul Random Encounter,1.31
205,user_0205,Boros Aggro,Boros Aggro,1.07
205,user_0205,Gruul Aggro,Gruul Aggro,1.15
205,user_0205,Abzan Midrange,Abzan Midrange,0.85
205,user_0205,Jund Aggro,Jund Aggro,1.1
205,user_0205,Orzhov Control,Orzhov Control,1.81
205,user_0205,Mono-Black Midrange,Mono-Black Midrange,0.91
205,user_0205,Sultai Reanimator,Sultai Reanimator,1.17
205,user_0205,4c Insidious Roots (2),4c Insidious Roots,1.13
205,user_0205,Temur Floodcaller Combo,Temur Floodcaller Combo,1.16
205,user_0205,4c Kona,4c Kona,1.3
205,user_0205,4c Insidious Roots,4c Insidious Roots,1.5
205,user_0205,Boros Burn,Boros Burn,1.26
205,user_0205,4c Artifacts,4c Artifacts,1.31
205,user_0205,Orzhov Self-Bounce,Orzhov Self-Bounce,0.62
205,user_0205,Gruul Leyline Aggro,Gruul Leyline Aggro,1.15
205,user_0205,Golgari Midrange,Golgari Midrange,1.6
205,user_0205,Izzet Aggro,Izzet Aggro,0.84
205,user_0205,Gruul Delirium,Gruul Delirium,1.02
205,user_0205,Simic Omniscience,Simic Omniscience,1.49
205,user_0205,Simic Aggro,Simic Aggro,1.51
205,user_0205,Mono-Red Aggro,Mono-Red Aggro,3.18
205,user_0205,Jeskai Control,Jeskai Control,3.69
205,user_0205,Rakdos Aggro,Rakdos Aggro,1.2
205,user_0205,Jeskai Looting,Jeskai Looting,1.12
205,user_0205,Golgari Dragons,Golgari Dragons,0.98
205,user_0205,Mono-Green Landfall,Mono-Green Landfall,1.71
205,user_0205,Temur Kona,Temur Kona,1.6
205,user_0205,5c Reanimator,5c Reanimator,1.04
205,user_0205,Izzet Prowess,Izzet Prowess,2.7
205,user_0205,Temur Lessons,Temur Lessons,1.71
205,user_0205,Boros Leyline Aggro,Boros Leyline Aggro,1.29
205,user_0205,Izzet,Izzet,0.75
205,user_0205,Rakdos Sacrifice,Rakdos Sacrifice,0.91
205,user_0205,Boros Mice,Boros Mice,0.98
205,user_0205,Simic Landfall,Simic Landfall,1.11
206,user_0206,Izzet Looting,Izzet Looting,2.44
206,user_0206,Boros Token Control,Boros Token Control,1.02
206,user_0206,Orzhov Midrange,Orzhov Midrange,1.25
206,user_0206,Izzet Omniscience,Izzet Omniscience,1.33
206,user_0206,Jeskai Control,Jeskai Control,3.83
206,user_0206,4c Kona,4c Kona,1.16
206,user_0206,Boros Burn,Boros Burn,1.31
206,user_0206,Rakdos Aggro,Rakdos Aggro,1.02
206,user_0206,Naya Yuna,Naya Yuna,1.1
206,user_0206,Boros Manufacturing,Boros Manufacturing,1.2
206,user_0206,Simic Omniscience,Simic Omniscience,1.03
206,user_0206,Sultai Reanimator,Sultai Reanimator,1.0
206,user_0206,Bant Omniscience,Bant Omniscience,0.69
206,user_0206,Jeskai Self-Bounce,Jeskai Self-Bounce,1.57
206,user_0206,Mardu Dragons,Mardu Dragons,1.66
206,user_0206,Dimir Midrange,Dimir Midrange,3.54
206,user_0206,Gruul Leyline Aggro,Gruul Leyline Aggro,1.31
206,user_0206,Sultai Graveyard,Sultai Graveyard,1.27
206,user_0206,Mono-Green Landfall,Mono-Green Landfall,1.79
206,user_0206,Boros Mice,Boros Mice,1.1
206,user_0206,Rakdos Sacrifice,Rakdos Sacrifice,0.82
206,user_0206,Temur Lessons,Temur Lessons,1.75
206,user_0206,Golgari Midrange (2),Golgari Midrange,1.39
206,user_0206,Simic Aggro,Simic Aggro,0.63
206,user_0206,4c Insidious Roots (2),4c Insidious Roots,0.57
206,user_0206,Boros Aggro,Boros Aggro,1.41
206,user_0206,Boros Leyline Aggro,Boros Leyline Aggro,0.88
206,user_0206,Gruul Aggro,Gruul Aggro,0.87
206,user_0206,Selesnya Landfall,Selesnya Landfall,1.47
206,user_0206,Mono-Red Leyline Aggro,Mono-Red Leyline Aggro,1.55
206,user_0206,Grixis Leyline,Grixis Leyline,0.7
206,user_0206,Sultai Control,Sultai Control,1.46
206,user_0206,Dimir Control,Dimir Control,1.23
206,user_0206,4c Reanimator,4c Reanimator,2.21
206,user_0206,4c Artifacts,4c Artifacts,1.26
206,user_0206,Simic Landfall,Simic Landfall,1.0
207,user_0207,Mono-White Tokens,Mono-White Tokens,1.22
207,user_0207,Selesnya Landfall,Selesnya Landfall,2.11
207,user_0207,Izzet,Izzet,1.23
207,user_0207,4c Omniscience,4c Omniscience,1.55
207,user_0207,Jeskai Artifacts,Jeskai Artifacts,2.14
207,user_0207,Esper Self-Bounce,Esper Self-Bounce,1.69
207,user_0207,Abzan Midrange,Abzan Midrange,0.46
207,user_0207,Dimir Midrange,Dimir Midrange,3.41
207,user_0207,Golgari Dragons,Golgari Dragons,1.65
207,user_0207,Izzet Prowess,Izzet Prowess,2.8
207,user_0207,Bant Airbending Combo,Bant Airbending Combo,1.06
207,user_0207,Boros Manufacturing,Boros Manufacturing,0.69
207,user_0207,4c Insidious Roots,4c Insidious Roots,1.88
207,user_0207,Dimir Bounce,Dimir Bounce,2.08
207,user_0207,Mono-Black Midrange,Mono-Black Midrange,0.66
207,user_0207,Mono-Red Leyline Aggro,Mono-Red Leyline Aggro,1.28
207,user_0207,Boros Aggro,Boros Aggro,0.96
207,user_0207,4c Artifacts,4c Artifacts,1.51
207,user_0207,Boros Leyline Aggro,Boros Leyline Aggro,1.13
207,user_0207,Temur Battlecrier Combo,Temur Battlecrier Combo,1.68
207,user_0207,Jeskai Looting,Jeskai Looting,1.46
207,user_0207,Simic Midrange,Simic Midrange,0.98
207,user_0207,Sultai Reanimator,Sultai Reanimator,1.76
207,user_0207,Simic Landfall,Simic Landfall,1.58
207,user_0207,Izzet Lessons,Izzet Lessons,4.63
207,user_0207,Grixis Artifacts,Grixis Artifacts,1.19
207,user_0207,Abzan Insidious Roots,Abzan Insidious Roots,2.1
207,user_0207,4c Reanimator,4c Reanimator,3.12
207,user_0207,Lifegain,Lifegain,1.71
207,user_0207,Gruul Aggro,Gruul Aggro,0.7
207,user_0207,Izzet Omniscience,Izzet Omniscience,1.68
207,user_0207,Gruul Delirium,Gruul Delirium,1.95
207,user_0207,Izzet Midrange,Izzet Midrange,1.28
207,user_0207,Temur Floodcaller Combo,Temur Floodcaller Combo,1.64
207,user_0207,Boros Token Control,Boros Token Control,1.45
207,user_0207,4c Control,4c Control,1.67
207,user_0207,Golgari Insidious Roots,Golgari Insidious Roots,1.7
207,user_0207,Azorius Control,Azorius Control,1.5
207,user_0207,Gruul Random Encounter,Gruul Random Encounter,1.44
207,user_0207,Golgari Midrange (2),Golgari Midrange,1.8
207,user_0207,Gruul Leyline Aggro,Gruul Leyline Aggro,1.33
207,user_0207,Bant Omniscience,Bant Omniscience,1.54
207,user_0207,Mardu Dragons,Mardu Dragons,1.44
207,user_0207,Orzhov Midrange,Orzhov Midrange,0.79
207,user_0207,Grixis Leyline,Grixis Leyline,1.09
207,user_0207,Simic Aggro,Simic Aggro,0.89
208,user_0208,Bant Omniscience,Bant Omniscience,0.72
208,user_0208,4c Control,4c Control,1.16
208,user_0208,Gruul Aggro,Gruul Aggro,1.65
208,user_0208,Boros Leyline Aggro,Boros Leyline Aggro,1.4
208,user_0208,4c Kona,4c Kona,0.7
208,user_0208,Bant Airbending Combo,Bant Airbending Combo,1.43
208,user_0208,Dimir Control,Dimir Control,0.78
208,user_0208,Mardu Dragons,Mardu Dragons,1.34
208,user_0208,Golgari Dragons,Golgari Dragons,1.15
208,user_0208,Temur Kona,Temur Kona,1.38
208,user_0208,Gruul Delirium,Gruul Delirium,1.14
208,user_0208,Mono-White Tokens,Mono-White Tokens,1.51
208,user_0208,4c Insidious Roots (2),4c Insidious Roots,1.43
208,user_0208,4c Insidious Roots,4c Insidious Roots,1.63
208,user_0208,Boros Token Control,Boros Token Control,0.72
208,user_0208,Abzan Insidious Roots,Abzan Insidious Roots,1.3
208,user_0208,Golgari Insidious Roots,Golgari Insidious Roots,1.49
208,user_0208,Gruul Random Encounter,Gruul Random Encounter,0.62
208,user_0208,Izzet Midrange,Izzet Midrange,0.96
208,user_0208,4c Reanimator,4c Reanimator,2.31
208,user_0208,Izzet Aggro,Izzet Aggro,1.93
208,user_0208,Azorius Control,Azorius Control,0.84
208,user_0208,Sultai Reanimator,Sultai Reanimator,1.85
208,user_0208,Simic Aggro,Simic Aggro,1.51
208,user_0208,Grixis Leyline,Grixis Leyline,1.06
208,user_0208,Rakdos Aggro,Rakdos Aggro,1.77
208,user_0208,Mono-Black Midrange,Mono-Black Midrange,1.43
208,user_0208,Boros Dragons,Boros Dragons,1.23
209,user_0209,4c Control,4c Control,1.9
209,user_0209,Boros Aggro,Boros Aggro,1.22
209,user_0209,4c Reanimator,4c Reanimator,2.58
209,user_0209,Selesnya Landfall,Selesnya Landfall,1.19
209,user_0209,4c Insidious Roots,4c Insidious Roots,0.85
209,user_0209,Boros Mice,Boros Mice,0.58
209,user_0209,Golgari Insidious Roots,Golgari Insidious Roots,0.96
209,user_0209,Izzet Lessons,Izzet Lessons,4.56
209,user_0209,5c Reanimator,5c Reanimator,0.99
209,user_0209,Orzhov Midrange,Orzhov Midrange,1.1
209,user_0209,Jeskai Artifacts,Jeskai Artifacts,1.2
209,user_0209,Naya Yuna,Naya Yuna,1.38
209,user_0209,Temur Lessons,Temur Lessons,1.48
209,user_0209,Dimir Midrange,Dimir Midrange,3.88
209,user_0209,Izzet Midrange,Izzet Midrange,1.0
209,user_0209,Bant Airbending Combo,Bant Airbending Combo,1.23
209,user_0209,Izzet,Izzet,1.05
209,user_0209,Mono-Red Aggro,Mono-Red Aggro,3.45
209,user_0209,Sultai Graveyard,Sultai Graveyard,0.97
209,user_0209,Golgari Midrange,Golgari Midrange,1.77
209,user_0209,Boros Dragons,Boros Dragons,1.43
209,user_0209,Izzet Omniscience,Izzet Omniscience,1.09
209,user_0209,Simic Aggro,Simic Aggro,0.8
209,user_0209,Jeskai Control,Jeskai Control,3.35
209,user_0209,Boros Manufacturing,Boros Manufacturing,1.4
209,user_0209,Rakdos Sacrifice,Rakdos Sacrifice,0.79
209,user_0209,Izzet Prowess,Izzet Prowess,1.63
209,user_0209,Izzet Aggro,Izzet Aggro,1.39
209,user_0209,Mono-White Tokens,Mono-White Tokens,1.02
209,user_0209,Esper Self-Bounce,Esper Self-Bounce,1.05
209,user_0209,Azorius Control,Azorius Control,1.65
209,user_0209,Grixis Artifacts,Grixis Artifacts,1.52
209,user_0209,Temur Kona,Temur Kona,1.39
209,user_0209,Simic Omniscience,Simic Omniscience,1.44
209,user_0209,Simic Midrange,Simic Midrange,1.2
209,user_0209,Boros Burn,Boros Burn,1.44
209,user_0209,Grixis Leyline,Grixis Leyline,0.67
209,user_0209,Boros Leyline Aggro,Boros Leyline Aggro,1.47
209,user_0209,Sultai Reanimator,Sultai Reanimator,1.57
209,user_0209,Sultai Control,Sultai Control,2.32
209,user_0209,Gruul Random Encounter,Gruul Random Encounter,0.66
209,user_0209,4c Kona,4c Kona,0.91
209,user_0209,4c Omniscience,4c Omniscience,1.84
209,user_0209,Dimir Control,Dimir Control,1.76
209,user_0209,Boros Token Control,Boros Token Control,1.79
209,user_0209,4c Insidious Roots (2),4c Insidious Roots,0.87
209,user_0209,Golgari Dragons,Golgari Dragons,1.07
209,user_0209,Jeskai Self-Bounce,Jeskai Self-Bounce,0.89
209,user_0209,Temur Floodcaller Combo,Temur Floodcaller Combo,1.11
209,user_0209,Bant Omniscience,Bant Omniscience,1.27
209,user_0209,Abzan Insidious Roots,Abzan Insidious Roots,0.93
209,user_0209,Rakdos Aggro,Rakdos Aggro,0.58
209,user_0209,Jund Aggro,Jund Aggro,1.18
209,user_0209,Mono-Black Midrange,Mono-Black Midrange,1.01
210,user_0210,Esper Self-Bounce,Esper Self-Bounce,1.04
210,user_0210,Mono-Green Landfall,Mono-Green Landfall,1.7
210,user_0210,Dimir Control,Dimir Control,1.19
210,user_0210,Boros Token Control,Boros Token Control,0.91
210,user_0210,4c Kona,4c Kona,1.6
210,user_0210,Boros Dragons,Boros Dragons,0.93
210,user_0210,Boros Aggro,Boros Aggro,1.13
210,user_0210,Boros Manufacturing,Boros Manufacturing,1.17
210,user_0210,Izzet Looting,Izzet Looting,2.4
210,user_0210,Temur Kona,Temur Kona,1.73
210,user_0210,Temur Lessons,Temur Lessons,1.7
210,user_0210,Orzhov Midrange,Orzhov Midrange,1.48
210,user_0210,Sultai Graveyard,Sultai Graveyard,1.36
210,user_0210,Jund Aggro,Jund Aggro,0.99
210,user_0210,Boros Leyline Aggro,Boros Leyline Aggro,1.23
210,user_0210,Abzan Midrange,Abzan Midrange,1.5
210,user_0210,Izzet Omniscience,Izzet Omniscience,1.6
210,user_0210,Lifegain,Lifegain,1.26
210,user_0210,Sultai Reanimator,Sultai Reanimator,1.07
210,user_0210,Azorius Control,Azorius Control,1.36
210,user_0210,Mono-Red Leyline Aggro,Mono-Red Leyline Aggro,0.9
210,user_0210,Simic Landfall,Simic Landfall,0.84
210,user_0210,Abzan Insidious Roots,Abzan Insidious Roots,0.87
210,user_0210,Bant Airbending Combo,Bant Airbending Combo,1.47
210,user_0210,Jeskai Artifacts,Jeskai Artifacts,1.57
210,user_0210,Izzet Lessons,Izzet Lessons,4.13
210,user_0210,Golgari Midrange,Golgari Midrange,2.32
210,user_0210,Rakdos Sacrifice,Rakdos Sacrifice,0.98
210,user_0210,Orzhov Self-Bounce,Orzhov Self-Bounce,0.76
210,user_0210,Jeskai Looting,Jeskai Looting,1.24
210,user_0210,4c Insidious Roots,4c Insidious Roots,1.01
210,user_0210,Mono-Red Aggro,Mono-Red Aggro,3.13
210,user_0210,Mardu Dragons,Mardu Dragons,1.4
210,user_0210,Golgari Insidious Roots,Golgari Insidious Roots,1.7
210,user_0210,Gruul Aggro,Gruul Aggro,0.85
210,user_0210,Gruul Leyline Aggro,Gruul Leyline Aggro,1.22
210,user_0210,4c Artifacts,4c Artifacts,1.54
210,user_0210,Rakdos Aggro,Rakdos Aggro,0.78
210,user_0210,Golgari Dragons,Golgari Dragons,1.24
210,user_0210,Bant Omniscience,Bant Omniscience,0.99
210,user_0210,Boros Mice,Boros Mice,1.17
210,user_0210,Izzet Midrange,Izzet Midrange,1.25
210,user_0210,Selesnya Landfall,Selesnya Landfall,1.93
210,user_0210,Dimir Midrange,Dimir Midrange,4.52
210,user_0210,Jeskai Self-Bounce,Jeskai Self-Bounce,1.67
210,user_0210,Simic Omniscience,Simic Omniscience,0.61
210,user_0210,Sultai Control,Sultai Control,1.39
210,user_0210,4c Reanimator,4c Reanimator,2.16
210,user_0210,Mono-White Tokens,Mono-White Tokens,0.93
210,user_0210,Golgari Midrange (2),Golgari Midrange,1.72
210,user_0210,Gruul Delirium,Gruul Delirium,0.77
210,user_0210,Izzet,Izzet,0.91
210,user_0210,Boros Burn,Boros Burn,0.95
210,user_0210,Grixis Artifacts,Grixis Artifacts,1.15
210,user_0210,4c Insidious Roots (2),4c Insidious Roots,0.55
210,user_0210,Orzhov Control,Orzhov Control,1.21
211,user_0211,Grixis Leyline,Grixis Leyline,1.12
211,user_0211,4c Control,4c Control,0.78
211,user_0211,Mono-Black Midrange,Mono-Black Midrange,0.64
211,user_0211,Azorius Control,Azorius Control,1.67
211,user_0211,Temur Kona,Temur Kona,1.04
211,user_0211,5c Reanimator,5c Reanimator,0.91
211,user_0211,Mardu Dragons,Mardu Dragons,1.37
211,user_0211,4c Insidious Roots,4c Insidious Roots,0.78
211,user_0211,Esper Self-Bounce,Esper Self-Bounce,1.16
211,user_0211,Temur Battlecrier Combo,Temur Battlecrier Combo,1.19
211,user_0211,Lifegain,Lifegain,1.3
211,user_0211,Mono-Red Leyline Aggro,Mono-Red Leyline Aggro,1.63
211,user_0211,Simic Landfall,Simic Landfall,1.03
211,user_0211,Orzhov Self-Bounce,Orzhov Self-Bounce,1.22
211,user_0211,Sultai Reanimator,Sultai Reanimator,1.5
211,user_0211,Golgari Midrange (2),Golgari Midrange,0.76
211,user_0211,Bant Omniscience,Bant Omniscience,0.85
211,user_0211,Orzhov Midrange,Orzhov Midrange,1.51
211,user_0211,Izzet Midrange,Izzet Midrange,0.74
211,user_0211,Boros Aggro,Boros Aggro,1.47
211,user_0211,Jeskai Self-Bounce,Jeskai Self-Bounce,1.31
211,user_0211,4c Kona,4c Kona,1.18
211,user_0211,Abzan Midrange,Abzan Midrange,0.95
211,user_0211,Dimir Control,Dimir Control,1.26
211,user_0211,Izzet Aggro,Izzet Aggro,1.36
211,user_0211,Rakdos Aggro,Rakdos Aggro,1.2
211,user_0211,Orzhov Control,Orzhov Control,0.91
211,user_0211,Jeskai Control,Jeskai Control,3.03
211,user_0211,Naya Yuna,Naya Yuna,1.0
211,user_0211,Sultai Control,Sultai Control,1.24
211,user_0211,Izzet Omniscience,Izzet Omniscience,0.55
211,user_0211,Boros Mice,Boros Mice,0.53
211,user_0211,Simic Aggro,Simic Aggro,2.16
211,user_0211,Mono-White Tokens,Mono-White Tokens,1.14
211,user_0211,Simic Midrange,Simic Midrange,0.7
211,user_0211,Gruul Leyline Aggro,Gruul Leyline Aggro,2.07
211,user_0211,Jeskai Looting,Jeskai Looting,1.18
211,user_0211,Gruul Aggro,Gruul Aggro,1.39
211,user_0211,Mono-Red Aggro,Mono-Red Aggro,4.19
211,user_0211,Boros Leyline Aggro,Boros Leyline Aggro,1.47
211,user_0211,Dimir Bounce,Dimir Bounce,1.88
211,user_0211,Golgari Dragons,Golgari Dragons,0.84
211,user_0211,Temur Floodcaller Combo,Temur Floodcaller Combo,0.99
211,user_0211,Boros Token Control,Boros Token Control,1.35
211,user_0211,Sultai Graveyard,Sultai Graveyard,0.65
211,user_0211,Jund Aggro,Jund Aggro,1.6
211,user_0211,Dimir Midrange,Dimir Midrange,3.53
211,user_0211,Temur Lessons,Temur Lessons,1.69
211,user_0211,Grixis Artifacts,Grixis Artifacts,1.34
211,user_0211,Boros Burn,Boros Burn,2.09
211,user_0211,Golgari Insidious Roots,Golgari Insidious Roots,1.23
212,user_0212,Gruul Random Encounter,Gruul Random Encounter,0.85
212,user_0212,Gruul Delirium,Gruul Delirium,0.96
212,user_0212,Boros Token Control,Boros Token Control,0.7
212,user_0212,Simic Midrange,Simic Midrange,1.55
212,user_0212,Selesnya Landfall,Selesnya Landfall,1.02
212,user_0212,Golgari Dragons,Golgari Dragons,1.56
212,user_0212,Rakdos Aggro,Rakdos Aggro,1.48
212,user_0212,Izzet Prowess,Izzet Prowess,2.09
212,user_0212,Boros Leyline Aggro,Boros Leyline Aggro,0.99
212,user_0212,Izzet Aggro,Izzet Aggro,1.26
212,user_0212,Temur Battlecrier Combo,Temur Battlecrier Combo,1.29
212,user_0212,Simic Landfall,Simic Landfall,1.16
212,user_0212,Boros Dragons,Boros Dragons,1.79
212,user_0212,Golgari Midrange (2),Golgari Midrange,1.29
212,user_0212,Rakdos Sacrifice,Rakdos Sacrifice,0.86
212,user_0212,Orzhov Self-Bounce,Orzhov Self-Bounce,1.33
212,user_0212,4c Omniscience,4c Omniscience,0.9
212,user_0212,Temur Floodcaller Combo,Temur Floodcaller Combo,1.44
212,user_0212,Gruul Leyline Aggro,Gruul Leyline Aggro,1.49
212,user_0212,Boros Burn,Boros Burn,0.83
212,user_0212,Mono-Red Leyline Aggro,Mono-Red Leyline Aggro,0.8
212,user_0212,Grixis Artifacts,Grixis Artifacts,0.62
212,user_0212,Lifegain,Lifegain,0.93
212,user_0212,4c Artifacts,4c Artifacts,0.95
212,user_0212,4c Insidious Roots (2),4c Insidious Roots,1.01
212,user_0212,Golgari Insidious Roots,Golgari Insidious Roots,1.54
212,user_0212,Dimir Bounce,Dimir Bounce,0.38
212,user_0212,Azorius Control,Azorius Control,0.94
212,user_0212,Gruul Aggro,Gruul Aggro,1.21
212,user_0212,4c Insidious Roots,4c Insidious Roots,0.72
212,user_0212,Mono-Black Midrange,Mono-Black Midrange,1.22
212,user_0212,4c Control,4c Control,0.77
212,user_0212,Izzet Omniscience,Izzet Omniscience,1.2
212,user_0212,Naya Yuna,Naya Yuna,1.34
213,user_0213,Orzhov Self-Bounce,Orzhov Self-Bounce,1.07
213,user_0213,Izzet Omniscience,Izzet Omniscience,1.34
213,user_0213,Mardu Dragons,Mardu Dragons,0.64
213,user_0213,Grixis Leyline,Grixis Leyline,0.41
213,user_0213,Dimir Control,Dimir Control,0.79
213,user_0213,Orzhov Control,Orzhov Control,1.53
213,user_0213,5c Reanimator,5c Reanimator,0.78
213,user_0213,4c Insidious Roots,4c Insidious Roots,1.18
213,user_0213,Golgari Midrange (2),Golgari Midrange,1.36
213,user_0213,Jeskai Self-Bounce,Jeskai Self-Bounce,1.66
213,user_0213,Boros Aggro,Boros Aggro,1.42
213,user_0213,Temur Floodcaller Combo,Temur Floodcaller Combo,1.1
213,user_0213,Temur Battlecrier Combo,Temur Battlecrier Combo,1.2
213,user_0213,Golgari Dragons,Golgari Dragons,1.76
213,user_0213,Orzhov Midrange,Orzhov Midrange,1.17
213,user_0213,Boros Manufacturing,Boros Manufacturing,1.25
213,user_0213,4c Artifacts,4c Artifacts,0.87
213,user_0213,Mono-Red Leyline Aggro,Mono-Red Leyline Aggro,0.77
213,user_0213,Temur Kona,Temur Kona,1.61
213,user_0213,Izzet Lessons,Izzet Lessons,3.67
213,user_0213,Boros Burn,Boros Burn,1.29
213,user_0213,Bant Omniscience,Bant Omniscience,1.05
213,user_0213,Abzan Insidious Roots,Abzan Insidious Roots,1.34
213,user_0213,Jund Aggro,Jund Aggro,1.24
213,user_0213,Simic Landfall,Simic Landfall,0.67
213,user_0213,4c Control,4c Control,1.1
214,user_0214,Izzet Looting,Izzet Looting,2.75
214,user_0214,5c Reanimator,5c Reanimator,1.02
214,user_0214,Boros Leyline Aggro,Boros Leyline Aggro,1.8
214,user_0214,Bant Omniscience,Bant Omniscience,0.79
214,user_0214,4c Control,4c Control,0.9
214,user_0214,Jund Aggro,Jund Aggro,1.4
214,user_0214,4c Omniscience,4c Omniscience,1.11
214,user_0214,Azorius Control,Azorius Control,1.07
214,user_0214,Boros Manufacturing,Boros Manufacturing,0.99
214,user_0214,Simic Omniscience,Simic Omniscience,0.79
214,user_0214,Boros Aggro,Boros Aggro,1.59
214,user_0214,Izzet Prowess,Izzet Prowess,1.84
214,user_0214,4c Insidious Roots (2),4c Insidious Roots,1.08
214,user_0214,Mono-White Tokens,Mono-White Tokens,1.33
214,user_0214,Grixis Artifacts,Grixis Artifacts,1.02
214,user_0214,Sultai Reanimator,Sultai Reanimator,1.76
214,user_0214,Selesnya Landfall,Selesnya Landfall,2.25
214,user_0214,Golgari Insidious Roots,Golgari Insidious Roots,1.2
214,user_0214,Dimir Midrange,Dimir Midrange,3.48
214,user_0214,Golgari Dragons,Golgari Dragons,1.35
214,user_0214,Abzan Insidious Roots,Abzan Insidious Roots,0.81
214,user_0214,Jeskai Control,Jeskai Control,3.27
214,user_0214,Jeskai Artifacts,Jeskai Artifacts,1.4
214,user_0214,4c Artifacts,4c Artifacts,0.99
214,user_0214,Mono-Black Midrange,Mono-Black Midrange,0.69
214,user_0214,Izzet Midrange,Izzet Midrange,0.98
214,user_0214,Simic Aggro,Simic Aggro,1.36
214,user_0214,Temur Battlecrier Combo,Temur Battlecrier Combo,1.57
214,user_0214,4c Kona,4c Kona,0.97
214,user_0214,Gruul Aggro,Gruul Aggro,1.73
215,user_0215,Mono-Red Leyline Aggro,Mono-Red Leyline Aggro,2.47
215,user_0215,Grixis Artifacts,Grixis Artifacts,0.96
215,user_0215,Izzet Lessons,Izzet Lessons,3.88
215,user_0215,Orzhov Midrange,Orzhov Midrange,0.96
215,user_0215,Jeskai Looting,Jeskai Looting,0.98
215,user_0215,4c Reanimator,4c Reanimator,2.25
215,user_0215,Simic Omniscience,Simic Omniscience,1.12
215,user_0215,4c Insidious Roots (2),4c Insidious Roots,1.01
215,user_0215,Izzet Looting,Izzet Looting,2.88
215,user_0215,Golgari Insidious Roots,Golgari Insidious Roots,0.87
215,user_0215,Sultai Control,Sultai Control,1.32
215,user_0215,Mardu Dragons,Mardu Dragons,1.23
215,user_0215,Azorius Control,Azorius Control,0.95
215,user_0215,Boros Mice,Boros Mice,1.63
215,user_0215,Orzhov Control,Orzhov Control,0.61
215,user_0215,Golgari Midrange (2),Golgari Midrange,1.12
215,user_0215,Orzhov Self-Bounce,Orzhov Self-Bounce,1.06
215,user_0215,Simic Aggro,Simic Aggro,1.35
215,user_0215,4c Control,4c Control,0.96
215,user_0215,Gruul Leyline Aggro,Gruul Leyline Aggro,1.48
215,user_0215,Grixis Leyline,Grixis Leyline,0.81
215,user_0215,Izzet Prowess,Izzet Prowess,2.44
215,user_0215,Boros Token Control,Boros Token Control,1.01
215,user_0215,Bant Airbending Combo,Bant Airbending Combo,1.2
215,user_0215,Jeskai Artifacts,Jeskai Artifacts,1.35
215,user_0215,4c Omniscience,4c Omniscience,1.03
215,user_0215,Rakdos Sacrifice,Rakdos Sacrifice,0.96
215,user_0215,Selesnya Landfall,Selesnya Landfall,1.16
215,user_0215,Jund Aggro,Jund Aggro,1.18
215,user_0215,Mono-White Tokens,Mono-White Tokens,1.1
215,user_0215,Dimir Bounce,Dimir Bounce,1.14
215,user_0215,Izzet Omniscience,Izzet Omniscience,0.92
215,user_0215,Boros Leyline Aggro,Boros Leyline Aggro,1.6
215,user_0215,Esper Self-Bounce,Esper Self-Bounce,1.22
215,user_0215,Temur Floodcaller Combo,Temur Floodcaller Combo,0.79
215,user_0215,Temur Battlecrier Combo,Temur Battlecrier Combo,0.73
215,user_0215,Izzet Aggro,Izzet Aggro,1.51
215,user_0215,Izzet Midrange,Izzet Midrange,0.54
215,user_0215,Abzan Midrange,Abzan Midrange,0.74
215,user_0215,Golgari Dragons,Golgari Dragons,1.52
215,user_0215,Naya Yuna,Naya Yuna,1.17
215,user_0215,Jeskai Self-Bounce,Jeskai Self-Bounce,1.2
215,user_0215,Golgari Midrange,Golgari Midrange,1.68
215,user_0215,Gruul Random Encounter,Gruul Random Encounter,1.19
215,user_0215,Gruul Delirium,Gruul Delirium,1.01
215,user_0215,5c Reanimator,5c Reanimator,1.16
215,user_0215,Mono-Green Landfall,Mono-Green Landfall,1.38
215,user_0215,4c Kona,4c Kona,0.91
215,user_0215,Rakdos Aggro,Rakdos Aggro,1.49
215,user_0215,Mono-Black Midrange,Mono-Black Midrange,1.54
215,user_0215,Temur Kona,Temur Kona,1.83
216,user_0216,Jund Aggro,Jund Aggro,1.18
216,user_0216,Orzhov Control,Orzhov Control,1.5
216,user_0216,Gruul Random Encounter,Gruul Random Encounter,0.79
216,user_0216,Jeskai Looting,Jeskai Looting,0.99
216,user_0216,Abzan Midrange,Abzan Midrange,1.02
216,user_0216,Grixis Artifacts,Grixis Artifacts,0.91
216,user_0216,Boros Leyline Aggro,Boros Leyline Aggro,1.05
216,user_0216,Izzet Aggro,Izzet Aggro,1.58
216,user_0216,Izzet Lessons,Izzet Lessons,4.53
216,user_0216,Esper Self-Bounce,Esper Self-Bounce,1.34
216,user_0216,Sultai Reanimator,Sultai Reanimator,1.24
216,user_0216,4c Kona,4c Kona,0.28
216,user_0216,Jeskai Artifacts,Jeskai Artifacts,1.26
216,user_0216,Mono-Red Aggro,Mono-Red Aggro,3.24
216,user_0216,4c Omniscience,4c Omniscience,0.82
216,user_0216,4c Artifacts,4c Artifacts,1.89
216,user_0216,Gruul Delirium,Gruul Delirium,1.01
216,user_0216,Golgari Insidious Roots,Golgari Insidious Roots,0.98
216,user_0216,Boros Manufacturing,Boros Manufacturing,0.92
216,user_0216,4c Insidious Roots,4c Insidious Roots,1.12
216,user_0216,Gruul Aggro,Gruul Aggro,1.22
216,user_0216,Boros Mice,Boros Mice,0.58
216,user_0216,Mono-Green Landfall,Mono-Green Landfall,1.62
217,user_0217,Izzet Looting,Izzet Looting,2.69
217,user_0217,Orzhov Midrange,Orzhov Midrange,2.08
217,user_0217,Izzet Aggro,Izzet Aggro,1.13
217,user_0217,Naya Yuna,Naya Yuna,1.51
217,user_0217,Izzet Lessons,Izzet Lessons,3.77
217,user_0217,Temur Battlecrier Combo,Temur Battlecrier Combo,0.67
217,user_0217,Dimir Bounce,Dimir Bounce,0.78
217,user_0217,Simic Landfall,Simic Landfall,1.17
217,user_0217,Gruul Random Encounter,Gruul Random Encounter,1.44
217,user_0217,Orzhov Self-Bounce,Orzhov Self-Bounce,1.19
217,user_0217,Simic Midrange,Simic Midrange,1.12
217,user_0217,Mono-Black Midrange,Mono-Black Midrange,1.74
217,user_0217,4c Omniscience,4c Omniscience,1.32
217,user_0217,Boros Leyline Aggro,Boros Leyline Aggro,0.64
217,user_0217,Golgari Dragons,Golgari Dragons,0.98
217,user_0217,Izzet,Izzet,1.12
217,user_0217,Jeskai Artifacts,Jeskai Artifacts,1.43
217,user_0217,4c Kona,4c Kona,0.86
217,user_0217,Gruul Delirium,Gruul Delirium,0.44
217,user_0217,5c Reanimator,5c Reanimator,1.36
217,user_0217,Golgari Midrange,Golgari Midrange,2.05
217,user_0217,4c Insidious Roots (2),4c Insidious Roots,1.25
217,user_0217,Abzan Insidious Roots,Abzan Insidious Roots,1.2
217,user_0217,Mono-White Tokens,Mono-White Tokens,1.42
217,user_0217,Mono-Red Leyline Aggro,Mono-Red Leyline Aggro,1.85
217,user_0217,Dimir Midrange,Dimir Midrange,4.11
217,user_0217,4c Insidious Roots,4c Insidious Roots,1.06
217,user_0217,Rakdos Aggro,Rakdos Aggro,0.99
217,user_0217,Abzan Midrange,Abzan Midrange,1.49
217,user_0217,Bant Omniscience,Bant Omniscience,0.52
217,user_0217,Azorius Control,Azorius Control,1.45
217,user_0217,Izzet Omniscience,Izzet Omniscience,1.15
217,user_0217,Izzet Prowess,Izzet Prowess,1.76
217,user_0217,Gruul Aggro,Gruul Aggro,0.93
217,user_0217,Grixis Artifacts,Grixis Artifacts,0.74
217,user_0217,Temur Lessons,Temur Lessons,1.39
217,user_0217,Boros Mice,Boros Mice,1.45
217,user_0217,Boros Burn,Boros Burn,1.12
217,user_0217,Lifegain,Lifegain,1.0
217,user_0217,Jeskai Looting,Jeskai Looting,1.48
217,user_0217,Sultai Graveyard,Sultai Graveyard,0.91
217,user_0217,Temur Kona,Temur Kona,1.29
217,user_0217,Boros Aggro,Boros Aggro,0.95
217,user_0217,Simic Omniscience,Simic Omniscience,0.6
217,user_0217,Esper Self-Bounce,Esper Self-Bounce,0.45
217,user_0217,Izzet Midrange,Izzet Midrange,1.63
217,user_0217,Boros Manufacturing,Boros Manufacturing,1.04
217,user_0217,Jeskai Self-Bounce,Jeskai Self-Bounce,1.51
217,user_0217,Jeskai Control,Jeskai Control,3.05
217,user_0217,Boros Dragons,Boros Dragons,0.91
217,user_0217,Bant Airbending Combo,Bant Airbending Combo,1.17
217,user_0217,Dimir Control,Dimir Control,1.67
217,user_0217,Temur Floodcaller Combo,Temur Floodcaller Combo,1.44
217,user_0217,Grixis Leyline,Grixis Leyline,1.5
217,user_0217,Golgari Insidious Roots,Golgari Insidious Roots,0.66
217,user_0217,Sultai Control,Sultai Control,1.61
218,user_0218,Izzet Midrange,Izzet Midrange,1.41
218,user_0218,Golgari Dragons,Golgari Dragons,1.37
218,user_0218,Sultai Reanimator,Sultai Reanimator,0.8
218,user_0218,Boros Leyline Aggro,Boros Leyline Aggro,1.16
218,user_0218,Mono-Black Midrange,Mono-Black Midrange,1.63
218,user_0218,4c Insidious Roots,4c Insidious Roots,1.23
218,user_0218,Boros Aggro,Boros Aggro,1.21
218,user_0218,Rakdos Aggro,Rakdos Aggro,0.63
218,user_0218,Jeskai Looting,Jeskai Looting,1.01
218,user_0218,Izzet Aggro,Izzet Aggro,0.25
218,user_0218,Selesnya Landfall,Selesnya Landfall,1.33
218,user_0218,Boros Manufacturing,Boros Manufacturing,1.5
218,user_0218,Esper Self-Bounce,Esper Self-Bounce,1.3
218,user_0218,Izzet Lessons,Izzet Lessons,4.03
218,user_0218,Jeskai Control,Jeskai Control,3.83
218,user_0218,Temur Kona,Temur Kona,0.79
218,user_0218,Gruul Leyline Aggro,Gruul Leyline Aggro,0.89
218,user_0218,Boros Mice,Boros Mice,1.13
218,user_0218,Jeskai Artifacts,Jeskai Artifacts,1.4
218,user_0218,Dimir Midrange,Dimir Midrange,4.1
218,user_0218,Temur Battlecrier Combo,Temur Battlecrier Combo,1.0
218,user_0218,Golgari Insidious Roots,Golgari Insidious Roots,0.96
218,user_0218,Simic Midrange,Simic Midrange,1.37
218,user_0218,Izzet Omniscience,Izzet Omniscience,0.61
218,user_0218,Boros Burn,Boros Burn,1.02
218,user_0218,4c Kona,4c Kona,1.13
218,user_0218,4c Reanimator,4c Reanimator,1.97
218,user_0218,Dimir Control,Dimir Control,1.18
218,user_0218,Orzhov Self-Bounce,Orzhov Self-Bounce,1.55
218,user_0218,Gruul Delirium,Gruul Delirium,0.83
218,user_0218,Grixis Artifacts,Grixis Artifacts,1.46
218,user_0218,Jund Aggro,Jund Aggro,0.82
218,user_0218,Dimir Bounce,Dimir Bounce,0.92
218,user_0218,Naya Yuna,Naya Yuna,1.15
218,user_0218,Grixis Leyline,Grixis Leyline,0.77
218,user_0218,Temur Floodcaller Combo,Temur Floodcaller Combo,1.17
218,user_0218,Mardu Dragons,Mardu Dragons,1.58
218,user_0218,Izzet,Izzet,0.89
218,user_0218,5c Reanimator,5c Reanimator,1.03
218,user_0218,4c Insidious Roots (2),4c Insidious Roots,0.99
218,user_0218,Temur Lessons,Temur Lessons,1.05
218,user_0218,Mono-Green Landfall,Mono-Green Landfall,1.47
219,user_0219,Abzan Insidious Roots,Abzan Insidious Roots,1.14
219,user_0219,Jeskai Artifacts,Jeskai Artifacts,1.72
219,user_0219,Grixis Artifacts,Grixis Artifacts,1.6
219,user_0219,Jeskai Looting,Jeskai Looting,0.97
219,user_0219,Boros Burn,Boros Burn,1.25
219,user_0219,Izzet Lessons,Izzet Lessons,4.03
219,user_0219,Dimir Midrange,Dimir Midrange,3.45
219,user_0219,Orzhov Midrange,Orzhov Midrange,1.08
219,user_0219,Boros Manufacturing,Boros Manufacturing,0.98
219,user_0219,Dimir Control,Dimir Control,0.42
219,user_0219,Jund Aggro,Jund Aggro,1.01
219,user_0219,Simic Midrange,Simic Midrange,1.03
219,user_0219,Izzet,Izzet,0.99
219,user_0219,Boros Mice,Boros Mice,1.32
219,user_0219,4c Reanimator,4c Reanimator,2.68
219,user_0219,Mardu Dragons,Mardu Dragons,1.13
219,user_0219,Boros Token Control,Boros Token Control,1.14
219,user_0219,Izzet Prowess,Izzet Prowess,2.27
219,user_0219,Orzhov Control,Orzhov Control,0.97
219,user_0219,Mono-Green Landfall,Mono-Green Landfall,2.2
219,user_0219,Bant Omniscience,Bant Omniscience,0.53
219,user_0219,Abzan Midrange,Abzan Midrange,1.45
219,user_0219,5c Reanimator,5c Reanimator,1.04
219,user_0219,4c Omniscience,4c Omniscience,1.34
219,user_0219,4c Kona,4c Kona,1.1
219,user_0219,Orzhov Self-Bounce,Orzhov Self-Bounce,1.26
219,user_0219,Sultai Graveyard,Sultai Graveyard,0.68
219,user_0219,Lifegain,Lifegain,1.38
219,user_0219,Rakdos Sacrifice,Rakdos Sacrifice,1.12
219,user_0219,Mono-White Tokens,Mono-White Tokens,0.87
219,user_0219,Golgari Midrange (2),Golgari Midrange,1.2
219,user_0219,Golgari Insidious Roots,Golgari Insidious Roots,1.07
219,user_0219,Gruul Aggro,Gruul Aggro,1.5
219,user_0219,Sultai Reanimator,Sultai Reanimator,1.81
219,user_0219,4c Insidious Roots (2),4c Insidious Roots,0.78
219,user_0219,Izzet Midrange,Izzet Midrange,1.16
219,user_0219,Mono-Black Midrange,Mono-Black Midrange,1.15
219,user_0219,Sultai Control,Sultai Control,1.21
219,user_0219,Simic Aggro,Simic Aggro,1.19
219,user_0219,Gruul Delirium,Gruul Delirium,1.53
219,user_0219,Bant Airbending Combo,Bant Airbending Combo,2.12
219,user_0219,Jeskai Control,Jeskai Control,3.19
219,user_0219,Grixis Leyline,Grixis Leyline,1.03
219,user_0219,Simic Omniscience,Simic Omniscience,0.97
219,user_0219,Mono-Red Leyline Aggro,Mono-Red Leyline Aggro,1.25
219,user_0219,Azorius Control,Azorius Control,1.26
219,user_0219,4c Insidious Roots,4c Insidious Roots,0.54
219,user_0219,Simic Landfall,Simic Landfall,1.05
219,user_0219,Izzet Looting,Izzet Looting,1.99
219,user_0219,Temur Lessons,Temur Lessons,1.56
219,user_0219,Golgari Dragons,Golgari Dragons,1.15
219,user_0219,Rakdos Aggro,Rakdos Aggro,0.98
220,user_0220,Jund Aggro,Jund Aggro,0.87
220,user_0220,4c Omniscience,4c Omniscience,1.31
220,user_0220,4c Insidious Roots (2),4c Insidious Roots,0.84
220,user_0220,Orzhov Midrange,Orzhov Midrange,0.43
220,user_0220,Mono-Green Landfall,Mono-Green Landfall,1.57
220,user_0220,Abzan Midrange,Abzan Midrange,1.05
220,user_0220,Golgari Dragons,Golgari Dragons,1.83
220,user_0220,Jeskai Looting,Jeskai Looting,1.02
220,user_0220,Izzet Looting,Izzet Looting,2.08
220,user_0220,Boros Manufacturing,Boros Manufacturing,1.26
220,user_0220,5c Reanimator,5c Reanimator,1.03
220,user_0220,Azorius Control,Azorius Control,1.55
220,user_0220,Dimir Bounce,Dimir Bounce,0.92
220,user_0220,Rakdos Sacrifice,Rakdos Sacrifice,1.31
220,user_0220,Rakdos Aggro,Rakdos Aggro,0.63
220,user_0220,4c Kona,4c Kona,1.54
220,user_0220,Abzan Insidious Roots,Abzan Insidious Roots,1.18
220,user_0220,Boros Mice,Boros Mice,0.53
220,user_0220,Izzet Aggro,Izzet Aggro,0.81
220,user_0220,Mono-Red Aggro,Mono-Red Aggro,3.33
220,user_0220,Naya Yuna,Naya Yuna,1.24
220,user_0220,Izzet Lessons,Izzet Lessons,3.61
220,user_0220,Dimir Midrange,Dimir Midrange,3.78
220,user_0220,Izzet Prowess,Izzet Prowess,2.39
220,user_0220,Temur Floodcaller Combo,Temur Floodcaller Combo,2.05
220,user_0220,Mono-White Tokens,Mono-White Tokens,1.78
220,user_0220,Boros Burn,Boros Burn,0.86
220,user_0220,Mardu Dragons,Mardu Dragons,0.66
220,user_0220,Temur Battlecrier Combo,Temur Battlecrier Combo,1.24
220,user_0220,Dimir Control,Dimir Control,0.66
220,user_0220,Izzet Omniscience,Izzet Omniscience,0.97
220,user_0220,Gruul Leyline Aggro,Gruul Leyline Aggro,1.39
220,user_0220,Mono-Red Leyline Aggro,Mono-Red Leyline Aggro,1.21
220,user_0220,Sultai Reanimator,Sultai Reanimator,1.47
220,user_0220,Izzet,Izzet,1.0
220,user_0220,4c Reanimator,4c Reanimator,2.16
220,user_0220,Boros Leyline Aggro,Boros Leyline Aggro,1.25
220,user_0220,Selesnya Landfall,Selesnya Landfall,1.37
220,user_0220,Golgari Insidious Roots,Golgari Insidious Roots,0.85
220,user_0220,4c Control,4c Control,1.19
220,user_0220,Izzet Midrange,Izzet Midrange,1.24
220,user_0220,Gruul Aggro,Gruul Aggro,1.41
220,user_0220,Golgari Midrange (2),Golgari Midrange,0.4
220,user_0220,Gruul Random Encounter,Gruul Random Encounter,1.2
220,user_0220,Bant Omniscience,Bant Omniscience,1.77
220,user_0220,Boros Aggro,Boros Aggro,0.95
220,user_0220,Temur Kona,Temur Kona,1.3
221,user_0221,Grixis Leyline,Grixis Leyline,0.92
221,user_0221,Temur Floodcaller Combo,Temur Floodcaller Combo,1.78
221,user_0221,4c Insidious Roots,4c Insidious Roots,1.18
221,user_0221,Dimir Midrange,Dimir Midrange,3.93
221,user_0221,4c Artifacts,4c Artifacts,0.9
221,user_0221,Jeskai Looting,Jeskai Looting,1.88
221,user_0221,Izzet Looting,Izzet Looting,2.03
221,user_0221,Simic Landfall,Simic Landfall,0.92
221,user_0221,Bant Airbending Combo,Bant Airbending Combo,1.67
221,user_0221,Golgari Midrange (2),Golgari Midrange,1.48
221,user_0221,Jeskai Self-Bounce,Jeskai Self-Bounce,1.34
221,user_0221,Selesnya Landfall,Selesnya Landfall,1.7
221,user_0221,Sultai Graveyard,Sultai Graveyard,0.96
221,user_0221,4c Insidious Roots (2),4c Insidious Roots,1.45
221,user_0221,Boros Burn,Boros Burn,1.01
221,user_0221,Sultai Control,Sultai Control,0.96
221,user_0221,Mono-Red Leyline Aggro,Mono-Red Leyline Aggro,1.01
221,user_0221,Lifegain,Lifegain,0.48
221,user_0221,Dimir Control,Dimir Control,0.86
221,user_0221,Orzhov Midrange,Orzhov Midrange,0.93
221,user_0221,Mono-Red Aggro,Mono-Red Aggro,3.26
221,user_0221,Izzet Lessons,Izzet Lessons,4.02
221,user_0221,Mono-Green Landfall,Mono-Green Landfall,1.54
221,user_0221,Simic Midrange,Simic Midrange,0.89
221,user_0221,Temur Kona,Temur Kona,1.67
221,user_0221,Rakdos Aggro,Rakdos Aggro,0.82
221,user_0221,Gruul Aggro,Gruul Aggro,1.12
221,user_0221,Jeskai Artifacts,Jeskai Artifacts,2.11
221,user_0221,Gruul Leyline Aggro,Gruul Leyline Aggro,1.5
221,user_0221,Sultai Reanimator,Sultai Reanimator,1.71
221,user_0221,Rakdos Sacrifice,Rakdos Sacrifice,1.24
221,user_0221,Mono-Black Midrange,Mono-Black Midrange,1.34
221,user_0221,Mardu Dragons,Mardu Dragons,0.76
221,user_0221,Gruul Random Encounter,Gruul Random Encounter,1.21
221,user_0221,Izzet,Izzet,1.63
221,user_0221,Grixis Artifacts,Grixis Artifacts,0.64
222,user_0222,Orzhov Self-Bounce,Orzhov Self-Bounce,1.14
222,user_0222,Mono-Green Landfall,Mono-Green Landfall,2.26
222,user_0222,Boros Dragons,Boros Dragons,0.74
222,user_0222,Rakdos Aggro,Rakdos Aggro,0.45
222,user_0222,Simic Aggro,Simic Aggro,1.61
222,user_0222,Temur Lessons,Temur Lessons,1.2
222,user_0222,Izzet Aggro,Izzet Aggro,0.61
222,user_0222,Selesnya Landfall,Selesnya Landfall,1.26
222,user_0222,Jeskai Self-Bounce,Jeskai Self-Bounce,1.09
222,user_0222,Jeskai Control,Jeskai Control,3.06
222,user_0222,Grixis Leyline,Grixis Leyline,1.49
222,user_0222,Golgari Insidious Roots,Golgari Insidious Roots,0.89
222,user_0222,Boros Token Control,Boros Token Control,0.88
222,user_0222,4c Control,4c Control,0.94
222,user_0222,Temur Kona,Temur Kona,1.78
222,user_0222,Grixis Artifacts,Grixis Artifacts,0.87
222,user_0222,Sultai Graveyard,Sultai Graveyard,0.57
222,user_0222,Dimir Midrange,Dimir Midrange,3.55
222,user_0222,4c Reanimator,4c Reanimator,2.5
222,user_0222,Golgari Midrange,Golgari Midrange,1.5
222,user_0222,Izzet Omniscience,Izzet Omniscience,0.75
222,user_0222,Lifegain,Lifegain,0.62
222,user_0222,Jeskai Looting,Jeskai Looting,1.31
223,user_0223,Dimir Midrange,Dimir Midrange,3.17
223,user_0223,Sultai Graveyard,Sultai Graveyard,0.57
223,user_0223,Bant Omniscience,Bant Omniscience,0.62
223,user_0223,Mono-Black Midrange,Mono-Black Midrange,0.68
223,user_0223,Simic Midrange,Simic Midrange,1.29
223,user_0223,Orzhov Control,Orzhov Control,1.77
223,user_0223,4c Insidious Roots (2),4c Insidious Roots,0.92
223,user_0223,4c Control,4c Control,1.6
223,user_0223,Boros Leyline Aggro,Boros Leyline Aggro,0.57
223,user_0223,Temur Kona,Temur Kona,1.62
223,user_0223,Izzet,Izzet,1.07
223,user_0223,Rakdos Sacrifice,Rakdos Sacrifice,0.85
223,user_0223,Jeskai Self-Bounce,Jeskai Self-Bounce,0.84
223,user_0223,Boros Manufacturing,Boros Manufacturing,1.03
223,user_0223,Bant Airbending Combo,Bant Airbending Combo,1.11
223,user_0223,Dimir Bounce,Dimir Bounce,1.53
223,user_0223,Jeskai Looting,Jeskai Looting,0.63
223,user_0223,4c Kona,4c Kona,1.0
223,user_0223,Sultai Reanimator,Sultai Reanimator,1.54
223,user_0223,Orzhov Midrange,Orzhov Midrange,1.18
223,user_0223,Boros Mice,Boros Mice,0.85
223,user_0223,Jeskai Control,Jeskai Control,3.35
223,user_0223,Izzet Prowess,Izzet Prowess,2.14
223,user_0223,4c Insidious Roots,4c Insidious Roots,1.09
223,user_0223,Boros Dragons,Boros Dragons,0.66
223,user_0223,Izzet Midrange,Izzet Midrange,1.54
223,user_0223,Sultai Control,Sultai Control,1.25
223,user_0223,Dimir Control,Dimir Control,1.14
223,user_0223,Orzhov Self-Bounce,Orzhov Self-Bounce,1.79
223,user_0223,Azorius Control,Azorius Control,1.24
223,user_0223,Gruul Aggro,Gruul Aggro,0.76
223,user_0223,Rakdos Aggro,Rakdos Aggro,0.98
223,user_0223,4c Artifacts,4c Artifacts,1.17
223,user_0223,Mardu Dragons,Mardu Dragons,1.39
223,user_0223,Abzan Insidious Roots,Abzan Insidious Roots,1.61
223,user_0223,Golgari Insidious Roots,Golgari Insidious Roots,0.75
223,user_0223,Simic Omniscience,Simic Omniscience,1.2
224,user_0224,Jeskai Self-Bounce,Jeskai Self-Bounce,1.05
224,user_0224,Izzet Omniscience,Izzet Omniscience,1.86
224,user_0224,Orzhov Self-Bounce,Orzhov Self-Bounce,1.44
224,user_0224,Sultai Control,Sultai Control,0.66
224,user_0224,Temur Kona,Temur Kona,1.33
224,user_0224,Sultai Reanimator,Sultai Reanimator,1.49
224,user_0224,Boros Burn,Boros Burn,1.02
224,user_0224,Mono-Green Landfall,Mono-Green Landfall,2.92
224,user_0224,Golgari Midrange (2),Golgari Midrange,1.56
224,user_0224,Rakdos Aggro,Rakdos Aggro,0.81
224,user_0224,Mono-Red Aggro,Mono-Red Aggro,3.42
224,user_0224,Simic Omniscience,Simic Omniscience,1.77
224,user_0224,4c Kona,4c Kona,2.28
224,user_0224,Orzhov Control,Orzhov Control,1.31
224,user_0224,5c Reanimator,5c Reanimator,1.4
224,user_0224,Izzet,Izzet,1.4
224,user_0224,Boros Aggro,Boros Aggro,1.27
224,user_0224,Grixis Leyline,Grixis Leyline,1.84
224,user_0224,Izzet Looting,Izzet Looting,2.37
224,user_0224,4c Reanimator,4c Reanimator,2.87
224,user_0224,4c Omniscience,4c Omniscience,1.0
224,user_0224,Jeskai Control,Jeskai Control,2.38
224,user_0224,Mono-White Tokens,Mono-White Tokens,1.37
224,user_0224,Temur Lessons,Temur Lessons,2.39
224,user_0224,Simic Aggro,Simic Aggro,1.28
224,user_0224,Golgari Insidious Roots,Golgari Insidious Roots,2.16
224,user_0224,Temur Floodcaller Combo,Temur Floodcaller Combo,1.33
224,user_0224,Golgari Dragons,Golgari Dragons,2.11
224,user_0224,Golgari Midrange,Golgari Midrange,1.47
224,user_0224,Grixis Artifacts,Grixis Artifacts,1.55
224,user_0224,Jeskai Artifacts,Jeskai Artifacts,1.54
224,user_0224,Naya Yuna,Naya Yuna,1.25
224,user_0224,Temur Battlecrier Combo,Temur Battlecrier Combo,0.96
224,user_0224,Boros Token Control,Boros Token Control,0.88
224,user_0224,Dimir Control,Dimir Control,1.09
224,user_0224,Simic Midrange,Simic Midrange,0.95
224,user_0224,Abzan Midrange,Abzan Midrange,0.7
224,user_0224,Izzet Aggro,Izzet Aggro,1.29
224,user_0224,Izzet Prowess,Izzet Prowess,2.29
224,user_0224,Mardu Dragons,Mardu Dragons,1.26
224,user_0224,Rakdos Sacrifice,Rakdos Sacrifice,0.9
224,user_0224,4c Insidious Roots (2),4c Insidious Roots,2.25
224,user_0224,Jund Aggro,Jund Aggro,0.52
224,user_0224,Gruul Aggro,Gruul Aggro,0.7
225,user_0225,Selesnya Landfall,Selesnya Landfall,1.46
225,user_0225,Mono-White Tokens,Mono-White Tokens,0.71
225,user_0225,Golgari Dragons,Golgari Dragons,0.99
225,user_0225,5c Reanimator,5c Reanimator,1.14
225,user_0225,Orzhov Self-Bounce,Orzhov Self-Bounce,1.53
225,user_0225,Dimir Control,Dimir Control,1.66
225,user_0225,4c Artifacts,4c Artifacts,1.09
225,user_0225,Boros Leyline Aggro,Boros Leyline Aggro,1.05
225,user_0225,Mono-Black Midrange,Mono-Black Midrange,1.26
225,user_0225,Boros Burn,Boros Burn,1.18
225,user_0225,4c Insidious Roots (2),4c Insidious Roots,1.16
225,user_0225,Bant Omniscience,Bant Omniscience,1.28
225,user_0225,Temur Floodcaller Combo,Temur Floodcaller Combo,0.79
225,user_0225,Golgari Insidious Roots,Golgari Insidious Roots,0.17
225,user_0225,4c Reanimator,4c Reanimator,2.55
225,user_0225,4c Control,4c Control,1.84
225,user_0225,Dimir Midrange,Dimir Midrange,3.02
225,user_0225,Simic Aggro,Simic Aggro,1.55
225,user_0225,Boros Token Control,Boros Token Control,1.41
225,user_0225,Mono-Green Landfall,Mono-Green Landfall,2.21
225,user_0225,Boros Manufacturing,Boros Manufacturing,0.92
226,user_0226,Mono-White Tokens,Mono-White Tokens,1.08
226,user_0226,Simic Omniscience,Simic Omniscience,1.73
226,user_0226,Gruul Leyline Aggro,Gruul Leyline Aggro,0.88
226,user_0226,Jeskai Control,Jeskai Control,2.87
226,user_0226,Bant Airbending Combo,Bant Airbending Combo,0.58
226,user_0226,Abzan Midrange,Abzan Midrange,1.48
226,user_0226,Bant Omniscience,Bant Omniscience,1.56
226,user_0226,4c Insidious Roots,4c Insidious Roots,1.32
226,user_0226,Golgari Midrange,Golgari Midrange,1.42
226,user_0226,Temur Floodcaller Combo,Temur Floodcaller Combo,1.44
226,user_0226,Mono-Red Aggro,Mono-Red Aggro,2.81
226,user_0226,4c Control,4c Control,1.13
226,user_0226,Naya Yuna,Naya Yuna,1.53
226,user_0226,4c Reanimator,4c Reanimator,2.93
226,user_0226,Orzhov Midrange,Orzhov Midrange,0.69
226,user_0226,Selesnya Landfall,Selesnya Landfall,2.38
226,user_0226,Dimir Bounce,Dimir Bounce,1.46
226,user_0226,Mardu Dragons,Mardu Dragons,0.89
226,user_0226,Izzet Midrange,Izzet Midrange,1.08
226,user_0226,Dimir Control,Dimir Control,1.28
226,user_0226,5c Reanimator,5c Reanimator,2.11
226,user_0226,Boros Mice,Boros Mice,2.06
226,user_0226,Abzan Insidious Roots,Abzan Insidious Roots,1.92
226,user_0226,Grixis Leyline,Grixis Leyline,1.05
226,user_0226,4c Insidious Roots (2),4c Insidious Roots,1.38
226,user_0226,Esper Self-Bounce,Esper Self-Bounce,1.88
227,user_0227,Esper Self-Bounce,Esper Self-Bounce,2.71
227,user_0227,Boros Manufacturing,Boros Manufacturing,1.17
227,user_0227,Izzet Looting,Izzet Looting,3.18
227,user_0227,Golgari Insidious Roots,Golgari Insidious Roots,1.97
227,user_0227,4c Control,4c Control,1.22
227,user_0227,Mardu Dragons,Mardu Dragons,1.52
227,user_0227,Temur Lessons,Temur Lessons,1.58
227,user_0227,Temur Floodcaller Combo,Temur Floodcaller Combo,1.25
227,user_0227,Izzet Midrange,Izzet Midrange,1.21
227,user_0227,Gruul Aggro,Gruul Aggro,1.12
227,user_0227,Gruul Random Encounter,Gruul Random Encounter,1.83
227,user_0227,Mono-Red Aggro,Mono-Red Aggro,3.74
227,user_0227,Bant Omniscience,Bant Omniscience,0.94
227,user_0227,Simic Midrange,Simic Midrange,1.11
227,user_0227,Jeskai Looting,Jeskai Looting,1.14
227,user_0227,Jeskai Self-Bounce,Jeskai Self-Bounce,2.07
227,user_0227,Temur Battlecrier Combo,Temur Battlecrier Combo,1.29
227,user_0227,Izzet Lessons,Izzet Lessons,4.55
227,user_0227,Bant Airbending Combo,Bant Airbending Combo,1.25
227,user_0227,Golgari Midrange (2),Golgari Midrange,0.63
227,user_0227,Rakdos Sacrifice,Rakdos Sacrifice,1.98
227,user_0227,Orzhov Self-Bounce,Orzhov Self-Bounce,1.63
227,user_0227,Jund Aggro,Jund Aggro,1.29
227,user_0227,4c Insidious Roots (2),4c Insidious Roots,1.57
227,user_0227,Izzet Aggro,Izzet Aggro,1.05
227,user_0227,Boros Dragons,Boros Dragons,2.27
227,user_0227,4c Omniscience,4c Omniscience,1.08
227,user_0227,Boros Leyline Aggro,Boros Leyline Aggro,0.69
227,user_0227,Selesnya Landfall,Selesnya Landfall,1.62
227,user_0227,Sultai Control,Sultai Control,0.44
227,user_0227,Grixis Artifacts,Grixis Artifacts,1.09
227,user_0227,Golgari Dragons,Golgari Dragons,1.32
227,user_0227,Naya Yuna,Naya Yuna,1.48
227,user_0227,Lifegain,Lifegain,2.01
227,user_0227,Sultai Reanimator,Sultai Reanimator,1.99
227,user_0227,Abzan Insidious Roots,Abzan Insidious Roots,1.77
227,user_0227,Mono-White Tokens,Mono-White Tokens,1.39
227,user_0227,Rakdos Aggro,Rakdos Aggro,1.3
227,user_0227,Izzet Omniscience,Izzet Omniscience,1.51
227,user_0227,Mono-Red Leyline Aggro,Mono-Red Leyline Aggro,0.69
227,user_0227,Simic Omniscience,Simic Omniscience,1.6
227,user_0227,Gruul Leyline Aggro,Gruul Leyline Aggro,0.61
227,user_0227,Simic Landfall,Simic Landfall,1.94
227,user_0227,Temur Kona,Temur Kona,1.65
227,user_0227,Azorius Control,Azorius Control,1.34
227,user_0227,Mono-Black Midrange,Mono-Black Midrange,1.11
227,user_0227,Golgari Midrange,Golgari Midrange,1.32
227,user_0227,Boros Burn,Boros Burn,1.4
227,user_0227,Gruul Delirium,Gruul Delirium,2.06
227,user_0227,Mono-Green Landfall,Mono-Green Landfall,2.36
227,user_0227,Simic Aggro,Simic Aggro,1.14
227,user_0227,Dimir Midrange,Dimir Midrange,3.31
228,user_0228,Gruul Leyline Aggro,Gruul Leyline Aggro,0.53
228,user_0228,4c Insidious Roots,4c Insidious Roots,1.24
228,user_0228,Izzet,Izzet,1.18
228,user_0228,4c Control,4c Control,1.01
228,user_0228,Izzet Looting,Izzet Looting,2.74
228,user_0228,Sultai Graveyard,Sultai Graveyard,1.58
228,user_0228,4c Insidious Roots (2),4c Insidious Roots,0.55
228,user_0228,Golgari Midrange,Golgari Midrange,1.11
228,user_0228,Boros Burn,Boros Burn,0.66
228,user_0228,Temur Lessons,Temur Lessons,1.52
228,user_0228,Mardu Dragons,Mardu Dragons,1.09
228,user_0228,Rakdos Aggro,Rakdos Aggro,0.92
228,user_0228,5c Reanimator,5c Reanimator,1.27
228,user_0228,Lifegain,Lifegain,0.55
228,user_0228,Golgari Dragons,Golgari Dragons,0.89
228,user_0228,Jeskai Artifacts,Jeskai Artifacts,0.96
228,user_0228,Mono-White Tokens,Mono-White Tokens,1.2
228,user_0228,Golgari Insidious Roots,Golgari Insidious Roots,1.1
228,user_0228,Jeskai Looting,Jeskai Looting,1.64
228,user_0228,Sultai Reanimator,Sultai Reanimator,1.53
228,user_0228,Temur Kona,Temur Kona,1.57
228,user_0228,Sultai Control,Sultai Control,0.46
228,user_0228,Orzhov Self-Bounce,Orzhov Self-Bounce,0.97
228,user_0228,Boros Dragons,Boros Dragons,1.29
228,user_0228,Abzan Midrange,Abzan Midrange,0.87
228,user_0228,Dimir Bounce,Dimir Bounce,1.12
228,user_0228,Orzhov Control,Orzhov Control,1.04
228,user_0228,4c Reanimator,4c Reanimator,1.83
228,user_0228,Simic Midrange,Simic Midrange,1.07
228,user_0228,Orzhov Midrange,Orzhov Midrange,1.13
228,user_0228,Temur Battlecrier Combo,Temur Battlecrier Combo,1.12
228,user_0228,Jeskai Control,Jeskai Control,3.71
228,user_0228,Rakdos Sacrifice,Rakdos Sacrifice,1.33
228,user_0228,Azorius Control,Azorius Control,0.96
228,user_0228,Bant Airbending Combo,Bant Airbending Combo,2.29
228,user_0228,Naya Yuna,Naya Yuna,1.18
228,user_0228,Esper Self-Bounce,Esper Self-Bounce,1.51
228,user_0228,Dimir Control,Dimir Control,1.04
228,user_0228,Golgari Midrange (2),Golgari Midrange,0.72
228,user_0228,Boros Leyline Aggro,Boros Leyline Aggro,1.19
228,user_0228,Simic Omniscience,Simic Omniscience,1.07
228,user_0228,Gruul Random Encounter,Gruul Random Encounter,0.9
228,user_0228,Abzan Insidious Roots,Abzan Insidious Roots,1.14
228,user_0228,Selesnya Landfall,Selesnya Landfall,1.96
228,user_0228,Mono-Green Landfall,Mono-Green Landfall,1.58
228,user_0228,Jeskai Self-Bounce,Jeskai Self-Bounce,1.89
228,user_0228,Gruul Delirium,Gruul Delirium,0.77
228,user_0228,Izzet Omniscience,Izzet Omniscience,1.13
228,user_0228,Boros Aggro,Boros Aggro,1.55
229,user_0229,Rakdos Aggro,Rakdos Aggro,1.3
229,user_0229,Dimir Midrange,Dimir Midrange,3.66
229,user_0229,Simic Landfall,Simic Landfall,1.45
229,user_0229,Boros Token Control,Boros Token Control,1.0
229,user_0229,4c Insidious Roots,4c Insidious Roots,1.1
229,user_0229,Grixis Artifacts,Grixis Artifacts,1.22
229,user_0229,Boros Dragons,Boros Dragons,1.15
229,user_0229,Mardu Dragons,Mardu Dragons,1.6
229,user_0229,Simic Midrange,Simic Midrange,0.89
229,user_0229,Boros Manufacturing,Boros Manufacturing,1.97
229,user_0229,Izzet Lessons,Izzet Lessons,4.6
229,user_0229,Sultai Reanimator,Sultai Reanimator,2.09
229,user_0229,Mono-Red Aggro,Mono-Red Aggro,3.28
229,user_0229,Lifegain,Lifegain,1.38
229,user_0229,Izzet Prowess,Izzet Prowess,2.28
229,user_0229,Sultai Graveyard,Sultai Graveyard,1.46
229,user_0229,Simic Omniscience,Simic Omniscience,1.2
229,user_0229,Izzet Midrange,Izzet Midrange,1.15
229,user_0229,Jeskai Control,Jeskai Control,3.37
229,user_0229,Gruul Random Encounter,Gruul Random Encounter,1.31
229,user_0229,Grixis Leyline,Grixis Leyline,1.97
229,user_0229,Esper Self-Bounce,Esper Self-Bounce,1.84
229,user_0229,4c Kona,4c Kona,1.84
229,user_0229,Boros Leyline Aggro,Boros Leyline Aggro,1.24
229,user_0229,Izzet Omniscience,Izzet Omniscience,1.64
229,user_0229,Mono-Red Leyline Aggro,Mono-Red Leyline Aggro,0.61
229,user_0229,4c Reanimator,4c Reanimator,2.49
229,user_0229,Jeskai Looting,Jeskai Looting,2.03
229,user_0229,Gruul Leyline Aggro,Gruul Leyline Aggro,1.1
229,user_0229,Bant Omniscience,Bant Omniscience,1.58
229,user_0229,Izzet,Izzet,1.19
229,user_0229,5c Reanimator,5c Reanimator,1.44
229,user_0229,Temur Floodcaller Combo,Temur Floodcaller Combo,0.77
229,user_0229,Mono-Black Midrange,Mono-Black Midrange,0.98
229,user_0229,Temur Lessons,Temur Lessons,1.43
229,user_0229,4c Omniscience,4c Omniscience,2.15
229,user_0229,Boros Mice,Boros Mice,1.02
229,user_0229,Temur Kona,Temur Kona,1.52
229,user_0229,4c Control,4c Control,0.59
229,user_0229,Orzhov Self-Bounce,Orzhov Self-Bounce,1.51
229,user_0229,Orzhov Midrange,Orzhov Midrange,0.95
229,user_0229,Izzet Looting,Izzet Looting,3.23
229,user_0229,Simic Aggro,Simic Aggro,0.77
229,user_0229,Golgari Midrange (2),Golgari Midrange,1.29
229,user_0229,Golgari Midrange,Golgari Midrange,1.53
229,user_0229,Abzan Insidious Roots,Abzan Insidious Roots,1.83
229,user_0229,Rakdos Sacrifice,Rakdos Sacrifice,1.47
229,user_0229,Boros Aggro,Boros Aggro,1.0
229,user_0229,Mono-White Tokens,Mono-White Tokens,1.59
229,user_0229,Azorius Control,Azorius Control,1.31
229,user_0229,Gruul Aggro,Gruul Aggro,0.82
229,user_0229,Jeskai Self-Bounce,Jeskai Self-Bounce,1.54
229,user_0229,4c Artifacts,4c Artifacts,2.1
229,user_0229,Orzhov Control,Orzhov Control,1.51
229,user_0229,Jund Aggro,Jund Aggro,1.07
229,user_0229,Abzan Midrange,Abzan Midrange,0.96
230,user_0230,Temur Lessons,Temur Lessons,1.62
230,user_0230,4c Insidious Roots (2),4c Insidious Roots,1.67
230,user_0230,Gruul Aggro,Gruul Aggro,0.95
230,user_0230,4c Insidious Roots,4c Insidious Roots,1.38
230,user_0230,Selesnya Landfall,Selesnya Landfall,2.01
230,user_0230,Lifegain,Lifegain,1.06
230,user_0230,4c Reanimator,4c Reanimator,1.95
230,user_0230,Boros Dragons,Boros Dragons,1.08
230,user_0230,Orzhov Self-Bounce,Orzhov Self-Bounce,0.99
230,user_0230,Mono-Red Leyline Aggro,Mono-Red Leyline Aggro,1.1
230,user_0230,Jeskai Self-Bounce,Jeskai Self-Bounce,0.72
230,user_0230,Jeskai Looting,Jeskai Looting,1.36
230,user_0230,Bant Airbending Combo,Bant Airbending Combo,1.59
230,user_0230,Izzet Omniscience,Izzet Omniscience,0.59
230,user_0230,Temur Battlecrier Combo,Temur Battlecrier Combo,1.47
230,user_0230,Jund Aggro,Jund Aggro,0.93
230,user_0230,Izzet Lessons,Izzet Lessons,4.79
230,user_0230,Naya Yuna,Naya Yuna,0.61
230,user_0230,Sultai Control,Sultai Control,1.42
230,user_0230,Abzan Insidious Roots,Abzan Insidious Roots,0.62
230,user_0230,4c Kona,4c Kona,1.43
230,user_0230,Gruul Delirium,Gruul Delirium,1.35
230,user_0230,Simic Midrange,Simic Midrange,1.33
230,user_0230,Mono-Green Landfall,Mono-Green Landfall,2.07
230,user_0230,Boros Aggro,Boros Aggro,1.57
230,user_0230,Temur Kona,Temur Kona,0.88
230,user_0230,Golgari Insidious Roots,Golgari Insidious Roots,1.46
230,user_0230,Boros Manufacturing,Boros Manufacturing,1.81
230,user_0230,Bant Omniscience,Bant Omniscience,1.32
230,user_0230,Boros Mice,Boros Mice,0.81
230,user_0230,Simic Omniscience,Simic Omniscience,0.82
230,user_0230,4c Control,4c Control,1.15
230,user_0230,Izzet Prowess,Izzet Prowess,2.07
230,user_0230,Jeskai Control,Jeskai Control,2.83
230,user_0230,5c Reanimator,5c Reanimator,0.63
230,user_0230,Sultai Reanimator,Sultai Reanimator,1.43
230,user_0230,Jeskai Artifacts,Jeskai Artifacts,1.07
230,user_0230,Rakdos Aggro,Rakdos Aggro,1.2
230,user_0230,Sultai Graveyard,Sultai Graveyard,1.2
230,user_0230,Golgari Midrange (2),Golgari Midrange,1.16
230,user_0230,Simic Aggro,Simic Aggro,0.99
230,user_0230,Gruul Leyline Aggro,Gruul Leyline Aggro,1.09
230,user_0230,Boros Leyline Aggro,Boros Leyline Aggro,0.96
230,user_0230,Orzhov Midrange,Orzhov Midrange,1.1
230,user_0230,Abzan Midrange,Abzan Midrange,1.17
230,user_0230,Temur Floodcaller Combo,Temur Floodcaller Combo,1.56
230,user_0230,Dimir Bounce,Dimir Bounce,0.82
230,user_0230,Izzet,Izzet,0.88
231,user_0231,Simic Omniscience,Simic Omniscience,1.22
231,user_0231,5c Reanimator,5c Reanimator,1.05
231,user_0231,Izzet Prowess,Izzet Prowess,1.96
231,user_0231,Sultai Control,Sultai Control,1.58
231,user_0231,Temur Floodcaller Combo,Temur Floodcaller Combo,1.19
231,user_0231,Jeskai Control,Jeskai Control,3.39
231,user_0231,Golgari Midrange (2),Golgari Midrange,0.7
231,user_0231,Dimir Bounce,Dimir Bounce,1.52
231,user_0231,Dimir Midrange,Dimir Midrange,3.6
231,user_0231,Azorius Control,Azorius Control,1.5
231,user_0231,Boros Manufacturing,Boros Manufacturing,0.97
231,user_0231,Izzet Looting,Izzet Looting,2.39
231,user_0231,Bant Omniscience,Bant Omniscience,0.89
231,user_0231,Lifegain,Lifegain,1.65
231,user_0231,Golgari Insidious Roots,Golgari Insidious Roots,0.89
231,user_0231,Grixis Leyline,Grixis Leyline,1.52
231,user_0231,Golgari Midrange,Golgari Midrange,1.54
231,user_0231,Abzan Midrange,Abzan Midrange,0.79
231,user_0231,Boros Leyline Aggro,Boros Leyline Aggro,1.58
231,user_0231,Izzet Lessons,Izzet Lessons,3.92
231,user_0231,Gruul Aggro,Gruul Aggro,1.57
231,user_0231,Rakdos Aggro,Rakdos Aggro,1.5
231,user_0231,Jeskai Artifacts,Jeskai Artifacts,1.42
231,user_0231,Orzhov Midrange,Orzhov Midrange,1.54
231,user_0231,Bant Airbending Combo,Bant Airbending Combo,1.2
231,user_0231,Mardu Dragons,Mardu Dragons,0.73
231,user_0231,4c Omniscience,4c Omniscience,1.23
231,user_0231,Grixis Artifacts,Grixis Artifacts,1.36
231,user_0231,Orzhov Control,Orzhov Control,1.34
231,user_0231,Izzet Aggro,Izzet Aggro,1.19
231,user_0231,Temur Battlecrier Combo,Temur Battlecrier Combo,1.34
231,user_0231,4c Insidious Roots (2),4c Insidious Roots,1.11
231,user_0231,Boros Mice,Boros Mice,1.2
231,user_0231,Mono-White Tokens,Mono-White Tokens,1.41
231,user_0231,Orzhov Self-Bounce,Orzhov Self-Bounce,1.09
231,user_0231,Temur Kona,Temur Kona,1.04
231,user_0231,Abzan Insidious Roots,Abzan Insidious Roots,0.95
231,user_0231,4c Control,4c Control,0.39
231,user_0231,Simic Midrange,Simic Midrange,1.21
231,user_0231,Temur Lessons,Temur Lessons,1.59
231,user_0231,Golgari Dragons,Golgari Dragons,1.16
231,user_0231,4c Reanimator,4c Reanimator,2.27
231,user_0231,Izzet,Izzet,0.65
231,user_0231,Sultai Reanimator,Sultai Reanimator,1.2
231,user_0231,Mono-Red Aggro,Mono-Red Aggro,3.84
231,user_0231,Jeskai Looting,Jeskai Looting,1.15
231,user_0231,Gruul Delirium,Gruul Delirium,1.51
231,user_0231,Jeskai Self-Bounce,Jeskai Self-Bounce,1.1
231,user_0231,Naya Yuna,Naya Yuna,1.05
231,user_0231,Izzet Midrange,Izzet Midrange,0.27
231,user_0231,Jund Aggro,Jund Aggro,2.46
231,user_0231,Esper Self-Bounce,Esper Self-Bounce,0.86
231,user_0231,Mono-Green Landfall,Mono-Green Landfall,1.8
231,user_0231,Izzet Omniscience,Izzet Omniscience,1.03
231,user_0231,Simic Landfall,Simic Landfall,1.06
232,user_0232,Izzet Lessons,Izzet Lessons,4.86
232,user_0232,4c Kona,4c Kona,1.71
232,user_0232,Dimir Midrange,Dimir Midrange,3.23
232,user_0232,Simic Aggro,Simic Aggro,0.69
232,user_0232,4c Control,4c Control,1.02
232,user_0232,Bant Omniscience,Bant Omniscience,1.48
232,user_0232,Izzet Aggro,Izzet Aggro,1.29
232,user_0232,Golgari Midrange,Golgari Midrange,1.54
232,user_0232,Grixis Leyline,Grixis Leyline,1.16
232,user_0232,Sultai Control,Sultai Control,0.58
232,user_0232,Gruul Random Encounter,Gruul Random Encounter,2.05
232,user_0232,Mono-White Tokens,Mono-White Tokens,1.75
232,user_0232,Gruul Leyline Aggro,Gruul Leyline Aggro,1.44
232,user_0232,Temur Battlecrier Combo,Temur Battlecrier Combo,1.57
232,user_0232,Boros Burn,Boros Burn,1.52
232,user_0232,Dimir Bounce,Dimir Bounce,1.41
232,user_0232,Mono-Green Landfall,Mono-Green Landfall,2.16
232,user_0232,Sultai Graveyard,Sultai Graveyard,0.77
232,user_0232,Selesnya Landfall,Selesnya Landfall,2.0
232,user_0232,Rakdos Sacrifice,Rakdos Sacrifice,1.32
232,user_0232,4c Insidious Roots,4c Insidious Roots,1.47
232,user_0232,Mardu Dragons,Mardu Dragons,1.73
232,user_0232,4c Artifacts,4c Artifacts,2.11
232,user_0232,Orzhov Control,Orzhov Control,0.15
232,user_0232,Abzan Midrange,Abzan Midrange,0.83
232,user_0232,Izzet Midrange,Izzet Midrange,1.53
232,user_0232,Simic Omniscience,Simic Omniscience,1.35
233,user_0233,Golgari Dragons,Golgari Dragons,0.93
233,user_0233,Gruul Random Encounter,Gruul Random Encounter,0.78
233,user_0233,Jund Aggro,Jund Aggro,0.53
233,user_0233,Dimir Control,Dimir Control,1.32
233,user_0233,4c Artifacts,4c Artifacts,1.23
233,user_0233,5c Reanimator,5c Reanimator,0.56
233,user_0233,Lifegain,Lifegain,0.92
233,user_0233,Selesnya Landfall,Selesnya Landfall,1.58
233,user_0233,Simic Omniscience,Simic Omniscience,1.1
233,user_0233,Sultai Reanimator,Sultai Reanimator,1.33
233,user_0233,Golgari Midrange,Golgari Midrange,1.41
233,user_0233,Mono-Green Landfall,Mono-Green Landfall,1.86
233,user_0233,Simic Aggro,Simic Aggro,1.48
233,user_0233,Jeskai Control,Jeskai Control,2.58
233,user_0233,Mono-White Tokens,Mono-White Tokens,1.48
233,user_0233,Temur Battlecrier Combo,Temur Battlecrier Combo,0.95
233,user_0233,Dimir Midrange,Dimir Midrange,2.59
233,user_0233,Abzan Insidious Roots,Abzan Insidious Roots,0.99
233,user_0233,Mono-Red Leyline Aggro,Mono-Red Leyline Aggro,0.98
233,user_0233,Izzet Prowess,Izzet Prowess,1.75
233,user_0233,Mono-Red Aggro,Mono-Red Aggro,2.95
233,user_0233,4c Reanimator,4c Reanimator,2.35
233,user_0233,Sultai Graveyard,Sultai Graveyard,1.39
233,user_0233,Esper Self-Bounce,Esper Self-Bounce,0.76
233,user_0233,Simic Midrange,Simic Midrange,1.01
233,user_0233,Boros Manufacturing,Boros Manufacturing,1.02
233,user_0233,Boros Dragons,Boros Dragons,1.01
233,user_0233,Jeskai Self-Bounce,Jeskai Self-Bounce,1.09
233,user_0233,Golgari Insidious Roots,Golgari Insidious Roots,1.15
233,user_0233,Boros Token Control,Boros Token Control,1.23
233,user_0233,Mono-Black Midrange,Mono-Black Midrange,1.04
233,user_0233,4c Insidious Roots,4c Insidious Roots,1.08
233,user_0233,4c Kona,4c Kona,0.68
233,user_0233,Izzet,Izzet,0.82
233,user_0233,Temur Kona,Temur Kona,1.12
233,user_0233,Dimir Bounce,Dimir Bounce,0.61
233,user_0233,Boros Aggro,Boros Aggro,1.11
233,user_0233,Bant Omniscience,Bant Omniscience,1.3
233,user_0233,Gruul Delirium,Gruul Delirium,1.62
233,user_0233,4c Omniscience,4c Omniscience,0.98
233,user_0233,Rakdos Sacrifice,Rakdos Sacrifice,1.19
233,user_0233,Sultai Control,Sultai Control,1.28
233,user_0233,Gruul Leyline Aggro,Gruul Leyline Aggro,0.33
233,user_0233,Jeskai Artifacts,Jeskai Artifacts,1.47
233,user_0233,Rakdos Aggro,Rakdos Aggro,1.05
233,user_0233,Grixis Artifacts,Grixis Artifacts,1.86
233,user_0233,Mardu Dragons,Mardu Dragons,1.47
233,user_0233,Azorius Control,Azorius Control,1.61
233,user_0233,Abzan Midrange,Abzan Midrange,1.61
233,user_0233,Izzet Aggro,Izzet Aggro,0.89
234,user_0234,Dimir Bounce,Dimir Bounce,1.06
234,user_0234,Orzhov Self-Bounce,Orzhov Self-Bounce,0.53
234,user_0234,Jeskai Artifacts,Jeskai Artifacts,1.16
234,user_0234,Simic Landfall,Simic Landfall,1.42
234,user_0234,Orzhov Control,Orzhov Control,1.41
234,user_0234,Lifegain,Lifegain,0.42
234,user_0234,Temur Lessons,Temur Lessons,1.29
234,user_0234,4c Kona,4c Kona,1.43
234,user_0234,Dimir Midrange,Dimir Midrange,3.31
234,user_0234,Boros Dragons,Boros Dragons,0.98
234,user_0234,Mono-Black Midrange,Mono-Black Midrange,1.21
234,user_0234,Temur Floodcaller Combo,Temur Floodcaller Combo,1.25
234,user_0234,Bant Omniscience,Bant Omniscience,1.19
234,user_0234,Mono-Red Aggro,Mono-Red Aggro,3.58
234,user_0234,4c Insidious Roots (2),4c Insidious Roots,1.16
234,user_0234,Boros Aggro,Boros Aggro,1.45
234,user_0234,Sultai Graveyard,Sultai Graveyard,0.72
234,user_0234,Jund Aggro,Jund Aggro,1.24
234,user_0234,Rakdos Aggro,Rakdos Aggro,0.59
234,user_0234,Sultai Control,Sultai Control,1.59
234,user_0234,4c Omniscience,4c Omniscience,0.12
234,user_0234,Izzet Looting,Izzet Looting,2.91
234,user_0234,Azorius Control,Azorius Control,0.84
234,user_0234,Izzet Midrange,Izzet Midrange,0.78
235,user_0235,Izzet Aggro,Izzet Aggro,1.43
235,user_0235,4c Reanimator,4c Reanimator,2.85
235,user_0235,Mono-Red Aggro,Mono-Red Aggro,4.09
235,user_0235,Jeskai Control,Jeskai Control,3.2
235,user_0235,Golgari Dragons,Golgari Dragons,0.81
235,user_0235,Temur Kona,Temur Kona,1.28
235,user_0235,Lifegain,Lifegain,1.13
235,user_0235,Mono-Red Leyline Aggro,Mono-Red Leyline Aggro,1.16
235,user_0235,4c Insidious Roots (2),4c Insidious Roots,1.64
235,user_0235,Izzet Omniscience,Izzet Omniscience,1.18
235,user_0235,Azorius Control,Azorius Control,1.41
235,user_0235,Boros Manufacturing,Boros Manufacturing,0.98
235,user_0235,Simic Midrange,Simic Midrange,0.8
235,user_0235,4c Omniscience,4c Omniscience,1.3
235,user_0235,Orzhov Self-Bounce,Orzhov Self-Bounce,0.95
235,user_0235,Boros Mice,Boros Mice,0.65
235,user_0235,Mono-Green Landfall,Mono-Green Landfall,1.67
235,user_0235,4c Artifacts,4c Artifacts,1.38
235,user_0235,Izzet Prowess,Izzet Prowess,1.96
235,user_0235,Boros Burn,Boros Burn,1.05
235,user_0235,Gruul Delirium,Gruul Delirium,1.13
235,user_0235,Gruul Random Encounter,Gruul Random Encounter,1.85
236,user_0236,Jeskai Self-Bounce,Jeskai Self-Bounce,1.87
236,user_0236,Rakdos Sacrifice,Rakdos Sacrifice,0.88
236,user_0236,Simic Landfall,Simic Landfall,1.5
236,user_0236,Boros Mice,Boros Mice,1.21
236,user_0236,Golgari Dragons,Golgari Dragons,1.64
236,user_0236,Boros Burn,Boros Burn,1.28
236,user_0236,Gruul Aggro,Gruul Aggro,1.29
236,user_0236,Sultai Control,Sultai Control,1.46
236,user_0236,4c Insidious Roots (2),4c Insidious Roots,1.68
236,user_0236,Temur Lessons,Temur Lessons,1.59
236,user_0236,Izzet Aggro,Izzet Aggro,0.94
236,user_0236,Mono-Red Leyline Aggro,Mono-Red Leyline Aggro,1.36
236,user_0236,4c Artifacts,4c Artifacts,1.56
236,user_0236,Bant Airbending Combo,Bant Airbending Combo,1.46
236,user_0236,Dimir Midrange,Dimir Midrange,3.94
236,user_0236,Boros Dragons,Boros Dragons,1.31
236,user_0236,Temur Battlecrier Combo,Temur Battlecrier Combo,1.9
236,user_0236,Golgari Midrange,Golgari Midrange,1.41
236,user_0236,Gruul Delirium,Gruul Delirium,1.41
236,user_0236,Jeskai Control,Jeskai Control,2.77
236,user_0236,Azorius Control,Azorius Control,0.92
236,user_0236,Boros Token Control,Boros Token Control,1.46
236,user_0236,Simic Aggro,Simic Aggro,1.21
236,user_0236,Simic Midrange,Simic Midrange,0.94
236,user_0236,Orzhov Midrange,Orzhov Midrange,1.36
236,user_0236,Esper Self-Bounce,Esper Self-Bounce,1.67
236,user_0236,Simic Omniscience,Simic Omniscience,2.2
236,user_0236,Lifegain,Lifegain,1.3
236,user_0236,4c Insidious Roots,4c Insidious Roots,1.47
236,user_0236,Jeskai Artifacts,Jeskai Artifacts,2.02
236,user_0236,4c Reanimator,4c Reanimator,2.53
236,user_0236,Bant Omniscience,Bant Omniscience,1.81
236,user_0236,Boros Leyline Aggro,Boros Leyline Aggro,1.14
237,user_0237,Mono-Red Leyline Aggro,Mono-Red Leyline Aggro,0.59
237,user_0237,Lifegain,Lifegain,0.8
237,user_0237,Mono-Black Midrange,Mono-Black Midrange,1.1
237,user_0237,Izzet Prowess,Izzet Prowess,2.75
237,user_0237,Golgari Insidious Roots,Golgari Insidious Roots,1.64
237,user_0237,Mono-White Tokens,Mono-White Tokens,2.03
237,user_0237,Gruul Aggro,Gruul Aggro,0.65
237,user_0237,Azorius Control,Azorius Control,1.44
237,user_0237,Temur Lessons,Temur Lessons,1.53
237,user_0237,4c Control,4c Control,1.04
237,user_0237,4c Insidious Roots,4c Insidious Roots,1.65
237,user_0237,Esper Self-Bounce,Esper Self-Bounce,1.81
237,user_0237,4c Omniscience,4c Omniscience,1.91
237,user_0237,Grixis Artifacts,Grixis Artifacts,1.16
237,user_0237,Sultai Control,Sultai Control,0.99
237,user_0237,Gruul Random Encounter,Gruul Random Encounter,1.52
237,user_0237,Boros Burn,Boros Burn,1.21
237,user_0237,Izzet,Izzet,1.25
237,user_0237,5c Reanimator,5c Reanimator,1.04
237,user_0237,Boros Leyline Aggro,Boros Leyline Aggro,1.12
237,user_0237,Bant Airbending Combo,Bant Airbending Combo,1.7
237,user_0237,Boros Aggro,Boros Aggro,1.25
237,user_0237,Jeskai Looting,Jeskai Looting,1.66
237,user_0237,Izzet Aggro,Izzet Aggro,1.33
237,user_0237,Mono-Green Landfall,Mono-Green Landfall,1.97
237,user_0237,Boros Mice,Boros Mice,1.93
237,user_0237,Bant Omniscience,Bant Omniscience,1.47
237,user_0237,Grixis Leyline,Grixis Leyline,2.03
237,user_0237,Dimir Bounce,Dimir Bounce,1.52
237,user_0237,Boros Token Control,Boros Token Control,0.55
237,user_0237,Simic Aggro,Simic Aggro,1.34
237,user_0237,Mardu Dragons,Mardu Dragons,1.29
237,user_0237,Simic Landfall,Simic Landfall,1.23
237,user_0237,Rakdos Sacrifice,Rakdos Sacrifice,1.87
237,user_0237,Gruul Leyline Aggro,Gruul Leyline Aggro,0.81
237,user_0237,4c Kona,4c Kona,1.48
237,user_0237,Izzet Midrange,Izzet Midrange,0.5
237,user_0237,Mono-Red Aggro,Mono-Red Aggro,2.87
237,user_0237,Sultai Graveyard,Sultai Graveyard,1.45
237,user_0237,Abzan Midrange,Abzan Midrange,0.9
237,user_0237,Abzan Insidious Roots,Abzan Insidious Roots,2.09
237,user_0237,Orzhov Midrange,Orzhov Midrange,1.15
237,user_0237,Boros Manufacturing,Boros Manufacturing,1.42
237,user_0237,Temur Floodcaller Combo,Temur Floodcaller Combo,1.42
237,user_0237,Naya Yuna,Naya Yuna,1.86
237,user_0237,Temur Battlecrier Combo,Temur Battlecrier Combo,0.91
237,user_0237,4c Insidious Roots (2),4c Insidious Roots,1.69
237,user_0237,Rakdos Aggro,Rakdos Aggro,1.06
237,user_0237,Golgari Midrange,Golgari Midrange,1.2
237,user_0237,Jeskai Self-Bounce,Jeskai Self-Bounce,1.31
237,user_0237,Dimir Control,Dimir Control,0.96
237,user_0237,Orzhov Self-Bounce,Orzhov Self-Bounce,1.33
238,user_0238,Golgari Dragons,Golgari Dragons,1.68
238,user_0238,Golgari Midrange,Golgari Midrange,1.19
238,user_0238,Izzet Prowess,Izzet Prowess,2.38
238,user_0238,Orzhov Control,Orzhov Control,2.12
238,user_0238,4c Insidious Roots (2),4c Insidious Roots,1.37
238,user_0238,Mono-Green Landfall,Mono-Green Landfall,1.28
238,user_0238,Jund Aggro,Jund Aggro,0.28
238,user_0238,Grixis Artifacts,Grixis Artifacts,1.13
238,user_0238,Dimir Bounce,Dimir Bounce,1.69
238,user_0238,Boros Leyline Aggro,Boros Leyline Aggro,1.0
238,user_0238,4c Omniscience,4c Omniscience,1.51
238,user_0238,Simic Aggro,Simic Aggro,1.18
238,user_0238,Izzet Aggro,Izzet Aggro,0.87
238,user_0238,Sultai Graveyard,Sultai Graveyard,1.17
238,user_0238,Boros Dragons,Boros Dragons,1.45
238,user_0238,Temur Lessons,Temur Lessons,1.49
238,user_0238,4c Kona,4c Kona,1.26
238,user_0238,Jeskai Artifacts,Jeskai Artifacts,1.42
238,user_0238,Mono-Black Midrange,Mono-Black Midrange,1.07
238,user_0238,Orzhov Midrange,Orzhov Midrange,1.23
238,user_0238,Izzet Looting,Izzet Looting,2.89
238,user_0238,Boros Burn,Boros Burn,1.06
238,user_0238,4c Reanimator,4c Reanimator,3.47
238,user_0238,Izzet Omniscience,Izzet Omniscience,0.77
238,user_0238,Esper Self-Bounce,Esper Self-Bounce,1.32
238,user_0238,Abzan Midrange,Abzan Midrange,0.95
238,user_0238,Azorius Control,Azorius Control,1.88
238,user_0238,Jeskai Control,Jeskai Control,2.72
238,user_0238,Gruul Delirium,Gruul Delirium,0.69
238,user_0238,Simic Omniscience,Simic Omniscience,0.56
238,user_0238,Mono-Red Leyline Aggro,Mono-Red Leyline Aggro,1.45
238,user_0238,Mono-Red Aggro,Mono-Red Aggro,3.1
238,user_0238,Selesnya Landfall,Selesnya Landfall,1.47
238,user_0238,Grixis Leyline,Grixis Leyline,0.84
238,user_0238,Rakdos Sacrifice,Rakdos Sacrifice,1.26
238,user_0238,Dimir Control,Dimir Control,1.73
238,user_0238,Rakdos Aggro,Rakdos Aggro,0.88
238,user_0238,Temur Kona,Temur Kona,1.2
238,user_0238,Naya Yuna,Naya Yuna,1.07
238,user_0238,Dimir Midrange,Dimir Midrange,3.77
238,user_0238,4c Insidious Roots,4c Insidious Roots,1.18
238,user_0238,Mardu Dragons,Mardu Dragons,1.13
238,user_0238,Izzet Midrange,Izzet Midrange,1.53
238,user_0238,Izzet,Izzet,1.03
238,user_0238,Abzan Insidious Roots,Abzan Insidious Roots,1.25
238,user_0238,Golgari Insidious Roots,Golgari Insidious Roots,1.1
238,user_0238,Izzet Lessons,Izzet Lessons,4.02
238,user_0238,Lifegain,Lifegain,0.23
238,user_0238,Orzhov Self-Bounce,Orzhov Self-Bounce,0.61
238,user_0238,Bant Airbending Combo,Bant Airbending Combo,1.87
238,user_0238,Mono-White Tokens,Mono-White Tokens,0.8
238,user_0238,5c Reanimator,5c Reanimator,0.75
238,user_0238,Jeskai Looting,Jeskai Looting,1.13
238,user_0238,4c Artifacts,4c Artifacts,1.66
238,user_0238,Gruul Aggro,Gruul Aggro,0.97
238,user_0238,Simic Midrange,Simic Midrange,1.41
239,user_0239,Simic Landfall,Simic Landfall,1.61
239,user_0239,Gruul Random Encounter,Gruul Random Encounter,0.99
239,user_0239,Izzet Lessons,Izzet Lessons,4.98
239,user_0239,Mono-Red Aggro,Mono-Red Aggro,3.85
239,user_0239,Abzan Insidious Roots,Abzan Insidious Roots,1.4
239,user_0239,Izzet Midrange,Izzet Midrange,1.03
239,user_0239,4c Kona,4c Kona,1.0
239,user_0239,Rakdos Sacrifice,Rakdos Sacrifice,1.82
239,user_0239,Dimir Control,Dimir Control,1.22
239,user_0239,Orzhov Midrange,Orzhov Midrange,1.39
239,user_0239,Izzet Aggro,Izzet Aggro,1.0
239,user_0239,Temur Kona,Temur Kona,1.56
239,user_0239,Golgari Dragons,Golgari Dragons,1.89
239,user_0239,Gruul Delirium,Gruul Delirium,2.13
239,user_0239,Azorius Control,Azorius Control,1.92
239,user_0239,Dimir Midrange,Dimir Midrange,2.99
239,user_0239,Grixis Artifacts,Grixis Artifacts,1.23
239,user_0239,Grixis Leyline,Grixis Leyline,2.14
239,user_0239,Sultai Reanimator,Sultai Reanimator,1.62
239,user_0239,Orzhov Self-Bounce,Orzhov Self-Bounce,1.46
239,user_0239,Sultai Control,Sultai Control,1.27
239,user_0239,Boros Dragons,Boros Dragons,2.26
239,user_0239,Golgari Midrange,Golgari Midrange,1.92
239,user_0239,4c Insidious Roots (2),4c Insidious Roots,1.93
239,user_0239,Boros Mice,Boros Mice,1.56
239,user_0239,Lifegain,Lifegain,1.25
239,user_0239,Jund Aggro,Jund Aggro,1.25
239,user_0239,Temur Battlecrier Combo,Temur Battlecrier Combo,0.97
239,user_0239,Boros Leyline Aggro,Boros Leyline Aggro,1.3
240,user_0240,Golgari Midrange,Golgari Midrange,1.25
240,user_0240,Grixis Leyline,Grixis Leyline,1.36
240,user_0240,Izzet,Izzet,1.21
240,user_0240,Rakdos Sacrifice,Rakdos Sacrifice,1.44
240,user_0240,Temur Floodcaller Combo,Temur Floodcaller Combo,1.24
240,user_0240,Rakdos Aggro,Rakdos Aggro,1.72
240,user_0240,Mono-Black Midrange,Mono-Black Midrange,0.89
240,user_0240,Selesnya Landfall,Selesnya Landfall,1.58
240,user_0240,Temur Lessons,Temur Lessons,2.25
240,user_0240,Gruul Leyline Aggro,Gruul Leyline Aggro,1.44
240,user_0240,Boros Dragons,Boros Dragons,1.69
240,user_0240,Bant Omniscience,Bant Omniscience,1.56
240,user_0240,Mono-Red Aggro,Mono-Red Aggro,3.53
240,user_0240,Bant Airbending Combo,Bant Airbending Combo,1.17
240,user_0240,Boros Manufacturing,Boros Manufacturing,1.88
240,user_0240,Mono-Red Leyline Aggro,Mono-Red Leyline Aggro,0.77
240,user_0240,Jeskai Artifacts,Jeskai Artifacts,1.55
240,user_0240,5c Reanimator,5c Reanimator,1.61
240,user_0240,Izzet Midrange,Izzet Midrange,0.74
240,user_0240,Izzet Omniscience,Izzet Omniscience,1.35
240,user_0240,Jeskai Self-Bounce,Jeskai Self-Bounce,1.88
241,user_0241,Esper Self-Bounce,Esper Self-Bounce,1.16
241,user_0241,Gruul Leyline Aggro,Gruul Leyline Aggro,1.78
241,user_0241,Dimir Bounce,Dimir Bounce,0.98
241,user_0241,Selesnya Landfall,Selesnya Landfall,0.69
241,user_0241,Simic Aggro,Simic Aggro,1.49
241,user_0241,Gruul Random Encounter,Gruul Random Encounter,0.8
241,user_0241,Izzet Midrange,Izzet Midrange,0.76
241,user_0241,Abzan Insidious Roots,Abzan Insidious Roots,1.23
241,user_0241,Golgari Midrange,Golgari Midrange,1.78
241,user_0241,Boros Token Control,Boros Token Control,1.24
241,user_0241,Dimir Control,Dimir Control,0.78
241,user_0241,Simic Omniscience,Simic Omniscience,0.92
241,user_0241,Jeskai Control,Jeskai Control,2.9
241,user_0241,Golgari Insidious Roots,Golgari Insidious Roots,1.03
241,user_0241,Gruul Delirium,Gruul Delirium,0.9
241,user_0241,4c Control,4c Control,1.25
241,user_0241,Boros Burn,Boros Burn,1.34
241,user_0241,Jeskai Artifacts,Jeskai Artifacts,1.12
241,user_0241,Boros Aggro,Boros Aggro,2.14
241,user_0241,Bant Omniscience,Bant Omniscience,0.27
241,user_0241,Rakdos Sacrifice,Rakdos Sacrifice,1.08
241,user_0241,Simic Landfall,Simic Landfall,1.18
241,user_0241,Orzhov Control,Orzhov Control,1.36
241,user_0241,Grixis Artifacts,Grixis Artifacts,1.37
241,user_0241,Mono-Green Landfall,Mono-Green Landfall,1.52
241,user_0241,Temur Floodcaller Combo,Temur Floodcaller Combo,0.98
241,user_0241,4c Insidious Roots (2),4c Insidious Roots,1.02
241,user_0241,Sultai Graveyard,Sultai Graveyard,1.2
241,user_0241,4c Reanimator,4c Reanimator,1.88
241,user_0241,Abzan Midrange,Abzan Midrange,1.04
241,user_0241,Izzet Prowess,Izzet Prowess,2.14
241,user_0241,Boros Mice,Boros Mice,0.88
241,user_0241,Boros Leyline Aggro,Boros Leyline Aggro,1.32
241,user_0241,Gruul Aggro,Gruul Aggro,1.34
241,user_0241,Mono-White Tokens,Mono-White Tokens,1.21
241,user_0241,Izzet Omniscience,Izzet Omniscience,0.87
241,user_0241,Golgari Dragons,Golgari Dragons,1.39
241,user_0241,Simic Midrange,Simic Midrange,0.84
241,user_0241,Mono-Red Leyline Aggro,Mono-Red Leyline Aggro,0.9
241,user_0241,4c Kona,4c Kona,1.12
241,user_0241,Mono-Black Midrange,Mono-Black Midrange,1.09
241,user_0241,Bant Airbending Combo,Bant Airbending Combo,1.36
241,user_0241,Temur Battlecrier Combo,Temur Battlecrier Combo,0.67
241,user_0241,Mono-Red Aggro,Mono-Red Aggro,4.0
241,user_0241,Orzhov Self-Bounce,Orzhov Self-Bounce,0.83
241,user_0241,Temur Lessons,Temur Lessons,1.36
241,user_0241,4c Omniscience,4c Omniscience,0.57
241,user_0241,5c Reanimator,5c Reanimator,1.09
241,user_0241,Mardu Dragons,Mardu Dragons,1.0
241,user_0241,Azorius Control,Azorius Control,1.52
242,user_0242,Temur Lessons,Temur Lessons,1.56
242,user_0242,Dimir Control,Dimir Control,0.58
242,user_0242,Rakdos Aggro,Rakdos Aggro,1.94
242,user_0242,Izzet Lessons,Izzet Lessons,3.91
242,user_0242,4c Kona,4c Kona,1.03
242,user_0242,Boros Aggro,Boros Aggro,2.17
242,user_0242,Simic Midrange,Simic Midrange,1.03
242,user_0242,4c Reanimator,4c Reanimator,2.46
242,user_0242,Esper Self-Bounce,Esper Self-Bounce,1.16
242,user_0242,Gruul Delirium,Gruul Delirium,1.05
242,user_0242,Sultai Graveyard,Sultai Graveyard,1.59
242,user_0242,Grixis Artifacts,Grixis Artifacts,0.86
242,user_0242,Jeskai Self-Bounce,Jeskai Self-Bounce,0.91
242,user_0242,Gruul Random Encounter,Gruul Random Encounter,1.2
242,user_0242,Boros Dragons,Boros Dragons,1.31
242,user_0242,Simic Aggro,Simic Aggro,1.56
242,user_0242,4c Insidious Roots,4c Insidious Roots,1.43
242,user_0242,Jeskai Looting,Jeskai Looting,0.59
242,user_0242,Temur Floodcaller Combo,Temur Floodcaller Combo,0.94
242,user_0242,Gruul Aggro,Gruul Aggro,1.18
242,user_0242,4c Insidious Roots (2),4c Insidious Roots,0.66
242,user_0242,Boros Mice,Boros Mice,0.81
242,user_0242,Abzan Midrange,Abzan Midrange,0.83
242,user_0242,Boros Token Control,Boros Token Control,1.39
242,user_0242,Golgari Insidious Roots,Golgari Insidious Roots,1.18
242,user_0242,Mono-Black Midrange,Mono-Black Midrange,0.94
242,user_0242,Mono-White Tokens,Mono-White Tokens,1.52
242,user_0242,Orzhov Control,Orzhov Control,1.53
242,user_0242,Azorius Control,Azorius Control,1.17
242,user_0242,Grixis Leyline,Grixis Leyline,0.78
242,user_0242,Gruul Leyline Aggro,Gruul Leyline Aggro,1.57
242,user_0242,Simic Omniscience,Simic Omniscience,1.16
242,user_0242,4c Artifacts,4c Artifacts,1.24
242,user_0242,Jund Aggro,Jund Aggro,1.83
242,user_0242,Boros Leyline Aggro,Boros Leyline Aggro,1.32
242,user_0242,Orzhov Self-Bounce,Orzhov Self-Bounce,1.36
242,user_0242,Jeskai Artifacts,Jeskai Artifacts,1.58
242,user_0242,Mardu Dragons,Mardu Dragons,1.08
243,user_0243,Golgari Dragons,Golgari Dragons,2.28
243,user_0243,Grixis Leyline,Grixis Leyline,2.06
243,user_0243,Bant Omniscience,Bant Omniscience,1.37
243,user_0243,Gruul Leyline Aggro,Gruul Leyline Aggro,1.11
243,user_0243,Gruul Aggro,Gruul Aggro,0.73
243,user_0243,Orzhov Midrange,Orzhov Midrange,1.23
243,user_0243,Orzhov Self-Bounce,Orzhov Self-Bounce,1.78
243,user_0243,4c Control,4c Control,1.38
243,user_0243,Sultai Graveyard,Sultai Graveyard,1.52
243,user_0243,Mono-Black Midrange,Mono-Black Midrange,0.8
243,user_0243,Simic Midrange,Simic Midrange,1.47
243,user_0243,Dimir Control,Dimir Control,1.47
243,user_0243,Sultai Control,Sultai Control,1.37
243,user_0243,Selesnya Landfall,Selesnya Landfall,2.87
243,user_0243,Boros Burn,Boros Burn,2.3
243,user_0243,Boros Token Control,Boros Token Control,1.39
243,user_0243,Dimir Midrange,Dimir Midrange,3.69
243,user_0243,Rakdos Aggro,Rakdos Aggro,1.18
243,user_0243,Grixis Artifacts,Grixis Artifacts,1.88
243,user_0243,Boros Manufacturing,Boros Manufacturing,1.54
243,user_0243,4c Insidious Roots (2),4c Insidious Roots,1.54
243,user_0243,Izzet Midrange,Izzet Midrange,1.19
243,user_0243,4c Omniscience,4c Omniscience,1.76
243,user_0243,Boros Aggro,Boros Aggro,1.64
243,user_0243,Lifegain,Lifegain,1.53
243,user_0243,Rakdos Sacrifice,Rakdos Sacrifice,1.59
243,user_0243,Jeskai Artifacts,Jeskai Artifacts,1.86
243,user_0243,Simic Landfall,Simic Landfall,1.38
243,user_0243,Temur Floodcaller Combo,Temur Floodcaller Combo,0.9
243,user_0243,Mardu Dragons,Mardu Dragons,2.1
243,user_0243,Esper Self-Bounce,Esper Self-Bounce,1.99
243,user_0243,Jeskai Looting,Jeskai Looting,1.61
243,user_0243,Golgari Insidious Roots,Golgari Insidious Roots,1.78
243,user_0243,Boros Leyline Aggro,Boros Leyline Aggro,0.94
243,user_0243,Dimir Bounce,Dimir Bounce,1.84
243,user_0243,Orzhov Control,Orzhov Control,0.49
243,user_0243,Abzan Midrange,Abzan Midrange,1.24
243,user_0243,4c Reanimator,4c Reanimator,2.78
243,user_0243,Azorius Control,Azorius Control,1.17
243,user_0243,Izzet Prowess,Izzet Prowess,2.25
243,user_0243,Naya Yuna,Naya Yuna,1.68
243,user_0243,Simic Omniscience,Simic Omniscience,2.17
243,user_0243,Izzet,Izzet,1.81
243,user_0243,Simic Aggro,Simic Aggro,1.55
243,user_0243,Izzet Aggro,Izzet Aggro,0.96
243,user_0243,Temur Kona,Temur Kona,1.53
244,user_0244,Rakdos Aggro,Rakdos Aggro,0.83
244,user_0244,Sultai Control,Sultai Control,1.1
244,user_0244,Mono-Red Aggro,Mono-Red Aggro,2.98
244,user_0244,Simic Aggro,Simic Aggro,1.13
244,user_0244,Temur Kona,Temur Kona,1.7
244,user_0244,Lifegain,Lifegain,1.29
244,user_0244,Boros Token Control,Boros Token Control,0.78
244,user_0244,4c Kona,4c Kona,1.46
244,user_0244,Grixis Artifacts,Grixis Artifacts,0.61
244,user_0244,4c Control,4c Control,1.46
244,user_0244,Bant Omniscience,Bant Omniscience,0.75
244,user_0244,Temur Lessons,Temur Lessons,1.05
244,user_0244,Rakdos Sacrifice,Rakdos Sacrifice,1.53
244,user_0244,Abzan Insidious Roots,Abzan Insidious Roots,0.9
244,user_0244,Izzet,Izzet,0.86
244,user_0244,Abzan Midrange,Abzan Midrange,1.36
244,user_0244,Simic Omniscience,Simic Omniscience,1.26
244,user_0244,Simic Midrange,Simic Midrange,1.41
244,user_0244,Izzet Prowess,Izzet Prowess,2.18
244,user_0244,4c Artifacts,4c Artifacts,1.09
244,user_0244,Selesnya Landfall,Selesnya Landfall,1.8
244,user_0244,4c Reanimator,4c Reanimator,1.95
244,user_0244,Boros Leyline Aggro,Boros Leyline Aggro,1.2
244,user_0244,Dimir Midrange,Dimir Midrange,3.93
244,user_0244,Izzet Aggro,Izzet Aggro,1.22
244,user_0244,Boros Manufacturing,Boros Manufacturing,1.07
244,user_0244,Sultai Graveyard,Sultai Graveyard,0.85
244,user_0244,Mono-White Tokens,Mono-White Tokens,1.0
244,user_0244,Izzet Midrange,Izzet Midrange,1.43
244,user_0244,Mono-Black Midrange,Mono-Black Midrange,1.75
244,user_0244,Mono-Red Leyline Aggro,Mono-Red Leyline Aggro,1.02
244,user_0244,5c Reanimator,5c Reanimator,1.09
244,user_0244,Temur Battlecrier Combo,Temur Battlecrier Combo,0.84
244,user_0244,Gruul Aggro,Gruul Aggro,0.86
244,user_0244,Orzhov Control,Orzhov Control,1.6
244,user_0244,Jund Aggro,Jund Aggro,1.21
244,user_0244,Simic Landfall,Simic Landfall,0.97
244,user_0244,Jeskai Control,Jeskai Control,3.23
244,user_0244,Temur Floodcaller Combo,Temur Floodcaller Combo,0.99
244,user_0244,Bant Airbending Combo,Bant Airbending Combo,0.88
245,user_0245,Boros Aggro,Boros Aggro,1.0
245,user_0245,Gruul Delirium,Gruul Delirium,1.42
245,user_0245,Temur Kona,Temur Kona,2.11
245,user_0245,Boros Manufacturing,Boros Manufacturing,0.82
245,user_0245,Izzet Aggro,Izzet Aggro,0.77
245,user_0245,Mono-Black Midrange,Mono-Black Midrange,1.25
245,user_0245,Dimir Control,Dimir Control,1.02
245,user_0245,Golgari Midrange,Golgari Midrange,2.09
245,user_0245,Izzet,Izzet,1.27
245,user_0245,Grixis Artifacts,Grixis Artifacts,0.81
245,user_0245,Gruul Random Encounter,Gruul Random Encounter,1.12
245,user_0245,4c Reanimator,4c Reanimator,2.31
245,user_0245,Mono-Red Aggro,Mono-Red Aggro,3.43
245,user_0245,Bant Airbending Combo,Bant Airbending Combo,0.6
245,user_0245,Dimir Midrange,Dimir Midrange,4.17
245,user_0245,5c Reanimator,5c Reanimator,1.03
245,user_0245,Simic Aggro,Simic Aggro,0.84
245,user_0245,Azorius Control,Azorius Control,1.48
245,user_0245,Lifegain,Lifegain,1.39
245,user_0245,Esper Self-Bounce,Esper Self-Bounce,1.11
245,user_0245,4c Omniscience,4c Omniscience,1.01
245,user_0245,Selesnya Landfall,Selesnya Landfall,1.16
245,user_0245,Rakdos Sacrifice,Rakdos Sacrifice,1.06
245,user_0245,4c Insidious Roots (2),4c Insidious Roots,0.93
245,user_0245,Simic Landfall,Simic Landfall,1.12
245,user_0245,Jeskai Control,Jeskai Control,3.29
245,user_0245,Jeskai Self-Bounce,Jeskai Self-Bounce,1.19
245,user_0245,Grixis Leyline,Grixis Leyline,1.15
245,user_0245,4c Artifacts,4c Artifacts,1.41
245,user_0245,Izzet Omniscience,Izzet Omniscience,1.38
245,user_0245,Gruul Leyline Aggro,Gruul Leyline Aggro,1.48
245,user_0245,Temur Lessons,Temur Lessons,1.55
245,user_0245,Mono-White Tokens,Mono-White Tokens,1.31
245,user_0245,4c Insidious Roots,4c Insidious Roots,1.24
245,user_0245,Sultai Graveyard,Sultai Graveyard,1.11
245,user_0245,Dimir Bounce,Dimir Bounce,1.13
245,user_0245,Boros Mice,Boros Mice,1.4
245,user_0245,Izzet Prowess,Izzet Prowess,2.35
245,user_0245,4c Control,4c Control,1.07
245,user_0245,Boros Token Control,Boros Token Control,1.19
245,user_0245,Mono-Red Leyline Aggro,Mono-Red Leyline Aggro,1.07
245,user_0245,Golgari Midrange (2),Golgari Midrange,1.51
245,user_0245,Izzet Midrange,Izzet Midrange,1.3
245,user_0245,Mardu Dragons,Mardu Dragons,0.8
245,user_0245,Simic Omniscience,Simic Omniscience,0.57
245,user_0245,Jund Aggro,Jund Aggro,0.87
245,user_0245,Gruul Aggro,Gruul Aggro,1.06
245,user_0245,Jeskai Artifacts,Jeskai Artifacts,0.78
245,user_0245,4c Kona,4c Kona,0.99
245,user_0245,Temur Floodcaller Combo,Temur Floodcaller Combo,2.08
245,user_0245,Naya Yuna,Naya Yuna,1.15
245,user_0245,Boros Leyline Aggro,Boros Leyline Aggro,1.17
245,user_0245,Mono-Green Landfall,Mono-Green Landfall,1.55
245,user_0245,Izzet Looting,Izzet Looting,2.69
245,user_0245,Boros Dragons,Boros Dragons,1.1
246,user_0246,Golgari Midrange,Golgari Midrange,1.31
246,user_0246,4c Control,4c Control,1.09
246,user_0246,Mono-White Tokens,Mono-White Tokens,1.4
246,user_0246,Simic Omniscience,Simic Omniscience,0.93
246,user_0246,Izzet Omniscience,Izzet Omniscience,1.21
246,user_0246,Temur Lessons,Temur Lessons,1.38
246,user_0246,Mono-Green Landfall,Mono-Green Landfall,1.51
246,user_0246,Simic Landfall,Simic Landfall,0.99
246,user_0246,Golgari Insidious Roots,Golgari Insidious Roots,0.83
246,user_0246,Mardu Dragons,Mardu Dragons,1.4
246,user_0246,Mono-Red Aggro,Mono-Red Aggro,3.95
246,user_0246,Gruul Aggro,Gruul Aggro,1.46
246,user_0246,Gruul Random Encounter,Gruul Random Encounter,0.76
246,user_0246,Dimir Midrange,Dimir Midrange,3.3
246,user_0246,4c Insidious Roots,4c Insidious Roots,1.04
246,user_0246,Azorius Control,Azorius Control,0.77
246,user_0246,Izzet,Izzet,1.27
246,user_0246,Boros Dragons,Boros Dragons,1.08
246,user_0246,Boros Mice,Boros Mice,1.09
246,user_0246,Temur Kona,Temur Kona,1.15
246,user_0246,Grixis Leyline,Grixis Leyline,0.85
246,user_0246,Mono-Black Midrange,Mono-Black Midrange,1.11
246,user_0246,Jeskai Control,Jeskai Control,2.95
247,user_0247,Simic Aggro,Simic Aggro,1.97
247,user_0247,Temur Kona,Temur Kona,0.85
247,user_0247,4c Reanimator,4c Reanimator,1.88
247,user_0247,4c Artifacts,4c Artifacts,1.18
247,user_0247,Rakdos Sacrifice,Rakdos Sacrifice,0.71
247,user_0247,Jund Aggro,Jund Aggro,0.58
247,user_0247,4c Insidious Roots,4c Insidious Roots,0.82
247,user_0247,Izzet Aggro,Izzet Aggro,1.05
247,user_0247,Boros Token Control,Boros Token Control,0.81
247,user_0247,Mono-Green Landfall,Mono-Green Landfall,1.54
247,user_0247,4c Omniscience,4c Omniscience,1.14
247,user_0247,Dimir Control,Dimir Control,1.32
247,user_0247,Jeskai Artifacts,Jeskai Artifacts,1.21
247,user_0247,Jeskai Control,Jeskai Control,3.19
247,user_0247,Gruul Delirium,Gruul Delirium,1.08
247,user_0247,Golgari Midrange (2),Golgari Midrange,0.38
247,user_0247,Orzhov Control,Orzhov Control,1.15
247,user_0247,Sultai Graveyard,Sultai Graveyard,0.28
247,user_0247,Izzet Omniscience,Izzet Omniscience,1.34
247,user_0247,Boros Burn,Boros Burn,1.07
247,user_0247,Orzhov Midrange,Orzhov Midrange,1.62
247,user_0247,Azorius Control,Azorius Control,0.56
247,user_0247,Boros Mice,Boros Mice,1.24
247,user_0247,Simic Omniscience,Simic Omniscience,1.14
247,user_0247,Esper Self-Bounce,Esper Self-Bounce,1.71
247,user_0247,Naya Yuna,Naya Yuna,1.05
247,user_0247,Golgari Midrange,Golgari Midrange,1.13
247,user_0247,Orzhov Self-Bounce,Orzhov Self-Bounce,1.19
247,user_0247,Mardu Dragons,Mardu Dragons,0.81
247,user_0247,Bant Airbending Combo,Bant Airbending Combo,1.96
247,user_0247,Simic Midrange,Simic Midrange,0.71
247,user_0247,Rakdos Aggro,Rakdos Aggro,0.79
247,user_0247,Temur Floodcaller Combo,Temur Floodcaller Combo,1.08
247,user_0247,Golgari Insidious Roots,Golgari Insidious Roots,1.29
247,user_0247,Jeskai Self-Bounce,Jeskai Self-Bounce,1.62
247,user_0247,Izzet Looting,Izzet Looting,2.76
247,user_0247,Izzet,Izzet,1.2
247,user_0247,Golgari Dragons,Golgari Dragons,0.99
247,user_0247,Abzan Insidious Roots,Abzan Insidious Roots,0.97
247,user_0247,Mono-White Tokens,Mono-White Tokens,1.28
247,user_0247,Gruul Leyline Aggro,Gruul Leyline Aggro,1.47
247,user_0247,Izzet Midrange,Izzet Midrange,1.29
247,user_0247,Mono-Red Aggro,Mono-Red Aggro,3.43
247,user_0247,Boros Aggro,Boros Aggro,0.87
247,user_0247,Boros Dragons,Boros Dragons,0.9
247,user_0247,Sultai Reanimator,Sultai Reanimator,1.92
247,user_0247,Temur Lessons,Temur Lessons,0.98
248,user_0248,Jeskai Artifacts,Jeskai Artifacts,0.47
248,user_0248,Boros Dragons,Boros Dragons,0.87
248,user_0248,Mardu Dragons,Mardu Dragons,0.68
248,user_0248,Jeskai Self-Bounce,Jeskai Self-Bounce,1.29
248,user_0248,Izzet Prowess,Izzet Prowess,2.77
248,user_0248,Bant Airbending Combo,Bant Airbending Combo,0.94
248,user_0248,Abzan Midrange,Abzan Midrange,1.04
248,user_0248,Gruul Random Encounter,Gruul Random Encounter,0.29
248,user_0248,Simic Midrange,Simic Midrange,0.51
248,user_0248,Izzet Aggro,Izzet Aggro,1.41
248,user_0248,Dimir Bounce,Dimir Bounce,1.26
248,user_0248,4c Omniscience,4c Omniscience,0.94
248,user_0248,Golgari Dragons,Golgari Dragons,1.28
248,user_0248,Boros Leyline Aggro,Boros Leyline Aggro,1.57
248,user_0248,Temur Battlecrier Combo,Temur Battlecrier Combo,1.05
248,user_0248,5c Reanimator,5c Reanimator,1.34
248,user_0248,Sultai Graveyard,Sultai Graveyard,0.68
248,user_0248,Jund Aggro,Jund Aggro,1.96
248,user_0248,Grixis Leyline,Grixis Leyline,0.6
248,user_0248,Boros Aggro,Boros Aggro,1.4
248,user_0248,Izzet Looting,Izzet Looting,2.97
248,user_0248,Boros Manufacturing,Boros Manufacturing,0.8
248,user_0248,Sultai Control,Sultai Control,1.27
248,user_0248,Azorius Control,Azorius Control,1.75
248,user_0248,Temur Kona,Temur Kona,1.55
248,user_0248,Gruul Delirium,Gruul Delirium,0.79
248,user_0248,Mono-Red Aggro,Mono-Red Aggro,3.91
248,user_0248,Esper Self-Bounce,Esper Self-Bounce,0.91
248,user_0248,Golgari Midrange,Golgari Midrange,2.13
248,user_0248,4c Control,4c Control,1.31
248,user_0248,Izzet,Izzet,1.01
248,user_0248,Izzet Omniscience,Izzet Omniscience,0.75
248,user_0248,Orzhov Midrange,Orzhov Midrange,1.02
248,user_0248,Naya Yuna,Naya Yuna,1.54
248,user_0248,Dimir Control,Dimir Control,1.03
248,user_0248,Simic Omniscience,Simic Omniscience,0.7
248,user_0248,Izzet Midrange,Izzet Midrange,0.85
248,user_0248,Mono-Red Leyline Aggro,Mono-Red Leyline Aggro,1.78
248,user_0248,Gruul Aggro,Gruul Aggro,1.18
248,user_0248,Orzhov Control,Orzhov Control,0.64
248,user_0248,Jeskai Looting,Jeskai Looting,0.77
248,user_0248,Bant Omniscience,Bant Omniscience,1.35
248,user_0248,Jeskai Control,Jeskai Control,3.03
248,user_0248,Sultai Reanimator,Sultai Reanimator,1.44
249,user_0249,Dimir Bounce,Dimir Bounce,0.61
249,user_0249,Bant Airbending Combo,Bant Airbending Combo,1.06
249,user_0249,Golgari Midrange (2),Golgari Midrange,0.88
249,user_0249,Izzet Lessons,Izzet Lessons,4.11
249,user_0249,Naya Yuna,Naya Yuna,1.01
249,user_0249,Izzet,Izzet,0.78
249,user_0249,Sultai Reanimator,Sultai Reanimator,2.19
249,user_0249,Azorius Control,Azorius Control,1.95
249,user_0249,Temur Floodcaller Combo,Temur Floodcaller Combo,1.09
249,user_0249,Rakdos Aggro,Rakdos Aggro,1.19
249,user_0249,Jund Aggro,Jund Aggro,0.66
249,user_0249,Orzhov Midrange,Orzhov Midrange,1.17
249,user_0249,Dimir Control,Dimir Control,1.37
249,user_0249,Jeskai Self-Bounce,Jeskai Self-Bounce,1.29
249,user_0249,Boros Burn,Boros Burn,1.09
249,user_0249,Grixis Leyline,Grixis Leyline,0.76
249,user_0249,Abzan Insidious Roots,Abzan Insidious Roots,1.11
249,user_0249,Mono-Green Landfall,Mono-Green Landfall,1.25
249,user_0249,Izzet Midrange,Izzet Midrange,1.46
249,user_0249,Temur Battlecrier Combo,Temur Battlecrier Combo,0.79
249,user_0249,Temur Kona,Temur Kona,1.4
249,user_0249,Boros Aggro,Boros Aggro,1.16
249,user_0249,4c Kona,4c Kona,1.48
249,user_0249,Sultai Control,Sultai Control,1.28
249,user_0249,Abzan Midrange,Abzan Midrange,1.0
249,user_0249,Jeskai Control,Jeskai Control,3.52
249,user_0249,Temur Lessons,Temur Lessons,1.46
249,user_0249,Boros Dragons,Boros Dragons,0.91
249,user_0249,Orzhov Self-Bounce,Orzhov Self-Bounce,0.8
249,user_0249,Simic Omniscience,Simic Omniscience,1.17
249,user_0249,Simic Aggro,Simic Aggro,0.9
249,user_0249,Grixis Artifacts,Grixis Artifacts,1.42
249,user_0249,Golgari Dragons,Golgari Dragons,1.38
249,user_0249,Mardu Dragons,Mardu Dragons,1.37
249,user_0249,Boros Token Control,Boros Token Control,1.86
249,user_0249,Gruul Aggro,Gruul Aggro,1.11
249,user_0249,Orzhov Control,Orzhov Control,1.33
249,user_0249,4c Control,4c Control,2.2
249,user_0249,Izzet Omniscience,Izzet Omniscience,1.04
249,user_0249,Gruul Delirium,Gruul Delirium,1.52
249,user_0249,Selesnya Landfall,Selesnya Landfall,1.5
249,user_0249,Boros Mice,Boros Mice,1.33
249,user_0249,Lifegain,Lifegain,0.81
249,user_0249,Simic Landfall,Simic Landfall,0.77
249,user_0249,4c Reanimator,4c Reanimator,2.27
249,user_0249,Mono-Red Aggro,Mono-Red Aggro,3.39
249,user_0249,Rakdos Sacrifice,Rakdos Sacrifice,1.43
249,user_0249,Izzet Looting,Izzet Looting,2.25
249,user_0249,4c Artifacts,4c Artifacts,1.24
249,user_0249,4c Omniscience,4c Omniscience,1.5
249,user_0249,Esper Self-Bounce,Esper Self-Bounce,1.49
249,user_0249,4c Insidious Roots,4c Insidious Roots,1.38
249,user_0249,Mono-Black Midrange,Mono-Black Midrange,0.83
249,user_0249,Dimir Midrange,Dimir Midrange,3.08
249,user_0249,Jeskai Looting,Jeskai Looting,1.0
250,user_0250,4c Control,4c Control,1.14
250,user_0250,Golgari Midrange,Golgari Midrange,1.35
250,user_0250,Temur Kona,Temur Kona,1.32
250,user_0250,Esper Self-Bounce,Esper Self-Bounce,0.93
250,user_0250,Rakdos Sacrifice,Rakdos Sacrifice,1.34
250,user_0250,Abzan Midrange,Abzan Midrange,1.07
250,user_0250,Temur Floodcaller Combo,Temur Floodcaller Combo,0.56
250,user_0250,Izzet Lessons,Izzet Lessons,4.04
250,user_0250,Izzet Looting,Izzet Looting,3.13
250,user_0250,Jeskai Self-Bounce,Jeskai Self-Bounce,0.44
250,user_0250,4c Kona,4c Kona,0.72
250,user_0250,4c Insidious Roots (2),4c Insidious Roots,1.05
250,user_0250,Golgari Dragons,Golgari Dragons,1.23
250,user_0250,Azorius Control,Azorius Control,1.84
250,user_0250,Orzhov Midrange,Orzhov Midrange,1.18
250,user_0250,Jeskai Control,Jeskai Control,3.57
250,user_0250,Grixis Artifacts,Grixis Artifacts,0.97
250,user_0250,Izzet Midrange,Izzet Midrange,1.25
250,user_0250,Simic Aggro,Simic Aggro,1.35
250,user_0250,Izzet Prowess,Izzet Prowess,2.08
250,user_0250,Gruul Delirium,Gruul Delirium,1.04
250,user_0250,4c Artifacts,4c Artifacts,1.55
250,user_0250,Orzhov Control,Orzhov Control,1.58
250,user_0250,Simic Midrange,Simic Midrange,0.66
250,user_0250,Rakdos Aggro,Rakdos Aggro,0.86
250,user_0250,Sultai Control,Sultai Control,1.29
250,user_0250,Sultai Reanimator,Sultai Reanimator,1.22
250,user_0250,Boros Leyline Aggro,Boros Leyline Aggro,1.47
250,user_0250,Boros Burn,Boros Burn,1.59
250,user_0250,Simic Landfall,Simic Landfall,0.59
250,user_0250,Abzan Insidious Roots,Abzan Insidious Roots,1.62
250,user_0250,5c Reanimator,5c Reanimator,1.31
250,user_0250,Temur Battlecrier Combo,Temur Battlecrier Combo,0.73
250,user_0250,Boros Token Control,Boros Token Control,2.39
250,user_0250,Simic Omniscience,Simic Omniscience,0.96
250,user_0250,Gruul Random Encounter,Gruul Random Encounter,0.55
250,user_0250,Mardu Dragons,Mardu Dragons,0.98
250,user_0250,Izzet,Izzet,1.3
250,user_0250,Izzet Omniscience,Izzet Omniscience,0.84
250,user_0250,4c Omniscience,4c Omniscience,1.06
250,user_0250,4c Insidious Roots,4c Insidious Roots,1.0
250,user_0250,Boros Manufacturing,Boros Manufacturing,0.99
250,user_0250,Mono-Green Landfall,Mono-Green Landfall,1.91
250,user_0250,Izzet Aggro,Izzet Aggro,1.36
250,user_0250,Jeskai Looting,Jeskai Looting,0.58
250,user_0250,Dimir Midrange,Dimir Midrange,3.05
250,user_0250,Gruul Leyline Aggro,Gruul Leyline Aggro,0.87
250,user_0250,Lifegain,Lifegain,0.79
250,user_0250,Bant Omniscience,Bant Omniscience,1.28
250,user_0250,Naya Yuna,Naya Yuna,1.24
250,user_0250,Sultai Graveyard,Sultai Graveyard,0.61
250,user_0250,Jund Aggro,Jund Aggro,1.13
250,user_0250,Mono-Black Midrange,Mono-Black Midrange,1.05
250,user_0250,Mono-Red Leyline Aggro,Mono-Red Leyline Aggro,1.04
250,user_0250,Boros Aggro,Boros Aggro,1.98
250,user_0250,4c Reanimator,4c Reanimator,2.37
251,user_0251,Mono-Red Aggro,Mono-Red Aggro,2.83
251,user_0251,Temur Battlecrier Combo,Temur Battlecrier Combo,1.45
251,user_0251,Simic Landfall,Simic Landfall,1.35
251,user_0251,Golgari Insidious Roots,Golgari Insidious Roots,1.12
251,user_0251,Simic Midrange,Simic Midrange,1.42
251,user_0251,Boros Token Control,Boros Token Control,1.08
251,user_0251,Sultai Reanimator,Sultai Reanimator,1.65
251,user_0251,Izzet Midrange,Izzet Midrange,0.99
251,user_0251,Dimir Bounce,Dimir Bounce,0.96
251,user_0251,Golgari Midrange,Golgari Midrange,1.32
251,user_0251,Boros Burn,Boros Burn,1.36
251,user_0251,5c Reanimator,5c Reanimator,0.9
251,user_0251,Orzhov Midrange,Orzhov Midrange,2.03
251,user_0251,Abzan Midrange,Abzan Midrange,0.98
251,user_0251,Grixis Leyline,Grixis Leyline,0.66
251,user_0251,Bant Omniscience,Bant Omniscience,0.5
251,user_0251,Gruul Leyline Aggro,Gruul Leyline Aggro,1.04
251,user_0251,Mardu Dragons,Mardu Dragons,1.05
251,user_0251,Mono-White Tokens,Mono-White Tokens,1.35
251,user_0251,Jeskai Self-Bounce,Jeskai Self-Bounce,1.21
251,user_0251,Izzet Omniscience,Izzet Omniscience,0.48
251,user_0251,Esper Self-Bounce,Esper Self-Bounce,1.03
251,user_0251,Golgari Midrange (2),Golgari Midrange,0.78
251,user_0251,Boros Manufacturing,Boros Manufacturing,1.01
251,user_0251,Azorius Control,Azorius Control,1.2
252,user_0252,Boros Dragons,Boros Dragons,1.03
252,user_0252,Grixis Leyline,Grixis Leyline,1.31
252,user_0252,Sultai Control,Sultai Control,1.17
252,user_0252,Bant Omniscience,Bant Omniscience,0.87
252,user_0252,Orzhov Control,Orzhov Control,0.93
252,user_0252,Simic Landfall,Simic Landfall,1.07
252,user_0252,Izzet Omniscience,Izzet Omniscience,0.3
252,user_0252,Golgari Dragons,Golgari Dragons,1.22
252,user_0252,Gruul Aggro,Gruul Aggro,1.23
252,user_0252,Sultai Graveyard,Sultai Graveyard,1.43
252,user_0252,Mono-Black Midrange,Mono-Black Midrange,1.69
252,user_0252,Selesnya Landfall,Selesnya Landfall,2.34
252,user_0252,Azorius Control,Azorius Control,1.31
252,user_0252,4c Artifacts,4c Artifacts,0.42
252,user_0252,Temur Lessons,Temur Lessons,1.18
252,user_0252,Golgari Midrange,Golgari Midrange,1.91
252,user_0252,4c Omniscience,4c Omniscience,1.28
252,user_0252,Naya Yuna,Naya Yuna,1.02
252,user_0252,Jeskai Looting,Jeskai Looting,1.1
252,user_0252,Jeskai Artifacts,Jeskai Artifacts,1.24
252,user_0252,Rakdos Sacrifice,Rakdos Sacrifice,0.83
252,user_0252,Jeskai Self-Bounce,Jeskai Self-Bounce,0.47
252,user_0252,Temur Floodcaller Combo,Temur Floodcaller Combo,1.7
252,user_0252,Gruul Random Encounter,Gruul Random Encounter,1.08
252,user_0252,Mardu Dragons,Mardu Dragons,1.63
252,user_0252,Boros Burn,Boros Burn,1.03
252,user_0252,4c Insidious Roots (2),4c Insidious Roots,1.14
252,user_0252,Grixis Artifacts,Grixis Artifacts,1.65
252,user_0252,Boros Manufacturing,Boros Manufacturing,1.23
252,user_0252,Mono-Red Aggro,Mono-Red Aggro,3.1
252,user_0252,Orzhov Self-Bounce,Orzhov Self-Bounce,1.06
252,user_0252,Mono-White Tokens,Mono-White Tokens,0.73
252,user_0252,Golgari Midrange (2),Golgari Midrange,1.0
252,user_0252,Izzet,Izzet,0.96
252,user_0252,Izzet Lessons,Izzet Lessons,4.36
252,user_0252,Temur Kona,Temur Kona,0.66
252,user_0252,5c Reanimator,5c Reanimator,0.78
252,user_0252,Jund Aggro,Jund Aggro,0.99
252,user_0252,Gruul Delirium,Gruul Delirium,1.62
252,user_0252,Simic Midrange,Simic Midrange,0.92
252,user_0252,Dimir Control,Dimir Control,0.81
252,user_0252,4c Control,4c Control,0.72
252,user_0252,Temur Battlecrier Combo,Temur Battlecrier Combo,0.91
252,user_0252,Dimir Bounce,Dimir Bounce,1.12
252,user_0252,Gruul Leyline Aggro,Gruul Leyline Aggro,1.22
252,user_0252,Esper Self-Bounce,Esper Self-Bounce,1.62
253,user_0253,Temur Floodcaller Combo,Temur Floodcaller Combo,1.08
253,user_0253,Selesnya Landfall,Selesnya Landfall,1.29
253,user_0253,4c Kona,4c Kona,0.98
253,user_0253,Izzet Prowess,Izzet Prowess,1.94
253,user_0253,Temur Kona,Temur Kona,1.76
253,user_0253,Boros Mice,Boros Mice,1.43
253,user_0253,Jund Aggro,Jund Aggro,2.08
253,user_0253,Jeskai Control,Jeskai Control,3.51
253,user_0253,Rakdos Aggro,Rakdos Aggro,1.53
253,user_0253,Golgari Midrange,Golgari Midrange,1.6
253,user_0253,Jeskai Looting,Jeskai Looting,1.23
253,user_0253,4c Insidious Roots (2),4c Insidious Roots,0.99
253,user_0253,Orzhov Self-Bounce,Orzhov Self-Bounce,0.91
253,user_0253,Izzet Lessons,Izzet Lessons,4.17
253,user_0253,Simic Aggro,Simic Aggro,2.4
253,user_0253,Golgari Dragons,Golgari Dragons,0.82
253,user_0253,Simic Midrange,Simic Midrange,0.87
253,user_0253,Boros Burn,Boros Burn,0.49
253,user_0253,Mono-Green Landfall,Mono-Green Landfall,1.49
253,user_0253,Grixis Artifacts,Grixis Artifacts,0.73
253,user_0253,Gruul Delirium,Gruul Delirium,1.47
253,user_0253,Boros Leyline Aggro,Boros Leyline Aggro,1.17
253,user_0253,Dimir Midrange,Dimir Midrange,3.34
253,user_0253,Esper Self-Bounce,Esper Self-Bounce,1.34
253,user_0253,4c Control,4c Control,0.72
253,user_0253,Rakdos Sacrifice,Rakdos Sacrifice,0.75
253,user_0253,Boros Dragons,Boros Dragons,0.47
253,user_0253,Bant Airbending Combo,Bant Airbending Combo,1.18
253,user_0253,4c Insidious Roots,4c Insidious Roots,1.2
253,user_0253,Izzet,Izzet,1.15
254,user_0254,Gruul Random Encounter,Gruul Random Encounter,0.82
254,user_0254,Jeskai Artifacts,Jeskai Artifacts,0.79
254,user_0254,Bant Omniscience,Bant Omniscience,1.13
254,user_0254,Jeskai Control,Jeskai Control,3.16
254,user_0254,Boros Mice,Boros Mice,0.84
254,user_0254,Temur Lessons,Temur Lessons,1.91
254,user_0254,Simic Omniscience,Simic Omniscience,1.12
254,user_0254,Mono-Black Midrange,Mono-Black Midrange,1.09
254,user_0254,Mardu Dragons,Mardu Dragons,1.23
254,user_0254,Temur Floodcaller Combo,Temur Floodcaller Combo,1.89
254,user_0254,Jund Aggro,Jund Aggro,0.68
254,user_0254,Temur Kona,Temur Kona,1.45
254,user_0254,Izzet Midrange,Izzet Midrange,1.73
254,user_0254,Mono-Red Aggro,Mono-Red Aggro,3.66
254,user_0254,Izzet,Izzet,1.32
254,user_0254,4c Control,4c Control,1.33
254,user_0254,Simic Landfall,Simic Landfall,0.94
254,user_0254,Azorius Control,Azorius Control,1.72
254,user_0254,Abzan Midrange,Abzan Midrange,1.33
254,user_0254,Mono-Green Landfall,Mono-Green Landfall,1.76
254,user_0254,Orzhov Self-Bounce,Orzhov Self-Bounce,1.25
254,user_0254,Boros Manufacturing,Boros Manufacturing,1.04
254,user_0254,Boros Aggro,Boros Aggro,1.46
254,user_0254,Naya Yuna,Naya Yuna,1.1
254,user_0254,Mono-White Tokens,Mono-White Tokens,1.15
254,user_0254,Boros Burn,Boros Burn,1.06
254,user_0254,Golgari Midrange (2),Golgari Midrange,1.41
254,user_0254,Dimir Control,Dimir Control,1.11
254,user_0254,Gruul Delirium,Gruul Delirium,1.6
254,user_0254,Simic Midrange,Simic Midrange,1.03
254,user_0254,Lifegain,Lifegain,0.83
254,user_0254,4c Artifacts,4c Artifacts,0.98
254,user_0254,Boros Dragons,Boros Dragons,1.02
254,user_0254,Grixis Artifacts,Grixis Artifacts,0.38
254,user_0254,Esper Self-Bounce,Esper Self-Bounce,1.09
254,user_0254,Mono-Red Leyline Aggro,Mono-Red Leyline Aggro,1.21
254,user_0254,Golgari Dragons,Golgari Dragons,1.44
254,user_0254,4c Kona,4c Kona,0.48
254,user_0254,Izzet Lessons,Izzet Lessons,4.25
254,user_0254,Jeskai Looting,Jeskai Looting,1.27
254,user_0254,Sultai Graveyard,Sultai Graveyard,0.86
254,user_0254,Boros Token Control,Boros Token Control,0.69
254,user_0254,Jeskai Self-Bounce,Jeskai Self-Bounce,1.27
254,user_0254,Grixis Leyline,Grixis Leyline,0.37
254,user_0254,Sultai Reanimator,Sultai Reanimator,1.36
254,user_0254,Izzet Omniscience,Izzet Omniscience,1.92
254,user_0254,5c Reanimator,5c Reanimator,1.39
254,user_0254,Temur Battlecrier Combo,Temur Battlecrier Combo,1.72
254,user_0254,Dimir Bounce,Dimir Bounce,0.7
254,user_0254,4c Reanimator,4c Reanimator,2.18
254,user_0254,Bant Airbending Combo,Bant Airbending Combo,2.33
254,user_0254,Golgari Midrange,Golgari Midrange,2.3
254,user_0254,4c Insidious Roots (2),4c Insidious Roots,0.95
255,user_0255,Jund Aggro,Jund Aggro,1.47
255,user_0255,Dimir Control,Dimir Control,1.26
255,user_0255,Dimir Midrange,Dimir Midrange,3.38
255,user_0255,Simic Aggro,Simic Aggro,1.14
255,user_0255,Golgari Dragons,Golgari Dragons,0.5
255,user_0255,Abzan Midrange,Abzan Midrange,1.0
255,user_0255,Temur Battlecrier Combo,Temur Battlecrier Combo,1.36
255,user_0255,Golgari Midrange,Golgari Midrange,1.72
255,user_0255,Izzet Aggro,Izzet Aggro,0.56
255,user_0255,Izzet Prowess,Izzet Prowess,1.99
255,user_0255,Sultai Reanimator,Sultai Reanimator,1.38
255,user_0255,Dimir Bounce,Dimir Bounce,1.16
255,user_0255,Gruul Random Encounter,Gruul Random Encounter,1.1
255,user_0255,4c Omniscience,4c Omniscience,0.97
255,user_0255,4c Kona,4c Kona,1.46
255,user_0255,Mono-Black Midrange,Mono-Black Midrange,0.72
255,user_0255,Naya Yuna,Naya Yuna,1.46
255,user_0255,Mardu Dragons,Mardu Dragons,1.36
255,user_0255,Izzet Looting,Izzet Looting,2.78
255,user_0255,4c Insidious Roots,4c Insidious Roots,1.37
255,user_0255,Gruul Aggro,Gruul Aggro,1.08
255,user_0255,Izzet,Izzet,1.17
255,user_0255,Simic Midrange,Simic Midrange,1.05
255,user_0255,Boros Dragons,Boros Dragons,1.46
255,user_0255,Jeskai Artifacts,Jeskai Artifacts,1.08
255,user_0255,Grixis Artifacts,Grixis Artifacts,1.19
255,user_0255,Temur Kona,Temur Kona,1.53
255,user_0255,Gruul Delirium,Gruul Delirium,0.51
255,user_0255,Izzet Omniscience,Izzet Omniscience,0.99
255,user_0255,Boros Burn,Boros Burn,1.37
255,user_0255,Jeskai Self-Bounce,Jeskai Self-Bounce,0.88
255,user_0255,Boros Aggro,Boros Aggro,1.75
255,user_0255,Esper Self-Bounce,Esper Self-Bounce,1.3
255,user_0255,Orzhov Self-Bounce,Orzhov Self-Bounce,1.1
255,user_0255,Izzet Lessons,Izzet Lessons,3.93
255,user_0255,Azorius Control,Azorius Control,0.95
255,user_0255,Golgari Midrange (2),Golgari Midrange,1.29
255,user_0255,Izzet Midrange,Izzet Midrange,1.21
255,user_0255,Boros Leyline Aggro,Boros Leyline Aggro,1.21
255,user_0255,Rakdos Sacrifice,Rakdos Sacrifice,0.63
255,user_0255,Temur Floodcaller Combo,Temur Floodcaller Combo,1.58
255,user_0255,Bant Airbending Combo,Bant Airbending Combo,1.78
255,user_0255,Jeskai Control,Jeskai Control,2.7
255,user_0255,Grixis Leyline,Grixis Leyline,1.1
255,user_0255,4c Insidious Roots (2),4c Insidious Roots,0.7
255,user_0255,4c Reanimator,4c Reanimator,2.51
256,user_0256,4c Kona,4c Kona,0.7
256,user_0256,Mardu Dragons,Mardu Dragons,1.81
256,user_0256,Mono-White Tokens,Mono-White Tokens,0.6
256,user_0256,Bant Omniscience,Bant Omniscience,0.72
256,user_0256,Grixis Leyline,Grixis Leyline,1.46
256,user_0256,4c Reanimator,4c Reanimator,2.86
256,user_0256,Orzhov Midrange,Orzhov Midrange,1.15
256,user_0256,Gruul Leyline Aggro,Gruul Leyline Aggro,1.15
256,user_0256,Boros Leyline Aggro,Boros Leyline Aggro,1.96
256,user_0256,Azorius Control,Azorius Control,0.8
256,user_0256,Sultai Control,Sultai Control,0.79
256,user_0256,Golgari Midrange,Golgari Midrange,1.65
256,user_0256,Rakdos Sacrifice,Rakdos Sacrifice,1.26
256,user_0256,4c Omniscience,4c Omniscience,1.47
256,user_0256,Mono-Red Aggro,Mono-Red Aggro,3.35
256,user_0256,Boros Mice,Boros Mice,0.71
256,user_0256,Bant Airbending Combo,Bant Airbending Combo,0.9
256,user_0256,Izzet Looting,Izzet Looting,2.58
256,user_0256,Izzet,Izzet,1.39
256,user_0256,Dimir Bounce,Dimir Bounce,0.37
256,user_0256,Grixis Artifacts,Grixis Artifacts,1.25
257,user_0257,Golgari Dragons,Golgari Dragons,1.24
257,user_0257,Mono-Black Midrange,Mono-Black Midrange,0.76
257,user_0257,Boros Aggro,Boros Aggro,0.87
257,user_0257,Dimir Midrange,Dimir Midrange,3.07
257,user_0257,Jeskai Self-Bounce,Jeskai Self-Bounce,1.54
257,user_0257,Abzan Midrange,Abzan Midrange,0.47
257,user_0257,4c Artifacts,4c Artifacts,1.8
257,user_0257,Boros Mice,Boros Mice,1.03
257,user_0257,Simic Landfall,Simic Landfall,1.07
257,user_0257,Izzet Aggro,Izzet Aggro,1.32
257,user_0257,Gruul Leyline Aggro,Gruul Leyline Aggro,0.91
257,user_0257,Mono-White Tokens,Mono-White Tokens,0.92
257,user_0257,Boros Manufacturing,Boros Manufacturing,1.35
257,user_0257,Izzet Looting,Izzet Looting,2.62
257,user_0257,Simic Aggro,Simic Aggro,0.76
257,user_0257,Mardu Dragons,Mardu Dragons,1.17
257,user_0257,Temur Kona,Temur Kona,1.42
257,user_0257,Mono-Red Leyline Aggro,Mono-Red Leyline Aggro,1.35
257,user_0257,Orzhov Control,Orzhov Control,1.61
257,user_0257,Gruul Delirium,Gruul Delirium,1.61
257,user_0257,Gruul Aggro,Gruul Aggro,0.72
257,user_0257,5c Reanimator,5c Reanimator,1.2
257,user_0257,Golgari Midrange,Golgari Midrange,1.5
257,user_0257,Izzet,Izzet,1.07
257,user_0257,Boros Burn,Boros Burn,0.96
257,user_0257,Sultai Graveyard,Sultai Graveyard,0.62
257,user_0257,Sultai Reanimator,Sultai Reanimator,1.14
257,user_0257,Grixis Artifacts,Grixis Artifacts,1.3
257,user_0257,Izzet Omniscience,Izzet Omniscience,1.32
257,user_0257,4c Insidious Roots,4c Insidious Roots,0.97
257,user_0257,4c Reanimator,4c Reanimator,2.62
257,user_0257,Temur Floodcaller Combo,Temur Floodcaller Combo,1.26
257,user_0257,Izzet Prowess,Izzet Prowess,2.52
257,user_0257,Boros Leyline Aggro,Boros Leyline Aggro,1.41
257,user_0257,Simic Omniscience,Simic Omniscience,1.36
257,user_0257,Orzhov Self-Bounce,Orzhov Self-Bounce,1.16
257,user_0257,Dimir Bounce,Dimir Bounce,1.41
257,user_0257,Izzet Lessons,Izzet Lessons,3.76
257,user_0257,4c Kona,4c Kona,1.56
257,user_0257,4c Insidious Roots (2),4c Insidious Roots,1.06
257,user_0257,Golgari Midrange (2),Golgari Midrange,1.37
257,user_0257,Simic Midrange,Simic Midrange,0.89
257,user_0257,Izzet Midrange,Izzet Midrange,1.37
257,user_0257,Sultai Control,Sultai Control,1.69
257,user_0257,Gruul Random Encounter,Gruul Random Encounter,1.21
257,user_0257,Mono-Red Aggro,Mono-Red Aggro,3.69
257,user_0257,Boros Dragons,Boros Dragons,1.33
257,user_0257,Boros Token Control,Boros Token Control,1.49
257,user_0257,4c Control,4c Control,1.47
257,user_0257,Temur Lessons,Temur Lessons,1.46
257,user_0257,Azorius Control,Azorius Control,1.96
258,user_0258,4c Insidious Roots (2),4c Insidious Roots,1.26
258,user_0258,Gruul Leyline Aggro,Gruul Leyline Aggro,1.23
258,user_0258,Mono-Red Leyline Aggro,Mono-Red Leyline Aggro,0.12
258,user_0258,Boros Burn,Boros Burn,1.32
258,user_0258,Gruul Random Encounter,Gruul Random Encounter,0.98
258,user_0258,Esper Self-Bounce,Esper Self-Bounce,0.82
258,user_0258,Izzet Lessons,Izzet Lessons,3.95
258,user_0258,Boros Aggro,Boros Aggro,1.09
258,user_0258,Boros Mice,Boros Mice,1.33
258,user_0258,Izzet Midrange,Izzet Midrange,0.99
258,user_0258,5c Reanimator,5c Reanimator,0.74
258,user_0258,Boros Token Control,Boros Token Control,0.4
258,user_0258,Jund Aggro,Jund Aggro,1.03
258,user_0258,Boros Leyline Aggro,Boros Leyline Aggro,0.96
258,user_0258,Jeskai Control,Jeskai Control,2.96
258,user_0258,Orzhov Self-Bounce,Orzhov Self-Bounce,0.97
258,user_0258,4c Kona,4c Kona,0.98
258,user_0258,Boros Manufacturing,Boros Manufacturing,0.43
258,user_0258,Dimir Bounce,Dimir Bounce,1.21
258,user_0258,Naya Yuna,Naya Yuna,1.45
258,user_0258,4c Control,4c Control,1.76
258,user_0258,Izzet Looting,Izzet Looting,2.73
258,user_0258,Azorius Control,Azorius Control,1.72
258,user_0258,Jeskai Artifacts,Jeskai Artifacts,1.13
258,user_0258,Lifegain,Lifegain,0.84
258,user_0258,Abzan Insidious Roots,Abzan Insidious Roots,0.69
258,user_0258,Orzhov Midrange,Orzhov Midrange,1.68
258,user_0258,Simic Midrange,Simic Midrange,0.84
258,user_0258,Temur Kona,Temur Kona,1.41
258,user_0258,Jeskai Self-Bounce,Jeskai Self-Bounce,1.11
258,user_0258,Sultai Graveyard,Sultai Graveyard,0.54
258,user_0258,Rakdos Aggro,Rakdos Aggro,1.8
258,user_0258,4c Artifacts,4c Artifacts,0.84
258,user_0258,4c Omniscience,4c Omniscience,1.47
258,user_0258,Izzet Prowess,Izzet Prowess,2.37
259,user_0259,Boros Burn,Boros Burn,1.3
259,user_0259,Rakdos Aggro,Rakdos Aggro,1.3
259,user_0259,Sultai Control,Sultai Control,2.05
259,user_0259,4c Reanimator,4c Reanimator,2.32
259,user_0259,Selesnya Landfall,Selesnya Landfall,1.6
259,user_0259,4c Artifacts,4c Artifacts,1.27
259,user_0259,Abzan Midrange,Abzan Midrange,1.92
259,user_0259,Izzet Prowess,Izzet Prowess,2.36
259,user_0259,Boros Token Control,Boros Token Control,0.81
259,user_0259,Temur Floodcaller Combo,Temur Floodcaller Combo,1.22
259,user_0259,Esper Self-Bounce,Esper Self-Bounce,1.09
259,user_0259,Sultai Graveyard,Sultai Graveyard,1.75
259,user_0259,Izzet Looting,Izzet Looting,1.97
259,user_0259,Boros Leyline Aggro,Boros Leyline Aggro,0.82
259,user_0259,Orzhov Midrange,Orzhov Midrange,1.19
259,user_0259,Golgari Dragons,Golgari Dragons,1.37
259,user_0259,Izzet,Izzet,1.21
259,user_0259,4c Omniscience,4c Omniscience,0.61
259,user_0259,Bant Airbending Combo,Bant Airbending Combo,1.35
259,user_0259,Mono-Black Midrange,Mono-Black Midrange,1.09
259,user_0259,Mono-Red Leyline Aggro,Mono-Red Leyline Aggro,1.01
259,user_0259,Boros Mice,Boros Mice,0.52
259,user_0259,Temur Kona,Temur Kona,1.4
259,user_0259,Gruul Leyline Aggro,Gruul Leyline Aggro,1.4
259,user_0259,4c Insidious Roots (2),4c Insidious Roots,0.89
259,user_0259,Jund Aggro,Jund Aggro,1.28
259,user_0259,Mono-Green Landfall,Mono-Green Landfall,1.09
259,user_0259,Jeskai Artifacts,Jeskai Artifacts,1.89
259,user_0259,Jeskai Control,Jeskai Control,3.09
259,user_0259,Izzet Omniscience,Izzet Omniscience,1.03
259,user_0259,Jeskai Looting,Jeskai Looting,1.08
259,user_0259,4c Control,4c Control,1.25
259,user_0259,Grixis Leyline,Grixis Leyline,0.37
260,user_0260,Grixis Leyline,Grixis Leyline,1.13
260,user_0260,Izzet Looting,Izzet Looting,2.4
260,user_0260,Abzan Midrange,Abzan Midrange,1.08
260,user_0260,Rakdos Aggro,Rakdos Aggro,1.85
260,user_0260,Jeskai Artifacts,Jeskai Artifacts,0.78
260,user_0260,Dimir Control,Dimir Control,0.49
260,user_0260,Orzhov Control,Orzhov Control,1.08
260,user_0260,4c Reanimator,4c Reanimator,2.35
260,user_0260,Bant Omniscience,Bant Omniscience,1.04
260,user_0260,Mono-Red Aggro,Mono-Red Aggro,3.83
260,user_0260,5c Reanimator,5c Reanimator,1.63
260,user_0260,Gruul Aggro,Gruul Aggro,0.66
260,user_0260,Dimir Bounce,Dimir Bounce,1.12
260,user_0260,Sultai Control,Sultai Control,1.3
260,user_0260,Grixis Artifacts,Grixis Artifacts,1.12
260,user_0260,Bant Airbending Combo,Bant Airbending Combo,1.51
260,user_0260,Lifegain,Lifegain,0.87
260,user_0260,Rakdos Sacrifice,Rakdos Sacrifice,1.4
260,user_0260,Boros Manufacturing,Boros Manufacturing,1.31
260,user_0260,Boros Token Control,Boros Token Control,1.16
260,user_0260,Jund Aggro,Jund Aggro,1.74
260,user_0260,Jeskai Self-Bounce,Jeskai Self-Bounce,0.81
260,user_0260,Jeskai Looting,Jeskai Looting,1.15
260,user_0260,Golgari Midrange (2),Golgari Midrange,1.09
260,user_0260,Boros Leyline Aggro,Boros Leyline Aggro,1.47
260,user_0260,4c Omniscience,4c Omniscience,1.2
260,user_0260,Esper Self-Bounce,Esper Self-Bounce,1.44
260,user_0260,Mono-Green Landfall,Mono-Green Landfall,1.74
260,user_0260,Sultai Reanimator,Sultai Reanimator,1.11
260,user_0260,Simic Midrange,Simic Midrange,0.8
260,user_0260,Temur Lessons,Temur Lessons,1.41
260,user_0260,Izzet Prowess,Izzet Prowess,2.19
260,user_0260,Izzet Aggro,Izzet Aggro,1.62
260,user_0260,4c Kona,4c Kona,0.89
260,user_0260,Gruul Delirium,Gruul Delirium,1.0
260,user_0260,Orzhov Midrange,Orzhov Midrange,0.93
261,user_0261,Sultai Graveyard,Sultai Graveyard,0.91
261,user_0261,Dimir Control,Dimir Control,0.94
261,user_0261,Gruul Aggro,Gruul Aggro,1.1
261,user_0261,4c Omniscience,4c Omniscience,1.23
261,user_0261,Jeskai Self-Bounce,Jeskai Self-Bounce,1.05
261,user_0261,Mono-Green Landfall,Mono-Green Landfall,1.68
261,user_0261,Boros Token Control,Boros Token Control,0.61
261,user_0261,Izzet Looting,Izzet Looting,2.55
261,user_0261,4c Insidious Roots,4c Insidious Roots,1.39
261,user_0261,Izzet Lessons,Izzet Lessons,3.76
261,user_0261,Mono-White Tokens,Mono-White Tokens,0.86
261,user_0261,5c Reanimator,5c Reanimator,1.27
261,user_0261,Mono-Red Aggro,Mono-Red Aggro,3.55
261,user_0261,Izzet Aggro,Izzet Aggro,1.92
261,user_0261,Mardu Dragons,Mardu Dragons,0.79
261,user_0261,Golgari Midrange (2),Golgari Midrange,1.26
261,user_0261,Temur Kona,Temur Kona,1.17
261,user_0261,Dimir Bounce,Dimir Bounce,0.93
261,user_0261,Temur Battlecrier Combo,Temur Battlecrier Combo,0.71
261,user_0261,Gruul Random Encounter,Gruul Random Encounter,1.04
261,user_0261,Boros Burn,Boros Burn,0.8
261,user_0261,Simic Landfall,Simic Landfall,1.45
261,user_0261,Izzet Midrange,Izzet Midrange,1.23
261,user_0261,Lifegain,Lifegain,1.23
261,user_0261,4c Artifacts,4c Artifacts,0.72
262,user_0262,Mardu Dragons,Mardu Dragons,1.64
262,user_0262,Gruul Random Encounter,Gruul Random Encounter,1.58
262,user_0262,Simic Landfall,Simic Landfall,1.4
262,user_0262,4c Insidious Roots (2),4c Insidious Roots,0.45
262,user_0262,Orzhov Control,Orzhov Control,1.53
262,user_0262,Izzet,Izzet,0.83
262,user_0262,Izzet Looting,Izzet Looting,2.38
262,user_0262,Lifegain,Lifegain,1.19
262,user_0262,Boros Dragons,Boros Dragons,1.17
262,user_0262,Simic Omniscience,Simic Omniscience,1.08
262,user_0262,Boros Manufacturing,Boros Manufacturing,1.22
262,user_0262,Esper Self-Bounce,Esper Self-Bounce,0.3
262,user_0262,Mono-Red Leyline Aggro,Mono-Red Leyline Aggro,0.6
262,user_0262,4c Kona,4c Kona,0.41
262,user_0262,Bant Airbending Combo,Bant Airbending Combo,0.94
262,user_0262,Naya Yuna,Naya Yuna,0.73
262,user_0262,Rakdos Aggro,Rakdos Aggro,1.23
262,user_0262,Azorius Control,Azorius Control,1.67
262,user_0262,Simic Aggro,Simic Aggro,0.6
262,user_0262,Abzan Midrange,Abzan Midrange,1.55
262,user_0262,Mono-Red Aggro,Mono-Red Aggro,3.17
262,user_0262,Izzet Lessons,Izzet Lessons,4.16
262,user_0262,Golgari Midrange (2),Golgari Midrange,1.05
262,user_0262,Gruul Delirium,Gruul Delirium,1.79
262,user_0262,Jeskai Self-Bounce,Jeskai Self-Bounce,1.09
262,user_0262,Sultai Reanimator,Sultai Reanimator,1.58
262,user_0262,Gruul Aggro,Gruul Aggro,0.86
262,user_0262,4c Artifacts,4c Artifacts,1.02
262,user_0262,Sultai Graveyard,Sultai Graveyard,1.09
262,user_0262,Jeskai Artifacts,Jeskai Artifacts,1.21
262,user_0262,4c Reanimator,4c Reanimator,2.56
262,user_0262,Grixis Artifacts,Grixis Artifacts,1.19
262,user_0262,Mono-White Tokens,Mono-White Tokens,1.38
262,user_0262,Selesnya Landfall,Selesnya Landfall,1.51
262,user_0262,Grixis Leyline,Grixis Leyline,0.79
262,user_0262,Dimir Bounce,Dimir Bounce,0.79
262,user_0262,4c Control,4c Control,1.57
262,user_0262,Boros Mice,Boros Mice,0.92
263,user_0263,Esper Self-Bounce,Esper Self-Bounce,0.74
263,user_0263,Dimir Bounce,Dimir Bounce,1.19
263,user_0263,Golgari Dragons,Golgari Dragons,1.11
263,user_0263,Lifegain,Lifegain,1.0
263,user_0263,4c Reanimator,4c Reanimator,2.39
263,user_0263,Rakdos Sacrifice,Rakdos Sacrifice,1.47
263,user_0263,Simic Aggro,Simic Aggro,1.54
263,user_0263,Bant Omniscience,Bant Omniscience,1.31
263,user_0263,Jeskai Looting,Jeskai Looting,0.99
263,user_0263,Golgari Insidious Roots,Golgari Insidious Roots,1.21
263,user_0263,Izzet Midrange,Izzet Midrange,1.42
263,user_0263,Selesnya Landfall,Selesnya Landfall,1.76
263,user_0263,Dimir Midrange,Dimir Midrange,3.58
263,user_0263,Gruul Delirium,Gruul Delirium,0.62
263,user_0263,Temur Kona,Temur Kona,0.91
263,user_0263,Temur Lessons,Temur Lessons,1.32
263,user_0263,Jeskai Artifacts,Jeskai Artifacts,1.13
263,user_0263,Grixis Artifacts,Grixis Artifacts,1.1
263,user_0263,Jeskai Self-Bounce,Jeskai Self-Bounce,0.79
263,user_0263,Orzhov Control,Orzhov Control,1.32
263,user_0263,Mardu Dragons,Mardu Dragons,1.35
263,user_0263,Abzan Midrange,Abzan Midrange,1.89
263,user_0263,Grixis Leyline,Grixis Leyline,1.01
263,user_0263,Boros Mice,Boros Mice,0.76
263,user_0263,Rakdos Aggro,Rakdos Aggro,1.44
263,user_0263,5c Reanimator,5c Reanimator,1.05
263,user_0263,Mono-Black Midrange,Mono-Black Midrange,0.81
263,user_0263,Simic Landfall,Simic Landfall,0.8
263,user_0263,4c Insidious Roots (2),4c Insidious Roots,1.34
263,user_0263,Sultai Graveyard,Sultai Graveyard,1.25
263,user_0263,Gruul Aggro,Gruul Aggro,1.29
263,user_0263,Boros Token Control,Boros Token Control,1.8
263,user_0263,Mono-White Tokens,Mono-White Tokens,1.09
264,user_0264,Orzhov Self-Bounce,Orzhov Self-Bounce,0.6
264,user_0264,Temur Lessons,Temur Lessons,1.51
264,user_0264,Bant Omniscience,Bant Omniscience,1.57
264,user_0264,Temur Kona,Temur Kona,1.42
264,user_0264,Sultai Reanimator,Sultai Reanimator,1.18
264,user_0264,Sultai Graveyard,Sultai Graveyard,1.03
264,user_0264,Jund Aggro,Jund Aggro,1.03
264,user_0264,Golgari Dragons,Golgari Dragons,1.31
264,user_0264,Temur Battlecrier Combo,Temur Battlecrier Combo,0.61
264,user_0264,Gruul Delirium,Gruul Delirium,1.09
264,user_0264,Izzet,Izzet,0.96
264,user_0264,Grixis Leyline,Grixis Leyline,1.38
264,user_0264,Boros Leyline Aggro,Boros Leyline Aggro,1.61
264,user_0264,4c Control,4c Control,0.82
264,user_0264,Abzan Insidious Roots,Abzan Insidious Roots,1.32
264,user_0264,Izzet Looting,Izzet Looting,2.41
264,user_0264,4c Omniscience,4c Omniscience,0.98
264,user_0264,Izzet Midrange,Izzet Midrange,1.0
264,user_0264,Orzhov Midrange,Orzhov Midrange,1.19
264,user_0264,Mono-Black Midrange,Mono-Black Midrange,0.64
264,user_0264,4c Reanimator,4c Reanimator,2.24
264,user_0264,Abzan Midrange,Abzan Midrange,1.17
264,user_0264,Mardu Dragons,Mardu Dragons,1.42
264,user_0264,Boros Token Control,Boros Token Control,1.22
264,user_0264,Jeskai Artifacts,Jeskai Artifacts,1.33
264,user_0264,Izzet Omniscience,Izzet Omniscience,0.29
264,user_0264,Boros Burn,Boros Burn,1.51
264,user_0264,Golgari Insidious Roots,Golgari Insidious Roots,0.48
264,user_0264,Mono-White Tokens,Mono-White Tokens,0.5
264,user_0264,Jeskai Self-Bounce,Jeskai Self-Bounce,1.2
264,user_0264,Gruul Aggro,Gruul Aggro,1.67
264,user_0264,Lifegain,Lifegain,0.64
264,user_0264,Mono-Red Aggro,Mono-Red Aggro,3.8
265,user_0265,Izzet Prowess,Izzet Prowess,1.86
265,user_0265,Mono-Red Leyline Aggro,Mono-Red Leyline Aggro,1.06
265,user_0265,Mono-Green Landfall,Mono-Green Landfall,1.98
265,user_0265,Izzet Lessons,Izzet Lessons,4.25
265,user_0265,Abzan Midrange,Abzan Midrange,1.51
265,user_0265,Golgari Midrange,Golgari Midrange,1.24
265,user_0265,4c Kona,4c Kona,1.23
265,user_0265,Temur Floodcaller Combo,Temur Floodcaller Combo,1.02
265,user_0265,Rakdos Aggro,Rakdos Aggro,1.04
265,user_0265,Mono-Red Aggro,Mono-Red Aggro,2.96
265,user_0265,Simic Aggro,Simic Aggro,0.98
265,user_0265,Temur Battlecrier Combo,Temur Battlecrier Combo,1.33
265,user_0265,Temur Kona,Temur Kona,0.76
265,user_0265,Izzet,Izzet,1.53
265,user_0265,Selesnya Landfall,Selesnya Landfall,1.57
265,user_0265,Rakdos Sacrifice,Rakdos Sacrifice,0.96
265,user_0265,Bant Airbending Combo,Bant Airbending Combo,0.9
265,user_0265,Boros Manufacturing,Boros Manufacturing,0.78
265,user_0265,Orzhov Midrange,Orzhov Midrange,0.69
265,user_0265,Jeskai Self-Bounce,Jeskai Self-Bounce,1.35
265,user_0265,4c Omniscience,4c Omniscience,0.84
265,user_0265,Naya Yuna,Naya Yuna,1.04
265,user_0265,Golgari Insidious Roots,Golgari Insidious Roots,0.96
265,user_0265,4c Reanimator,4c Reanimator,1.8
265,user_0265,Gruul Delirium,Gruul Delirium,1.46
265,user_0265,Izzet Aggro,Izzet Aggro,1.32
265,user_0265,Gruul Aggro,Gruul Aggro,0.75
265,user_0265,4c Insidious Roots (2),4c Insidious Roots,1.24
265,user_0265,Dimir Bounce,Dimir Bounce,0.76
265,user_0265,Lifegain,Lifegain,1.09
265,user_0265,5c Reanimator,5c Reanimator,1.14
265,user_0265,4c Control,4c Control,1.52
265,user_0265,Boros Dragons,Boros Dragons,1.18
265,user_0265,Dimir Midrange,Dimir Midrange,3.22
265,user_0265,Orzhov Self-Bounce,Orzhov Self-Bounce,1.13
265,user_0265,Gruul Random Encounter,Gruul Random Encounter,1.62
265,user_0265,Grixis Leyline,Grixis Leyline,1.9
265,user_0265,Izzet Midrange,Izzet Midrange,1.05
266,user_0266,Bant Airbending Combo,Bant Airbending Combo,1.55
266,user_0266,4c Insidious Roots,4c Insidious Roots,1.43
266,user_0266,Orzhov Self-Bounce,Orzhov Self-Bounce,1.27
266,user_0266,Orzhov Control,Orzhov Control,0.59
266,user_0266,Sultai Reanimator,Sultai Reanimator,1.46
266,user_0266,Lifegain,Lifegain,1.28
266,user_0266,Boros Manufacturing,Boros Manufacturing,1.57
266,user_0266,Izzet Aggro,Izzet Aggro,0.8
266,user_0266,Mono-White Tokens,Mono-White Tokens,1.11
266,user_0266,Temur Kona,Temur Kona,1.13
266,user_0266,4c Control,4c Control,1.26
266,user_0266,Golgari Insidious Roots,Golgari Insidious Roots,0.76
266,user_0266,Gruul Random Encounter,Gruul Random Encounter,1.36
266,user_0266,Izzet,Izzet,1.06
266,user_0266,Temur Battlecrier Combo,Temur Battlecrier Combo,0.83
266,user_0266,Mono-Black Midrange,Mono-Black Midrange,0.96
266,user_0266,Rakdos Sacrifice,Rakdos Sacrifice,0.93
266,user_0266,Gruul Delirium,Gruul Delirium,0.79
266,user_0266,Sultai Control,Sultai Control,1.29
266,user_0266,Boros Leyline Aggro,Boros Leyline Aggro,1.09
266,user_0266,Boros Token Control,Boros Token Control,1.2
266,user_0266,Izzet Looting,Izzet Looting,2.37
266,user_0266,Gruul Aggro,Gruul Aggro,0.85
266,user_0266,Abzan Insidious Roots,Abzan Insidious Roots,0.99
266,user_0266,4c Omniscience,4c Omniscience,0.99
266,user_0266,5c Reanimator,5c Reanimator,0.42
266,user_0266,Izzet Lessons,Izzet Lessons,4.1
266,user_0266,Temur Lessons,Temur Lessons,1.38
266,user_0266,Dimir Control,Dimir Control,0.71
266,user_0266,Mono-Red Leyline Aggro,Mono-Red Leyline Aggro,0.9
266,user_0266,4c Kona,4c Kona,1.16
266,user_0266,Izzet Omniscience,Izzet Omniscience,0.8
266,user_0266,Azorius Control,Azorius Control,0.84
266,user_0266,Boros Dragons,Boros Dragons,1.42
266,user_0266,Naya Yuna,Naya Yuna,1.35
266,user_0266,Dimir Midrange,Dimir Midrange,3.49
266,user_0266,Mono-Red Aggro,Mono-Red Aggro,3.16
266,user_0266,Mono-Green Landfall,Mono-Green Landfall,1.46
266,user_0266,Simic Aggro,Simic Aggro,0.95
267,user_0267,5c Reanimator,5c Reanimator,1.31
267,user_0267,Bant Airbending Combo,Bant Airbending Combo,1.43
267,user_0267,Mono-Black Midrange,Mono-Black Midrange,1.59
267,user_0267,Bant Omniscience,Bant Omniscience,1.36
267,user_0267,Izzet Midrange,Izzet Midrange,2.01
267,user_0267,Grixis Leyline,Grixis Leyline,1.43
267,user_0267,Boros Leyline Aggro,Boros Leyline Aggro,1.17
267,user_0267,Izzet Lessons,Izzet Lessons,4.93
267,user_0267,Boros Manufacturing,Boros Manufacturing,1.3
267,user_0267,Simic Landfall,Simic Landfall,1.46
267,user_0267,Azorius Control,Azorius Control,0.99
267,user_0267,Golgari Insidious Roots,Golgari Insidious Roots,1.48
267,user_0267,Boros Token Control,Boros Token Control,1.13
267,user_0267,Izzet Omniscience,Izzet Omniscience,1.22
267,user_0267,Mono-White Tokens,Mono-White Tokens,0.84
267,user_0267,Jeskai Looting,Jeskai Looting,1.13
267,user_0267,Temur Floodcaller Combo,Temur Floodcaller Combo,1.35
267,user_0267,Sultai Reanimator,Sultai Reanimator,1.31
267,user_0267,4c Control,4c Control,1.29
267,user_0267,Gruul Aggro,Gruul Aggro,1.12
267,user_0267,Boros Aggro,Boros Aggro,1.53
267,user_0267,Simic Omniscience,Simic Omniscience,1.54
267,user_0267,Mardu Dragons,Mardu Dragons,0.86
267,user_0267,Temur Lessons,Temur Lessons,1.43
267,user_0267,Mono-Red Aggro,Mono-Red Aggro,3.59
267,user_0267,Izzet Looting,Izzet Looting,2.45
267,user_0267,Orzhov Midrange,Orzhov Midrange,1.7
267,user_0267,Naya Yuna,Naya Yuna,1.4
267,user_0267,Lifegain,Lifegain,0.82
267,user_0267,Esper Self-Bounce,Esper Self-Bounce,1.11
267,user_0267,Mono-Green Landfall,Mono-Green Landfall,1.96
267,user_0267,4c Artifacts,4c Artifacts,1.22
267,user_0267,Jund Aggro,Jund Aggro,1.53
267,user_0267,Sultai Graveyard,Sultai Graveyard,1.09
267,user_0267,Dimir Bounce,Dimir Bounce,1.35
267,user_0267,4c Omniscience,4c Omniscience,0.54
267,user_0267,4c Insidious Roots,4c Insidious Roots,0.92
267,user_0267,Jeskai Control,Jeskai Control,3.57
267,user_0267,Dimir Control,Dimir Control,1.03
267,user_0267,4c Kona,4c Kona,0.93
267,user_0267,Selesnya Landfall,Selesnya Landfall,2.21
267,user_0267,4c Reanimator,4c Reanimator,2.7
267,user_0267,Golgari Dragons,Golgari Dragons,1.16
268,user_0268,Jeskai Looting,Jeskai Looting,0.74
268,user_0268,Mono-Green Landfall,Mono-Green Landfall,1.78
268,user_0268,Sultai Reanimator,Sultai Reanimator,1.3
268,user_0268,Temur Battlecrier Combo,Temur Battlecrier Combo,0.81
268,user_0268,Golgari Insidious Roots,Golgari Insidious Roots,1.23
268,user_0268,Orzhov Midrange,Orzhov Midrange,1.43
268,user_0268,Boros Burn,Boros Burn,1.05
268,user_0268,Boros Mice,Boros Mice,1.33
268,user_0268,Simic Aggro,Simic Aggro,1.05
268,user_0268,Esper Self-Bounce,Esper Self-Bounce,1.02
268,user_0268,Golgari Midrange (2),Golgari Midrange,1.85
268,user_0268,Bant Omniscience,Bant Omniscience,0.88
268,user_0268,Mardu Dragons,Mardu Dragons,1.17
268,user_0268,Mono-Red Aggro,Mono-Red Aggro,3.42
268,user_0268,Dimir Control,Dimir Control,0.8
268,user_0268,Simic Landfall,Simic Landfall,1.13
268,user_0268,Boros Manufacturing,Boros Manufacturing,0.43
268,user_0268,Abzan Insidious Roots,Abzan Insidious Roots,1.28
268,user_0268,Mono-Red Leyline Aggro,Mono-Red Leyline Aggro,0.35
268,user_0268,Abzan Midrange,Abzan Midrange,1.57
268,user_0268,Gruul Random Encounter,Gruul Random Encounter,0.74
268,user_0268,Sultai Graveyard,Sultai Graveyard,1.32
268,user_0268,Jeskai Control,Jeskai Control,3.12
268,user_0268,Boros Leyline Aggro,Boros Leyline Aggro,1.66
268,user_0268,Sultai Control,Sultai Control,1.19
268,user_0268,Izzet Prowess,Izzet Prowess,2.36
268,user_0268,Selesnya Landfall,Selesnya Landfall,1.6
268,user_0268,Gruul Aggro,Gruul Aggro,1.0
268,user_0268,Lifegain,Lifegain,0.53
268,user_0268,Gruul Leyline Aggro,Gruul Leyline Aggro,1.28
269,user_0269,Boros Aggro,Boros Aggro,1.0
269,user_0269,Lifegain,Lifegain,1.91
269,user_0269,Gruul Aggro,Gruul Aggro,0.56
269,user_0269,4c Omniscience,4c Omniscience,0.97
269,user_0269,Gruul Random Encounter,Gruul Random Encounter,0.98
269,user_0269,Mardu Dragons,Mardu Dragons,1.5
269,user_0269,Naya Yuna,Naya Yuna,1.02
269,user_0269,Jeskai Control,Jeskai Control,2.88
269,user_0269,Temur Battlecrier Combo,Temur Battlecrier Combo,1.25
269,user_0269,Boros Manufacturing,Boros Manufacturing,1.17
269,user_0269,Grixis Leyline,Grixis Leyline,1.15
269,user_0269,Temur Lessons,Temur Lessons,1.31
269,user_0269,Orzhov Midrange,Orzhov Midrange,1.82
269,user_0269,Azorius Control,Azorius Control,0.95
269,user_0269,Boros Burn,Boros Burn,0.81
269,user_0269,Boros Dragons,Boros Dragons,0.7
269,user_0269,Jeskai Looting,Jeskai Looting,1.4
269,user_0269,Izzet Prowess,Izzet Prowess,2.14
269,user_0269,Dimir Control,Dimir Control,1.26
269,user_0269,Izzet,Izzet,1.37
269,user_0269,Rakdos Aggro,Rakdos Aggro,0.98
269,user_0269,Jeskai Artifacts,Jeskai Artifacts,1.08
270,user_0270,Sultai Graveyard,Sultai Graveyard,1.19
270,user_0270,4c Reanimator,4c Reanimator,2.47
270,user_0270,Temur Battlecrier Combo,Temur Battlecrier Combo,0.58
270,user_0270,Temur Floodcaller Combo,Temur Floodcaller Combo,1.36
270,user_0270,Boros Token Control,Boros Token Control,0.54
270,user_0270,Simic Aggro,Simic Aggro,1.11
270,user_0270,Dimir Bounce,Dimir Bounce,1.25
270,user_0270,4c Control,4c Control,1.16
270,user_0270,Mono-Black Midrange,Mono-Black Midrange,1.63
270,user_0270,Temur Lessons,Temur Lessons,1.43
270,user_0270,Izzet Omniscience,Izzet Omniscience,0.91
270,user_0270,Jeskai Self-Bounce,Jeskai Self-Bounce,1.02
270,user_0270,Boros Mice,Boros Mice,0.68
270,user_0270,Golgari Midrange (2),Golgari Midrange,1.81
270,user_0270,Sultai Control,Sultai Control,1.31
270,user_0270,4c Omniscience,4c Omniscience,1.22
270,user_0270,Mono-Red Aggro,Mono-Red Aggro,3.8
270,user_0270,Grixis Leyline,Grixis Leyline,1.43
270,user_0270,Dimir Midrange,Dimir Midrange,4.07
270,user_0270,Izzet Looting,Izzet Looting,3.0
270,user_0270,Gruul Random Encounter,Gruul Random Encounter,1.13
270,user_0270,Rakdos Aggro,Rakdos Aggro,1.63
270,user_0270,4c Kona,4c Kona,0.92
270,user_0270,Bant Airbending Combo,Bant Airbending Combo,1.89
270,user_0270,Gruul Leyline Aggro,Gruul Leyline Aggro,0.66
270,user_0270,Golgari Midrange,Golgari Midrange,2.25
270,user_0270,Boros Aggro,Boros Aggro,1.7
270,user_0270,5c Reanimator,5c Reanimator,1.46
270,user_0270,Boros Leyline Aggro,Boros Leyline Aggro,1.13
270,user_0270,Jeskai Looting,Jeskai Looting,0.41
270,user_0270,Boros Manufacturing,Boros Manufacturing,1.8
270,user_0270,Sultai Reanimator,Sultai Reanimator,1.26
270,user_0270,Rakdos Sacrifice,Rakdos Sacrifice,0.8
270,user_0270,Simic Omniscience,Simic Omniscience,1.36
270,user_0270,Abzan Midrange,Abzan Midrange,1.74
270,user_0270,Simic Landfall,Simic Landfall,0.54
270,user_0270,Grixis Artifacts,Grixis Artifacts,1.17
270,user_0270,Lifegain,Lifegain,1.26
270,user_0270,Jund Aggro,Jund Aggro,0.6
270,user_0270,Esper Self-Bounce,Esper Self-Bounce,1.47
270,user_0270,4c Insidious Roots (2),4c Insidious Roots,0.88
271,user_0271,Izzet Prowess,Izzet Prowess,1.53
271,user_0271,Selesnya Landfall,Selesnya Landfall,1.29
271,user_0271,Bant Airbending Combo,Bant Airbending Combo,1.21
271,user_0271,4c Insidious Roots (2),4c Insidious Roots,1.27
271,user_0271,4c Artifacts,4c Artifacts,1.16
271,user_0271,Izzet Midrange,Izzet Midrange,1.9
271,user_0271,Izzet,Izzet,1.22
271,user_0271,Orzhov Midrange,Orzhov Midrange,2.1
271,user_0271,Dimir Bounce,Dimir Bounce,1.36
271,user_0271,Izzet Aggro,Izzet Aggro,1.16
271,user_0271,Mono-White Tokens,Mono-White Tokens,1.13
271,user_0271,Sultai Graveyard,Sultai Graveyard,1.09
271,user_0271,Naya Yuna,Naya Yuna,1.12
271,user_0271,Mono-Black Midrange,Mono-Black Midrange,1.35
271,user_0271,4c Omniscience,4c Omniscience,1.03
271,user_0271,Golgari Dragons,Golgari Dragons,0.79
271,user_0271,Rakdos Sacrifice,Rakdos Sacrifice,1.1
271,user_0271,Orzhov Self-Bounce,Orzhov Self-Bounce,0.49
271,user_0271,Simic Aggro,Simic Aggro,1.59
271,user_0271,Lifegain,Lifegain,0.75
271,user_0271,4c Insidious Roots,4c Insidious Roots,1.17
271,user_0271,Gruul Leyline Aggro,Gruul Leyline Aggro,1.14
271,user_0271,Jeskai Control,Jeskai Control,3.35
271,user_0271,Boros Burn,Boros Burn,0.72
271,user_0271,Temur Floodcaller Combo,Temur Floodcaller Combo,1.31
271,user_0271,Mono-Red Leyline Aggro,Mono-Red Leyline Aggro,1.41
271,user_0271,Jeskai Looting,Jeskai Looting,0.79
271,user_0271,Bant Omniscience,Bant Omniscience,0.46
271,user_0271,Boros Leyline Aggro,Boros Leyline Aggro,0.84
271,user_0271,Izzet Omniscience,Izzet Omniscience,1.19
271,user_0271,Boros Dragons,Boros Dragons,1.24
271,user_0271,Boros Mice,Boros Mice,0.54
271,user_0271,Sultai Control,Sultai Control,0.72
271,user_0271,Sultai Reanimator,Sultai Reanimator,0.71
271,user_0271,Temur Battlecrier Combo,Temur Battlecrier Combo,1.12
271,user_0271,Jeskai Self-Bounce,Jeskai Self-Bounce,1.27
271,user_0271,Mono-Red Aggro,Mono-Red Aggro,3.11
271,user_0271,Abzan Midrange,Abzan Midrange,1.54
271,user_0271,Dimir Control,Dimir Control,1.32
271,user_0271,Simic Omniscience,Simic Omniscience,1.2
271,user_0271,4c Kona,4c Kona,0.74
271,user_0271,Gruul Aggro,Gruul Aggro,1.19
271,user_0271,Boros Aggro,Boros Aggro,1.61
271,user_0271,Mardu Dragons,Mardu Dragons,1.11
271,user_0271,Gruul Delirium,Gruul Delirium,1.25
271,user_0271,Azorius Control,Azorius Control,1.22
271,user_0271,Esper Self-Bounce,Esper Self-Bounce,0.98
271,user_0271,Orzhov Control,Orzhov Control,1.3
271,user_0271,Golgari Insidious Roots,Golgari Insidious Roots,0.94
271,user_0271,Abzan Insidious Roots,Abzan Insidious Roots,1.18
271,user_0271,Simic Midrange,Simic Midrange,1.81
271,user_0271,Gruul Random Encounter,Gruul Random Encounter,0.38
272,user_0272,Grixis Leyline,Grixis Leyline,0.75
272,user_0272,Boros Aggro,Boros Aggro,1.11
272,user_0272,Temur Battlecrier Combo,Temur Battlecrier Combo,1.95
272,user_0272,Dimir Bounce,Dimir Bounce,1.31
272,user_0272,Orzhov Self-Bounce,Orzhov Self-Bounce,0.93
272,user_0272,4c Kona,4c Kona,0.99
272,user_0272,Simic Landfall,Simic Landfall,0.97
272,user_0272,Simic Aggro,Simic Aggro,1.23
272,user_0272,Mono-White Tokens,Mono-White Tokens,1.14
272,user_0272,Esper Self-Bounce,Esper Self-Bounce,0.54
272,user_0272,Gruul Delirium,Gruul Delirium,0.92
272,user_0272,Gruul Random Encounter,Gruul Random Encounter,1.0
272,user_0272,Mardu Dragons,Mardu Dragons,0.98
272,user_0272,Azorius Control,Azorius Control,1.18
272,user_0272,Sultai Control,Sultai Control,1.33
272,user_0272,Dimir Midrange,Dimir Midrange,3.62
272,user_0272,Lifegain,Lifegain,0.79
272,user_0272,Izzet Omniscience,Izzet Omniscience,1.13
272,user_0272,Temur Floodcaller Combo,Temur Floodcaller Combo,2.0
272,user_0272,Jund Aggro,Jund Aggro,0.42
272,user_0272,4c Control,4c Control,1.07
272,user_0272,4c Omniscience,4c Omniscience,0.94
272,user_0272,Abzan Midrange,Abzan Midrange,0.4
272,user_0272,Jeskai Self-Bounce,Jeskai Self-Bounce,0.97
272,user_0272,Simic Omniscience,Simic Omniscience,1.08
272,user_0272,Boros Leyline Aggro,Boros Leyline Aggro,0.95
272,user_0272,Izzet Prowess,Izzet Prowess,2.09
272,user_0272,Mono-Black Midrange,Mono-Black Midrange,1.03
272,user_0272,4c Artifacts,4c Artifacts,1.19
272,user_0272,4c Insidious Roots (2),4c Insidious Roots,0.89
272,user_0272,Golgari Midrange (2),Golgari Midrange,1.13
272,user_0272,Izzet Looting,Izzet Looting,2.52
272,user_0272,4c Reanimator,4c Reanimator,2.31
272,user_0272,Jeskai Control,Jeskai Control,2.41
272,user_0272,Orzhov Midrange,Orzhov Midrange,1.35
272,user_0272,5c Reanimator,5c Reanimator,0.99
272,user_0272,Naya Yuna,Naya Yuna,1.57
272,user_0272,Orzhov Control,Orzhov Control,1.62
272,user_0272,Grixis Artifacts,Grixis Artifacts,1.11
272,user_0272,Bant Airbending Combo,Bant Airbending Combo,1.48
272,user_0272,Boros Token Control,Boros Token Control,1.13
272,user_0272,Boros Mice,Boros Mice,0.72
273,user_0273,Dimir Control,Dimir Control,1.05
273,user_0273,Jeskai Artifacts,Jeskai Artifacts,0.72
273,user_0273,Mono-Red Leyline Aggro,Mono-Red Leyline Aggro,1.56
273,user_0273,Bant Omniscience,Bant Omniscience,0.92
273,user_0273,Golgari Insidious Roots,Golgari Insidious Roots,1.18
273,user_0273,Simic Midrange,Simic Midrange,0.81
273,user_0273,Selesnya Landfall,Selesnya Landfall,1.23
273,user_0273,Boros Dragons,Boros Dragons,1.55
273,user_0273,Boros Leyline Aggro,Boros Leyline Aggro,1.49
273,user_0273,Grixis Leyline,Grixis Leyline,0.78
273,user_0273,Sultai Reanimator,Sultai Reanimator,0.89
273,user_0273,Simic Aggro,Simic Aggro,2.0
273,user_0273,Jeskai Self-Bounce,Jeskai Self-Bounce,1.31
273,user_0273,Izzet Aggro,Izzet Aggro,1.1
273,user_0273,Temur Kona,Temur Kona,1.49
273,user_0273,Mono-Red Aggro,Mono-Red Aggro,3.51
273,user_0273,Boros Burn,Boros Burn,0.92
273,user_0273,4c Control,4c Control,0.94
273,user_0273,Abzan Insidious Roots,Abzan Insidious Roots,1.67
273,user_0273,4c Kona,4c Kona,1.16
273,user_0273,Dimir Bounce,Dimir Bounce,0.95
273,user_0273,Jund Aggro,Jund Aggro,1.45
273,user_0273,Gruul Leyline Aggro,Gruul Leyline Aggro,1.74
273,user_0273,Izzet,Izzet,1.21
273,user_0273,Orzhov Self-Bounce,Orzhov Self-Bounce,0.99
273,user_0273,Mardu Dragons,Mardu Dragons,0.83
274,user_0274,Orzhov Midrange,Orzhov Midrange,1.51
274,user_0274,Gruul Leyline Aggro,Gruul Leyline Aggro,1.19
274,user_0274,Gruul Delirium,Gruul Delirium,1.1
274,user_0274,Orzhov Control,Orzhov Control,0.64
274,user_0274,Boros Burn,Boros Burn,1.13
274,user_0274,Simic Aggro,Simic Aggro,1.28
274,user_0274,4c Omniscience,4c Omniscience,1.36
274,user_0274,Jund Aggro,Jund Aggro,1.46
274,user_0274,4c Insidious Roots,4c Insidious Roots,0.69
274,user_0274,Temur Lessons,Temur Lessons,1.39
274,user_0274,Selesnya Landfall,Selesnya Landfall,1.59
274,user_0274,Boros Dragons,Boros Dragons,1.52
274,user_0274,Mono-Green Landfall,Mono-Green Landfall,1.58
274,user_0274,Mono-White Tokens,Mono-White Tokens,1.89
274,user_0274,Izzet,Izzet,1.39
274,user_0274,Gruul Aggro,Gruul Aggro,0.71
274,user_0274,Izzet Omniscience,Izzet Omniscience,0.93
274,user_0274,Simic Landfall,Simic Landfall,0.87
274,user_0274,Boros Manufacturing,Boros Manufacturing,1.3
274,user_0274,Golgari Midrange,Golgari Midrange,1.75
274,user_0274,5c Reanimator,5c Reanimator,1.27
274,user_0274,4c Kona,4c Kona,1.08
274,user_0274,Boros Mice,Boros Mice,0.38
274,user_0274,4c Control,4c Control,1.31
274,user_0274,Mono-Red Leyline Aggro,Mono-Red Leyline Aggro,0.66
274,user_0274,Grixis Leyline,Grixis Leyline,0.94
274,user_0274,Izzet Midrange,Izzet Midrange,1.26
274,user_0274,Naya Yuna,Naya Yuna,0.96
274,user_0274,Dimir Midrange,Dimir Midrange,3.51
274,user_0274,Jeskai Self-Bounce,Jeskai Self-Bounce,0.77
274,user_0274,Dimir Bounce,Dimir Bounce,1.08
274,user_0274,Golgari Dragons,Golgari Dragons,1.58
274,user_0274,Jeskai Control,Jeskai Control,3.29
274,user_0274,Abzan Midrange,Abzan Midrange,1.26
274,user_0274,Temur Floodcaller Combo,Temur Floodcaller Combo,1.83
274,user_0274,Golgari Midrange (2),Golgari Midrange,0.59
274,user_0274,Bant Airbending Combo,Bant Airbending Combo,1.39
274,user_0274,Sultai Reanimator,Sultai Reanimator,1.01
274,user_0274,Rakdos Aggro,Rakdos Aggro,1.35
274,user_0274,Golgari Insidious Roots,Golgari Insidious Roots,1.16
274,user_0274,4c Insidious Roots (2),4c Insidious Roots,1.25
274,user_0274,Mono-Red Aggro,Mono-Red Aggro,3.35
275,user_0275,Gruul Delirium,Gruul Delirium,1.21
275,user_0275,Dimir Bounce,Dimir Bounce,0.83
275,user_0275,Abzan Midrange,Abzan Midrange,0.8
275,user_0275,Boros Leyline Aggro,Boros Leyline Aggro,0.64
275,user_0275,Lifegain,Lifegain,1.09
275,user_0275,Mono-Red Aggro,Mono-Red Aggro,3.05
275,user_0275,Mono-Green Landfall,Mono-Green Landfall,1.95
275,user_0275,Simic Aggro,Simic Aggro,1.29
275,user_0275,Izzet,Izzet,0.86
275,user_0275,Bant Airbending Combo,Bant Airbending Combo,0.99
275,user_0275,Golgari Insidious Roots,Golgari Insidious Roots,0.96
275,user_0275,Temur Lessons,Temur Lessons,1.27
275,user_0275,4c Insidious Roots,4c Insidious Roots,0.89
275,user_0275,Selesnya Landfall,Selesnya Landfall,1.21
275,user_0275,Jeskai Self-Bounce,Jeskai Self-Bounce,0.73
275,user_0275,Abzan Insidious Roots,Abzan Insidious Roots,1.02
275,user_0275,Boros Token Control,Boros Token Control,1.55
275,user_0275,Boros Manufacturing,Boros Manufacturing,0.83
275,user_0275,4c Control,4c Control,1.39
275,user_0275,Mardu Dragons,Mardu Dragons,1.1
275,user_0275,Temur Battlecrier Combo,Temur Battlecrier Combo,1.16
275,user_0275,Dimir Midrange,Dimir Midrange,3.45
275,user_0275,Boros Burn,Boros Burn,0.81
275,user_0275,Sultai Reanimator,Sultai Reanimator,1.98
275,user_0275,4c Kona,4c Kona,0.41
275,user_0275,Gruul Aggro,Gruul Aggro,1.26
275,user_0275,5c Reanimator,5c Reanimator,1.29
275,user_0275,Boros Dragons,Boros Dragons,0.48
275,user_0275,Jeskai Artifacts,Jeskai Artifacts,1.44
275,user_0275,Gruul Leyline Aggro,Gruul Leyline Aggro,1.02
275,user_0275,Jund Aggro,Jund Aggro,0.83
275,user_0275,Orzhov Control,Orzhov Control,1.82
275,user_0275,Naya Yuna,Naya Yuna,0.43
276,user_0276,Dimir Midrange,Dimir Midrange,3.34
276,user_0276,Simic Omniscience,Simic Omniscience,1.64
276,user_0276,Lifegain,Lifegain,0.94
276,user_0276,Izzet Omniscience,Izzet Omniscience,0.45
276,user_0276,Simic Landfall,Simic Landfall,1.04
276,user_0276,Sultai Graveyard,Sultai Graveyard,1.26
276,user_0276,Sultai Reanimator,Sultai Reanimator,1.31
276,user_0276,Jund Aggro,Jund Aggro,1.52
276,user_0276,Temur Battlecrier Combo,Temur Battlecrier Combo,0.93
276,user_0276,Izzet Aggro,Izzet Aggro,0.94
276,user_0276,Orzhov Midrange,Orzhov Midrange,1.18
276,user_0276,Orzhov Self-Bounce,Orzhov Self-Bounce,1.56
276,user_0276,Dimir Control,Dimir Control,2.14
276,user_0276,Golgari Midrange,Golgari Midrange,1.06
276,user_0276,Temur Lessons,Temur Lessons,1.79
276,user_0276,Boros Aggro,Boros Aggro,1.19
276,user_0276,Gruul Random Encounter,Gruul Random Encounter,0
276,user_0276,Grixis Artifacts,Grixis Artifacts,1.2
276,user_0276,Bant Omniscience,Bant Omniscience,0.95
276,user_0276,Golgari Midrange (2),Golgari Midrange,1.08
276,user_0276,Naya Yuna,Naya Yuna,1.29
276,user_0276,Jeskai Control,Jeskai Control,3.78
276,user_0276,Mono-Green Landfall,Mono-Green Landfall,1.59
276,user_0276,Boros Dragons,Boros Dragons,1.3
276,user_0276,Izzet Looting,Izzet Looting,2.55
276,user_0276,4c Reanimator,4c Reanimator,2.59
276,user_0276,Boros Manufacturing,Boros Manufacturing,0.94
276,user_0276,Sultai Control,Sultai Control,2.02
276,user_0276,Boros Burn,Boros Burn,1.11
276,user_0276,Boros Leyline Aggro,Boros Leyline Aggro,0.74
276,user_0276,Izzet Lessons,Izzet Lessons,4.35
276,user_0276,Gruul Aggro,Gruul Aggro,1.59
276,user_0276,Esper Self-Bounce,Esper Self-Bounce,1.42
276,user_0276,Abzan Midrange,Abzan Midrange,0.9
276,user_0276,4c Omniscience,4c Omniscience,1.31
276,user_0276,Izzet Prowess,Izzet Prowess,2.2
276,user_0276,Mono-Black Midrange,Mono-Black Midrange,0.61
276,user_0276,Jeskai Self-Bounce,Jeskai Self-Bounce,0.97
276,user_0276,Izzet,Izzet,0.52
276,user_0276,4c Kona,4c Kona,0.86
276,user_0276,Mardu Dragons,Mardu Dragons,0.56
276,user_0276,Mono-Red Leyline Aggro,Mono-Red Leyline Aggro,0.72
276,user_0276,Grixis Leyline,Grixis Leyline,0.81
276,user_0276,Mono-White Tokens,Mono-White Tokens,0.72
276,user_0276,5c Reanimator,5c Reanimator,1.18
276,user_0276,Golgari Insidious Roots,Golgari Insidious Roots,0.86
276,user_0276,Boros Mice,Boros Mice,1.02
276,user_0276,Simic Midrange,Simic Midrange,1.19
276,user_0276,Temur Floodcaller Combo,Temur Floodcaller Combo,0.89
276,user_0276,Rakdos Sacrifice,Rakdos Sacrifice,0.99
276,user_0276,Gruul Leyline Aggro,Gruul Leyline Aggro,1.19
276,user_0276,Golgari Dragons,Golgari Dragons,1.44
276,user_0276,Gruul Delirium,Gruul Delirium,1.74
276,user_0276,Izzet Midrange,Izzet Midrange,1.37
276,user_0276,Temur Kona,Temur Kona,1.28
277,user_0277,Boros Dragons,Boros Dragons,0.96
277,user_0277,Bant Airbending Combo,Bant Airbending Combo,2.18
277,user_0277,Temur Battlecrier Combo,Temur Battlecrier Combo,1.07
277,user_0277,Grixis Leyline,Grixis Leyline,0.55
277,user_0277,Sultai Graveyard,Sultai Graveyard,1.24
277,user_0277,Dimir Control,Dimir Control,0.69
277,user_0277,Golgari Midrange,Golgari Midrange,1.61
277,user_0277,4c Reanimator,4c Reanimator,2.29
277,user_0277,Naya Yuna,Naya Yuna,1.9
277,user_0277,Lifegain,Lifegain,1.12
277,user_0277,Sultai Control,Sultai Control,0.31
277,user_0277,Dimir Midrange,Dimir Midrange,4.04
277,user_0277,Boros Burn,Boros Burn,0.86
277,user_0277,Abzan Insidious Roots,Abzan Insidious Roots,2.12
277,user_0277,Jeskai Artifacts,Jeskai Artifacts,1.48
277,user_0277,Rakdos Sacrifice,Rakdos Sacrifice,1.31
277,user_0277,Simic Aggro,Simic Aggro,1.72
277,user_0277,Bant Omniscience,Bant Omniscience,1.81
277,user_0277,Simic Landfall,Simic Landfall,0.56
277,user_0277,Temur Kona,Temur Kona,1.18
277,user_0277,Grixis Artifacts,Grixis Artifacts,1.25
277,user_0277,4c Omniscience,4c Omniscience,1.27
277,user_0277,Gruul Leyline Aggro,Gruul Leyline Aggro,1.52
277,user_0277,Golgari Midrange (2),Golgari Midrange,1.29
277,user_0277,Simic Omniscience,Simic Omniscience,0.95
277,user_0277,Izzet,Izzet,0.96
277,user_0277,Izzet Looting,Izzet Looting,2.47
277,user_0277,Izzet Midrange,Izzet Midrange,2.12
277,user_0277,Mardu Dragons,Mardu Dragons,1.03
277,user_0277,Boros Manufacturing,Boros Manufacturing,1.11
278,user_0278,Sultai Graveyard,Sultai Graveyard,1.23
278,user_0278,Orzhov Control,Orzhov Control,1.75
278,user_0278,Izzet Aggro,Izzet Aggro,0.98
278,user_0278,Rakdos Sacrifice,Rakdos Sacrifice,0.7
278,user_0278,4c Kona,4c Kona,0.87
278,user_0278,Jeskai Artifacts,Jeskai Artifacts,1.36
278,user_0278,Dimir Control,Dimir Control,0.86
278,user_0278,Mono-Black Midrange,Mono-Black Midrange,0.97
278,user_0278,Dimir Midrange,Dimir Midrange,3.76
278,user_0278,Gruul Random Encounter,Gruul Random Encounter,1.18
278,user_0278,Gruul Delirium,Gruul Delirium,1.06
278,user_0278,Naya Yuna,Naya Yuna,0.88
278,user_0278,Golgari Insidious Roots,Golgari Insidious Roots,1.77
278,user_0278,Azorius Control,Azorius Control,1.31
278,user_0278,4c Control,4c Control,1.63
278,user_0278,Golgari Midrange (2),Golgari Midrange,0.66
278,user_0278,Orzhov Midrange,Orzhov Midrange,1.89
278,user_0278,Dimir Bounce,Dimir Bounce,0.76
278,user_0278,Jeskai Self-Bounce,Jeskai Self-Bounce,1.02
278,user_0278,Selesnya Landfall,Selesnya Landfall,1.69
278,user_0278,Boros Leyline Aggro,Boros Leyline Aggro,1.54
278,user_0278,4c Insidious Roots (2),4c Insidious Roots,1.0
279,user_0279,Mardu Dragons,Mardu Dragons,1.15
279,user_0279,Izzet Looting,Izzet Looting,2.07
279,user_0279,Rakdos Aggro,Rakdos Aggro,1.31
279,user_0279,Gruul Delirium,Gruul Delirium,0.82
279,user_0279,Boros Mice,Boros Mice,1.63
279,user_0279,4c Insidious Roots (2),4c Insidious Roots,0.71
279,user_0279,Jeskai Control,Jeskai Control,4.27
279,user_0279,4c Omniscience,4c Omniscience,1.29
279,user_0279,Simic Midrange,Simic Midrange,1.04
279,user_0279,Abzan Insidious Roots,Abzan Insidious Roots,1.32
279,user_0279,Boros Leyline Aggro,Boros Leyline Aggro,0.44
279,user_0279,Orzhov Midrange,Orzhov Midrange,0.6
279,user_0279,Gruul Leyline Aggro,Gruul Leyline Aggro,1.68
279,user_0279,Boros Burn,Boros Burn,1.02
279,user_0279,Simic Landfall,Simic Landfall,1.12
279,user_0279,Dimir Bounce,Dimir Bounce,0.66
279,user_0279,Lifegain,Lifegain,1.13
279,user_0279,Azorius Control,Azorius Control,1.2
279,user_0279,Bant Omniscience,Bant Omniscience,1.08
279,user_0279,Mono-Red Aggro,Mono-Red Aggro,2.96
279,user_0279,Izzet Lessons,Izzet Lessons,4.32
279,user_0279,Boros Dragons,Boros Dragons,1.18
279,user_0279,Dimir Control,Dimir Control,1.59
279,user_0279,Simic Omniscience,Simic Omniscience,1.02
279,user_0279,Izzet Omniscience,Izzet Omniscience,1.16
280,user_0280,Gruul Leyline Aggro,Gruul Leyline Aggro,1.37
280,user_0280,Izzet,Izzet,1.02
280,user_0280,Lifegain,Lifegain,0.68
280,user_0280,Izzet Prowess,Izzet Prowess,2.05
280,user_0280,4c Omniscience,4c Omniscience,0.98
280,user_0280,Temur Lessons,Temur Lessons,1.61
280,user_0280,Gruul Delirium,Gruul Delirium,1.38
280,user_0280,Mono-White Tokens,Mono-White Tokens,1.18
280,user_0280,Sultai Control,Sultai Control,1.25
280,user_0280,Bant Omniscience,Bant Omniscience,1.31
280,user_0280,Abzan Midrange,Abzan Midrange,0.54
280,user_0280,Dimir Control,Dimir Control,0.29
280,user_0280,Boros Token Control,Boros Token Control,0.99
280,user_0280,Selesnya Landfall,Selesnya Landfall,1.46
280,user_0280,Simic Aggro,Simic Aggro,1.73
280,user_0280,Golgari Insidious Roots,Golgari Insidious Roots,1.46
280,user_0280,Boros Mice,Boros Mice,1.1
280,user_0280,Golgari Midrange,Golgari Midrange,1.54
280,user_0280,4c Reanimator,4c Reanimator,1.84
280,user_0280,Boros Manufacturing,Boros Manufacturing,1.26
280,user_0280,4c Control,4c Control,1.31
280,user_0280,Orzhov Self-Bounce,Orzhov Self-Bounce,1.0
280,user_0280,Jeskai Artifacts,Jeskai Artifacts,1.3
280,user_0280,Azorius Control,Azorius Control,1.47
280,user_0280,Naya Yuna,Naya Yuna,0.66
280,user_0280,Izzet Midrange,Izzet Midrange,1.26
280,user_0280,Abzan Insidious Roots,Abzan Insidious Roots,1.41
280,user_0280,Temur Kona,Temur Kona,1.64
280,user_0280,Simic Midrange,Simic Midrange,1.09
280,user_0280,Simic Omniscience,Simic Omniscience,0.37
280,user_0280,Boros Aggro,Boros Aggro,1.92
280,user_0280,Orzhov Midrange,Orzhov Midrange,1.91
280,user_0280,Orzhov Control,Orzhov Control,0.63
281,user_0281,Golgari Midrange,Golgari Midrange,1.56
281,user_0281,Izzet,Izzet,0.91
281,user_0281,Boros Aggro,Boros Aggro,2.09
281,user_0281,Abzan Midrange,Abzan Midrange,1.01
281,user_0281,Lifegain,Lifegain,1.65
281,user_0281,Mono-Red Aggro,Mono-Red Aggro,3.42
281,user_0281,Simic Aggro,Simic Aggro,1.55
281,user_0281,Simic Omniscience,Simic Omniscience,0.77
281,user_0281,Golgari Insidious Roots,Golgari Insidious Roots,1.22
281,user_0281,Izzet Lessons,Izzet Lessons,4.16
281,user_0281,Boros Mice,Boros Mice,0.97
281,user_0281,Selesnya Landfall,Selesnya Landfall,1.48
281,user_0281,Jeskai Looting,Jeskai Looting,1.19
281,user_0281,Izzet Prowess,Izzet Prowess,2.3
281,user_0281,Golgari Dragons,Golgari Dragons,0.52
281,user_0281,Orzhov Self-Bounce,Orzhov Self-Bounce,0.8
281,user_0281,Sultai Control,Sultai Control,1.12
281,user_0281,Gruul Delirium,Gruul Delirium,0.89
281,user_0281,Jund Aggro,Jund Aggro,1.86
281,user_0281,Gruul Aggro,Gruul Aggro,1.36
281,user_0281,Bant Omniscience,Bant Omniscience,0.69
281,user_0281,Boros Dragons,Boros Dragons,1.8
281,user_0281,Sultai Reanimator,Sultai Reanimator,1.05
281,user_0281,Simic Midrange,Simic Midrange,0.73
281,user_0281,Grixis Artifacts,Grixis Artifacts,0.66
281,user_0281,Izzet Looting,Izzet Looting,2.16
281,user_0281,4c Kona,4c Kona,0.62
281,user_0281,Sultai Graveyard,Sultai Graveyard,1.35
281,user_0281,Azorius Control,Azorius Control,1.46
281,user_0281,4c Insidious Roots (2),4c Insidious Roots,0.56
281,user_0281,Dimir Midrange,Dimir Midrange,2.83
281,user_0281,Mono-Red Leyline Aggro,Mono-Red Leyline Aggro,1.9
281,user_0281,Dimir Control,Dimir Control,0.91
281,user_0281,Temur Kona,Temur Kona,1.63
281,user_0281,Orzhov Control,Orzhov Control,0.35
281,user_0281,Orzhov Midrange,Orzhov Midrange,1.49
281,user_0281,Gruul Random Encounter,Gruul Random Encounter,1.03
281,user_0281,4c Omniscience,4c Omniscience,1.01
281,user_0281,Boros Token Control,Boros Token Control,1.09
281,user_0281,Boros Burn,Boros Burn,1.28
281,user_0281,Simic Landfall,Simic Landfall,1.08
281,user_0281,Mono-Black Midrange,Mono-Black Midrange,0.51
281,user_0281,Gruul Leyline Aggro,Gruul Leyline Aggro,1.6
281,user_0281,Abzan Insidious Roots,Abzan Insidious Roots,1.15
281,user_0281,Jeskai Control,Jeskai Control,2.75
281,user_0281,Mono-White Tokens,Mono-White Tokens,1.08
281,user_0281,Dimir Bounce,Dimir Bounce,0.47
282,user_0282,Sultai Graveyard,Sultai Graveyard,0.36
282,user_0282,Jeskai Self-Bounce,Jeskai Self-Bounce,1.36
282,user_0282,Temur Battlecrier Combo,Temur Battlecrier Combo,1.03
282,user_0282,4c Reanimator,4c Reanimator,2.2
282,user_0282,4c Insidious Roots (2),4c Insidious Roots,1.01
282,user_0282,Selesnya Landfall,Selesnya Landfall,1.57
282,user_0282,Izzet Omniscience,Izzet Omniscience,1.01
282,user_0282,Mono-Black Midrange,Mono-Black Midrange,0.63
282,user_0282,Gruul Random Encounter,Gruul Random Encounter,1.32
282,user_0282,Izzet Lessons,Izzet Lessons,4.09
282,user_0282,Temur Floodcaller Combo,Temur Floodcaller Combo,1.53
282,user_0282,Gruul Aggro,Gruul Aggro,1.98
282,user_0282,Orzhov Self-Bounce,Orzhov Self-Bounce,0.97
282,user_0282,Temur Kona,Temur Kona,1.43
282,user_0282,Boros Aggro,Boros Aggro,1.37
282,user_0282,Boros Token Control,Boros Token Control,0.99
282,user_0282,Izzet Aggro,Izzet Aggro,1.41
282,user_0282,Esper Self-Bounce,Esper Self-Bounce,1.24
282,user_0282,Grixis Artifacts,Grixis Artifacts,0.88
282,user_0282,Naya Yuna,Naya Yuna,0.75
282,user_0282,Jeskai Looting,Jeskai Looting,0.82
282,user_0282,4c Omniscience,4c Omniscience,1.22
282,user_0282,4c Kona,4c Kona,0.65
282,user_0282,Orzhov Control,Orzhov Control,1.09
282,user_0282,Mono-White Tokens,Mono-White Tokens,1.12
282,user_0282,Sultai Control,Sultai Control,0.86
283,user_0283,Abzan Insidious Roots,Abzan Insidious Roots,1.22
283,user_0283,Jeskai Control,Jeskai Control,2.47
283,user_0283,Esper Self-Bounce,Esper Self-Bounce,1.38
283,user_0283,Golgari Dragons,Golgari Dragons,1.43
283,user_0283,4c Kona,4c Kona,1.3
283,user_0283,Boros Aggro,Boros Aggro,0.94
283,user_0283,4c Omniscience,4c Omniscience,1.7
283,user_0283,Golgari Insidious Roots,Golgari Insidious Roots,1.9
283,user_0283,Simic Midrange,Simic Midrange,1.96
283,user_0283,Mono-Black Midrange,Mono-Black Midrange,2.08
283,user_0283,Temur Kona,Temur Kona,1.34
283,user_0283,Golgari Midrange,Golgari Midrange,2.01
283,user_0283,Sultai Reanimator,Sultai Reanimator,1.85
283,user_0283,Orzhov Control,Orzhov Control,1.4
283,user_0283,Temur Battlecrier Combo,Temur Battlecrier Combo,1.13
283,user_0283,Orzhov Midrange,Orzhov Midrange,2.06
283,user_0283,Mono-White Tokens,Mono-White Tokens,0.77
283,user_0283,Mardu Dragons,Mardu Dragons,0.8
283,user_0283,Temur Lessons,Temur Lessons,1.38
283,user_0283,Selesnya Landfall,Selesnya Landfall,1.38
283,user_0283,Boros Dragons,Boros Dragons,1.16
283,user_0283,5c Reanimator,5c Reanimator,0.95
283,user_0283,Simic Landfall,Simic Landfall,1.17
283,user_0283,Rakdos Aggro,Rakdos Aggro,1.37
283,user_0283,Boros Burn,Boros Burn,1.0
283,user_0283,Temur Floodcaller Combo,Temur Floodcaller Combo,0.49
283,user_0283,Grixis Leyline,Grixis Leyline,1.31
283,user_0283,Boros Leyline Aggro,Boros Leyline Aggro,0.95
283,user_0283,Boros Token Control,Boros Token Control,0.58
283,user_0283,Dimir Bounce,Dimir Bounce,0.83
283,user_0283,Jeskai Self-Bounce,Jeskai Self-Bounce,1.1
283,user_0283,4c Insidious Roots (2),4c Insidious Roots,0.73
283,user_0283,Grixis Artifacts,Grixis Artifacts,1.0
283,user_0283,Jeskai Artifacts,Jeskai Artifacts,1.35
283,user_0283,Gruul Leyline Aggro,Gruul Leyline Aggro,1.18
283,user_0283,Jeskai Looting,Jeskai Looting,0.79
283,user_0283,Golgari Midrange (2),Golgari Midrange,1.21
283,user_0283,Abzan Midrange,Abzan Midrange,1.55
283,user_0283,Izzet Aggro,Izzet Aggro,1.23
283,user_0283,Mono-Red Leyline Aggro,Mono-Red Leyline Aggro,1.0
283,user_0283,Rakdos Sacrifice,Rakdos Sacrifice,1.14
283,user_0283,Simic Omniscience,Simic Omniscience,1.15
283,user_0283,Dimir Midrange,Dimir Midrange,3.53
284,user_0284,Temur Battlecrier Combo,Temur Battlecrier Combo,0.61
284,user_0284,Mono-Green Landfall,Mono-Green Landfall,1.38
284,user_0284,Dimir Midrange,Dimir Midrange,3.21
284,user_0284,Gruul Delirium,Gruul Delirium,1.07
284,user_0284,Orzhov Control,Orzhov Control,1.1
284,user_0284,Izzet Looting,Izzet Looting,2.72
284,user_0284,Sultai Reanimator,Sultai Reanimator,1.66
284,user_0284,Sultai Control,Sultai Control,1.1
284,user_0284,4c Insidious Roots (2),4c Insidious Roots,1.35
284,user_0284,Izzet Midrange,Izzet Midrange,1.51
284,user_0284,Lifegain,Lifegain,1.09
284,user_0284,Boros Leyline Aggro,Boros Leyline Aggro,1.67
284,user_0284,Temur Floodcaller Combo,Temur Floodcaller Combo,0.86
284,user_0284,Bant Airbending Combo,Bant Airbending Combo,1.28
284,user_0284,Grixis Leyline,Grixis Leyline,1.13
284,user_0284,Gruul Leyline Aggro,Gruul Leyline Aggro,1.22
284,user_0284,Simic Aggro,Simic Aggro,1.5
284,user_0284,Jeskai Looting,Jeskai Looting,0.82
284,user_0284,Temur Kona,Temur Kona,1.22
284,user_0284,Gruul Aggro,Gruul Aggro,0.73
284,user_0284,4c Omniscience,4c Omniscience,1.01
284,user_0284,4c Kona,4c Kona,0.73
284,user_0284,Dimir Control,Dimir Control,0.98
284,user_0284,Dimir Bounce,Dimir Bounce,0.99
284,user_0284,Abzan Insidious Roots,Abzan Insidious Roots,1.02
284,user_0284,Izzet Lessons,Izzet Lessons,3.77
284,user_0284,4c Artifacts,4c Artifacts,1.25
284,user_0284,4c Reanimator,4c Reanimator,2.33
284,user_0284,Azorius Control,Azorius Control,2.04
284,user_0284,Golgari Midrange (2),Golgari Midrange,1.62
284,user_0284,Esper Self-Bounce,Esper Self-Bounce,0.91
284,user_0284,Golgari Dragons,Golgari Dragons,1.31
284,user_0284,Jeskai Artifacts,Jeskai Artifacts,1.2
284,user_0284,Boros Dragons,Boros Dragons,1.54
284,user_0284,Jund Aggro,Jund Aggro,1.02
284,user_0284,Boros Manufacturing,Boros Manufacturing,1.12
284,user_0284,Bant Omniscience,Bant Omniscience,0.75
284,user_0284,Gruul Random Encounter,Gruul Random Encounter,1.61
284,user_0284,Boros Mice,Boros Mice,0.65
285,user_0285,Rakdos Sacrifice,Rakdos Sacrifice,1.38
285,user_0285,Golgari Dragons,Golgari Dragons,1.38
285,user_0285,Sultai Graveyard,Sultai Graveyard,2.31
285,user_0285,Orzhov Midrange,Orzhov Midrange,1.12
285,user_0285,Abzan Insidious Roots,Abzan Insidious Roots,1.58
285,user_0285,Esper Self-Bounce,Esper Self-Bounce,1.62
285,user_0285,Bant Airbending Combo,Bant Airbending Combo,1.43
285,user_0285,Boros Aggro,Boros Aggro,1.09
285,user_0285,Mono-White Tokens,Mono-White Tokens,1.54
285,user_0285,Abzan Midrange,Abzan Midrange,1.14
285,user_0285,4c Control,4c Control,0.88
285,user_0285,5c Reanimator,5c Reanimator,1.35
285,user_0285,Golgari Insidious Roots,Golgari Insidious Roots,1.62
285,user_0285,Mono-Black Midrange,Mono-Black Midrange,1.21
285,user_0285,Jund Aggro,Jund Aggro,1.39
285,user_0285,Gruul Leyline Aggro,Gruul Leyline Aggro,1.26
285,user_0285,Boros Burn,Boros Burn,1.29
285,user_0285,Selesnya Landfall,Selesnya Landfall,2.61
285,user_0285,Naya Yuna,Naya Yuna,1.23
285,user_0285,Temur Kona,Temur Kona,1.94
285,user_0285,Orzhov Control,Orzhov Control,0.61
285,user_0285,4c Insidious Roots (2),4c Insidious Roots,1.15
285,user_0285,4c Artifacts,4c Artifacts,1.78
285,user_0285,Lifegain,Lifegain,1.32
285,user_0285,Boros Dragons,Boros Dragons,1.46
285,user_0285,Rakdos Aggro,Rakdos Aggro,1.25
285,user_0285,Temur Battlecrier Combo,Temur Battlecrier Combo,1.0
285,user_0285,Izzet Prowess,Izzet Prowess,2.6
285,user_0285,Azorius Control,Azorius Control,1.14
285,user_0285,Izzet Midrange,Izzet Midrange,1.29
285,user_0285,Mardu Dragons,Mardu Dragons,1.41
286,user_0286,Boros Dragons,Boros Dragons,0.98
286,user_0286,Mono-Black Midrange,Mono-Black Midrange,0.98
286,user_0286,4c Insidious Roots,4c Insidious Roots,1.91
286,user_0286,Golgari Midrange (2),Golgari Midrange,1.09
286,user_0286,Gruul Random Encounter,Gruul Random Encounter,1.95
286,user_0286,Izzet Omniscience,Izzet Omniscience,1.84
286,user_0286,4c Reanimator,4c Reanimator,2.29
286,user_0286,Temur Floodcaller Combo,Temur Floodcaller Combo,1.05
286,user_0286,Grixis Artifacts,Grixis Artifacts,1.75
286,user_0286,4c Omniscience,4c Omniscience,1.31
286,user_0286,Dimir Midrange,Dimir Midrange,3.53
286,user_0286,Boros Burn,Boros Burn,1.74
286,user_0286,Golgari Dragons,Golgari Dragons,1.81
286,user_0286,Simic Midrange,Simic Midrange,1.09
286,user_0286,Sultai Reanimator,Sultai Reanimator,2.05
286,user_0286,Abzan Insidious Roots,Abzan Insidious Roots,1.51
286,user_0286,Boros Mice,Boros Mice,1.74
286,user_0286,Temur Kona,Temur Kona,2.29
286,user_0286,Gruul Aggro,Gruul Aggro,1.01
286,user_0286,Boros Aggro,Boros Aggro,1.56
286,user_0286,Orzhov Self-Bounce,Orzhov Self-Bounce,1.84
286,user_0286,Gruul Delirium,Gruul Delirium,1.68
286,user_0286,Izzet Lessons,Izzet Lessons,4.26
286,user_0286,Golgari Midrange,Golgari Midrange,1.61
286,user_0286,Orzhov Midrange,Orzhov Midrange,1.17
286,user_0286,Jeskai Self-Bounce,Jeskai Self-Bounce,1.63
286,user_0286,Selesnya Landfall,Selesnya Landfall,1.74
286,user_0286,Temur Battlecrier Combo,Temur Battlecrier Combo,1.12
286,user_0286,Simic Aggro,Simic Aggro,0.54
286,user_0286,Gruul Leyline Aggro,Gruul Leyline Aggro,1.36
287,user_0287,Esper Self-Bounce,Esper Self-Bounce,1.14
287,user_0287,Naya Yuna,Naya Yuna,1.43
287,user_0287,Abzan Insidious Roots,Abzan Insidious Roots,0.94
287,user_0287,5c Reanimator,5c Reanimator,1.03
287,user_0287,Sultai Graveyard,Sultai Graveyard,0.88
287,user_0287,Sultai Reanimator,Sultai Reanimator,1.05
287,user_0287,Mono-Green Landfall,Mono-Green Landfall,1.31
287,user_0287,Selesnya Landfall,Selesnya Landfall,1.48
287,user_0287,Boros Manufacturing,Boros Manufacturing,0.9
287,user_0287,Izzet Midrange,Izzet Midrange,0.95
287,user_0287,Temur Battlecrier Combo,Temur Battlecrier Combo,1.04
287,user_0287,4c Omniscience,4c Omniscience,0.57
287,user_0287,Izzet Omniscience,Izzet Omniscience,0.77
287,user_0287,Boros Leyline Aggro,Boros Leyline Aggro,1.05
287,user_0287,Abzan Midrange,Abzan Midrange,1.09
287,user_0287,Orzhov Midrange,Orzhov Midrange,1.8
287,user_0287,Simic Aggro,Simic Aggro,1.35
287,user_0287,Gruul Aggro,Gruul Aggro,0.73
287,user_0287,Jund Aggro,Jund Aggro,0.81
287,user_0287,Jeskai Artifacts,Jeskai Artifacts,1.09
287,user_0287,Golgari Insidious Roots,Golgari Insidious Roots,0.99
287,user_0287,Rakdos Aggro,Rakdos Aggro,1.36
287,user_0287,Gruul Leyline Aggro,Gruul Leyline Aggro,1.0
287,user_0287,Simic Landfall,Simic Landfall,0.83
287,user_0287,Boros Aggro,Boros Aggro,0.8
287,user_0287,Grixis Leyline,Grixis Leyline,1.06
287,user_0287,Temur Floodcaller Combo,Temur Floodcaller Combo,1.9
287,user_0287,Boros Dragons,Boros Dragons,1.18
287,user_0287,Dimir Control,Dimir Control,1.62
287,user_0287,Izzet Looting,Izzet Looting,2.73
287,user_0287,Orzhov Self-Bounce,Orzhov Self-Bounce,1.11
287,user_0287,Orzhov Control,Orzhov Control,1.03
287,user_0287,4c Reanimator,4c Reanimator,2.44
287,user_0287,Golgari Midrange,Golgari Midrange,1.24
287,user_0287,Temur Lessons,Temur Lessons,1.42
287,user_0287,Izzet Lessons,Izzet Lessons,4.41
287,user_0287,Golgari Dragons,Golgari Dragons,1.7
287,user_0287,Mono-Black Midrange,Mono-Black Midrange,1.11
287,user_0287,Mono-Red Leyline Aggro,Mono-Red Leyline Aggro,0.79
287,user_0287,Jeskai Self-Bounce,Jeskai Self-Bounce,0.64
287,user_0287,Simic Midrange,Simic Midrange,1.16
287,user_0287,Boros Token Control,Boros Token Control,0.76
287,user_0287,Mardu Dragons,Mardu Dragons,0.41
287,user_0287,Jeskai Control,Jeskai Control,3.22
287,user_0287,Boros Burn,Boros Burn,1.02
287,user_0287,4c Artifacts,4c Artifacts,0.7
287,user_0287,Izzet Prowess,Izzet Prowess,2.29
287,user_0287,Bant Airbending Combo,Bant Airbending Combo,1.59
287,user_0287,Grixis Artifacts,Grixis Artifacts,1.17
287,user_0287,Dimir Bounce,Dimir Bounce,1.43
288,user_0288,Izzet Looting,Izzet Looting,3.0
288,user_0288,Jund Aggro,Jund Aggro,1.38
288,user_0288,4c Omniscience,4c Omniscience,1.13
288,user_0288,Jeskai Self-Bounce,Jeskai Self-Bounce,1.24
288,user_0288,Boros Dragons,Boros Dragons,1.02
288,user_0288,Temur Floodcaller Combo,Temur Floodcaller Combo,1.45
288,user_0288,4c Kona,4c Kona,1.09
288,user_0288,Grixis Artifacts,Grixis Artifacts,1.2
288,user_0288,Boros Manufacturing,Boros Manufacturing,1.18
288,user_0288,Gruul Aggro,Gruul Aggro,1.07
288,user_0288,4c Insidious Roots,4c Insidious Roots,1.15
288,user_0288,5c Reanimator,5c Reanimator,0.81
288,user_0288,Dimir Bounce,Dimir Bounce,1.3
288,user_0288,Orzhov Self-Bounce,Orzhov Self-Bounce,1.48
288,user_0288,Boros Aggro,Boros Aggro,1.41
288,user_0288,Grixis Leyline,Grixis Leyline,1.28
288,user_0288,Simic Omniscience,Simic Omniscience,0.67
288,user_0288,Selesnya Landfall,Selesnya Landfall,1.84
288,user_0288,Izzet Aggro,Izzet Aggro,1.08
288,user_0288,Naya Yuna,Naya Yuna,0.54
288,user_0288,Mono-Red Aggro,Mono-Red Aggro,3.76
288,user_0288,Esper Self-Bounce,Esper Self-Bounce,0.43
288,user_0288,Boros Burn,Boros Burn,1.47
288,user_0288,Abzan Insidious Roots,Abzan Insidious Roots,1.65
288,user_0288,4c Reanimator,4c Reanimator,2.65
288,user_0288,Golgari Midrange,Golgari Midrange,1.48
288,user_0288,Bant Airbending Combo,Bant Airbending Combo,0.49
288,user_0288,Sultai Reanimator,Sultai Reanimator,1.52
288,user_0288,Dimir Control,Dimir Control,1.66
288,user_0288,Golgari Insidious Roots,Golgari Insidious Roots,1.34
288,user_0288,Simic Landfall,Simic Landfall,0.78
288,user_0288,Orzhov Midrange,Orzhov Midrange,1.07
288,user_0288,Mono-Green Landfall,Mono-Green Landfall,1.67
288,user_0288,Sultai Graveyard,Sultai Graveyard,1.64
288,user_0288,Mono-Red Leyline Aggro,Mono-Red Leyline Aggro,1.61
288,user_0288,Orzhov Control,Orzhov Control,0.91
288,user_0288,Boros Mice,Boros Mice,0.98
288,user_0288,Izzet Midrange,Izzet Midrange,1.17
289,user_0289,Izzet Aggro,Izzet Aggro,0.68
289,user_0289,4c Artifacts,4c Artifacts,1.01
289,user_0289,Temur Battlecrier Combo,Temur Battlecrier Combo,1.24
289,user_0289,Dimir Midrange,Dimir Midrange,3.23
289,user_0289,Orzhov Self-Bounce,Orzhov Self-Bounce,1.48
289,user_0289,Temur Kona,Temur Kona,1.42
289,user_0289,Sultai Reanimator,Sultai Reanimator,0.96
289,user_0289,Izzet,Izzet,1.22
289,user_0289,Izzet Midrange,Izzet Midrange,1.5
289,user_0289,Mono-Black Midrange,Mono-Black Midrange,1.05
289,user_0289,Azorius Control,Azorius Control,1.34
289,user_0289,Bant Airbending Combo,Bant Airbending Combo,2.04
289,user_0289,Grixis Artifacts,Grixis Artifacts,1.26
289,user_0289,Orzhov Midrange,Orzhov Midrange,1.51
289,user_0289,Sultai Graveyard,Sultai Graveyard,0.6
289,user_0289,Simic Aggro,Simic Aggro,1.28
289,user_0289,Simic Midrange,Simic Midrange,0.81
289,user_0289,Boros Aggro,Boros Aggro,1.16
289,user_0289,Simic Landfall,Simic Landfall,0.88
289,user_0289,Jeskai Looting,Jeskai Looting,0.94
289,user_0289,Mardu Dragons,Mardu Dragons,1.47
289,user_0289,Esper Self-Bounce,Esper Self-Bounce,1.43
289,user_0289,Golgari Midrange (2),Golgari Midrange,1.16
289,user_0289,Grixis Leyline,Grixis Leyline,0.92
289,user_0289,Lifegain,Lifegain,0.78
289,user_0289,Boros Leyline Aggro,Boros Leyline Aggro,0.6
290,user_0290,Boros Dragons,Boros Dragons,1.53
290,user_0290,Temur Floodcaller Combo,Temur Floodcaller Combo,0.92
290,user_0290,Azorius Control,Azorius Control,1.05
290,user_0290,Mono-White Tokens,Mono-White Tokens,1.02
290,user_0290,Boros Token Control,Boros Token Control,1.02
290,user_0290,Temur Battlecrier Combo,Temur Battlecrier Combo,1.07
290,user_0290,Golgari Midrange (2),Golgari Midrange,0.98
290,user_0290,5c Reanimator,5c Reanimator,1.4
290,user_0290,Naya Yuna,Naya Yuna,0.14
290,user_0290,Gruul Leyline Aggro,Gruul Leyline Aggro,1.44
290,user_0290,Dimir Midrange,Dimir Midrange,3.73
290,user_0290,Jeskai Artifacts,Jeskai Artifacts,1.23
290,user_0290,Sultai Graveyard,Sultai Graveyard,1.22
290,user_0290,Grixis Artifacts,Grixis Artifacts,0.23
290,user_0290,Orzhov Self-Bounce,Orzhov Self-Bounce,0.93
290,user_0290,Gruul Aggro,Gruul Aggro,1.46
290,user_0290,4c Control,4c Control,0.8
290,user_0290,Sultai Reanimator,Sultai Reanimator,1.76
290,user_0290,Izzet Looting,Izzet Looting,2.74
290,user_0290,Sultai Control,Sultai Control,0.55
290,user_0290,Mono-Green Landfall,Mono-Green Landfall,1.31
290,user_0290,Izzet Lessons,Izzet Lessons,4.49
290,user_0290,Rakdos Aggro,Rakdos Aggro,0.88
290,user_0290,Jeskai Self-Bounce,Jeskai Self-Bounce,0.81
290,user_0290,Izzet,Izzet,1.28
290,user_0290,Bant Airbending Combo,Bant Airbending Combo,1.37
290,user_0290,Simic Omniscience,Simic Omniscience,1.17
290,user_0290,Jund Aggro,Jund Aggro,1.53
290,user_0290,Jeskai Looting,Jeskai Looting,1.29
290,user_0290,Temur Kona,Temur Kona,1.67
290,user_0290,Golgari Insidious Roots,Golgari Insidious Roots,1.41
290,user_0290,Izzet Omniscience,Izzet Omniscience,1.25
290,user_0290,4c Artifacts,4c Artifacts,1.39
290,user_0290,4c Reanimator,4c Reanimator,1.79
290,user_0290,Mono-Red Aggro,Mono-Red Aggro,3.72
290,user_0290,Gruul Random Encounter,Gruul Random Encounter,1.13
290,user_0290,4c Insidious Roots,4c Insidious Roots,0.97
290,user_0290,Izzet Prowess,Izzet Prowess,1.81
290,user_0290,Dimir Control,Dimir Control,1.4
290,user_0290,Abzan Insidious Roots,Abzan Insidious Roots,1.28
290,user_0290,Simic Midrange,Simic Midrange,0.48
290,user_0290,4c Omniscience,4c Omniscience,1.16
290,user_0290,4c Kona,4c Kona,1.04
290,user_0290,Selesnya Landfall,Selesnya Landfall,2.36
290,user_0290,Boros Leyline Aggro,Boros Leyline Aggro,1.6
291,user_0291,Abzan Midrange,Abzan Midrange,0.89
291,user_0291,Mono-White Tokens,Mono-White Tokens,1.69
291,user_0291,Golgari Insidious Roots,Golgari Insidious Roots,1.27
291,user_0291,Orzhov Midrange,Orzhov Midrange,0.95
291,user_0291,Temur Kona,Temur Kona,2.45
291,user_0291,Abzan Insidious Roots,Abzan Insidious Roots,1.35
291,user_0291,4c Kona,4c Kona,1.42
291,user_0291,Boros Dragons,Boros Dragons,1.52
291,user_0291,Boros Token Control,Boros Token Control,1.11
291,user_0291,Temur Battlecrier Combo,Temur Battlecrier Combo,0.81
291,user_0291,Jeskai Artifacts,Jeskai Artifacts,2.12
291,user_0291,Esper Self-Bounce,Esper Self-Bounce,1.59
291,user_0291,Gruul Random Encounter,Gruul Random Encounter,1.7
291,user_0291,Jeskai Control,Jeskai Control,3.46
291,user_0291,Lifegain,Lifegain,1.22
291,user_0291,Izzet,Izzet,1.11
291,user_0291,Izzet Midrange,Izzet Midrange,0.99
291,user_0291,4c Omniscience,4c Omniscience,1.44
291,user_0291,Sultai Graveyard,Sultai Graveyard,1.56
291,user_0291,Golgari Dragons,Golgari Dragons,1.89
291,user_0291,4c Insidious Roots,4c Insidious Roots,1.51
291,user_0291,Golgari Midrange (2),Golgari Midrange,0.85
291,user_0291,Izzet Aggro,Izzet Aggro,0.83
291,user_0291,Izzet Lessons,Izzet Lessons,4.54
291,user_0291,Izzet Omniscience,Izzet Omniscience,1.57
292,user_0292,Golgari Midrange (2),Golgari Midrange,0.66
292,user_0292,Golgari Dragons,Golgari Dragons,1.0
292,user_0292,Mono-White Tokens,Mono-White Tokens,1.29
292,user_0292,Simic Midrange,Simic Midrange,1.14
292,user_0292,Gruul Aggro,Gruul Aggro,2.83
292,user_0292,Golgari Insidious Roots,Golgari Insidious Roots,0.86
292,user_0292,Simic Aggro,Simic Aggro,1.87
292,user_0292,Rakdos Aggro,Rakdos Aggro,2.04
292,user_0292,Gruul Random Encounter,Gruul Random Encounter,1.23
292,user_0292,Dimir Bounce,Dimir Bounce,0.63
292,user_0292,Sultai Graveyard,Sultai Graveyard,1.14
292,user_0292,Jund Aggro,Jund Aggro,1.91
292,user_0292,Gruul Delirium,Gruul Delirium,1.62
292,user_0292,Temur Floodcaller Combo,Temur Floodcaller Combo,1.56
292,user_0292,Jeskai Self-Bounce,Jeskai Self-Bounce,1.46
292,user_0292,Orzhov Midrange,Orzhov Midrange,1.65
292,user_0292,Simic Landfall,Simic Landfall,0.91
292,user_0292,Mono-Red Leyline Aggro,Mono-Red Leyline Aggro,1.74
292,user_0292,Azorius Control,Azorius Control,1.44
292,user_0292,Abzan Insidious Roots,Abzan Insidious Roots,1.57
292,user_0292,Izzet Omniscience,Izzet Omniscience,1.37
292,user_0292,Izzet,Izzet,0.78
292,user_0292,4c Artifacts,4c Artifacts,1.5
292,user_0292,Orzhov Self-Bounce,Orzhov Self-Bounce,1.12
292,user_0292,Sultai Control,Sultai Control,1.41
292,user_0292,Boros Aggro,Boros Aggro,2.26
292,user_0292,Dimir Midrange,Dimir Midrange,3.45
292,user_0292,Esper Self-Bounce,Esper Self-Bounce,1.32
292,user_0292,Boros Dragons,Boros Dragons,1.47
292,user_0292,Grixis Artifacts,Grixis Artifacts,1.74
292,user_0292,Naya Yuna,Naya Yuna,0.71
292,user_0292,Lifegain,Lifegain,1.12
292,user_0292,Sultai Reanimator,Sultai Reanimator,1.09
292,user_0292,Jeskai Artifacts,Jeskai Artifacts,1.37
292,user_0292,Dimir Control,Dimir Control,1.2
292,user_0292,Boros Manufacturing,Boros Manufacturing,1.34
292,user_0292,Mono-Red Aggro,Mono-Red Aggro,3.73
292,user_0292,4c Insidious Roots,4c Insidious Roots,0.76
292,user_0292,Simic Omniscience,Simic Omniscience,0.79
292,user_0292,Mono-Green Landfall,Mono-Green Landfall,1.68
292,user_0292,Temur Kona,Temur Kona,0.97
292,user_0292,5c Reanimator,5c Reanimator,1.19
292,user_0292,Jeskai Control,Jeskai Control,3.37
292,user_0292,Abzan Midrange,Abzan Midrange,0.84
292,user_0292,Selesnya Landfall,Selesnya Landfall,1.57
292,user_0292,Temur Lessons,Temur Lessons,1.49
292,user_0292,Izzet Prowess,Izzet Prowess,1.99
292,user_0292,Golgari Midrange,Golgari Midrange,1.76
292,user_0292,Boros Leyline Aggro,Boros Leyline Aggro,1.83
292,user_0292,4c Omniscience,4c Omniscience,1.42
293,user_0293,Gruul Leyline Aggro,Gruul Leyline Aggro,1.12
293,user_0293,Dimir Bounce,Dimir Bounce,0.28
293,user_0293,Gruul Delirium,Gruul Delirium,1.21
293,user_0293,Golgari Midrange,Golgari Midrange,1.62
293,user_0293,Izzet Prowess,Izzet Prowess,2.26
293,user_0293,Jeskai Looting,Jeskai Looting,1.12
293,user_0293,4c Artifacts,4c Artifacts,1.4
293,user_0293,Izzet Omniscience,Izzet Omniscience,1.15
293,user_0293,4c Insidious Roots (2),4c Insidious Roots,1.13
293,user_0293,Naya Yuna,Naya Yuna,1.28
293,user_0293,Boros Manufacturing,Boros Manufacturing,0.63
293,user_0293,Mono-Red Leyline Aggro,Mono-Red Leyline Aggro,1.67
293,user_0293,4c Omniscience,4c Omniscience,1.04
293,user_0293,Temur Floodcaller Combo,Temur Floodcaller Combo,1.69
293,user_0293,Sultai Graveyard,Sultai Graveyard,0.91
293,user_0293,Temur Kona,Temur Kona,1.27
293,user_0293,Gruul Aggro,Gruul Aggro,1.04
293,user_0293,Temur Battlecrier Combo,Temur Battlecrier Combo,1.68
293,user_0293,Temur Lessons,Temur Lessons,0.59
293,user_0293,Jeskai Self-Bounce,Jeskai Self-Bounce,1.05
293,user_0293,Mono-Black Midrange,Mono-Black Midrange,1.11
293,user_0293,Selesnya Landfall,Selesnya Landfall,2.03
293,user_0293,Dimir Control,Dimir Control,0.78
293,user_0293,4c Control,4c Control,0.88
293,user_0293,Jeskai Artifacts,Jeskai Artifacts,1.17
293,user_0293,Izzet Aggro,Izzet Aggro,1.11
293,user_0293,Grixis Leyline,Grixis Leyline,1.17
293,user_0293,Bant Omniscience,Bant Omniscience,0.96
293,user_0293,Simic Aggro,Simic Aggro,0.92
293,user_0293,Boros Dragons,Boros Dragons,1.25
293,user_0293,Grixis Artifacts,Grixis Artifacts,1.21
293,user_0293,Jund Aggro,Jund Aggro,1.12
293,user_0293,Izzet,Izzet,0.93
293,user_0293,Gruul Random Encounter,Gruul Random Encounter,1.27
293,user_0293,Simic Midrange,Simic Midrange,0.49
293,user_0293,Boros Burn,Boros Burn,1.09
293,user_0293,Golgari Midrange (2),Golgari Midrange,1.08
293,user_0293,Lifegain,Lifegain,1.06
293,user_0293,Boros Mice,Boros Mice,0.91
293,user_0293,Simic Landfall,Simic Landfall,1.4
293,user_0293,Rakdos Sacrifice,Rakdos Sacrifice,1.15
293,user_0293,Dimir Midrange,Dimir Midrange,3.5
293,user_0293,Boros Leyline Aggro,Boros Leyline Aggro,1.14
293,user_0293,Boros Aggro,Boros Aggro,0.8
293,user_0293,Mono-White Tokens,Mono-White Tokens,1.26
293,user_0293,Jeskai Control,Jeskai Control,3.27
293,user_0293,Golgari Dragons,Golgari Dragons,1.26
293,user_0293,Mardu Dragons,Mardu Dragons,0.24
293,user_0293,Mono-Green Landfall,Mono-Green Landfall,1.48
293,user_0293,Golgari Insidious Roots,Golgari Insidious Roots,1.59
294,user_0294,Rakdos Sacrifice,Rakdos Sacrifice,0.58
294,user_0294,Grixis Leyline,Grixis Leyline,1.16
294,user_0294,Sultai Control,Sultai Control,1.01
294,user_0294,Golgari Midrange,Golgari Midrange,1.42
294,user_0294,Simic Omniscience,Simic Omniscience,1.86
294,user_0294,Simic Midrange,Simic Midrange,1.09
294,user_0294,Izzet Midrange,Izzet Midrange,1.23
294,user_0294,Mardu Dragons,Mardu Dragons,1.57
294,user_0294,Rakdos Aggro,Rakdos Aggro,1.18
294,user_0294,Jeskai Control,Jeskai Control,3.02
294,user_0294,Lifegain,Lifegain,1.72
294,user_0294,Jeskai Artifacts,Jeskai Artifacts,1.84
294,user_0294,Izzet Lessons,Izzet Lessons,4.72
294,user_0294,4c Artifacts,4c Artifacts,1.28
294,user_0294,Dimir Control,Dimir Control,1.62
294,user_0294,Gruul Delirium,Gruul Delirium,2.01
294,user_0294,Orzhov Self-Bounce,Orzhov Self-Bounce,1.42
294,user_0294,Boros Token Control,Boros Token Control,0.88
294,user_0294,4c Omniscience,4c Omniscience,1.92
294,user_0294,Boros Leyline Aggro,Boros Leyline Aggro,0.69
294,user_0294,Izzet Looting,Izzet Looting,3.11
294,user_0294,Golgari Dragons,Golgari Dragons,1.81
294,user_0294,Temur Kona,Temur Kona,1.26
294,user_0294,Jeskai Self-Bounce,Jeskai Self-Bounce,2.25
294,user_0294,5c Reanimator,5c Reanimator,1.67
294,user_0294,Boros Dragons,Boros Dragons,1.91
294,user_0294,Mono-Red Aggro,Mono-Red Aggro,3.32
294,user_0294,Temur Floodcaller Combo,Temur Floodcaller Combo,0.67
294,user_0294,4c Control,4c Control,1.06
294,user_0294,Golgari Insidious Roots,Golgari Insidious Roots,1.67
294,user_0294,Selesnya Landfall,Selesnya Landfall,2.25
294,user_0294,Grixis Artifacts,Grixis Artifacts,1.76
294,user_0294,Izzet,Izzet,1.93
294,user_0294,Boros Mice,Boros Mice,1.42
294,user_0294,Boros Aggro,Boros Aggro,0.85
294,user_0294,Simic Aggro,Simic Aggro,1.31
294,user_0294,Golgari Midrange (2),Golgari Midrange,0.72
294,user_0294,4c Insidious Roots,4c Insidious Roots,1.99
294,user_0294,Simic Landfall,Simic Landfall,1.86
294,user_0294,Dimir Midrange,Dimir Midrange,3.36
294,user_0294,Mono-Green Landfall,Mono-Green Landfall,1.71
294,user_0294,Abzan Midrange,Abzan Midrange,1.81
294,user_0294,Esper Self-Bounce,Esper Self-Bounce,1.66
294,user_0294,Naya Yuna,Naya Yuna,1.52
294,user_0294,Izzet Aggro,Izzet Aggro,1.36
294,user_0294,4c Reanimator,4c Reanimator,2.55
294,user_0294,Gruul Leyline Aggro,Gruul Leyline Aggro,1.02
294,user_0294,Jund Aggro,Jund Aggro,1.03
294,user_0294,Gruul Random Encounter,Gruul Random Encounter,0.93
294,user_0294,Izzet Omniscience,Izzet Omniscience,1.77
294,user_0294,Gruul Aggro,Gruul Aggro,1.44
294,user_0294,Mono-Black Midrange,Mono-Black Midrange,1.8
294,user_0294,Mono-Red Leyline Aggro,Mono-Red Leyline Aggro,0.71
294,user_0294,Orzhov Midrange,Orzhov Midrange,0.83
294,user_0294,Bant Airbending Combo,Bant Airbending Combo,1.3
295,user_0295,Temur Kona,Temur Kona,1.19
295,user_0295,Izzet Aggro,Izzet Aggro,0.71
295,user_0295,Mono-Red Aggro,Mono-Red Aggro,3.0
295,user_0295,Esper Self-Bounce,Esper Self-Bounce,1.0
295,user_0295,Sultai Reanimator,Sultai Reanimator,1.2
295,user_0295,Jeskai Looting,Jeskai Looting,0.73
295,user_0295,Rakdos Sacrifice,Rakdos Sacrifice,1.14
295,user_0295,Simic Aggro,Simic Aggro,1.35
295,user_0295,Simic Landfall,Simic Landfall,0.97
295,user_0295,Grixis Leyline,Grixis Leyline,1.05
295,user_0295,Simic Midrange,Simic Midrange,1.14
295,user_0295,Mono-Green Landfall,Mono-Green Landfall,1.91
295,user_0295,Temur Battlecrier Combo,Temur Battlecrier Combo,1.66
295,user_0295,Orzhov Control,Orzhov Control,0.99
295,user_0295,Simic Omniscience,Simic Omniscience,1.54
295,user_0295,Boros Leyline Aggro,Boros Leyline Aggro,1.07
295,user_0295,Selesnya Landfall,Selesnya Landfall,1.62
295,user_0295,Golgari Dragons,Golgari Dragons,0.92
295,user_0295,Izzet Looting,Izzet Looting,2.01
295,user_0295,Grixis Artifacts,Grixis Artifacts,1.0
295,user_0295,Mono-Black Midrange,Mono-Black Midrange,1.39
295,user_0295,Golgari Midrange,Golgari Midrange,1.18
295,user_0295,4c Insidious Roots (2),4c Insidious Roots,1.04
295,user_0295,Mono-Red Leyline Aggro,Mono-Red Leyline Aggro,0.58
295,user_0295,Boros Aggro,Boros Aggro,1.42
295,user_0295,Jeskai Self-Bounce,Jeskai Self-Bounce,0.82
295,user_0295,Bant Omniscience,Bant Omniscience,1.56
295,user_0295,Abzan Midrange,Abzan Midrange,1.42
295,user_0295,4c Insidious Roots,4c Insidious Roots,0.71
295,user_0295,Sultai Control,Sultai Control,0.86
295,user_0295,Jund Aggro,Jund Aggro,1.25
295,user_0295,Lifegain,Lifegain,0.77
295,user_0295,4c Control,4c Control,0.84
295,user_0295,Golgari Midrange (2),Golgari Midrange,1.04
295,user_0295,Golgari Insidious Roots,Golgari Insidious Roots,0.91
295,user_0295,Boros Manufacturing,Boros Manufacturing,1.19
295,user_0295,Naya Yuna,Naya Yuna,0.52
295,user_0295,Izzet,Izzet,1.07
295,user_0295,Temur Floodcaller Combo,Temur Floodcaller Combo,1.63
295,user_0295,4c Kona,4c Kona,0.98
295,user_0295,Dimir Midrange,Dimir Midrange,4.69
295,user_0295,Gruul Delirium,Gruul Delirium,0.99
295,user_0295,Boros Burn,Boros Burn,0.62
295,user_0295,Azorius Control,Azorius Control,1.24
295,user_0295,Orzhov Midrange,Orzhov Midrange,1.35
295,user_0295,Izzet Midrange,Izzet Midrange,1.68
295,user_0295,Dimir Bounce,Dimir Bounce,1.42
295,user_0295,Rakdos Aggro,Rakdos Aggro,1.26
295,user_0295,4c Artifacts,4c Artifacts,1.1
296,user_0296,Bant Omniscience,Bant Omniscience,1.59
296,user_0296,4c Kona,4c Kona,1.5
296,user_0296,Jeskai Looting,Jeskai Looting,1.68
296,user_0296,Simic Landfall,Simic Landfall,1.46
296,user_0296,Simic Omniscience,Simic Omniscience,1.86
296,user_0296,Dimir Bounce,Dimir Bounce,1.52
296,user_0296,Temur Kona,Temur Kona,1.25
296,user_0296,Boros Mice,Boros Mice,1.71
296,user_0296,4c Omniscience,4c Omniscience,2.08
296,user_0296,4c Insidious Roots (2),4c Insidious Roots,1.14
296,user_0296,Izzet Omniscience,Izzet Omniscience,2.04
296,user_0296,Mono-Black Midrange,Mono-Black Midrange,0.88
296,user_0296,4c Insidious Roots,4c Insidious Roots,1.83
296,user_0296,Grixis Artifacts,Grixis Artifacts,1.45
296,user_0296,Orzhov Midrange,Orzhov Midrange,1.52
296,user_0296,Selesnya Landfall,Selesnya Landfall,1.57
296,user_0296,Rakdos Aggro,Rakdos Aggro,0.51
296,user_0296,Mono-Red Leyline Aggro,Mono-Red Leyline Aggro,0.81
296,user_0296,Bant Airbending Combo,Bant Airbending Combo,1.27
296,user_0296,Lifegain,Lifegain,1.2
296,user_0296,Mono-White Tokens,Mono-White Tokens,1.4
296,user_0296,Dimir Midrange,Dimir Midrange,2.99
296,user_0296,Grixis Leyline,Grixis Leyline,1.86
296,user_0296,Boros Leyline Aggro,Boros Leyline Aggro,0.59
296,user_0296,Izzet Aggro,Izzet Aggro,1.37
296,user_0296,4c Artifacts,4c Artifacts,1.82
296,user_0296,Abzan Midrange,Abzan Midrange,1.33
296,user_0296,Simic Aggro,Simic Aggro,1.24
296,user_0296,Golgari Midrange,Golgari Midrange,1.3
296,user_0296,Izzet Prowess,Izzet Prowess,3.16
296,user_0296,Gruul Leyline Aggro,Gruul Leyline Aggro,0.65
296,user_0296,5c Reanimator,5c Reanimator,1.46
296,user_0296,Boros Token Control,Boros Token Control,1.17
296,user_0296,Esper Self-Bounce,Esper Self-Bounce,1.25
297,user_0297,Sultai Control,Sultai Control,0.89
297,user_0297,5c Reanimator,5c Reanimator,0.05
297,user_0297,Izzet Omniscience,Izzet Omniscience,1.0
297,user_0297,Izzet Lessons,Izzet Lessons,3.87
297,user_0297,Boros Token Control,Boros Token Control,0.68
297,user_0297,Naya Yuna,Naya Yuna,0.92
297,user_0297,Temur Floodcaller Combo,Temur Floodcaller Combo,2.02
297,user_0297,4c Kona,4c Kona,1.31
297,user_0297,Abzan Insidious Roots,Abzan Insidious Roots,1.14
297,user_0297,Boros Dragons,Boros Dragons,0.96
297,user_0297,Gruul Aggro,Gruul Aggro,0.77
297,user_0297,4c Reanimator,4c Reanimator,2.4
297,user_0297,Golgari Midrange (2),Golgari Midrange,1.22
297,user_0297,Simic Omniscience,Simic Omniscience,1.18
297,user_0297,Golgari Dragons,Golgari Dragons,0.91
297,user_0297,Jeskai Artifacts,Jeskai Artifacts,1.51
297,user_0297,Orzhov Midrange,Orzhov Midrange,0.82
297,user_0297,Boros Mice,Boros Mice,1.1
297,user_0297,Izzet Prowess,Izzet Prowess,2.2
297,user_0297,Dimir Control,Dimir Control,1.59
297,user_0297,4c Insidious Roots,4c Insidious Roots,1.71
297,user_0297,Boros Leyline Aggro,Boros Leyline Aggro,0.94
297,user_0297,Simic Landfall,Simic Landfall,1.19
297,user_0297,Gruul Delirium,Gruul Delirium,1.14
297,user_0297,Rakdos Aggro,Rakdos Aggro,0.85
297,user_0297,Dimir Bounce,Dimir Bounce,0.93
297,user_0297,Abzan Midrange,Abzan Midrange,1.19
297,user_0297,Grixis Artifacts,Grixis Artifacts,1.2
297,user_0297,4c Artifacts,4c Artifacts,1.14
297,user_0297,4c Insidious Roots (2),4c Insidious Roots,1.88
297,user_0297,Mono-Red Aggro,Mono-Red Aggro,3.52
297,user_0297,Mono-Red Leyline Aggro,Mono-Red Leyline Aggro,0.84
297,user_0297,Temur Kona,Temur Kona,1.15
297,user_0297,Simic Midrange,Simic Midrange,1.37
297,user_0297,Lifegain,Lifegain,0.91
297,user_0297,Gruul Random Encounter,Gruul Random Encounter,1.21
298,user_0298,Mono-Red Aggro,Mono-Red Aggro,3.76
298,user_0298,Mardu Dragons,Mardu Dragons,1.1
298,user_0298,Grixis Leyline,Grixis Leyline,1.4
298,user_0298,Sultai Control,Sultai Control,1.06
298,user_0298,Jeskai Control,Jeskai Control,4.1
298,user_0298,Jeskai Self-Bounce,Jeskai Self-Bounce,0.5
298,user_0298,Golgari Midrange (2),Golgari Midrange,1.59
298,user_0298,Simic Omniscience,Simic Omniscience,1.51
298,user_0298,5c Reanimator,5c Reanimator,1.14
298,user_0298,Rakdos Aggro,Rakdos Aggro,0.75
298,user_0298,Boros Manufacturing,Boros Manufacturing,0.77
298,user_0298,Gruul Delirium,Gruul Delirium,0.88
298,user_0298,Simic Aggro,Simic Aggro,1.47
298,user_0298,Abzan Midrange,Abzan Midrange,1.07
298,user_0298,Abzan Insidious Roots,Abzan Insidious Roots,0.77
298,user_0298,Temur Kona,Temur Kona,1.27
298,user_0298,Naya Yuna,Naya Yuna,1.35
298,user_0298,Rakdos Sacrifice,Rakdos Sacrifice,1.35
298,user_0298,Boros Aggro,Boros Aggro,1.59
298,user_0298,Izzet Midrange,Izzet Midrange,1.33
298,user_0298,Jund Aggro,Jund Aggro,1.18
298,user_0298,Izzet Lessons,Izzet Lessons,4.26
298,user_0298,Golgari Dragons,Golgari Dragons,1.74
298,user_0298,4c Insidious Roots,4c Insidious Roots,0.74
298,user_0298,Bant Omniscience,Bant Omniscience,1.17
298,user_0298,Boros Mice,Boros Mice,0.51
298,user_0298,Mono-Green Landfall,Mono-Green Landfall,1.42
298,user_0298,4c Kona,4c Kona,0.82
298,user_0298,Selesnya Landfall,Selesnya Landfall,1.36
298,user_0298,Esper Self-Bounce,Esper Self-Bounce,0.56
298,user_0298,Dimir Midrange,Dimir Midrange,3.79
298,user_0298,Dimir Bounce,Dimir Bounce,0.97
298,user_0298,Temur Floodcaller Combo,Temur Floodcaller Combo,1.39
298,user_0298,Lifegain,Lifegain,1.3
298,user_0298,Izzet Aggro,Izzet Aggro,1.01
298,user_0298,Izzet Omniscience,Izzet Omniscience,0.86
298,user_0298,Gruul Random Encounter,Gruul Random Encounter,1.28
298,user_0298,Mono-Red Leyline Aggro,Mono-Red Leyline Aggro,1.4
298,user_0298,Boros Burn,Boros Burn,0.72
298,user_0298,Gruul Leyline Aggro,Gruul Leyline Aggro,1.38
298,user_0298,4c Reanimator,4c Reanimator,2.3
298,user_0298,Dimir Control,Dimir Control,1.22
298,user_0298,Simic Midrange,Simic Midrange,2.21
298,user_0298,Grixis Artifacts,Grixis Artifacts,1.19
298,user_0298,Boros Dragons,Boros Dragons,1.31
298,user_0298,Bant Airbending Combo,Bant Airbending Combo,1.09
298,user_0298,Jeskai Artifacts,Jeskai Artifacts,1.17
298,user_0298,Golgari Midrange,Golgari Midrange,1.39
298,user_0298,4c Omniscience,4c Omniscience,1.27
298,user_0298,Izzet,Izzet,0.84
298,user_0298,Sultai Graveyard,Sultai Graveyard,1.34
298,user_0298,Izzet Prowess,Izzet Prowess,2.19
298,user_0298,4c Control,4c Control,2.11
299,user_0299,Orzhov Self-Bounce,Orzhov Self-Bounce,1.53
299,user_0299,Bant Airbending Combo,Bant Airbending Combo,1.55
299,user_0299,Sultai Reanimator,Sultai Reanimator,1.32
299,user_0299,Sultai Graveyard,Sultai Graveyard,1.84
299,user_0299,Jund Aggro,Jund Aggro,1.26
299,user_0299,Gruul Aggro,Gruul Aggro,0.81
299,user_0299,Temur Lessons,Temur Lessons,1.58
299,user_0299,Esper Self-Bounce,Esper Self-Bounce,0.93
299,user_0299,4c Kona,4c Kona,0.19
299,user_0299,Simic Midrange,Simic Midrange,1.02
299,user_0299,Boros Leyline Aggro,Boros Leyline Aggro,0.92
299,user_0299,Naya Yuna,Naya Yuna,0.84
299,user_0299,4c Insidious Roots,4c Insidious Roots,1.4
299,user_0299,Mono-Green Landfall,Mono-Green Landfall,1.29
299,user_0299,Dimir Control,Dimir Control,1.89
299,user_0299,Bant Omniscience,Bant Omniscience,0.62
299,user_0299,Rakdos Sacrifice,Rakdos Sacrifice,0.63
299,user_0299,Boros Mice,Boros Mice,1.08
299,user_0299,Jeskai Artifacts,Jeskai Artifacts,1.22
299,user_0299,4c Insidious Roots (2),4c Insidious Roots,0.68
299,user_0299,Mono-White Tokens,Mono-White Tokens,0.78
299,user_0299,Grixis Artifacts,Grixis Artifacts,0.58
299,user_0299,Simic Landfall,Simic Landfall,1.17
299,user_0299,Mono-Red Leyline Aggro,Mono-Red Leyline Aggro,1.24
299,user_0299,Golgari Insidious Roots,Golgari Insidious Roots,0.94
299,user_0299,Simic Omniscience,Simic Omniscience,0.66
299,user_0299,Izzet,Izzet,1.29
299,user_0299,Mono-Black Midrange,Mono-Black Midrange,0.8
299,user_0299,Mono-Red Aggro,Mono-Red Aggro,3.35
299,user_0299,Temur Kona,Temur Kona,1.14
299,user_0299,Dimir Midrange,Dimir Midrange,4.51
299,user_0299,Abzan Insidious Roots,Abzan Insidious Roots,0.86
299,user_0299,Boros Dragons,Boros Dragons,1.25
299,user_0299,Temur Battlecrier Combo,Temur Battlecrier Combo,1.59
299,user_0299,Izzet Looting,Izzet Looting,2.75
299,user_0299,Boros Aggro,Boros Aggro,1.67
299,user_0299,Gruul Leyline Aggro,Gruul Leyline Aggro,0.77
299,user_0299,Golgari Midrange (2),Golgari Midrange,0.96
299,user_0299,Jeskai Self-Bounce,Jeskai Self-Bounce,0.95
299,user_0299,Abzan Midrange,Abzan Midrange,1.46
299,user_0299,Azorius Control,Azorius Control,1.42
299,user_0299,Gruul Delirium,Gruul Delirium,1.13
299,user_0299,Mardu Dragons,Mardu Dragons,1.25
299,user_0299,Selesnya Landfall,Selesnya Landfall,0.75
299,user_0299,Izzet Lessons,Izzet Lessons,4.21
299,user_0299,Orzhov Control,Orzhov Control,1.02
299,user_0299,Boros Burn,Boros Burn,1.03
299,user_0299,Simic Aggro,Simic Aggro,0.49
300,user_0300,Mono-White Tokens,Mono-White Tokens,1.23
300,user_0300,Orzhov Control,Orzhov Control,0.8
300,user_0300,Grixis Leyline,Grixis Leyline,1.67
300,user_0300,Gruul Leyline Aggro,Gruul Leyline Aggro,1.01
300,user_0300,Bant Airbending Combo,Bant Airbending Combo,1.52
300,user_0300,Jeskai Artifacts,Jeskai Artifacts,1.0
300,user_0300,4c Insidious Roots,4c Insidious Roots,1.61
300,user_0300,Rakdos Aggro,Rakdos Aggro,0.95
300,user_0300,Izzet Lessons,Izzet Lessons,4.28
300,user_0300,Golgari Midrange (2),Golgari Midrange,1.16
300,user_0300,Sultai Control,Sultai Control,1.0
300,user_0300,Simic Midrange,Simic Midrange,1.34
300,user_0300,Simic Aggro,Simic Aggro,1.28
300,user_0300,Naya Yuna,Naya Yuna,1.41
300,user_0300,Boros Mice,Boros Mice,0.49
300,user_0300,4c Kona,4c Kona,1.22
300,user_0300,Dimir Bounce,Dimir Bounce,0.79
300,user_0300,Mono-Black Midrange,Mono-Black Midrange,0.91
300,user_0300,Gruul Aggro,Gruul Aggro,0.74
300,user_0300,Izzet,Izzet,1.35
300,user_0300,5c Reanimator,5c Reanimator,0.96
300,user_0300,Dimir Midrange,Dimir Midrange,3.16
300,user_0300,Gruul Random Encounter,Gruul Random Encounter,1.21
300,user_0300,Jund Aggro,Jund Aggro,1.22
300,user_0300,Izzet Looting,Izzet Looting,2.64
300,user_0300,Bant Omniscience,Bant Omniscience,1.05
300,user_0300,Golgari Dragons,Golgari Dragons,0.84
300,user_0300,4c Omniscience,4c Omniscience,1.33
300,user_0300,Grixis Artifacts,Grixis Artifacts,2.09
300,user_0300,Jeskai Looting,Jeskai Looting,1.07
300,user_0300,Orzhov Midrange,Orzhov Midrange,1.44
300,user_0300,Golgari Insidious Roots,Golgari Insidious Roots,1.05
300,user_0300,Mono-Red Aggro,Mono-Red Aggro,3.23
300,user_0300,Simic Omniscience,Simic Omniscience,1.07
300,user_0300,Mono-Red Leyline Aggro,Mono-Red Leyline Aggro,1.13
300,user_0300,Sultai Reanimator,Sultai Reanimator,1.14
300,user_0300,Temur Battlecrier Combo,Temur Battlecrier Combo,1.92
300,user_0300,Boros Burn,Boros Burn,1.34
300,user_0300,Esper Self-Bounce,Esper Self-Bounce,1.23
300,user_0300,4c Insidious Roots (2),4c Insidious Roots,0.86
300,user_0300,4c Artifacts,4c Artifacts,1.04
300,user_0300,Temur Kona,Temur Kona,0.98
300,user_0300,Boros Manufacturing,Boros Manufacturing,0.72
300,user_0300,Jeskai Self-Bounce,Jeskai Self-Bounce,0.91
300,user_0300,Gruul Delirium,Gruul Delirium,1.09
300,user_0300,Temur Floodcaller Combo,Temur Floodcaller Combo,1.75
300,user_0300,Abzan Insidious Roots,Abzan Insidious Roots,0.68
300,user_0300,Boros Leyline Aggro,Boros Leyline Aggro,0.9
300,user_0300,Abzan Midrange,Abzan Midrange,0.71
300,user_0300,Mardu Dragons,Mardu Dragons,0.85
300,user_0300,Izzet Prowess,Izzet Prowess,1.93
301,user_0301,Izzet Omniscience,Izzet Omniscience,1.42
301,user_0301,Izzet Looting,Izzet Looting,3.1
301,user_0301,Boros Burn,Boros Burn,2.23
301,user_0301,Esper Self-Bounce,Esper Self-Bounce,1.55
301,user_0301,Izzet Midrange,Izzet Midrange,0.9
301,user_0301,Simic Midrange,Simic Midrange,0.73
301,user_0301,Mono-Green Landfall,Mono-Green Landfall,2.01
301,user_0301,Boros Mice,Boros Mice,1.92
301,user_0301,Selesnya Landfall,Selesnya Landfall,1.73
301,user_0301,Abzan Midrange,Abzan Midrange,0.6
301,user_0301,Temur Kona,Temur Kona,1.41
301,user_0301,Temur Floodcaller Combo,Temur Floodcaller Combo,1.25
301,user_0301,Temur Battlecrier Combo,Temur Battlecrier Combo,1.31
301,user_0301,Jeskai Looting,Jeskai Looting,2.0
301,user_0301,Gruul Leyline Aggro,Gruul Leyline Aggro,1.03
301,user_0301,Dimir Control,Dimir Control,0.77
301,user_0301,Orzhov Self-Bounce,Orzhov Self-Bounce,1.61
301,user_0301,Mono-Red Leyline Aggro,Mono-Red Leyline Aggro,1.11
301,user_0301,Simic Landfall,Simic Landfall,1.03
301,user_0301,Simic Omniscience,Simic Omniscience,1.09
301,user_0301,Mardu Dragons,Mardu Dragons,1.35
301,user_0301,Izzet Lessons,Izzet Lessons,4.94
302,user_0302,Simic Midrange,Simic Midrange,1.38
302,user_0302,Mono-White Tokens,Mono-White Tokens,1.01
302,user_0302,4c Kona,4c Kona,1.15
302,user_0302,Izzet Prowess,Izzet Prowess,2.03
302,user_0302,Temur Lessons,Temur Lessons,1.64
302,user_0302,Mono-Black Midrange,Mono-Black Midrange,1.6
302,user_0302,Simic Aggro,Simic Aggro,0.48
302,user_0302,Gruul Random Encounter,Gruul Random Encounter,1.05
302,user_0302,Temur Battlecrier Combo,Temur Battlecrier Combo,1.29
302,user_0302,Jeskai Self-Bounce,Jeskai Self-Bounce,0.96
302,user_0302,Jeskai Looting,Jeskai Looting,0.69
302,user_0302,4c Omniscience,4c Omniscience,1.43
302,user_0302,Golgari Midrange,Golgari Midrange,1.49
302,user_0302,Izzet Aggro,Izzet Aggro,0.81
302,user_0302,Selesnya Landfall,Selesnya Landfall,1.2
302,user_0302,Orzhov Self-Bounce,Orzhov Self-Bounce,0.62
302,user_0302,Izzet Looting,Izzet Looting,2.61
302,user_0302,Orzhov Midrange,Orzhov Midrange,1.34
302,user_0302,Abzan Insidious Roots,Abzan Insidious Roots,0.87
302,user_0302,Izzet Midrange,Izzet Midrange,1.24
302,user_0302,Bant Airbending Combo,Bant Airbending Combo,1.61
302,user_0302,Golgari Dragons,Golgari Dragons,0.89
302,user_0302,4c Insidious Roots (2),4c Insidious Roots,0.55
302,user_0302,Rakdos Sacrifice,Rakdos Sacrifice,1.12
302,user_0302,Simic Landfall,Simic Landfall,0.82
303,user_0303,Orzhov Control,Orzhov Control,1.4
303,user_0303,Boros Burn,Boros Burn,1.37
303,user_0303,Rakdos Sacrifice,Rakdos Sacrifice,0.59
303,user_0303,Mono-Red Leyline Aggro,Mono-Red Leyline Aggro,1.27
303,user_0303,Izzet Omniscience,Izzet Omniscience,0.68
303,user_0303,Azorius Control,Azorius Control,0.95
303,user_0303,Sultai Reanimator,Sultai Reanimator,1.09
303,user_0303,4c Control,4c Control,0.83
303,user_0303,Mono-Red Aggro,Mono-Red Aggro,4.13
303,user_0303,Mardu Dragons,Mardu Dragons,0.87
303,user_0303,Golgari Midrange,Golgari Midrange,0.68
303,user_0303,Golgari Insidious Roots,Golgari Insidious Roots,0.67
303,user_0303,Temur Floodcaller Combo,Temur Floodcaller Combo,1.33
303,user_0303,4c Omniscience,4c Omniscience,0.76
303,user_0303,Dimir Midrange,Dimir Midrange,3.83
303,user_0303,Gruul Aggro,Gruul Aggro,1.39
303,user_0303,Simic Omniscience,Simic Omniscience,0.6
303,user_0303,Orzhov Midrange,Orzhov Midrange,1.13
303,user_0303,Mono-Black Midrange,Mono-Black Midrange,1.02
303,user_0303,4c Insidious Roots (2),4c Insidious Roots,1.05
303,user_0303,Jeskai Artifacts,Jeskai Artifacts,1.25
303,user_0303,Grixis Artifacts,Grixis Artifacts,0.93
303,user_0303,Boros Mice,Boros Mice,0.74
303,user_0303,Izzet Lessons,Izzet Lessons,3.72
303,user_0303,Selesnya Landfall,Selesnya Landfall,1.15
303,user_0303,Jeskai Self-Bounce,Jeskai Self-Bounce,1.02
303,user_0303,Abzan Insidious Roots,Abzan Insidious Roots,1.14
303,user_0303,Izzet Midrange,Izzet Midrange,1.6
303,user_0303,4c Reanimator,4c Reanimator,1.8
303,user_0303,Sultai Control,Sultai Control,1.03
303,user_0303,4c Insidious Roots,4c Insidious Roots,1.2
303,user_0303,Boros Dragons,Boros Dragons,1.46
303,user_0303,5c Reanimator,5c Reanimator,0.81
303,user_0303,Boros Leyline Aggro,Boros Leyline Aggro,1.42
304,user_0304,Boros Dragons,Boros Dragons,0.57
304,user_0304,Rakdos Sacrifice,Rakdos Sacrifice,1.04
304,user_0304,Simic Landfall,Simic Landfall,1.14
304,user_0304,Mono-Green Landfall,Mono-Green Landfall,1.68
304,user_0304,Temur Lessons,Temur Lessons,1.83
304,user_0304,Boros Burn,Boros Burn,1.27
304,user_0304,4c Control,4c Control,0.92
304,user_0304,Naya Yuna,Naya Yuna,1.28
304,user_0304,Izzet Aggro,Izzet Aggro,1.0
304,user_0304,4c Kona,4c Kona,0.9
304,user_0304,Sultai Reanimator,Sultai Reanimator,1.32
304,user_0304,Temur Kona,Temur Kona,1.33
304,user_0304,Bant Omniscience,Bant Omniscience,1.25
304,user_0304,Esper Self-Bounce,Esper Self-Bounce,1.38
304,user_0304,Orzhov Midrange,Orzhov Midrange,0.84
304,user_0304,Boros Token Control,Boros Token Control,0.49
304,user_0304,Jund Aggro,Jund Aggro,0.92
304,user_0304,Simic Midrange,Simic Midrange,1.46
304,user_0304,Bant Airbending Combo,Bant Airbending Combo,2.16
304,user_0304,Izzet Omniscience,Izzet Omniscience,1.29
304,user_0304,Gruul Random Encounter,Gruul Random Encounter,0.79
304,user_0304,Gruul Aggro,Gruul Aggro,1.14
304,user_0304,Selesnya Landfall,Selesnya Landfall,1.47
304,user_0304,Mardu Dragons,Mardu Dragons,1.27
304,user_0304,Jeskai Control,Jeskai Control,3.0
304,user_0304,Izzet Lessons,Izzet Lessons,3.83
304,user_0304,Jeskai Looting,Jeskai Looting,1.35
304,user_0304,Mono-Black Midrange,Mono-Black Midrange,0.57
305,user_0305,Grixis Leyline,Grixis Leyline,1.51
305,user_0305,Orzhov Control,Orzhov Control,1.07
305,user_0305,Dimir Control,Dimir Control,0.71
305,user_0305,4c Omniscience,4c Omniscience,1.5
305,user_0305,4c Kona,4c Kona,2.11
305,user_0305,Izzet Midrange,Izzet Midrange,1.38
305,user_0305,Boros Dragons,Boros Dragons,1.42
305,user_0305,Temur Kona,Temur Kona,2.08
305,user_0305,4c Control,4c Control,0.77
305,user_0305,Mono-Red Aggro,Mono-Red Aggro,2.87
305,user_0305,Rakdos Aggro,Rakdos Aggro,0.91
305,user_0305,Mono-White Tokens,Mono-White Tokens,1.79
305,user_0305,Sultai Graveyard,Sultai Graveyard,1.23
305,user_0305,Orzhov Self-Bounce,Orzhov Self-Bounce,1.94
305,user_0305,Jund Aggro,Jund Aggro,1.1
305,user_0305,Mono-Green Landfall,Mono-Green Landfall,2.1
305,user_0305,Abzan Midrange,Abzan Midrange,0.93
305,user_0305,Abzan Insidious Roots,Abzan Insidious Roots,1.75
305,user_0305,Temur Lessons,Temur Lessons,1.85
305,user_0305,Dimir Bounce,Dimir Bounce,1.75
305,user_0305,Simic Aggro,Simic Aggro,0.98
305,user_0305,4c Artifacts,4c Artifacts,1.66
305,user_0305,Selesnya Landfall,Selesnya Landfall,2.61
305,user_0305,4c Reanimator,4c Reanimator,2.82
305,user_0305,Sultai Control,Sultai Control,0.66
305,user_0305,Boros Aggro,Boros Aggro,1.15
305,user_0305,Izzet Prowess,Izzet Prowess,2.82
305,user_0305,Temur Battlecrier Combo,Temur Battlecrier Combo,0.9
305,user_0305,Izzet Aggro,Izzet Aggro,0.98
305,user_0305,Gruul Leyline Aggro,Gruul Leyline Aggro,1.6
305,user_0305,Gruul Random Encounter,Gruul Random Encounter,2.09
305,user_0305,Bant Airbending Combo,Bant Airbending Combo,1.1
305,user_0305,Golgari Midrange,Golgari Midrange,1.3
305,user_0305,Sultai Reanimator,Sultai Reanimator,1.78
305,user_0305,Orzhov Midrange,Orzhov Midrange,1.26
305,user_0305,Esper Self-Bounce,Esper Self-Bounce,1.48
305,user_0305,Bant Omniscience,Bant Omniscience,1.25
305,user_0305,Golgari Dragons,Golgari Dragons,1.75
305,user_0305,Gruul Delirium,Gruul Delirium,1.31
305,user_0305,Azorius Control,Azorius Control,1.43
305,user_0305,Simic Omniscience,Simic Omniscience,1.44
305,user_0305,Mono-Black Midrange,Mono-Black Midrange,0.59
305,user_0305,Naya Yuna,Naya Yuna,1.43
305,user_0305,Grixis Artifacts,Grixis Artifacts,1.07
305,user_0305,Boros Manufacturing,Boros Manufacturing,1.34
305,user_0305,Rakdos Sacrifice,Rakdos Sacrifice,1.32
305,user_0305,Izzet Omniscience,Izzet Omniscience,1.23
305,user_0305,Izzet Looting,Izzet Looting,3.28
305,user_0305,Jeskai Looting,Jeskai Looting,1.63
305,user_0305,5c Reanimator,5c Reanimator,1.6
305,user_0305,4c Insidious Roots,4c Insidious Roots,0.96
305,user_0305,Simic Midrange,Simic Midrange,1.38
305,user_0305,Jeskai Self-Bounce,Jeskai Self-Bounce,1.72
305,user_0305,4c Insidious Roots (2),4c Insidious Roots,0.9
306,user_0306,Mono-Black Midrange,Mono-Black Midrange,1.2
306,user_0306,Mono-Green Landfall,Mono-Green Landfall,1.76
306,user_0306,Simic Omniscience,Simic Omniscience,1.23
306,user_0306,4c Kona,4c Kona,1.33
306,user_0306,Boros Manufacturing,Boros Manufacturing,1.19
306,user_0306,Jeskai Artifacts,Jeskai Artifacts,1.41
306,user_0306,Golgari Insidious Roots,Golgari Insidious Roots,0.86
306,user_0306,Orzhov Midrange,Orzhov Midrange,1.3
306,user_0306,Temur Lessons,Temur Lessons,2.25
306,user_0306,Izzet Omniscience,Izzet Omniscience,0.72
306,user_0306,4c Reanimator,4c Reanimator,2.85
306,user_0306,Bant Airbending Combo,Bant Airbending Combo,1.87
306,user_0306,Gruul Aggro,Gruul Aggro,0.89
306,user_0306,Gruul Leyline Aggro,Gruul Leyline Aggro,1.03
306,user_0306,Abzan Midrange,Abzan Midrange,1.33
306,user_0306,Orzhov Control,Orzhov Control,0.99
306,user_0306,Izzet Midrange,Izzet Midrange,1.01
306,user_0306,Izzet Prowess,Izzet Prowess,2.07
306,user_0306,Mono-White Tokens,Mono-White Tokens,0.88
306,user_0306,Mardu Dragons,Mardu Dragons,0.64
306,user_0306,Golgari Dragons,Golgari Dragons,0.96
306,user_0306,Izzet Aggro,Izzet Aggro,1.14
306,user_0306,Gruul Random Encounter,Gruul Random Encounter,2.04
306,user_0306,Boros Leyline Aggro,Boros Leyline Aggro,0.57
306,user_0306,Rakdos Aggro,Rakdos Aggro,1.07
306,user_0306,Boros Dragons,Boros Dragons,1.24
306,user_0306,Rakdos Sacrifice,Rakdos Sacrifice,1.5
306,user_0306,Simic Midrange,Simic Midrange,1.14
306,user_0306,Temur Kona,Temur Kona,2.4
306,user_0306,4c Insidious Roots (2),4c Insidious Roots,1.07
306,user_0306,Grixis Leyline,Grixis Leyline,0.44
306,user_0306,Lifegain,Lifegain,0.91
306,user_0306,Mono-Red Leyline Aggro,Mono-Red Leyline Aggro,0.97
306,user_0306,Sultai Reanimator,Sultai Reanimator,1.15
306,user_0306,Naya Yuna,Naya Yuna,0.96
306,user_0306,Simic Landfall,Simic Landfall,0.39
306,user_0306,Izzet,Izzet,1.01
306,user_0306,Dimir Midrange,Dimir Midrange,3.32
306,user_0306,Dimir Bounce,Dimir Bounce,0.81
306,user_0306,Jund Aggro,Jund Aggro,1.01
306,user_0306,4c Insidious Roots,4c Insidious Roots,0.79
306,user_0306,Bant Omniscience,Bant Omniscience,1.27
306,user_0306,Simic Aggro,Simic Aggro,1.15
306,user_0306,Sultai Control,Sultai Control,0.72
306,user_0306,Boros Mice,Boros Mice,1.3
306,user_0306,4c Omniscience,4c Omniscience,0.43
306,user_0306,Boros Token Control,Boros Token Control,0.85
306,user_0306,Jeskai Looting,Jeskai Looting,1.13
306,user_0306,Mono-Red Aggro,Mono-Red Aggro,3.31
306,user_0306,Gruul Delirium,Gruul Delirium,0.8
306,user_0306,4c Artifacts,4c Artifacts,1.07
306,user_0306,Grixis Artifacts,Grixis Artifacts,0.73
306,user_0306,Jeskai Control,Jeskai Control,3.31
307,user_0307,Lifegain,Lifegain,0.87
307,user_0307,Dimir Bounce,Dimir Bounce,1.26
307,user_0307,4c Insidious Roots (2),4c Insidious Roots,0.77
307,user_0307,Mono-Green Landfall,Mono-Green Landfall,2.3
307,user_0307,4c Control,4c Control,0.98
307,user_0307,Azorius Control,Azorius Control,0.98
307,user_0307,Boros Manufacturing,Boros Manufacturing,1.35
307,user_0307,Gruul Aggro,Gruul Aggro,1.25
307,user_0307,Mono-Red Aggro,Mono-Red Aggro,3.25
307,user_0307,Temur Kona,Temur Kona,1.18
307,user_0307,Jeskai Control,Jeskai Control,3.1
307,user_0307,Bant Omniscience,Bant Omniscience,1.48
307,user_0307,Esper Self-Bounce,Esper Self-Bounce,1.11
307,user_0307,Izzet,Izzet,0.94
307,user_0307,Sultai Reanimator,Sultai Reanimator,1.11
307,user_0307,Selesnya Landfall,Selesnya Landfall,1.92
307,user_0307,Gruul Leyline Aggro,Gruul Leyline Aggro,1.37
307,user_0307,Simic Landfall,Simic Landfall,1.2
307,user_0307,4c Omniscience,4c Omniscience,0.86
307,user_0307,Jund Aggro,Jund Aggro,1.17
307,user_0307,Boros Aggro,Boros Aggro,1.62
307,user_0307,Simic Aggro,Simic Aggro,1.36
307,user_0307,Orzhov Control,Orzhov Control,0.66
307,user_0307,Simic Midrange,Simic Midrange,1.78
307,user_0307,Izzet Lessons,Izzet Lessons,4.08
307,user_0307,4c Artifacts,4c Artifacts,0.82
307,user_0307,Jeskai Artifacts,Jeskai Artifacts,1.59
307,user_0307,Grixis Leyline,Grixis Leyline,0.86
307,user_0307,Abzan Midrange,Abzan Midrange,1.21
307,user_0307,Izzet Looting,Izzet Looting,2.41
307,user_0307,5c Reanimator,5c Reanimator,1.4
307,user_0307,Izzet Omniscience,Izzet Omniscience,0.83
307,user_0307,Jeskai Self-Bounce,Jeskai Self-Bounce,0.94
308,user_0308,Jeskai Artifacts,Jeskai Artifacts,1.63
308,user_0308,Bant Omniscience,Bant Omniscience,1.3
308,user_0308,Mono-Red Aggro,Mono-Red Aggro,2.65
308,user_0308,Temur Kona,Temur Kona,1.88
308,user_0308,Rakdos Aggro,Rakdos Aggro,1.31
308,user_0308,Simic Omniscience,Simic Omniscience,1.23
308,user_0308,Izzet,Izzet,0.75
308,user_0308,Golgari Midrange (2),Golgari Midrange,0.92
308,user_0308,Boros Aggro,Boros Aggro,1.62
308,user_0308,Boros Manufacturing,Boros Manufacturing,1.12
308,user_0308,Izzet Midrange,Izzet Midrange,1.31
308,user_0308,Grixis Artifacts,Grixis Artifacts,1.27
308,user_0308,4c Kona,4c Kona,1.42
308,user_0308,Izzet Looting,Izzet Looting,2.31
308,user_0308,Izzet Omniscience,Izzet Omniscience,0.82
308,user_0308,Temur Lessons,Temur Lessons,1.02
308,user_0308,Izzet Aggro,Izzet Aggro,1.35
308,user_0308,Gruul Delirium,Gruul Delirium,1.06
308,user_0308,Golgari Midrange,Golgari Midrange,1.68
308,user_0308,Gruul Leyline Aggro,Gruul Leyline Aggro,1.0
308,user_0308,Simic Midrange,Simic Midrange,1.48
308,user_0308,Esper Self-Bounce,Esper Self-Bounce,1.07
308,user_0308,5c Reanimator,5c Reanimator,1.39
308,user_0308,Mono-Green Landfall,Mono-Green Landfall,1.56
308,user_0308,Jeskai Self-Bounce,Jeskai Self-Bounce,0.99
308,user_0308,Bant Airbending Combo,Bant Airbending Combo,0.42
308,user_0308,Orzhov Control,Orzhov Control,1.46
308,user_0308,Simic Landfall,Simic Landfall,1.04
308,user_0308,Boros Dragons,Boros Dragons,0.96
308,user_0308,4c Artifacts,4c Artifacts,0.87
308,user_0308,4c Insidious Roots,4c Insidious Roots,1.03
308,user_0308,Sultai Reanimator,Sultai Reanimator,1.27
308,user_0308,Golgari Dragons,Golgari Dragons,1.24
308,user_0308,Mardu Dragons,Mardu Dragons,0.96
308,user_0308,Mono-Black Midrange,Mono-Black Midrange,0.99
308,user_0308,Boros Burn,Boros Burn,1.15
308,user_0308,Abzan Midrange,Abzan Midrange,1.42
309,user_0309,Gruul Aggro,Gruul Aggro,1.09
309,user_0309,Azorius Control,Azorius Control,1.1
309,user_0309,Dimir Control,Dimir Control,1.07
309,user_0309,Golgari Midrange,Golgari Midrange,1.42
309,user_0309,4c Control,4c Control,1.18
309,user_0309,Jeskai Artifacts,Jeskai Artifacts,1.31
309,user_0309,Mardu Dragons,Mardu Dragons,1.38
309,user_0309,4c Reanimator,4c Reanimator,2.08
309,user_0309,Boros Leyline Aggro,Boros Leyline Aggro,0.93
309,user_0309,Naya Yuna,Naya Yuna,1.0
309,user_0309,Simic Omniscience,Simic Omniscience,0.65
309,user_0309,Jeskai Looting,Jeskai Looting,1.04
309,user_0309,4c Insidious Roots (2),4c Insidious Roots,1.03
309,user_0309,Boros Token Control,Boros Token Control,1.26
309,user_0309,Mono-Green Landfall,Mono-Green Landfall,1.15
309,user_0309,Sultai Reanimator,Sultai Reanimator,1.25
309,user_0309,Mono-Black Midrange,Mono-Black Midrange,1.5
309,user_0309,Boros Manufacturing,Boros Manufacturing,0.51
309,user_0309,Gruul Leyline Aggro,Gruul Leyline Aggro,1.18
309,user_0309,Orzhov Self-Bounce,Orzhov Self-Bounce,0.7
309,user_0309,Gruul Random Encounter,Gruul Random Encounter,1.01
309,user_0309,Bant Omniscience,Bant Omniscience,1.29
309,user_0309,4c Artifacts,4c Artifacts,0.92
309,user_0309,Boros Burn,Boros Burn,1.52
309,user_0309,Temur Floodcaller Combo,Temur Floodcaller Combo,1.27
309,user_0309,4c Insidious Roots,4c Insidious Roots,0.76
309,user_0309,Sultai Control,Sultai Control,1.26
309,user_0309,Bant Airbending Combo,Bant Airbending Combo,0.85
309,user_0309,Izzet Lessons,Izzet Lessons,3.61
309,user_0309,Mono-White Tokens,Mono-White Tokens,0.7
309,user_0309,4c Kona,4c Kona,1.12
309,user_0309,Golgari Insidious Roots,Golgari Insidious Roots,1.09
309,user_0309,Simic Midrange,Simic Midrange,0.74
309,user_0309,Izzet Omniscience,Izzet Omniscience,0.96
309,user_0309,Grixis Leyline,Grixis Leyline,0.69
309,user_0309,Boros Dragons,Boros Dragons,1.19
309,user_0309,Boros Mice,Boros Mice,1.34
309,user_0309,Izzet Aggro,Izzet Aggro,2.31
309,user_0309,Izzet Prowess,Izzet Prowess,2.07
309,user_0309,Mono-Red Aggro,Mono-Red Aggro,3.53
309,user_0309,Jeskai Control,Jeskai Control,3.32
309,user_0309,Izzet,Izzet,0.98
309,user_0309,Gruul Delirium,Gruul Delirium,0.61
309,user_0309,Temur Battlecrier Combo,Temur Battlecrier Combo,0.82
309,user_0309,Dimir Bounce,Dimir Bounce,0.49
309,user_0309,Rakdos Sacrifice,Rakdos Sacrifice,1.01
309,user_0309,Izzet Midrange,Izzet Midrange,1.17
309,user_0309,Jeskai Self-Bounce,Jeskai Self-Bounce,0.88
309,user_0309,Temur Lessons,Temur Lessons,1.36
309,user_0309,Boros Aggro,Boros Aggro,2.01
309,user_0309,Selesnya Landfall,Selesnya Landfall,1.98
309,user_0309,Temur Kona,Temur Kona,1.21
309,user_0309,Sultai Graveyard,Sultai Graveyard,0.59
310,user_0310,Golgari Midrange (2),Golgari Midrange,0.54
310,user_0310,Izzet Omniscience,Izzet Omniscience,0.95
310,user_0310,Gruul Leyline Aggro,Gruul Leyline Aggro,1.05
310,user_0310,4c Artifacts,4c Artifacts,1.02
310,user_0310,Jeskai Control,Jeskai Control,3.01
310,user_0310,Jeskai Artifacts,Jeskai Artifacts,0.93
310,user_0310,Simic Omniscience,Simic Omniscience,1.26
310,user_0310,4c Insidious Roots (2),4c Insidious Roots,1.48
310,user_0310,Boros Leyline Aggro,Boros Leyline Aggro,1.47
310,user_0310,Dimir Midrange,Dimir Midrange,2.74
310,user_0310,Dimir Control,Dimir Control,1.63
310,user_0310,Lifegain,Lifegain,1.14
310,user_0310,Izzet,Izzet,0.76
310,user_0310,Golgari Insidious Roots,Golgari Insidious Roots,1.34
310,user_0310,Rakdos Aggro,Rakdos Aggro,0.68
310,user_0310,4c Omniscience,4c Omniscience,0.83
310,user_0310,Dimir Bounce,Dimir Bounce,1.09
310,user_0310,Gruul Aggro,Gruul Aggro,1.02
310,user_0310,Izzet Aggro,Izzet Aggro,1.05
310,user_0310,Orzhov Control,Orzhov Control,0.74
310,user_0310,Temur Kona,Temur Kona,1.13
310,user_0310,Bant Omniscience,Bant Omniscience,0.8
310,user_0310,Boros Mice,Boros Mice,1.01
310,user_0310,Grixis Leyline,Grixis Leyline,1.31
311,user_0311,4c Insidious Roots (2),4c Insidious Roots,1.35
311,user_0311,Mono-Green Landfall,Mono-Green Landfall,2.32
311,user_0311,Golgari Insidious Roots,Golgari Insidious Roots,1.03
311,user_0311,Mono-Black Midrange,Mono-Black Midrange,0.8
311,user_0311,Orzhov Midrange,Orzhov Midrange,1.09
311,user_0311,Sultai Graveyard,Sultai Graveyard,1.54
311,user_0311,Boros Mice,Boros Mice,1.4
311,user_0311,4c Insidious Roots,4c Insidious Roots,1.27
311,user_0311,Bant Omniscience,Bant Omniscience,1.63
311,user_0311,Gruul Aggro,Gruul Aggro,1.32
311,user_0311,Gruul Random Encounter,Gruul Random Encounter,1.88
311,user_0311,Boros Burn,Boros Burn,1.19
311,user_0311,Simic Omniscience,Simic Omniscience,1.4
311,user_0311,Boros Dragons,Boros Dragons,1.7
311,user_0311,Mardu Dragons,Mardu Dragons,1.21
311,user_0311,Izzet Omniscience,Izzet Omniscience,1.29
311,user_0311,Gruul Leyline Aggro,Gruul Leyline Aggro,0.56
311,user_0311,5c Reanimator,5c Reanimator,1.73
311,user_0311,Jund Aggro,Jund Aggro,1.43
311,user_0311,Naya Yuna,Naya Yuna,1.63
311,user_0311,Esper Self-Bounce,Esper Self-Bounce,1.4
311,user_0311,Mono-White Tokens,Mono-White Tokens,1.85
311,user_0311,Dimir Midrange,Dimir Midrange,3.32
311,user_0311,Izzet Midrange,Izzet Midrange,0.91
312,user_0312,Boros Dragons,Boros Dragons,1.04
312,user_0312,4c Omniscience,4c Omniscience,0.97
312,user_0312,4c Reanimator,4c Reanimator,1.82
312,user_0312,4c Artifacts,4c Artifacts,0.65
312,user_0312,Golgari Insidious Roots,Golgari Insidious Roots,1.44
312,user_0312,Bant Omniscience,Bant Omniscience,1.57
312,user_0312,Golgari Midrange,Golgari Midrange,1.9
312,user_0312,Gruul Delirium,Gruul Delirium,1.43
312,user_0312,Orzhov Self-Bounce,Orzhov Self-Bounce,1.08
312,user_0312,Simic Landfall,Simic Landfall,1.03
312,user_0312,Azorius Control,Azorius Control,1.34
312,user_0312,Abzan Insidious Roots,Abzan Insidious Roots,1.37
312,user_0312,Mardu Dragons,Mardu Dragons,0.88
312,user_0312,Mono-Red Leyline Aggro,Mono-Red Leyline Aggro,1.49
312,user_0312,Orzhov Midrange,Orzhov Midrange,1.16
312,user_0312,Izzet Omniscience,Izzet Omniscience,0.95
312,user_0312,Gruul Aggro,Gruul Aggro,1.2
312,user_0312,Sultai Control,Sultai Control,0.81
312,user_0312,Orzhov Control,Orzhov Control,0.77
312,user_0312,Temur Floodcaller Combo,Temur Floodcaller Combo,1.1
312,user_0312,4c Kona,4c Kona,1.05
312,user_0312,Sultai Graveyard,Sultai Graveyard,2.12
312,user_0312,Boros Leyline Aggro,Boros Leyline Aggro,1.74
312,user_0312,Selesnya Landfall,Selesnya Landfall,0.99
312,user_0312,Jeskai Self-Bounce,Jeskai Self-Bounce,1.2
312,user_0312,Simic Omniscience,Simic Omniscience,0.93
312,user_0312,Bant Airbending Combo,Bant Airbending Combo,1.55
312,user_0312,Boros Aggro,Boros Aggro,1.35
312,user_0312,Jund Aggro,Jund Aggro,1.35
312,user_0312,Izzet Aggro,Izzet Aggro,1.53
312,user_0312,Gruul Leyline Aggro,Gruul Leyline Aggro,1.82
312,user_0312,Dimir Control,Dimir Control,1.41
312,user_0312,4c Insidious Roots,4c Insidious Roots,1.49
312,user_0312,Naya Yuna,Naya Yuna,1.33
313,user_0313,Jeskai Artifacts,Jeskai Artifacts,0.8
313,user_0313,Golgari Midrange (2),Golgari Midrange,1.53
313,user_0313,Boros Manufacturing,Boros Manufacturing,0.95
313,user_0313,Rakdos Aggro,Rakdos Aggro,1.0
313,user_0313,Sultai Graveyard,Sultai Graveyard,0.98
313,user_0313,Bant Omniscience,Bant Omniscience,0.83
313,user_0313,Grixis Artifacts,Grixis Artifacts,0.76
313,user_0313,Izzet Looting,Izzet Looting,2.31
313,user_0313,Simic Aggro,Simic Aggro,1.19
313,user_0313,Orzhov Control,Orzhov Control,1.1
313,user_0313,Azorius Control,Azorius Control,0.93
313,user_0313,Simic Omniscience,Simic Omniscience,1.42
313,user_0313,Gruul Aggro,Gruul Aggro,1.23
313,user_0313,Dimir Bounce,Dimir Bounce,0.47
313,user_0313,Bant Airbending Combo,Bant Airbending Combo,1.77
313,user_0313,Temur Kona,Temur Kona,1.43
313,user_0313,Jeskai Self-Bounce,Jeskai Self-Bounce,1.58
313,user_0313,Temur Battlecrier Combo,Temur Battlecrier Combo,1.19
313,user_0313,Izzet Lessons,Izzet Lessons,3.8
313,user_0313,Naya Yuna,Naya Yuna,0.74
313,user_0313,Temur Lessons,Temur Lessons,1.17
313,user_0313,Boros Burn,Boros Burn,1.33
313,user_0313,4c Insidious Roots (2),4c Insidious Roots,1.01
313,user_0313,Orzhov Self-Bounce,Orzhov Self-Bounce,0.98
313,user_0313,Boros Mice,Boros Mice,1.14
313,user_0313,Izzet Omniscience,Izzet Omniscience,0.92
313,user_0313,Abzan Midrange,Abzan Midrange,1.59
313,user_0313,Gruul Delirium,Gruul Delirium,1.34
313,user_0313,Rakdos Sacrifice,Rakdos Sacrifice,1.28
313,user_0313,Mardu Dragons,Mardu Dragons,0.89
313,user_0313,Simic Landfall,Simic Landfall,0.91
314,user_0314,Mono-Black Midrange,Mono-Black Midrange,0.82
314,user_0314,Selesnya Landfall,Selesnya Landfall,1.76
314,user_0314,Azorius Control,Azorius Control,0.99
314,user_0314,4c Reanimator,4c Reanimator,1.67
314,user_0314,Boros Token Control,Boros Token Control,1.03
314,user_0314,Grixis Leyline,Grixis Leyline,1.32
314,user_0314,Abzan Insidious Roots,Abzan Insidious Roots,0.88
314,user_0314,Golgari Midrange,Golgari Midrange,1.64
314,user_0314,Izzet Aggro,Izzet Aggro,1.76
314,user_0314,4c Omniscience,4c Omniscience,1.05
314,user_0314,Bant Omniscience,Bant Omniscience,0.82
314,user_0314,Golgari Dragons,Golgari Dragons,1.1
314,user_0314,Bant Airbending Combo,Bant Airbending Combo,0.83
314,user_0314,Boros Dragons,Boros Dragons,1.09
314,user_0314,Gruul Aggro,Gruul Aggro,1.88
314,user_0314,Izzet Midrange,Izzet Midrange,1.26
314,user_0314,Sultai Reanimator,Sultai Reanimator,1.48
314,user_0314,Temur Kona,Temur Kona,1.13
314,user_0314,Gruul Random Encounter,Gruul Random Encounter,1.23
314,user_0314,Jeskai Self-Bounce,Jeskai Self-Bounce,0.86
314,user_0314,Dimir Midrange,Dimir Midrange,3.23
314,user_0314,Abzan Midrange,Abzan Midrange,1.45
314,user_0314,Temur Lessons,Temur Lessons,1.18
314,user_0314,Mono-White Tokens,Mono-White Tokens,1.06
314,user_0314,Rakdos Sacrifice,Rakdos Sacrifice,1.21
314,user_0314,Orzhov Control,Orzhov Control,0.97
314,user_0314,Sultai Control,Sultai Control,1.03
314,user_0314,Golgari Insidious Roots,Golgari Insidious Roots,1.64
314,user_0314,5c Reanimator,5c Reanimator,1.01
314,user_0314,4c Kona,4c Kona,0.89
314,user_0314,Izzet Prowess,Izzet Prowess,2.21
314,user_0314,4c Insidious Roots,4c Insidious Roots,0.88
314,user_0314,Gruul Leyline Aggro,Gruul Leyline Aggro,1.72
314,user_0314,Boros Leyline Aggro,Boros Leyline Aggro,1.51
314,user_0314,Jeskai Looting,Jeskai Looting,0.96
314,user_0314,Mono-Green Landfall,Mono-Green Landfall,1.79
315,user_0315,Mono-Red Leyline Aggro,Mono-Red Leyline Aggro,0.84
315,user_0315,Boros Dragons,Boros Dragons,1.12
315,user_0315,Izzet Prowess,Izzet Prowess,2.8
315,user_0315,Mono-Black Midrange,Mono-Black Midrange,0.75
315,user_0315,Boros Burn,Boros Burn,1.43
315,user_0315,Azorius Control,Azorius Control,0.54
315,user_0315,Dimir Bounce,Dimir Bounce,1.13
315,user_0315,Golgari Dragons,Golgari Dragons,1.84
315,user_0315,Simic Aggro,Simic Aggro,0.78
315,user_0315,Temur Kona,Temur Kona,1.79
315,user_0315,Jeskai Self-Bounce,Jeskai Self-Bounce,1.53
315,user_0315,Bant Airbending Combo,Bant Airbending Combo,1.43
315,user_0315,Simic Midrange,Simic Midrange,1.39
315,user_0315,Jeskai Looting,Jeskai Looting,1.41
315,user_0315,Abzan Midrange,Abzan Midrange,0.69
315,user_0315,Gruul Aggro,Gruul Aggro,0.62
315,user_0315,Simic Omniscience,Simic Omniscience,1.26
315,user_0315,Jeskai Artifacts,Jeskai Artifacts,2.17
315,user_0315,Gruul Delirium,Gruul Delirium,1.65
315,user_0315,Gruul Random Encounter,Gruul Random Encounter,1.64
315,user_0315,Sultai Graveyard,Sultai Graveyard,2.24
315,user_0315,Boros Token Control,Boros Token Control,0.98
315,user_0315,Jeskai Control,Jeskai Control,2.98
315,user_0315,Golgari Midrange,Golgari Midrange,1.31
315,user_0315,Orzhov Control,Orzhov Control,0.37
315,user_0315,4c Control,4c Control,0.78
315,user_0315,Izzet Lessons,Izzet Lessons,4.51
315,user_0315,Lifegain,Lifegain,1.45
315,user_0315,Boros Mice,Boros Mice,1.55
315,user_0315,Simic Landfall,Simic Landfall,0.8
315,user_0315,Mardu Dragons,Mardu Dragons,1.77
315,user_0315,Rakdos Aggro,Rakdos Aggro,0.72
316,user_0316,Lifegain,Lifegain,0.8
316,user_0316,Orzhov Self-Bounce,Orzhov Self-Bounce,1.11
316,user_0316,Mono-Black Midrange,Mono-Black Midrange,0.43
316,user_0316,Temur Battlecrier Combo,Temur Battlecrier Combo,1.35
316,user_0316,Boros Aggro,Boros Aggro,1.53
316,user_0316,Gruul Delirium,Gruul Delirium,1.81
316,user_0316,5c Reanimator,5c Reanimator,0.8
316,user_0316,Esper Self-Bounce,Esper Self-Bounce,1.2
316,user_0316,Azorius Control,Azorius Control,1.49
316,user_0316,Izzet,Izzet,0.96
316,user_0316,Mono-White Tokens,Mono-White Tokens,0.98
316,user_0316,4c Omniscience,4c Omniscience,1.19
316,user_0316,Temur Lessons,Temur Lessons,1.46
316,user_0316,Izzet Lessons,Izzet Lessons,3.96
316,user_0316,Temur Floodcaller Combo,Temur Floodcaller Combo,1.05
316,user_0316,Bant Airbending Combo,Bant Airbending Combo,1.43
316,user_0316,Selesnya Landfall,Selesnya Landfall,1.76
316,user_0316,Sultai Control,Sultai Control,1.09
316,user_0316,Golgari Midrange (2),Golgari Midrange,0.82
316,user_0316,Grixis Leyline,Grixis Leyline,1.48
316,user_0316,Jeskai Self-Bounce,Jeskai Self-Bounce,0.97
316,user_0316,Abzan Midrange,Abzan Midrange,0.64
316,user_0316,Temur Kona,Temur Kona,1.26
316,user_0316,Boros Manufacturing,Boros Manufacturing,1.39
316,user_0316,Rakdos Aggro,Rakdos Aggro,1.29
316,user_0316,Izzet Omniscience,Izzet Omniscience,1.35
316,user_0316,Jeskai Artifacts,Jeskai Artifacts,1.52
316,user_0316,Simic Landfall,Simic Landfall,1.08
316,user_0316,Golgari Midrange,Golgari Midrange,1.77
316,user_0316,Sultai Reanimator,Sultai Reanimator,1.05
316,user_0316,Jund Aggro,Jund Aggro,1.55
316,user_0316,Jeskai Control,Jeskai Control,3.28
316,user_0316,4c Insidious Roots,4c Insidious Roots,1.14
316,user_0316,Orzhov Midrange,Orzhov Midrange,1.19
316,user_0316,Grixis Artifacts,Grixis Artifacts,0.83
316,user_0316,4c Kona,4c Kona,0.9
316,user_0316,Boros Dragons,Boros Dragons,0.75
316,user_0316,Simic Aggro,Simic Aggro,2.06
316,user_0316,Sultai Graveyard,Sultai Graveyard,0.89
316,user_0316,Abzan Insidious Roots,Abzan Insidious Roots,1.0
317,user_0317,Sultai Graveyard,Sultai Graveyard,1.42
317,user_0317,Jeskai Looting,Jeskai Looting,1.77
317,user_0317,Temur Kona,Temur Kona,1.42
317,user_0317,Grixis Leyline,Grixis Leyline,1.39
317,user_0317,Boros Burn,Boros Burn,1.65
317,user_0317,Abzan Insidious Roots,Abzan Insidious Roots,1.14
317,user_0317,Temur Floodcaller Combo,Temur Floodcaller Combo,0.75
317,user_0317,Golgari Insidious Roots,Golgari Insidious Roots,1.61
317,user_0317,Golgari Dragons,Golgari Dragons,1.24
317,user_0317,4c Omniscience,4c Omniscience,1.89
317,user_0317,4c Insidious Roots (2),4c Insidious Roots,1.8
317,user_0317,Simic Omniscience,Simic Omniscience,1.52
317,user_0317,Gruul Aggro,Gruul Aggro,1.05
317,user_0317,Boros Dragons,Boros Dragons,1.59
317,user_0317,Izzet,Izzet,1.61
317,user_0317,Boros Leyline Aggro,Boros Leyline Aggro,1.41
317,user_0317,Bant Airbending Combo,Bant Airbending Combo,1.24
317,user_0317,Boros Manufacturing,Boros Manufacturing,1.39
317,user_0317,Azorius Control,Azorius Control,1.28
317,user_0317,Simic Landfall,Simic Landfall,1.55
317,user_0317,Gruul Delirium,Gruul Delirium,1.96
317,user_0317,Selesnya Landfall,Selesnya Landfall,2.43
317,user_0317,Mono-Green Landfall,Mono-Green Landfall,1.85
317,user_0317,Mono-Black Midrange,Mono-Black Midrange,0.6
317,user_0317,Sultai Reanimator,Sultai Reanimator,2.29
318,user_0318,Selesnya Landfall,Selesnya Landfall,1.92
318,user_0318,5c Reanimator,5c Reanimator,1.16
318,user_0318,Lifegain,Lifegain,1.64
318,user_0318,Izzet Looting,Izzet Looting,3.52
318,user_0318,Mardu Dragons,Mardu Dragons,1.9
318,user_0318,Boros Mice,Boros Mice,1.32
318,user_0318,Rakdos Sacrifice,Rakdos Sacrifice,1.86
318,user_0318,Simic Aggro,Simic Aggro,1.32
318,user_0318,Sultai Graveyard,Sultai Graveyard,0.89
318,user_0318,Temur Battlecrier Combo,Temur Battlecrier Combo,0.98
318,user_0318,Grixis Artifacts,Grixis Artifacts,1.24
318,user_0318,Gruul Aggro,Gruul Aggro,0.57
318,user_0318,Izzet Aggro,Izzet Aggro,0.81
318,user_0318,4c Kona,4c Kona,1.1
318,user_0318,Jeskai Control,Jeskai Control,3.13
318,user_0318,Temur Floodcaller Combo,Temur Floodcaller Combo,0.66
318,user_0318,Dimir Control,Dimir Control,1.1
318,user_0318,Dimir Midrange,Dimir Midrange,3.43
318,user_0318,Izzet Prowess,Izzet Prowess,2.07
318,user_0318,Jeskai Artifacts,Jeskai Artifacts,1.36
318,user_0318,4c Reanimator,4c Reanimator,2.22
318,user_0318,4c Control,4c Control,1.6
318,user_0318,Boros Leyline Aggro,Boros Leyline Aggro,0.46
318,user_0318,Boros Aggro,Boros Aggro,1.09
318,user_0318,Abzan Midrange,Abzan Midrange,1.19
318,user_0318,Boros Manufacturing,Boros Manufacturing,1.04
318,user_0318,Izzet Lessons,Izzet Lessons,4.4
318,user_0318,Sultai Control,Sultai Control,0.91
318,user_0318,Naya Yuna,Naya Yuna,1.42
318,user_0318,Jeskai Self-Bounce,Jeskai Self-Bounce,1.97
318,user_0318,Grixis Leyline,Grixis Leyline,1.69
318,user_0318,Mono-Red Aggro,Mono-Red Aggro,3.68
318,user_0318,Sultai Reanimator,Sultai Reanimator,2.16
319,user_0319,Abzan Midrange,Abzan Midrange,1.46
319,user_0319,Gruul Random Encounter,Gruul Random Encounter,1.4
319,user_0319,Gruul Aggro,Gruul Aggro,1.29
319,user_0319,Dimir Control,Dimir Control,1.34
319,user_0319,Lifegain,Lifegain,1.02
319,user_0319,Izzet Omniscience,Izzet Omniscience,0.86
319,user_0319,Jeskai Self-Bounce,Jeskai Self-Bounce,1.72
319,user_0319,Boros Token Control,Boros Token Control,0.84
319,user_0319,Golgari Midrange,Golgari Midrange,1.21
319,user_0319,Boros Mice,Boros Mice,0.91
319,user_0319,4c Control,4c Control,1.54
319,user_0319,Selesnya Landfall,Selesnya Landfall,1.66
319,user_0319,4c Reanimator,4c Reanimator,3.08
319,user_0319,4c Omniscience,4c Omniscience,1.51
319,user_0319,Orzhov Midrange,Orzhov Midrange,1.22
319,user_0319,Sultai Graveyard,Sultai Graveyard,1.06
319,user_0319,Izzet Midrange,Izzet Midrange,0.7
319,user_0319,Mono-Green Landfall,Mono-Green Landfall,1.46
319,user_0319,Jeskai Looting,Jeskai Looting,1.11
319,user_0319,Dimir Midrange,Dimir Midrange,3.14
319,user_0319,Dimir Bounce,Dimir Bounce,1.0
319,user_0319,Naya Yuna,Naya Yuna,0.78
319,user_0319,Mono-Red Leyline Aggro,Mono-Red Leyline Aggro,2.01
319,user_0319,Simic Omniscience,Simic Omniscience,1.36
319,user_0319,Izzet Prowess,Izzet Prowess,2.13
319,user_0319,Rakdos Aggro,Rakdos Aggro,1.38
319,user_0319,Izzet Lessons,Izzet Lessons,4.44
319,user_0319,Sultai Reanimator,Sultai Reanimator,1.1
319,user_0319,5c Reanimator,5c Reanimator,1.24
319,user_0319,Boros Leyline Aggro,Boros Leyline Aggro,1.35
319,user_0319,Orzhov Self-Bounce,Orzhov Self-Bounce,1.15
319,user_0319,Mono-Black Midrange,Mono-Black Midrange,0.87
319,user_0319,4c Insidious Roots (2),4c Insidious Roots,1.35
319,user_0319,Izzet Aggro,Izzet Aggro,1.58
319,user_0319,Abzan Insidious Roots,Abzan Insidious Roots,1.33
319,user_0319,Jund Aggro,Jund Aggro,1.73
319,user_0319,Grixis Artifacts,Grixis Artifacts,1.43
319,user_0319,Azorius Control,Azorius Control,1.2
319,user_0319,Temur Floodcaller Combo,Temur Floodcaller Combo,0.9
319,user_0319,Simic Midrange,Simic Midrange,1.22
319,user_0319,Bant Airbending Combo,Bant Airbending Combo,1.36
320,user_0320,Golgari Dragons,Golgari Dragons,1.4
320,user_0320,Bant Airbending Combo,Bant Airbending Combo,1.11
320,user_0320,Sultai Graveyard,Sultai Graveyard,1.54
320,user_0320,Izzet Omniscience,Izzet Omniscience,1.44
320,user_0320,Gruul Random Encounter,Gruul Random Encounter,0.68
320,user_0320,Grixis Artifacts,Grixis Artifacts,1.5
320,user_0320,Orzhov Midrange,Orzhov Midrange,1.21
320,user_0320,Mono-White Tokens,Mono-White Tokens,1.13
320,user_0320,Bant Omniscience,Bant Omniscience,0.8
320,user_0320,4c Reanimator,4c Reanimator,2.5
320,user_0320,Orzhov Control,Orzhov Control,1.15
320,user_0320,Esper Self-Bounce,Esper Self-Bounce,0.45
320,user_0320,Mono-Black Midrange,Mono-Black Midrange,0.79
320,user_0320,Jeskai Artifacts,Jeskai Artifacts,0.66
320,user_0320,Azorius Control,Azorius Control,1.37
320,user_0320,4c Insidious Roots (2),4c Insidious Roots,0.77
320,user_0320,Gruul Aggro,Gruul Aggro,2.14
320,user_0320,Boros Mice,Boros Mice,0.9
320,user_0320,Jund Aggro,Jund Aggro,2.0
320,user_0320,Grixis Leyline,Grixis Leyline,1.4
320,user_0320,Rakdos Aggro,Rakdos Aggro,1.64
320,user_0320,Boros Manufacturing,Boros Manufacturing,0.72
320,user_0320,Temur Battlecrier Combo,Temur Battlecrier Combo,1.21
320,user_0320,Jeskai Looting,Jeskai Looting,1.47
320,user_0320,5c Reanimator,5c Reanimator,1.08
320,user_0320,Dimir Midrange,Dimir Midrange,3.77
320,user_0320,Mardu Dragons,Mardu Dragons,0.7
320,user_0320,Mono-Green Landfall,Mono-Green Landfall,1.23
320,user_0320,Boros Dragons,Boros Dragons,1.27
320,user_0320,Rakdos Sacrifice,Rakdos Sacrifice,1.08
320,user_0320,Jeskai Control,Jeskai Control,3.18
320,user_0320,4c Omniscience,4c Omniscience,0.47
320,user_0320,Sultai Control,Sultai Control,0.57
320,user_0320,4c Control,4c Control,1.06
320,user_0320,Temur Lessons,Temur Lessons,1.68
320,user_0320,Boros Burn,Boros Burn,0.76
320,user_0320,Simic Omniscience,Simic Omniscience,0.7
320,user_0320,4c Kona,4c Kona,1.31
320,user_0320,Golgari Insidious Roots,Golgari Insidious Roots,0.81
320,user_0320,Izzet Aggro,Izzet Aggro,1.72
320,user_0320,Orzhov Self-Bounce,Orzhov Self-Bounce,1.03
320,user_0320,Selesnya Landfall,Selesnya Landfall,1.22
320,user_0320,Izzet Prowess,Izzet Prowess,2.08
320,user_0320,Temur Floodcaller Combo,Temur Floodcaller Combo,0.59
321,user_0321,Gruul Random Encounter,Gruul Random Encounter,0.99
321,user_0321,4c Kona,4c Kona,1.05
321,user_0321,Jund Aggro,Jund Aggro,0.76
321,user_0321,Golgari Midrange,Golgari Midrange,2.03
321,user_0321,Sultai Graveyard,Sultai Graveyard,1.03
321,user_0321,Boros Mice,Boros Mice,0.83
321,user_0321,Izzet Prowess,Izzet Prowess,2.43
321,user_0321,4c Control,4c Control,0.9
321,user_0321,Simic Landfall,Simic Landfall,1.1
321,user_0321,Gruul Aggro,Gruul Aggro,0.83
321,user_0321,Boros Manufacturing,Boros Manufacturing,1.05
321,user_0321,Temur Lessons,Temur Lessons,1.07
321,user_0321,Temur Kona,Temur Kona,1.45
321,user_0321,Boros Token Control,Boros Token Control,0.79
321,user_0321,4c Insidious Roots,4c Insidious Roots,1.18
321,user_0321,Sultai Control,Sultai Control,1.43
321,user_0321,Gruul Leyline Aggro,Gruul Leyline Aggro,1.49
321,user_0321,Rakdos Aggro,Rakdos Aggro,1.09
321,user_0321,5c Reanimator,5c Reanimator,0.77
321,user_0321,Sultai Reanimator,Sultai Reanimator,1.85
321,user_0321,Naya Yuna,Naya Yuna,1.22
322,user_0322,Azorius Control,Azorius Control,1.64
322,user_0322,Jeskai Self-Bounce,Jeskai Self-Bounce,1.29
322,user_0322,Naya Yuna,Naya Yuna,1.28
322,user_0322,Mono-Red Leyline Aggro,Mono-Red Leyline Aggro,0.7
322,user_0322,4c Insidious Roots,4c Insidious Roots,1.16
322,user_0322,Izzet Omniscience,Izzet Omniscience,1.03
322,user_0322,Lifegain,Lifegain,0.46
322,user_0322,Selesnya Landfall,Selesnya Landfall,1.45
322,user_0322,4c Omniscience,4c Omniscience,1.33
322,user_0322,Izzet,Izzet,1.15
322,user_0322,Boros Burn,Boros Burn,1.21
322,user_0322,Izzet Aggro,Izzet Aggro,1.05
322,user_0322,5c Reanimator,5c Reanimator,1.15
322,user_0322,Izzet Lessons,Izzet Lessons,3.99
322,user_0322,Mono-Black Midrange,Mono-Black Midrange,1.47
322,user_0322,Gruul Leyline Aggro,Gruul Leyline Aggro,0.78
322,user_0322,Gruul Random Encounter,Gruul Random Encounter,1.29
322,user_0322,4c Reanimator,4c Reanimator,2.09
322,user_0322,Jund Aggro,Jund Aggro,0.88
322,user_0322,Esper Self-Bounce,Esper Self-Bounce,1.38
322,user_0322,Gruul Delirium,Gruul Delirium,0.68
322,user_0322,Mono-White Tokens,Mono-White Tokens,1.15
322,user_0322,Mardu Dragons,Mardu Dragons,0.62
322,user_0322,Dimir Control,Dimir Control,0.92
323,user_0323,Rakdos Sacrifice,Rakdos Sacrifice,1.22
323,user_0323,Temur Battlecrier Combo,Temur Battlecrier Combo,0.8
323,user_0323,Izzet Lessons,Izzet Lessons,5
323,user_0323,Temur Kona,Temur Kona,1.87
323,user_0323,Gruul Leyline Aggro,Gruul Leyline Aggro,1.31
323,user_0323,Orzhov Control,Orzhov Control,0.78
323,user_0323,Esper Self-Bounce,Esper Self-Bounce,1.47
323,user_0323,Boros Token Control,Boros Token Control,1.32
323,user_0323,Azorius Control,Azorius Control,0.62
323,user_0323,Sultai Reanimator,Sultai Reanimator,2.12
323,user_0323,Orzhov Midrange,Orzhov Midrange,1.33
323,user_0323,Gruul Random Encounter,Gruul Random Encounter,0.97
323,user_0323,Naya Yuna,Naya Yuna,1.13
323,user_0323,Dimir Midrange,Dimir Midrange,3.56
323,user_0323,Mono-Black Midrange,Mono-Black Midrange,1.35
323,user_0323,Gruul Aggro,Gruul Aggro,1.35
323,user_0323,Dimir Bounce,Dimir Bounce,1.42
323,user_0323,Grixis Leyline,Grixis Leyline,1.86
323,user_0323,Golgari Insidious Roots,Golgari Insidious Roots,1.64
323,user_0323,4c Omniscience,4c Omniscience,1.2
323,user_0323,4c Artifacts,4c Artifacts,1.01
323,user_0323,Jeskai Looting,Jeskai Looting,2.09
323,user_0323,5c Reanimator,5c Reanimator,1.57
323,user_0323,Simic Landfall,Simic Landfall,1.06
323,user_0323,Izzet Looting,Izzet Looting,2.5
323,user_0323,4c Kona,4c Kona,2.31
323,user_0323,Izzet Aggro,Izzet Aggro,0.61
324,user_0324,Gruul Random Encounter,Gruul Random Encounter,1.27
324,user_0324,Grixis Artifacts,Grixis Artifacts,0.74
324,user_0324,Jund Aggro,Jund Aggro,1.21
324,user_0324,Sultai Reanimator,Sultai Reanimator,1.62
324,user_0324,Mardu Dragons,Mardu Dragons,1.71
324,user_0324,Simic Landfall,Simic Landfall,1.58
324,user_0324,Mono-Red Aggro,Mono-Red Aggro,3.45
324,user_0324,Boros Manufacturing,Boros Manufacturing,1.04
324,user_0324,5c Reanimator,5c Reanimator,0.48
324,user_0324,Mono-White Tokens,Mono-White Tokens,0.74
324,user_0324,Boros Dragons,Boros Dragons,1.43
324,user_0324,4c Kona,4c Kona,0.63
324,user_0324,Orzhov Self-Bounce,Orzhov Self-Bounce,1.0
324,user_0324,Simic Omniscience,Simic Omniscience,0.72
324,user_0324,4c Insidious Roots (2),4c Insidious Roots,0.86
324,user_0324,Selesnya Landfall,Selesnya Landfall,1.18
324,user_0324,Izzet Lessons,Izzet Lessons,4.15
324,user_0324,Temur Lessons,Temur Lessons,1.32
324,user_0324,Rakdos Sacrifice,Rakdos Sacrifice,0.11
324,user_0324,Gruul Leyline Aggro,Gruul Leyline Aggro,0.83
324,user_0324,4c Omniscience,4c Omniscience,0.31
324,user_0324,Golgari Midrange (2),Golgari Midrange,1.36
324,user_0324,Grixis Leyline,Grixis Leyline,0.63
324,user_0324,Boros Leyline Aggro,Boros Leyline Aggro,1.43
324,user_0324,Izzet Omniscience,Izzet Omniscience,0.72
324,user_0324,Naya Yuna,Naya Yuna,1.7
324,user_0324,Jeskai Control,Jeskai Control,3.3
324,user_0324,Boros Token Control,Boros Token Control,1.5
324,user_0324,Lifegain,Lifegain,1.17
324,user_0324,Simic Midrange,Simic Midrange,1.59
324,user_0324,Temur Battlecrier Combo,Temur Battlecrier Combo,1.2
324,user_0324,Abzan Midrange,Abzan Midrange,1.78
324,user_0324,Izzet Midrange,Izzet Midrange,1.88
324,user_0324,Boros Burn,Boros Burn,1.62
324,user_0324,Gruul Aggro,Gruul Aggro,0.57
324,user_0324,4c Reanimator,4c Reanimator,2.53
324,user_0324,Izzet Looting,Izzet Looting,2.71
324,user_0324,4c Artifacts,4c Artifacts,0.91
325,user_0325,Jeskai Control,Jeskai Control,3.56
325,user_0325,Mardu Dragons,Mardu Dragons,0.77
325,user_0325,Orzhov Midrange,Orzhov Midrange,1.57
325,user_0325,Abzan Insidious Roots,Abzan Insidious Roots,1.79
325,user_0325,Dimir Control,Dimir Control,1.08
325,user_0325,4c Kona,4c Kona,0.57
325,user_0325,Golgari Midrange (2),Golgari Midrange,1.19
325,user_0325,Mono-Green Landfall,Mono-Green Landfall,1.69
325,user_0325,Izzet,Izzet,0.97
325,user_0325,Izzet Lessons,Izzet Lessons,3.49
325,user_0325,Boros Token Control,Boros Token Control,0.82
325,user_0325,Lifegain,Lifegain,0.89
325,user_0325,Mono-White Tokens,Mono-White Tokens,1.34
325,user_0325,Izzet Omniscience,Izzet Omniscience,1.28
325,user_0325,Naya Yuna,Naya Yuna,1.15
325,user_0325,Sultai Graveyard,Sultai Graveyard,1.07
325,user_0325,Grixis Leyline,Grixis Leyline,1.46
325,user_0325,4c Insidious Roots,4c Insidious Roots,0.09
325,user_0325,Izzet Looting,Izzet Looting,2.47
325,user_0325,4c Artifacts,4c Artifacts,0.68
325,user_0325,4c Omniscience,4c Omniscience,1.07
325,user_0325,Temur Kona,Temur Kona,1.89
325,user_0325,Dimir Bounce,Dimir Bounce,1.2
325,user_0325,Azorius Control,Azorius Control,1.8
325,user_0325,Selesnya Landfall,Selesnya Landfall,1.7
325,user_0325,Simic Landfall,Simic Landfall,0.91
325,user_0325,Golgari Insidious Roots,Golgari Insidious Roots,1.24
325,user_0325,Boros Mice,Boros Mice,1.72
326,user_0326,Sultai Reanimator,Sultai Reanimator,1.59
326,user_0326,Izzet Looting,Izzet Looting,3.1
326,user_0326,Gruul Delirium,Gruul Delirium,1.71
326,user_0326,Temur Lessons,Temur Lessons,1.67
326,user_0326,Jeskai Artifacts,Jeskai Artifacts,1.16
326,user_0326,Golgari Insidious Roots,Golgari Insidious Roots,1.53
326,user_0326,Mardu Dragons,Mardu Dragons,0.67
326,user_0326,Golgari Midrange,Golgari Midrange,1.79
326,user_0326,Azorius Control,Azorius Control,1.82
326,user_0326,Boros Manufacturing,Boros Manufacturing,2.07
326,user_0326,Simic Landfall,Simic Landfall,1.21
326,user_0326,Boros Dragons,Boros Dragons,1.57
326,user_0326,Boros Leyline Aggro,Boros Leyline Aggro,1.23
326,user_0326,Bant Airbending Combo,Bant Airbending Combo,1.07
326,user_0326,Izzet Midrange,Izzet Midrange,1.13
326,user_0326,Bant Omniscience,Bant Omniscience,1.47
326,user_0326,Grixis Leyline,Grixis Leyline,1.42
326,user_0326,Simic Omniscience,Simic Omniscience,1.35
326,user_0326,Dimir Bounce,Dimir Bounce,1.29
326,user_0326,Gruul Leyline Aggro,Gruul Leyline Aggro,1.64
326,user_0326,Orzhov Self-Bounce,Orzhov Self-Bounce,1.08
326,user_0326,Rakdos Sacrifice,Rakdos Sacrifice,0.79
326,user_0326,Gruul Aggro,Gruul Aggro,0.49
326,user_0326,4c Control,4c Control,1.83
326,user_0326,Sultai Control,Sultai Control,1.83
326,user_0326,Esper Self-Bounce,Esper Self-Bounce,1.18
326,user_0326,Temur Kona,Temur Kona,1.38
326,user_0326,5c Reanimator,5c Reanimator,0.91
326,user_0326,Mono-Black Midrange,Mono-Black Midrange,0.96
326,user_0326,Boros Mice,Boros Mice,1.62
326,user_0326,Orzhov Control,Orzhov Control,1.47
326,user_0326,Simic Aggro,Simic Aggro,1.2
326,user_0326,Orzhov Midrange,Orzhov Midrange,0.79
326,user_0326,Lifegain,Lifegain,0.62
326,user_0326,Simic Midrange,Simic Midrange,1.19
327,user_0327,Simic Landfall,Simic Landfall,0.58
327,user_0327,Sultai Reanimator,Sultai Reanimator,2.07
327,user_0327,Jeskai Artifacts,Jeskai Artifacts,1.64
327,user_0327,Lifegain,Lifegain,0.99
327,user_0327,Temur Floodcaller Combo,Temur Floodcaller Combo,0.56
327,user_0327,Golgari Midrange (2),Golgari Midrange,1.58
327,user_0327,Simic Omniscience,Simic Omniscience,1.32
327,user_0327,Dimir Bounce,Dimir Bounce,1.25
327,user_0327,Rakdos Aggro,Rakdos Aggro,2.28
327,user_0327,Abzan Insidious Roots,Abzan Insidious Roots,1.09
327,user_0327,Izzet Lessons,Izzet Lessons,3.41
327,user_0327,Mono-Red Aggro,Mono-Red Aggro,3.76
327,user_0327,Boros Mice,Boros Mice,0.93
327,user_0327,Mono-Black Midrange,Mono-Black Midrange,1.18
327,user_0327,Bant Airbending Combo,Bant Airbending Combo,1.89
327,user_0327,Boros Dragons,Boros Dragons,0.6
327,user_0327,Golgari Dragons,Golgari Dragons,1.19
327,user_0327,Boros Token Control,Boros Token Control,1.04
327,user_0327,Mardu Dragons,Mardu Dragons,0.57
327,user_0327,Gruul Delirium,Gruul Delirium,0.58
327,user_0327,Dimir Control,Dimir Control,1.29
327,user_0327,4c Reanimator,4c Reanimator,2.59
327,user_0327,Temur Battlecrier Combo,Temur Battlecrier Combo,1.53
327,user_0327,Abzan Midrange,Abzan Midrange,1.15
327,user_0327,Bant Omniscience,Bant Omniscience,0.62
327,user_0327,4c Control,4c Control,0.88
327,user_0327,Izzet Aggro,Izzet Aggro,1.42
327,user_0327,Orzhov Midrange,Orzhov Midrange,1.21
327,user_0327,Golgari Midrange,Golgari Midrange,1.75
327,user_0327,5c Reanimator,5c Reanimator,1.07
327,user_0327,Jund Aggro,Jund Aggro,1.24
327,user_0327,Orzhov Control,Orzhov Control,1.17
327,user_0327,Simic Aggro,Simic Aggro,1.45
327,user_0327,Boros Leyline Aggro,Boros Leyline Aggro,1.47
327,user_0327,Gruul Random Encounter,Gruul Random Encounter,1.05
327,user_0327,4c Insidious Roots (2),4c Insidious Roots,1.38
327,user_0327,Simic Midrange,Simic Midrange,1.51
327,user_0327,4c Omniscience,4c Omniscience,0.62
327,user_0327,Selesnya Landfall,Selesnya Landfall,1.75
327,user_0327,Izzet Omniscience,Izzet Omniscience,1.52
327,user_0327,4c Artifacts,4c Artifacts,1.11
327,user_0327,Jeskai Looting,Jeskai Looting,0.75
327,user_0327,Boros Manufacturing,Boros Manufacturing,0.54
327,user_0327,Golgari Insidious Roots,Golgari Insidious Roots,1.58
327,user_0327,Dimir Midrange,Dimir Midrange,2.73
327,user_0327,Mono-Red Leyline Aggro,Mono-Red Leyline Aggro,1.61
327,user_0327,Gruul Aggro,Gruul Aggro,1.26
327,user_0327,Temur Kona,Temur Kona,1.34
327,user_0327,Gruul Leyline Aggro,Gruul Leyline Aggro,2.17
327,user_0327,Boros Burn,Boros Burn,1.62
327,user_0327,Mono-White Tokens,Mono-White Tokens,1.18
327,user_0327,Boros Aggro,Boros Aggro,1.91
327,user_0327,Sultai Control,Sultai Control,1.64
327,user_0327,Izzet,Izzet,0.47
327,user_0327,Jeskai Control,Jeskai Control,3.31
328,user_0328,Bant Omniscience,Bant Omniscience,1.62
328,user_0328,4c Reanimator,4c Reanimator,3.02
328,user_0328,4c Control,4c Control,1.38
328,user_0328,Orzhov Control,Orzhov Control,0.97
328,user_0328,Boros Mice,Boros Mice,1.82
328,user_0328,Boros Dragons,Boros Dragons,1.65
328,user_0328,Dimir Control,Dimir Control,0.59
328,user_0328,Grixis Leyline,Grixis Leyline,2.16
328,user_0328,Izzet,Izzet,1.06
328,user_0328,4c Omniscience,4c Omniscience,1.67
328,user_0328,4c Insidious Roots (2),4c Insidious Roots,1.01
328,user_0328,Gruul Leyline Aggro,Gruul Leyline Aggro,0.79
328,user_0328,Izzet Aggro,Izzet Aggro,1.78
328,user_0328,Izzet Midrange,Izzet Midrange,0.85
328,user_0328,Izzet Prowess,Izzet Prowess,2.71
328,user_0328,Golgari Insidious Roots,Golgari Insidious Roots,1.55
328,user_0328,Abzan Midrange,Abzan Midrange,1.14
328,user_0328,Orzhov Midrange,Orzhov Midrange,1.19
328,user_0328,Jeskai Self-Bounce,Jeskai Self-Bounce,2.22
328,user_0328,Boros Token Control,Boros Token Control,0.66
328,user_0328,4c Kona,4c Kona,1.46
328,user_0328,Golgari Midrange,Golgari Midrange,1.82
328,user_0328,Jeskai Artifacts,Jeskai Artifacts,1.71
328,user_0328,Jund Aggro,Jund Aggro,0.95
328,user_0328,Sultai Reanimator,Sultai Reanimator,1.89
328,user_0328,Temur Lessons,Temur Lessons,2.25
328,user_0328,Dimir Bounce,Dimir Bounce,1.83
328,user_0328,Gruul Random Encounter,Gruul Random Encounter,1.74
328,user_0328,Jeskai Looting,Jeskai Looting,1.81
328,user_0328,Mono-Red Aggro,Mono-Red Aggro,3.39
328,user_0328,Izzet Looting,Izzet Looting,3.51
328,user_0328,Lifegain,Lifegain,1.72
328,user_0328,Boros Burn,Boros Burn,1.59
328,user_0328,Izzet Lessons,Izzet Lessons,4.41
328,user_0328,Golgari Midrange (2),Golgari Midrange,1.07
328,user_0328,Temur Battlecrier Combo,Temur Battlecrier Combo,1.25
328,user_0328,Mono-White Tokens,Mono-White Tokens,1.35
328,user_0328,Sultai Graveyard,Sultai Graveyard,2.15
328,user_0328,4c Insidious Roots,4c Insidious Roots,1.67
328,user_0328,Bant Airbending Combo,Bant Airbending Combo,1.38
328,user_0328,Mono-Green Landfall,Mono-Green Landfall,2.15
328,user_0328,Simic Landfall,Simic Landfall,1.24
328,user_0328,Rakdos Aggro,Rakdos Aggro,1.27
328,user_0328,Mardu Dragons,Mardu Dragons,1.75
328,user_0328,Abzan Insidious Roots,Abzan Insidious Roots,1.74
328,user_0328,Mono-Black Midrange,Mono-Black Midrange,1.01
328,user_0328,Simic Omniscience,Simic Omniscience,1.32
328,user_0328,Boros Aggro,Boros Aggro,0.9
328,user_0328,Boros Manufacturing,Boros Manufacturing,1.65
328,user_0328,Boros Leyline Aggro,Boros Leyline Aggro,1.48
328,user_0328,5c Reanimator,5c Reanimator,1.86
328,user_0328,Azorius Control,Azorius Control,1.41
328,user_0328,Golgari Dragons,Golgari Dragons,1.06
328,user_0328,Gruul Delirium,Gruul Delirium,1.24
329,user_0329,Rakdos Sacrifice,Rakdos Sacrifice,0.7
329,user_0329,Mardu Dragons,Mardu Dragons,0.88
329,user_0329,Izzet Lessons,Izzet Lessons,3.89
329,user_0329,Simic Omniscience,Simic Omniscience,1.23
329,user_0329,Temur Floodcaller Combo,Temur Floodcaller Combo,1.03
329,user_0329,Jund Aggro,Jund Aggro,1.22
329,user_0329,Esper Self-Bounce,Esper Self-Bounce,1.71
329,user_0329,Gruul Leyline Aggro,Gruul Leyline Aggro,1.82
329,user_0329,Golgari Midrange,Golgari Midrange,1.46
329,user_0329,4c Kona,4c Kona,1.05
329,user_0329,Grixis Leyline,Grixis Leyline,1.24
329,user_0329,Naya Yuna,Naya Yuna,0.89
329,user_0329,Simic Aggro,Simic Aggro,0.87
329,user_0329,Mono-Black Midrange,Mono-Black Midrange,1.41
329,user_0329,Jeskai Artifacts,Jeskai Artifacts,1.14
329,user_0329,Dimir Control,Dimir Control,1.65
329,user_0329,Jeskai Looting,Jeskai Looting,0.93
329,user_0329,Izzet Aggro,Izzet Aggro,0.61
329,user_0329,Golgari Insidious Roots,Golgari Insidious Roots,1.54
329,user_0329,4c Reanimator,4c Reanimator,1.87
329,user_0329,Abzan Midrange,Abzan Midrange,0.94
329,user_0329,4c Artifacts,4c Artifacts,1.39
329,user_0329,Mono-Green Landfall,Mono-Green Landfall,1.7
329,user_0329,Jeskai Self-Bounce,Jeskai Self-Bounce,1.12
329,user_0329,Bant Airbending Combo,Bant Airbending Combo,1.18
329,user_0329,Boros Aggro,Boros Aggro,1.02
329,user_0329,Golgari Dragons,Golgari Dragons,1.25
329,user_0329,Simic Landfall,Simic Landfall,0.38
329,user_0329,Boros Token Control,Boros Token Control,1.24
329,user_0329,Boros Dragons,Boros Dragons,0.88
329,user_0329,Simic Midrange,Simic Midrange,1.17
329,user_0329,Gruul Delirium,Gruul Delirium,0.89
329,user_0329,Boros Leyline Aggro,Boros Leyline Aggro,1.31
329,user_0329,4c Insidious Roots (2),4c Insidious Roots,0.92
329,user_0329,4c Omniscience,4c Omniscience,0.7
329,user_0329,Jeskai Control,Jeskai Control,3.56
329,user_0329,Mono-White Tokens,Mono-White Tokens,0.7
329,user_0329,Boros Burn,Boros Burn,0.69
329,user_0329,Izzet Omniscience,Izzet Omniscience,0.91
329,user_0329,Abzan Insidious Roots,Abzan Insidious Roots,0.73
329,user_0329,Bant Omniscience,Bant Omniscience,1.44
329,user_0329,4c Insidious Roots,4c Insidious Roots,1.03
330,user_0330,Orzhov Midrange,Orzhov Midrange,1.16
330,user_0330,4c Insidious Roots (2),4c Insidious Roots,1.35
330,user_0330,Orzhov Self-Bounce,Orzhov Self-Bounce,2.0
330,user_0330,Dimir Bounce,Dimir Bounce,1.62
330,user_0330,Gruul Aggro,Gruul Aggro,0.44
330,user_0330,Boros Mice,Boros Mice,1.45
330,user_0330,Boros Dragons,Boros Dragons,1.4
330,user_0330,Boros Token Control,Boros Token Control,1.11
330,user_0330,Mono-Red Aggro,Mono-Red Aggro,3.41
330,user_0330,Mono-White Tokens,Mono-White Tokens,1.48
330,user_0330,Izzet Lessons,Izzet Lessons,4.39
330,user_0330,Sultai Reanimator,Sultai Reanimator,2.04
330,user_0330,Sultai Control,Sultai Control,1.04
330,user_0330,Selesnya Landfall,Selesnya Landfall,2.6
330,user_0330,4c Artifacts,4c Artifacts,1.87
330,user_0330,Dimir Control,Dimir Control,0.93
330,user_0330,Boros Manufacturing,Boros Manufacturing,1.47
330,user_0330,Esper Self-Bounce,Esper Self-Bounce,1.75
330,user_0330,Jund Aggro,Jund Aggro,0.71
330,user_0330,Izzet Looting,Izzet Looting,3.18
330,user_0330,Rakdos Aggro,Rakdos Aggro,0.9
330,user_0330,Gruul Delirium,Gruul Delirium,2.12
330,user_0330,Golgari Midrange,Golgari Midrange,1.7
330,user_0330,Temur Lessons,Temur Lessons,1.99
330,user_0330,Mono-Red Leyline Aggro,Mono-Red Leyline Aggro,1.11
330,user_0330,Golgari Midrange (2),Golgari Midrange,1.17
330,user_0330,Jeskai Looting,Jeskai Looting,1.57
330,user_0330,Izzet Midrange,Izzet Midrange,0.69
330,user_0330,Bant Airbending Combo,Bant Airbending Combo,1.23
330,user_0330,5c Reanimator,5c Reanimator,1.44
330,user_0330,Naya Yuna,Naya Yuna,1.14
330,user_0330,Dimir Midrange,Dimir Midrange,3.56
330,user_0330,Mono-Green Landfall,Mono-Green Landfall,1.54
330,user_0330,Sultai Graveyard,Sultai Graveyard,1.59
330,user_0330,Grixis Leyline,Grixis Leyline,1.53
330,user_0330,4c Kona,4c Kona,1.13
331,user_0331,Sultai Graveyard,Sultai Graveyard,0.53
331,user_0331,Grixis Artifacts,Grixis Artifacts,1.99
331,user_0331,Mono-Red Aggro,Mono-Red Aggro,3.7
331,user_0331,Boros Aggro,Boros Aggro,1.49
331,user_0331,Lifegain,Lifegain,0.6
331,user_0331,Golgari Midrange (2),Golgari Midrange,1.4
331,user_0331,Izzet,Izzet,1.22
331,user_0331,Izzet Looting,Izzet Looting,2.78
331,user_0331,Orzhov Self-Bounce,Orzhov Self-Bounce,0.91
331,user_0331,Simic Landfall,Simic Landfall,1.17
331,user_0331,Jund Aggro,Jund Aggro,1.35
331,user_0331,Izzet Prowess,Izzet Prowess,2.08
331,user_0331,4c Control,4c Control,0.63
331,user_0331,Boros Manufacturing,Boros Manufacturing,1.42
331,user_0331,Sultai Control,Sultai Control,0.5
331,user_0331,Abzan Midrange,Abzan Midrange,1.48
331,user_0331,Mono-Red Leyline Aggro,Mono-Red Leyline Aggro,1.09
331,user_0331,Boros Mice,Boros Mice,1.15
331,user_0331,Dimir Midrange,Dimir Midrange,4.03
331,user_0331,Jeskai Artifacts,Jeskai Artifacts,1.34
331,user_0331,Mono-White Tokens,Mono-White Tokens,0.69
331,user_0331,Izzet Omniscience,Izzet Omniscience,0.42
331,user_0331,Temur Floodcaller Combo,Temur Floodcaller Combo,1.01
331,user_0331,Azorius Control,Azorius Control,1.47
331,user_0331,Boros Leyline Aggro,Boros Leyline Aggro,0.14
331,user_0331,Temur Battlecrier Combo,Temur Battlecrier Combo,0.9
331,user_0331,4c Omniscience,4c Omniscience,0.92
331,user_0331,Izzet Lessons,Izzet Lessons,3.83
331,user_0331,Simic Aggro,Simic Aggro,1.42
331,user_0331,4c Insidious Roots (2),4c Insidious Roots,1.61
331,user_0331,Gruul Leyline Aggro,Gruul Leyline Aggro,1.44
331,user_0331,Jeskai Control,Jeskai Control,2.79
331,user_0331,Rakdos Sacrifice,Rakdos Sacrifice,0.37
331,user_0331,Bant Omniscience,Bant Omniscience,0.75
331,user_0331,Izzet Midrange,Izzet Midrange,1.98
331,user_0331,Boros Dragons,Boros Dragons,0.95
331,user_0331,4c Artifacts,4c Artifacts,0.99
332,user_0332,Boros Aggro,Boros Aggro,1.25
332,user_0332,Jeskai Control,Jeskai Control,3.4
332,user_0332,Temur Floodcaller Combo,Temur Floodcaller Combo,1.43
332,user_0332,Golgari Midrange (2),Golgari Midrange,1.34
332,user_0332,Mono-Black Midrange,Mono-Black Midrange,1.1
332,user_0332,Simic Aggro,Simic Aggro,1.37
332,user_0332,Izzet,Izzet,1.11
332,user_0332,Boros Mice,Boros Mice,0.61
332,user_0332,Simic Midrange,Simic Midrange,0.73
332,user_0332,Sultai Reanimator,Sultai Reanimator,1.32
332,user_0332,Boros Leyline Aggro,Boros Leyline Aggro,1.11
332,user_0332,Gruul Aggro,Gruul Aggro,1.43
332,user_0332,Azorius Control,Azorius Control,2.21
332,user_0332,4c Artifacts,4c Artifacts,0.73
332,user_0332,Abzan Midrange,Abzan Midrange,0.63
332,user_0332,Izzet Looting,Izzet Looting,2.62
332,user_0332,Jeskai Artifacts,Jeskai Artifacts,0.69
332,user_0332,Boros Manufacturing,Boros Manufacturing,0.89
332,user_0332,Jeskai Self-Bounce,Jeskai Self-Bounce,0.94
332,user_0332,Jeskai Looting,Jeskai Looting,0.77
332,user_0332,Golgari Midrange,Golgari Midrange,1.75
332,user_0332,Mono-White Tokens,Mono-White Tokens,1.17
332,user_0332,Grixis Artifacts,Grixis Artifacts,1.67
332,user_0332,Dimir Midrange,Dimir Midrange,3.25
333,user_0333,Simic Aggro,Simic Aggro,1.77
333,user_0333,Boros Manufacturing,Boros Manufacturing,1.45
333,user_0333,Gruul Aggro,Gruul Aggro,1.46
333,user_0333,4c Insidious Roots (2),4c Insidious Roots,1.25
333,user_0333,Bant Omniscience,Bant Omniscience,1.02
333,user_0333,Selesnya Landfall,Selesnya Landfall,1.95
333,user_0333,Izzet Aggro,Izzet Aggro,1.24
333,user_0333,Temur Floodcaller Combo,Temur Floodcaller Combo,0.68
333,user_0333,Boros Dragons,Boros Dragons,1.23
333,user_0333,Boros Aggro,Boros Aggro,2.01
333,user_0333,Dimir Midrange,Dimir Midrange,3.52
333,user_0333,Sultai Reanimator,Sultai Reanimator,1.08
333,user_0333,4c Reanimator,4c Reanimator,1.94
333,user_0333,Jeskai Artifacts,Jeskai Artifacts,1.06
333,user_0333,Jeskai Looting,Jeskai Looting,1.08
333,user_0333,5c Reanimator,5c Reanimator,1.5
333,user_0333,Rakdos Aggro,Rakdos Aggro,1.41
333,user_0333,Gruul Delirium,Gruul Delirium,1.13
333,user_0333,Simic Midrange,Simic Midrange,0.57
333,user_0333,Izzet Midrange,Izzet Midrange,0.79
333,user_0333,Temur Lessons,Temur Lessons,1.43
333,user_0333,Abzan Midrange,Abzan Midrange,0.81
333,user_0333,Simic Omniscience,Simic Omniscience,0.85
333,user_0333,Boros Burn,Boros Burn,1.11
333,user_0333,Lifegain,Lifegain,1.56
333,user_0333,Boros Mice,Boros Mice,0.82
333,user_0333,Mono-Red Leyline Aggro,Mono-Red Leyline Aggro,1.64
333,user_0333,Naya Yuna,Naya Yuna,0.9
333,user_0333,Izzet Prowess,Izzet Prowess,2.48
333,user_0333,Golgari Midrange (2),Golgari Midrange,0.83
333,user_0333,4c Artifacts,4c Artifacts,1.4
333,user_0333,Temur Battlecrier Combo,Temur Battlecrier Combo,0.91
333,user_0333,Izzet Omniscience,Izzet Omniscience,1.55
333,user_0333,4c Omniscience,4c Omniscience,1.15
333,user_0333,Golgari Insidious Roots,Golgari Insidious Roots,1.1
333,user_0333,Jeskai Self-Bounce,Jeskai Self-Bounce,0.78
333,user_0333,Boros Leyline Aggro,Boros Leyline Aggro,1.35
333,user_0333,4c Control,4c Control,1.46
333,user_0333,Rakdos Sacrifice,Rakdos Sacrifice,1.18
333,user_0333,Izzet,Izzet,0.99
333,user_0333,Mono-Black Midrange,Mono-Black Midrange,1.01
333,user_0333,Orzhov Control,Orzhov Control,0.59
333,user_0333,Gruul Random Encounter,Gruul Random Encounter,0.59
333,user_0333,Gruul Leyline Aggro,Gruul Leyline Aggro,1.33
333,user_0333,Jund Aggro,Jund Aggro,1.43
333,user_0333,Simic Landfall,Simic Landfall,1.41
333,user_0333,Izzet Lessons,Izzet Lessons,3.87
333,user_0333,Sultai Graveyard,Sultai Graveyard,1.18
333,user_0333,Abzan Insidious Roots,Abzan Insidious Roots,1.29
333,user_0333,Boros Token Control,Boros Token Control,0.77
334,user_0334,Boros Mice,Boros Mice,1.24
334,user_0334,4c Artifacts,4c Artifacts,2.0
334,user_0334,Jeskai Looting,Jeskai Looting,1.02
334,user_0334,Jeskai Self-Bounce,Jeskai Self-Bounce,2.03
334,user_0334,Boros Token Control,Boros Token Control,0.95
334,user_0334,Boros Manufacturing,Boros Manufacturing,1.78
334,user_0334,Simic Landfall,Simic Landfall,1.21
334,user_0334,4c Kona,4c Kona,2.01
334,user_0334,Bant Omniscience,Bant Omniscience,1.76
334,user_0334,4c Omniscience,4c Omniscience,1.67
334,user_0334,Temur Battlecrier Combo,Temur Battlecrier Combo,0.82
334,user_0334,Naya Yuna,Naya Yuna,1.35
334,user_0334,Mono-Red Leyline Aggro,Mono-Red Leyline Aggro,1.2
334,user_0334,4c Control,4c Control,1.26
334,user_0334,Simic Aggro,Simic Aggro,0.87
334,user_0334,Grixis Artifacts,Grixis Artifacts,1.46
334,user_0334,Sultai Reanimator,Sultai Reanimator,1.6
334,user_0334,Temur Lessons,Temur Lessons,1.97
334,user_0334,Jeskai Control,Jeskai Control,2.89
334,user_0334,Izzet Prowess,Izzet Prowess,2.77
334,user_0334,Gruul Aggro,Gruul Aggro,0.91
334,user_0334,Temur Floodcaller Combo,Temur Floodcaller Combo,0.82
334,user_0334,Orzhov Control,Orzhov Control,1.3
334,user_0334,Izzet Lessons,Izzet Lessons,4.39
334,user_0334,Sultai Graveyard,Sultai Graveyard,1.99
334,user_0334,Mono-Green Landfall,Mono-Green Landfall,2.05
334,user_0334,Mono-White Tokens,Mono-White Tokens,1.76
334,user_0334,Mardu Dragons,Mardu Dragons,1.65
334,user_0334,Boros Dragons,Boros Dragons,1.22
334,user_0334,Jund Aggro,Jund Aggro,1.31
334,user_0334,Izzet Omniscience,Izzet Omniscience,1.71
334,user_0334,Golgari Midrange,Golgari Midrange,1.27
334,user_0334,Mono-Red Aggro,Mono-Red Aggro,3.29
334,user_0334,Gruul Leyline Aggro,Gruul Leyline Aggro,0.71
334,user_0334,Gruul Random Encounter,Gruul Random Encounter,2.13
334,user_0334,Dimir Bounce,Dimir Bounce,2.09
334,user_0334,Dimir Control,Dimir Control,0.72
335,user_0335,Orzhov Control,Orzhov Control,0.78
335,user_0335,Sultai Graveyard,Sultai Graveyard,1.42
335,user_0335,Izzet Prowess,Izzet Prowess,1.96
335,user_0335,Rakdos Aggro,Rakdos Aggro,1.14
335,user_0335,Esper Self-Bounce,Esper Self-Bounce,1.41
335,user_0335,Mono-White Tokens,Mono-White Tokens,0.41
335,user_0335,Simic Omniscience,Simic Omniscience,0.65
335,user_0335,Izzet Omniscience,Izzet Omniscience,0.69
335,user_0335,Golgari Midrange (2),Golgari Midrange,1.23
335,user_0335,Izzet Midrange,Izzet Midrange,1.35
335,user_0335,Dimir Control,Dimir Control,1.1
335,user_0335,Izzet,Izzet,0.58
335,user_0335,4c Artifacts,4c Artifacts,0.67
335,user_0335,Azorius Control,Azorius Control,1.08
335,user_0335,4c Omniscience,4c Omniscience,1.41
335,user_0335,Orzhov Midrange,Orzhov Midrange,1.02
335,user_0335,Mono-Red Aggro,Mono-Red Aggro,3.62
335,user_0335,Temur Battlecrier Combo,Temur Battlecrier Combo,1.71
335,user_0335,Boros Burn,Boros Burn,1.05
335,user_0335,Grixis Leyline,Grixis Leyline,0.79
335,user_0335,Dimir Bounce,Dimir Bounce,1.76
335,user_0335,Jeskai Artifacts,Jeskai Artifacts,1.35
335,user_0335,Simic Landfall,Simic Landfall,0.84
335,user_0335,Temur Lessons,Temur Lessons,1.1
335,user_0335,Gruul Aggro,Gruul Aggro,0.88
335,user_0335,Grixis Artifacts,Grixis Artifacts,0.96
335,user_0335,Lifegain,Lifegain,1.2
335,user_0335,Abzan Midrange,Abzan Midrange,1.39
335,user_0335,Temur Kona,Temur Kona,1.52
335,user_0335,Mardu Dragons,Mardu Dragons,1.13
335,user_0335,Rakdos Sacrifice,Rakdos Sacrifice,0.85
335,user_0335,4c Reanimator,4c Reanimator,2.47
335,user_0335,Mono-Red Leyline Aggro,Mono-Red Leyline Aggro,1.64
335,user_0335,Izzet Looting,Izzet Looting,2.73
335,user_0335,Golgari Midrange,Golgari Midrange,1.69
335,user_0335,Dimir Midrange,Dimir Midrange,3.61
335,user_0335,Sultai Reanimator,Sultai Reanimator,1.83
335,user_0335,Jeskai Control,Jeskai Control,3.69
335,user_0335,Boros Aggro,Boros Aggro,1.08
335,user_0335,4c Kona,4c Kona,1.25
335,user_0335,Boros Mice,Boros Mice,1.17
335,user_0335,Golgari Dragons,Golgari Dragons,0.52
335,user_0335,Izzet Lessons,Izzet Lessons,3.93
335,user_0335,Abzan Insidious Roots,Abzan Insidious Roots,0.81
335,user_0335,Orzhov Self-Bounce,Orzhov Self-Bounce,1.56
335,user_0335,Simic Midrange,Simic Midrange,0.69
335,user_0335,Sultai Control,Sultai Control,1.99
335,user_0335,4c Control,4c Control,0.74
335,user_0335,Gruul Random Encounter,Gruul Random Encounter,0.25
335,user_0335,Jeskai Looting,Jeskai Looting,1.2
335,user_0335,Boros Token Control,Boros Token Control,0.89
335,user_0335,Boros Manufacturing,Boros Manufacturing,1.1
335,user_0335,Simic Aggro,Simic Aggro,1.38
335,user_0335,Bant Airbending Combo,Bant Airbending Combo,1.37
335,user_0335,5c Reanimator,5c Reanimator,0.83
335,user_0335,Selesnya Landfall,Selesnya Landfall,1.44
336,user_0336,Izzet Looting,Izzet Looting,2.32
336,user_0336,Grixis Leyline,Grixis Leyline,0.94
336,user_0336,Dimir Bounce,Dimir Bounce,0.9
336,user_0336,Azorius Control,Azorius Control,0.79
336,user_0336,Golgari Dragons,Golgari Dragons,0.68
336,user_0336,Boros Manufacturing,Boros Manufacturing,0.8
336,user_0336,Gruul Aggro,Gruul Aggro,1.32
336,user_0336,Jund Aggro,Jund Aggro,1.66
336,user_0336,Izzet Lessons,Izzet Lessons,3.22
336,user_0336,Grixis Artifacts,Grixis Artifacts,1.05
336,user_0336,Izzet Midrange,Izzet Midrange,0.87
336,user_0336,Jeskai Self-Bounce,Jeskai Self-Bounce,1.24
336,user_0336,Orzhov Self-Bounce,Orzhov Self-Bounce,1.79
336,user_0336,Mono-Green Landfall,Mono-Green Landfall,2.09
336,user_0336,Lifegain,Lifegain,0.46
336,user_0336,Boros Dragons,Boros Dragons,0.66
336,user_0336,Boros Leyline Aggro,Boros Leyline Aggro,1.28
336,user_0336,Simic Midrange,Simic Midrange,1.39
336,user_0336,Mono-White Tokens,Mono-White Tokens,1.01
336,user_0336,Naya Yuna,Naya Yuna,1.49
336,user_0336,Mardu Dragons,Mardu Dragons,1.21
336,user_0336,Abzan Insidious Roots,Abzan Insidious Roots,0.5
336,user_0336,Sultai Reanimator,Sultai Reanimator,1.43
336,user_0336,4c Reanimator,4c Reanimator,1.8
336,user_0336,Gruul Leyline Aggro,Gruul Leyline Aggro,1.41
336,user_0336,Temur Battlecrier Combo,Temur Battlecrier Combo,1.12
336,user_0336,Izzet Aggro,Izzet Aggro,1.94
336,user_0336,Orzhov Control,Orzhov Control,1.11
336,user_0336,Rakdos Aggro,Rakdos Aggro,1.57
336,user_0336,Dimir Midrange,Dimir Midrange,3.71
336,user_0336,Orzhov Midrange,Orzhov Midrange,1.85
336,user_0336,Golgari Insidious Roots,Golgari Insidious Roots,0.71
336,user_0336,Abzan Midrange,Abzan Midrange,0.92
336,user_0336,Jeskai Looting,Jeskai Looting,1.35
336,user_0336,Izzet,Izzet,0.97
336,user_0336,Mono-Red Aggro,Mono-Red Aggro,4.03
336,user_0336,Sultai Control,Sultai Control,1.32
336,user_0336,Jeskai Artifacts,Jeskai Artifacts,1.06
336,user_0336,4c Insidious Roots (2),4c Insidious Roots,0.86
336,user_0336,Dimir Control,Dimir Control,0.85
336,user_0336,Mono-Black Midrange,Mono-Black Midrange,1.01
336,user_0336,4c Insidious Roots,4c Insidious Roots,1.49
336,user_0336,Boros Aggro,Boros Aggro,1.75
336,user_0336,Boros Burn,Boros Burn,1.23
336,user_0336,Bant Airbending Combo,Bant Airbending Combo,1.25
336,user_0336,Mono-Red Leyline Aggro,Mono-Red Leyline Aggro,1.77
336,user_0336,Golgari Midrange,Golgari Midrange,1.73
336,user_0336,Temur Kona,Temur Kona,1.23
336,user_0336,5c Reanimator,5c Reanimator,0.8
336,user_0336,Izzet Prowess,Izzet Prowess,2.02
336,user_0336,Gruul Random Encounter,Gruul Random Encounter,1.09
337,user_0337,Simic Omniscience,Simic Omniscience,1.53
337,user_0337,4c Control,4c Control,1.17
337,user_0337,Jeskai Artifacts,Jeskai Artifacts,1.3
337,user_0337,Boros Dragons,Boros Dragons,1.69
337,user_0337,Dimir Control,Dimir Control,1.23
337,user_0337,4c Kona,4c Kona,1.1
337,user_0337,Jeskai Control,Jeskai Control,3.24
337,user_0337,Abzan Insidious Roots,Abzan Insidious Roots,1.17
337,user_0337,Jeskai Looting,Jeskai Looting,1.39
337,user_0337,Mono-Black Midrange,Mono-Black Midrange,0.83
337,user_0337,Golgari Insidious Roots,Golgari Insidious Roots,1.87
337,user_0337,Golgari Dragons,Golgari Dragons,1.65
337,user_0337,Simic Aggro,Simic Aggro,1.64
337,user_0337,Grixis Leyline,Grixis Leyline,1.37
337,user_0337,Mono-Red Leyline Aggro,Mono-Red Leyline Aggro,0.64
337,user_0337,Izzet Looting,Izzet Looting,3.13
337,user_0337,Izzet Lessons,Izzet Lessons,4.83
337,user_0337,Boros Burn,Boros Burn,1.68
337,user_0337,Izzet,Izzet,1.11
337,user_0337,Lifegain,Lifegain,1.65
337,user_0337,Boros Mice,Boros Mice,1.48
337,user_0337,Boros Manufacturing,Boros Manufacturing,1.34
337,user_0337,Orzhov Self-Bounce,Orzhov Self-Bounce,1.69
337,user_0337,Azorius Control,Azorius Control,1.16
337,user_0337,Mardu Dragons,Mardu Dragons,1.69
337,user_0337,Rakdos Sacrifice,Rakdos Sacrifice,1.1
337,user_0337,Golgari Midrange,Golgari Midrange,1.6
337,user_0337,Dimir Midrange,Dimir Midrange,3.41
337,user_0337,Orzhov Control,Orzhov Control,1.5
337,user_0337,4c Reanimator,4c Reanimator,2.38
337,user_0337,Izzet Midrange,Izzet Midrange,1.34
337,user_0337,Bant Airbending Combo,Bant Airbending Combo,1.55
337,user_0337,Gruul Random Encounter,Gruul Random Encounter,1.67
337,user_0337,Dimir Bounce,Dimir Bounce,1.47
337,user_0337,Gruul Delirium,Gruul Delirium,1.9
337,user_0337,Izzet Prowess,Izzet Prowess,2.66
337,user_0337,Temur Lessons,Temur Lessons,2.16
337,user_0337,4c Artifacts,4c Artifacts,1.75
337,user_0337,Sultai Reanimator,Sultai Reanimator,1.65
337,user_0337,4c Insidious Roots (2),4c Insidious Roots,1.44
337,user_0337,Gruul Leyline Aggro,Gruul Leyline Aggro,0.81
337,user_0337,Golgari Midrange (2),Golgari Midrange,1.07
337,user_0337,Esper Self-Bounce,Esper Self-Bounce,1.5
337,user_0337,Jund Aggro,Jund Aggro,0.89
337,user_0337,Jeskai Self-Bounce,Jeskai Self-Bounce,1.47
337,user_0337,5c Reanimator,5c Reanimator,1.47
337,user_0337,Selesnya Landfall,Selesnya Landfall,1.72
337,user_0337,Simic Landfall,Simic Landfall,1.73
337,user_0337,Boros Token Control,Boros Token Control,1.18
337,user_0337,Naya Yuna,Naya Yuna,1.5
337,user_0337,Gruul Aggro,Gruul Aggro,0.78
337,user_0337,Orzhov Midrange,Orzhov Midrange,1.09
337,user_0337,Izzet Aggro,Izzet Aggro,0.31
337,user_0337,Grixis Artifacts,Grixis Artifacts,1.28
337,user_0337,4c Omniscience,4c Omniscience,1.39
338,user_0338,Izzet Prowess,Izzet Prowess,2.44
338,user_0338,Abzan Insidious Roots,Abzan Insidious Roots,1.33
338,user_0338,Jeskai Control,Jeskai Control,3.5
338,user_0338,Simic Omniscience,Simic Omniscience,0.48
338,user_0338,Jeskai Self-Bounce,Jeskai Self-Bounce,0.82
338,user_0338,4c Omniscience,4c Omniscience,0.74
338,user_0338,Temur Lessons,Temur Lessons,1.28
338,user_0338,Gruul Leyline Aggro,Gruul Leyline Aggro,1.48
338,user_0338,Izzet Looting,Izzet Looting,2.31
338,user_0338,Sultai Reanimator,Sultai Reanimator,0.85
338,user_0338,4c Insidious Roots,4c Insidious Roots,1.41
338,user_0338,4c Kona,4c Kona,0.99
338,user_0338,Izzet,Izzet,0.4
338,user_0338,Gruul Aggro,Gruul Aggro,1.56
338,user_0338,Boros Burn,Boros Burn,1.41
338,user_0338,4c Artifacts,4c Artifacts,1.13
338,user_0338,Simic Landfall,Simic Landfall,0.47
338,user_0338,Izzet Omniscience,Izzet Omniscience,0.65
338,user_0338,Orzhov Self-Bounce,Orzhov Self-Bounce,0.98
338,user_0338,Orzhov Control,Orzhov Control,0.97
338,user_0338,Simic Midrange,Simic Midrange,0.79
338,user_0338,Izzet Aggro,Izzet Aggro,1.19
338,user_0338,Golgari Midrange,Golgari Midrange,1.79
338,user_0338,Bant Omniscience,Bant Omniscience,1.34
338,user_0338,Mono-Red Leyline Aggro,Mono-Red Leyline Aggro,0.99
338,user_0338,Simic Aggro,Simic Aggro,1.34
338,user_0338,Grixis Artifacts,Grixis Artifacts,0.83
338,user_0338,Rakdos Aggro,Rakdos Aggro,1.17
338,user_0338,Temur Kona,Temur Kona,1.64
338,user_0338,Dimir Control,Dimir Control,0.59
338,user_0338,Dimir Midrange,Dimir Midrange,3.55
338,user_0338,Golgari Midrange (2),Golgari Midrange,1.28
338,user_0338,Boros Token Control,Boros Token Control,1.79
338,user_0338,4c Reanimator,4c Reanimator,2.14
338,user_0338,Sultai Control,Sultai Control,0.97
338,user_0338,Orzhov Midrange,Orzhov Midrange,0.48
338,user_0338,Golgari Insidious Roots,Golgari Insidious Roots,1.48
338,user_0338,Grixis Leyline,Grixis Leyline,1.14
338,user_0338,Mono-Black Midrange,Mono-Black Midrange,1.78
338,user_0338,Boros Leyline Aggro,Boros Leyline Aggro,1.44
338,user_0338,Boros Aggro,Boros Aggro,2.05
338,user_0338,Esper Self-Bounce,Esper Self-Bounce,1.22
338,user_0338,5c Reanimator,5c Reanimator,1.27
338,user_0338,Izzet Midrange,Izzet Midrange,1.15
338,user_0338,Izzet Lessons,Izzet Lessons,3.59
338,user_0338,Mono-White Tokens,Mono-White Tokens,1.21
338,user_0338,4c Insidious Roots (2),4c Insidious Roots,1.34
338,user_0338,Naya Yuna,Naya Yuna,1.24
338,user_0338,Boros Dragons,Boros Dragons,1.61
339,user_0339,4c Kona,4c Kona,2.48
339,user_0339,Temur Kona,Temur Kona,1.9
339,user_0339,Grixis Artifacts,Grixis Artifacts,1.44
339,user_0339,Jeskai Looting,Jeskai Looting,1.36
339,user_0339,Golgari Dragons,Golgari Dragons,1.39
339,user_0339,Golgari Midrange (2),Golgari Midrange,2.01
339,user_0339,Boros Burn,Boros Burn,1.88
339,user_0339,Gruul Random Encounter,Gruul Random Encounter,1.71
339,user_0339,Mardu Dragons,Mardu Dragons,1.44
339,user_0339,Jeskai Control,Jeskai Control,3.07
339,user_0339,Boros Leyline Aggro,Boros Leyline Aggro,0.87
339,user_0339,4c Omniscience,4c Omniscience,1.52
339,user_0339,Simic Aggro,Simic Aggro,0.98
339,user_0339,Mono-Red Aggro,Mono-Red Aggro,3.37
339,user_0339,Boros Token Control,Boros Token Control,0.52
339,user_0339,Esper Self-Bounce,Esper Self-Bounce,1.37
339,user_0339,Bant Omniscience,Bant Omniscience,1.42
339,user_0339,Izzet Lessons,Izzet Lessons,5
339,user_0339,Abzan Insidious Roots,Abzan Insidious Roots,1.86
339,user_0339,Mono-Green Landfall,Mono-Green Landfall,2.4
339,user_0339,Simic Landfall,Simic Landfall,2.05
339,user_0339,Simic Omniscience,Simic Omniscience,1.54
339,user_0339,Bant Airbending Combo,Bant Airbending Combo,2.04
339,user_0339,Gruul Leyline Aggro,Gruul Leyline Aggro,1.36
339,user_0339,Temur Battlecrier Combo,Temur Battlecrier Combo,0.94
339,user_0339,Golgari Insidious Roots,Golgari Insidious Roots,1.44
339,user_0339,Sultai Reanimator,Sultai Reanimator,1.64
339,user_0339,Lifegain,Lifegain,1.58
339,user_0339,Sultai Control,Sultai Control,1.02
339,user_0339,5c Reanimator,5c Reanimator,1.13
339,user_0339,Orzhov Midrange,Orzhov Midrange,1.1
339,user_0339,Selesnya Landfall,Selesnya Landfall,1.78
339,user_0339,Boros Mice,Boros Mice,1.31
339,user_0339,Izzet Aggro,Izzet Aggro,1.35
339,user_0339,Mono-Black Midrange,Mono-Black Midrange,0.39
339,user_0339,Temur Lessons,Temur Lessons,1.81
339,user_0339,Sultai Graveyard,Sultai Graveyard,1.24
339,user_0339,Dimir Control,Dimir Control,1.38
339,user_0339,Mono-White Tokens,Mono-White Tokens,1.53
339,user_0339,Dimir Midrange,Dimir Midrange,4.25
339,user_0339,Izzet,Izzet,2.05
339,user_0339,Orzhov Control,Orzhov Control,0.61
339,user_0339,Izzet Looting,Izzet Looting,3.23
339,user_0339,Rakdos Aggro,Rakdos Aggro,0.98
339,user_0339,Temur Floodcaller Combo,Temur Floodcaller Combo,1.23
339,user_0339,Grixis Leyline,Grixis Leyline,1.85
339,user_0339,Abzan Midrange,Abzan Midrange,0.89
339,user_0339,Azorius Control,Azorius Control,1.5
339,user_0339,4c Control,4c Control,1.13
340,user_0340,Orzhov Control,Orzhov Control,0.99
340,user_0340,Mono-Red Leyline Aggro,Mono-Red Leyline Aggro,1.2
340,user_0340,Mono-Red Aggro,Mono-Red Aggro,2.61
340,user_0340,5c Reanimator,5c Reanimator,1.63
340,user_0340,Boros Dragons,Boros Dragons,1.69
340,user_0340,Boros Leyline Aggro,Boros Leyline Aggro,1.3
340,user_0340,Simic Landfall,Simic Landfall,1.47
340,user_0340,Jeskai Self-Bounce,Jeskai Self-Bounce,1.75
340,user_0340,Gruul Aggro,Gruul Aggro,0.68
340,user_0340,Orzhov Midrange,Orzhov Midrange,1.35
340,user_0340,Gruul Delirium,Gruul Delirium,1.4
340,user_0340,Rakdos Sacrifice,Rakdos Sacrifice,1.62
340,user_0340,4c Artifacts,4c Artifacts,1.04
340,user_0340,Boros Aggro,Boros Aggro,1.44
340,user_0340,Dimir Bounce,Dimir Bounce,1.5
340,user_0340,Temur Kona,Temur Kona,1.76
340,user_0340,Boros Manufacturing,Boros Manufacturing,1.72
340,user_0340,Bant Airbending Combo,Bant Airbending Combo,1.32
340,user_0340,Esper Self-Bounce,Esper Self-Bounce,1.17
340,user_0340,Izzet Midrange,Izzet Midrange,1.29
340,user_0340,Grixis Leyline,Grixis Leyline,1.19
340,user_0340,Azorius Control,Azorius Control,1.4
340,user_0340,Bant Omniscience,Bant Omniscience,1.98
340,user_0340,Mono-Green Landfall,Mono-Green Landfall,1.89
340,user_0340,Lifegain,Lifegain,2.19
340,user_0340,Naya Yuna,Naya Yuna,1.86
340,user_0340,Sultai Reanimator,Sultai Reanimator,1.88
340,user_0340,4c Insidious Roots (2),4c Insidious Roots,1.34
340,user_0340,4c Omniscience,4c Omniscience,1.86
340,user_0340,Jund Aggro,Jund Aggro,1.26
340,user_0340,Grixis Artifacts,Grixis Artifacts,1.67
340,user_0340,Boros Token Control,Boros Token Control,0.98
340,user_0340,4c Control,4c Control,1.22
340,user_0340,Orzhov Self-Bounce,Orzhov Self-Bounce,1.7
340,user_0340,Simic Aggro,Simic Aggro,1.5
340,user_0340,Jeskai Control,Jeskai Control,3.82
340,user_0340,Selesnya Landfall,Selesnya Landfall,2.3
340,user_0340,Simic Omniscience,Simic Omniscience,2.14
340,user_0340,Sultai Control,Sultai Control,0.47
340,user_0340,4c Reanimator,4c Reanimator,2.77
340,user_0340,Dimir Midrange,Dimir Midrange,3.46
340,user_0340,Izzet Omniscience,Izzet Omniscience,1.58
340,user_0340,Golgari Midrange,Golgari Midrange,1.6
340,user_0340,Boros Mice,Boros Mice,1.68
340,user_0340,Mardu Dragons,Mardu Dragons,1.67
341,user_0341,Selesnya Landfall,Selesnya Landfall,1.59
341,user_0341,Golgari Dragons,Golgari Dragons,1.35
341,user_0341,Gruul Leyline Aggro,Gruul Leyline Aggro,1.19
341,user_0341,Azorius Control,Azorius Control,1.48
341,user_0341,Naya Yuna,Naya Yuna,1.57
341,user_0341,Temur Kona,Temur Kona,0.99
341,user_0341,Boros Token Control,Boros Token Control,0.4
341,user_0341,Dimir Control,Dimir Control,1.54
341,user_0341,Temur Battlecrier Combo,Temur Battlecrier Combo,1.15
341,user_0341,Orzhov Self-Bounce,Orzhov Self-Bounce,1.76
341,user_0341,Izzet Midrange,Izzet Midrange,2.13
341,user_0341,Golgari Insidious Roots,Golgari Insidious Roots,1.42
341,user_0341,Dimir Bounce,Dimir Bounce,0.89
341,user_0341,Gruul Delirium,Gruul Delirium,1.09
341,user_0341,4c Reanimator,4c Reanimator,2.35
341,user_0341,Gruul Random Encounter,Gruul Random Encounter,0.68
341,user_0341,Mono-Black Midrange,Mono-Black Midrange,1.45
341,user_0341,Mono-White Tokens,Mono-White Tokens,1.15
341,user_0341,Izzet,Izzet,1.22
341,user_0341,Temur Floodcaller Combo,Temur Floodcaller Combo,1.32
341,user_0341,4c Omniscience,4c Omniscience,0.93
341,user_0341,Jund Aggro,Jund Aggro,1.05
341,user_0341,Abzan Insidious Roots,Abzan Insidious Roots,1.21
341,user_0341,Gruul Aggro,Gruul Aggro,1.05
341,user_0341,Grixis Leyline,Grixis Leyline,1.45
341,user_0341,Izzet Lessons,Izzet Lessons,4.36
341,user_0341,4c Insidious Roots,4c Insidious Roots,0.72
341,user_0341,Jeskai Control,Jeskai Control,3.25
341,user_0341,Bant Omniscience,Bant Omniscience,1.34
341,user_0341,Boros Manufacturing,Boros Manufacturing,1.0
341,user_0341,5c Reanimator,5c Reanimator,0.66
341,user_0341,Sultai Graveyard,Sultai Graveyard,0.52
341,user_0341,4c Kona,4c Kona,0.83
341,user_0341,Mardu Dragons,Mardu Dragons,0.97
341,user_0341,Jeskai Artifacts,Jeskai Artifacts,1.38
341,user_0341,Boros Aggro,Boros Aggro,0.83
341,user_0341,Esper Self-Bounce,Esper Self-Bounce,0.87
341,user_0341,Dimir Midrange,Dimir Midrange,3.8
341,user_0341,Sultai Reanimator,Sultai Reanimator,1.51
342,user_0342,Grixis Artifacts,Grixis Artifacts,1.34
342,user_0342,Abzan Insidious Roots,Abzan Insidious Roots,0.69
342,user_0342,Esper Self-Bounce,Esper Self-Bounce,1.26
342,user_0342,Izzet Lessons,Izzet Lessons,4.23
342,user_0342,Boros Burn,Boros Burn,0.66
342,user_0342,Izzet,Izzet,1.24
342,user_0342,Izzet Midrange,Izzet Midrange,1.27
342,user_0342,Sultai Graveyard,Sultai Graveyard,1.43
342,user_0342,4c Control,4c Control,1.7
342,user_0342,Gruul Delirium,Gruul Delirium,1.83
342,user_0342,Dimir Control,Dimir Control,0.88
342,user_0342,Naya Yuna,Naya Yuna,1.13
342,user_0342,Dimir Midrange,Dimir Midrange,3.09
342,user_0342,Jeskai Self-Bounce,Jeskai Self-Bounce,1.08
342,user_0342,Jeskai Control,Jeskai Control,2.76
342,user_0342,5c Reanimator,5c Reanimator,1.02
342,user_0342,Selesnya Landfall,Selesnya Landfall,1.62
342,user_0342,Boros Dragons,Boros Dragons,1.22
342,user_0342,Izzet Looting,Izzet Looting,2.66
342,user_0342,Boros Aggro,Boros Aggro,1.28
342,user_0342,Izzet Aggro,Izzet Aggro,1.51
342,user_0342,Orzhov Control,Orzhov Control,1.33
343,user_0343,Azorius Control,Azorius Control,1.24
343,user_0343,Golgari Midrange,Golgari Midrange,2.5
343,user_0343,Simic Omniscience,Simic Omniscience,0.63
343,user_0343,Izzet,Izzet,1.47
343,user_0343,Jeskai Self-Bounce,Jeskai Self-Bounce,1.63
343,user_0343,Grixis Leyline,Grixis Leyline,0.75
343,user_0343,Dimir Bounce,Dimir Bounce,1.57
343,user_0343,Gruul Random Encounter,Gruul Random Encounter,1.49
343,user_0343,Simic Aggro,Simic Aggro,1.72
343,user_0343,Esper Self-Bounce,Esper Self-Bounce,1.06
343,user_0343,Naya Yuna,Naya Yuna,0.41
343,user_0343,4c Insidious Roots (2),4c Insidious Roots,1.01
343,user_0343,Mono-Red Leyline Aggro,Mono-Red Leyline Aggro,1.05
343,user_0343,Bant Omniscience,Bant Omniscience,0.74
343,user_0343,Boros Aggro,Boros Aggro,2.21
343,user_0343,Rakdos Sacrifice,Rakdos Sacrifice,1.11
343,user_0343,Golgari Dragons,Golgari Dragons,0.98
343,user_0343,Mono-Green Landfall,Mono-Green Landfall,1.44
343,user_0343,Sultai Reanimator,Sultai Reanimator,1.35
343,user_0343,Grixis Artifacts,Grixis Artifacts,0.62
343,user_0343,Izzet Prowess,Izzet Prowess,1.78
343,user_0343,Dimir Midrange,Dimir Midrange,3.47
343,user_0343,4c Insidious Roots,4c Insidious Roots,1.65
343,user_0343,Boros Dragons,Boros Dragons,1.85
343,user_0343,Mardu Dragons,Mardu Dragons,0.39
343,user_0343,Gruul Leyline Aggro,Gruul Leyline Aggro,0.95
343,user_0343,Mono-White Tokens,Mono-White Tokens,1.08
343,user_0343,Mono-Red Aggro,Mono-Red Aggro,3.93
343,user_0343,4c Artifacts,4c Artifacts,1.34
343,user_0343,Bant Airbending Combo,Bant Airbending Combo,1.23
343,user_0343,Rakdos Aggro,Rakdos Aggro,1.04
343,user_0343,Boros Leyline Aggro,Boros Leyline Aggro,1.71
343,user_0343,Jeskai Artifacts,Jeskai Artifacts,1.31
343,user_0343,Temur Kona,Temur Kona,1.66
343,user_0343,Selesnya Landfall,Selesnya Landfall,1.2
343,user_0343,Gruul Delirium,Gruul Delirium,1.01
343,user_0343,4c Control,4c Control,1.08
343,user_0343,Simic Landfall,Simic Landfall,1.15
344,user_0344,Sultai Control,Sultai Control,0.91
344,user_0344,Izzet Prowess,Izzet Prowess,2.67
344,user_0344,Mono-Green Landfall,Mono-Green Landfall,1.94
344,user_0344,Boros Mice,Boros Mice,1.65
344,user_0344,Mono-Red Leyline Aggro,Mono-Red Leyline Aggro,1.1
344,user_0344,Grixis Artifacts,Grixis Artifacts,2.67
344,user_0344,Mono-White Tokens,Mono-White Tokens,1.4
344,user_0344,4c Reanimator,4c Reanimator,2.43
344,user_0344,Grixis Leyline,Grixis Leyline,1.5
344,user_0344,Gruul Delirium,Gruul Delirium,1.66
344,user_0344,Dimir Bounce,Dimir Bounce,1.39
344,user_0344,Abzan Insidious Roots,Abzan Insidious Roots,1.55
344,user_0344,Simic Midrange,Simic Midrange,1.58
344,user_0344,Simic Omniscience,Simic Omniscience,1.5
344,user_0344,Golgari Midrange (2),Golgari Midrange,0.9
344,user_0344,4c Insidious Roots,4c Insidious Roots,1.8
344,user_0344,Azorius Control,Azorius Control,1.15
344,user_0344,Izzet Midrange,Izzet Midrange,1.35
344,user_0344,Izzet,Izzet,1.54
344,user_0344,Izzet Looting,Izzet Looting,2.99
344,user_0344,Dimir Control,Dimir Control,1.01
344,user_0344,Temur Floodcaller Combo,Temur Floodcaller Combo,1.17
344,user_0344,Boros Leyline Aggro,Boros Leyline Aggro,0.72
344,user_0344,Temur Battlecrier Combo,Temur Battlecrier Combo,0.9
345,user_0345,Jeskai Looting,Jeskai Looting,1.27
345,user_0345,Boros Leyline Aggro,Boros Leyline Aggro,1.05
345,user_0345,Jeskai Control,Jeskai Control,3.09
345,user_0345,Boros Aggro,Boros Aggro,1.84
345,user_0345,Lifegain,Lifegain,1.39
345,user_0345,Boros Dragons,Boros Dragons,0.88
345,user_0345,Mono-Green Landfall,Mono-Green Landfall,1.57
345,user_0345,5c Reanimator,5c Reanimator,1.07
345,user_0345,Grixis Artifacts,Grixis Artifacts,1.28
345,user_0345,Bant Airbending Combo,Bant Airbending Combo,1.33
345,user_0345,Izzet Aggro,Izzet Aggro,1.9
345,user_0345,Orzhov Control,Orzhov Control,0.79
345,user_0345,Orzhov Self-Bounce,Orzhov Self-Bounce,0.69
345,user_0345,Golgari Midrange,Golgari Midrange,1.27
345,user_0345,Abzan Insidious Roots,Abzan Insidious Roots,0.98
345,user_0345,4c Insidious Roots (2),4c Insidious Roots,1.45
345,user_0345,Gruul Aggro,Gruul Aggro,1.16
345,user_0345,Izzet Midrange,Izzet Midrange,0.81
345,user_0345,4c Control,4c Control,0.8
345,user_0345,Esper Self-Bounce,Esper Self-Bounce,0.48
345,user_0345,Sultai Control,Sultai Control,1.46
345,user_0345,Mono-Black Midrange,Mono-Black Midrange,1.21
345,user_0345,Jund Aggro,Jund Aggro,1.61
345,user_0345,Boros Burn,Boros Burn,1.03
345,user_0345,Boros Mice,Boros Mice,0.63
345,user_0345,Temur Lessons,Temur Lessons,2.27
346,user_0346,Azorius Control,Azorius Control,1.64
346,user_0346,Bant Omniscience,Bant Omniscience,1.17
346,user_0346,Golgari Midrange,Golgari Midrange,2.41
346,user_0346,Boros Aggro,Boros Aggro,1.69
346,user_0346,Simic Landfall,Simic Landfall,1.18
346,user_0346,Izzet Omniscience,Izzet Omniscience,1.32
346,user_0346,Temur Lessons,Temur Lessons,1.12
346,user_0346,Sultai Graveyard,Sultai Graveyard,0.93
346,user_0346,Izzet Aggro,Izzet Aggro,1.13
346,user_0346,4c Omniscience,4c Omniscience,1.61
346,user_0346,Dimir Control,Dimir Control,0.69
346,user_0346,Boros Leyline Aggro,Boros Leyline Aggro,1.64
346,user_0346,Izzet Midrange,Izzet Midrange,1.5
346,user_0346,Gruul Random Encounter,Gruul Random Encounter,0.91
346,user_0346,Rakdos Sacrifice,Rakdos Sacrifice,0.78
346,user_0346,Boros Manufacturing,Boros Manufacturing,1.31
346,user_0346,Izzet Prowess,Izzet Prowess,2.4
346,user_0346,Lifegain,Lifegain,1.42
346,user_0346,Gruul Delirium,Gruul Delirium,1.06
346,user_0346,Golgari Midrange (2),Golgari Midrange,1.67
346,user_0346,Boros Token Control,Boros Token Control,0.12
346,user_0346,Jeskai Control,Jeskai Control,2.8
346,user_0346,Simic Aggro,Simic Aggro,1.05
346,user_0346,4c Artifacts,4c Artifacts,0.63
346,user_0346,Grixis Artifacts,Grixis Artifacts,1.14
346,user_0346,Jeskai Looting,Jeskai Looting,0.93
346,user_0346,Izzet Lessons,Izzet Lessons,4.31
346,user_0346,Dimir Bounce,Dimir Bounce,1.61
346,user_0346,4c Insidious Roots (2),4c Insidious Roots,1.14
346,user_0346,Mardu Dragons,Mardu Dragons,1.11
346,user_0346,Sultai Control,Sultai Control,0.82
346,user_0346,Sultai Reanimator,Sultai Reanimator,0.97
346,user_0346,Golgari Insidious Roots,Golgari Insidious Roots,1.47
346,user_0346,Abzan Insidious Roots,Abzan Insidious Roots,1.08
346,user_0346,Izzet,Izzet,1.03
347,user_0347,Boros Mice,Boros Mice,0.78
347,user_0347,Jeskai Self-Bounce,Jeskai Self-Bounce,1.37
347,user_0347,Izzet Omniscience,Izzet Omniscience,1.48
347,user_0347,Gruul Delirium,Gruul Delirium,0.68
347,user_0347,Dimir Bounce,Dimir Bounce,1.4
347,user_0347,Izzet Midrange,Izzet Midrange,1.59
347,user_0347,Izzet Looting,Izzet Looting,2.45
347,user_0347,Gruul Random Encounter,Gruul Random Encounter,1.06
347,user_0347,Simic Aggro,Simic Aggro,1.56
347,user_0347,Rakdos Aggro,Rakdos Aggro,1.37
347,user_0347,Abzan Midrange,Abzan Midrange,1.3
347,user_0347,Bant Omniscience,Bant Omniscience,1.0
347,user_0347,Boros Token Control,Boros Token Control,0.71
347,user_0347,Simic Midrange,Simic Midrange,1.32
347,user_0347,5c Reanimator,5c Reanimator,1.13
347,user_0347,Mardu Dragons,Mardu Dragons,0.67
347,user_0347,Temur Floodcaller Combo,Temur Floodcaller Combo,0.58
347,user_0347,4c Omniscience,4c Omniscience,1.23
347,user_0347,Simic Omniscience,Simic Omniscience,1.48
347,user_0347,4c Insidious Roots (2),4c Insidious Roots,1.04
347,user_0347,Boros Dragons,Boros Dragons,0.35
347,user_0347,Mono-Red Leyline Aggro,Mono-Red Leyline Aggro,1.17
347,user_0347,Sultai Control,Sultai Control,0.84
347,user_0347,Rakdos Sacrifice,Rakdos Sacrifice,1.61
347,user_0347,4c Insidious Roots,4c Insidious Roots,1.26
347,user_0347,Naya Yuna,Naya Yuna,1.3
347,user_0347,Gruul Leyline Aggro,Gruul Leyline Aggro,0.72
347,user_0347,4c Kona,4c Kona,0.71
347,user_0347,Izzet Lessons,Izzet Lessons,3.85
347,user_0347,Gruul Aggro,Gruul Aggro,1.62
347,user_0347,Izzet Prowess,Izzet Prowess,2.1
347,user_0347,Jeskai Artifacts,Jeskai Artifacts,1.69
347,user_0347,Golgari Midrange (2),Golgari Midrange,1.36
348,user_0348,Esper Self-Bounce,Esper Self-Bounce,1.16
348,user_0348,Boros Burn,Boros Burn,0.71
348,user_0348,Simic Aggro,Simic Aggro,1.51
348,user_0348,Lifegain,Lifegain,0.7
348,user_0348,4c Control,4c Control,1.07
348,user_0348,Abzan Insidious Roots,Abzan Insidious Roots,0.76
348,user_0348,Boros Aggro,Boros Aggro,1.69
348,user_0348,Gruul Random Encounter,Gruul Random Encounter,1.22
348,user_0348,Dimir Bounce,Dimir Bounce,1.48
348,user_0348,Grixis Leyline,Grixis Leyline,1.19
348,user_0348,Jeskai Looting,Jeskai Looting,0.98
348,user_0348,Boros Manufacturing,Boros Manufacturing,1.19
348,user_0348,Simic Midrange,Simic Midrange,1.45
348,user_0348,Golgari Midrange (2),Golgari Midrange,0.7
348,user_0348,Sultai Control,Sultai Control,1.6
348,user_0348,Boros Leyline Aggro,Boros Leyline Aggro,1.72
348,user_0348,Mono-White Tokens,Mono-White Tokens,1.11
348,user_0348,4c Reanimator,4c Reanimator,2.07
348,user_0348,Gruul Delirium,Gruul Delirium,1.57
348,user_0348,Golgari Dragons,Golgari Dragons,1.25
348,user_0348,Bant Airbending Combo,Bant Airbending Combo,1.9
348,user_0348,Mono-Red Leyline Aggro,Mono-Red Leyline Aggro,1.5
348,user_0348,Orzhov Control,Orzhov Control,0.75
348,user_0348,Golgari Midrange,Golgari Midrange,1.31
348,user_0348,Temur Battlecrier Combo,Temur Battlecrier Combo,1.66
348,user_0348,Naya Yuna,Naya Yuna,1.14
348,user_0348,Temur Floodcaller Combo,Temur Floodcaller Combo,1.37
348,user_0348,Gruul Leyline Aggro,Gruul Leyline Aggro,1.98
348,user_0348,Dimir Midrange,Dimir Midrange,3.82
348,user_0348,Boros Token Control,Boros Token Control,1.38
348,user_0348,4c Insidious Roots,4c Insidious Roots,1.37
348,user_0348,Golgari Insidious Roots,Golgari Insidious Roots,0.13
348,user_0348,Boros Dragons,Boros Dragons,1.18
348,user_0348,Sultai Reanimator,Sultai Reanimator,2.01
348,user_0348,Simic Omniscience,Simic Omniscience,1.0
348,user_0348,Temur Lessons,Temur Lessons,1.53
348,user_0348,Boros Mice,Boros Mice,0.67
348,user_0348,Jund Aggro,Jund Aggro,1.25
348,user_0348,4c Omniscience,4c Omniscience,1.39
348,user_0348,Azorius Control,Azorius Control,1.68
348,user_0348,Grixis Artifacts,Grixis Artifacts,0.95
348,user_0348,Abzan Midrange,Abzan Midrange,1.1
348,user_0348,Izzet Omniscience,Izzet Omniscience,1.18
348,user_0348,Jeskai Self-Bounce,Jeskai Self-Bounce,0.96
348,user_0348,Rakdos Sacrifice,Rakdos Sacrifice,1.07
348,user_0348,Izzet Aggro,Izzet Aggro,0.98
348,user_0348,Izzet,Izzet,0.7
348,user_0348,Simic Landfall,Simic Landfall,0.73
348,user_0348,Izzet Prowess,Izzet Prowess,1.81
348,user_0348,Dimir Control,Dimir Control,0.97
348,user_0348,Sultai Graveyard,Sultai Graveyard,2.0
348,user_0348,4c Insidious Roots (2),4c Insidious Roots,0.69
348,user_0348,4c Artifacts,4c Artifacts,1.32
348,user_0348,Jeskai Control,Jeskai Control,3.43
348,user_0348,Mono-Black Midrange,Mono-Black Midrange,0.96
348,user_0348,4c Kona,4c Kona,1.17
349,user_0349,Mono-White Tokens,Mono-White Tokens,1.16
349,user_0349,Orzhov Control,Orzhov Control,0.36
349,user_0349,Simic Omniscience,Simic Omniscience,1.76
349,user_0349,Sultai Graveyard,Sultai Graveyard,1.92
349,user_0349,Mono-Red Leyline Aggro,Mono-Red Leyline Aggro,0.86
349,user_0349,Simic Midrange,Simic Midrange,0.85
349,user_0349,Jeskai Control,Jeskai Control,3.08
349,user_0349,4c Omniscience,4c Omniscience,1.85
349,user_0349,Sultai Reanimator,Sultai Reanimator,2.24
349,user_0349,Temur Kona,Temur Kona,2.82
349,user_0349,Izzet Midrange,Izzet Midrange,1.64
349,user_0349,Jeskai Artifacts,Jeskai Artifacts,1.86
349,user_0349,Naya Yuna,Naya Yuna,1.17
349,user_0349,Gruul Random Encounter,Gruul Random Encounter,1.77
349,user_0349,Grixis Leyline,Grixis Leyline,1.94
349,user_0349,Boros Manufacturing,Boros Manufacturing,1.71
349,user_0349,Boros Leyline Aggro,Boros Leyline Aggro,0.92
349,user_0349,Dimir Control,Dimir Control,0.71
349,user_0349,Orzhov Self-Bounce,Orzhov Self-Bounce,1.62
349,user_0349,Golgari Insidious Roots,Golgari Insidious Roots,1.74
349,user_0349,Izzet Looting,Izzet Looting,2.87
349,user_0349,Izzet Omniscience,Izzet Omniscience,1.3
349,user_0349,Abzan Insidious Roots,Abzan Insidious Roots,2.1
349,user_0349,Bant Airbending Combo,Bant Airbending Combo,1.66
349,user_0349,Gruul Leyline Aggro,Gruul Leyline Aggro,0.82
349,user_0349,Gruul Aggro,Gruul Aggro,1.13
349,user_0349,4c Insidious Roots (2),4c Insidious Roots,1.59
349,user_0349,Simic Landfall,Simic Landfall,1.33
349,user_0349,Orzhov Midrange,Orzhov Midrange,0.88
349,user_0349,Golgari Midrange,Golgari Midrange,1.21
349,user_0349,Selesnya Landfall,Selesnya Landfall,2.2
349,user_0349,Gruul Delirium,Gruul Delirium,1.29
349,user_0349,Boros Burn,Boros Burn,1.61
349,user_0349,5c Reanimator,5c Reanimator,1.94
349,user_0349,Dimir Bounce,Dimir Bounce,1.69
349,user_0349,Mono-Green Landfall,Mono-Green Landfall,2.4
349,user_0349,4c Insidious Roots,4c Insidious Roots,1.46
349,user_0349,Jeskai Looting,Jeskai Looting,1.51
349,user_0349,Abzan Midrange,Abzan Midrange,0.67
349,user_0349,Azorius Control,Azorius Control,1.07
349,user_0349,Boros Aggro,Boros Aggro,1.02
349,user_0349,Izzet Prowess,Izzet Prowess,2.31
349,user_0349,Mardu Dragons,Mardu Dragons,1.79
349,user_0349,4c Kona,4c Kona,1.94
349,user_0349,Lifegain,Lifegain,1.19
349,user_0349,Rakdos Sacrifice,Rakdos Sacrifice,1.74
349,user_0349,4c Reanimator,4c Reanimator,2.62
349,user_0349,Izzet,Izzet,1.37
349,user_0349,Mono-Red Aggro,Mono-Red Aggro,3.29
349,user_0349,4c Control,4c Control,0.86
349,user_0349,Golgari Dragons,Golgari Dragons,2.1
349,user_0349,4c Artifacts,4c Artifacts,1.42
349,user_0349,Temur Floodcaller Combo,Temur Floodcaller Combo,1.82
350,user_0350,Sultai Graveyard,Sultai Graveyard,0.66
350,user_0350,Golgari Midrange (2),Golgari Midrange,1.24
350,user_0350,Golgari Insidious Roots,Golgari Insidious Roots,0.96
350,user_0350,4c Kona,4c Kona,1.51
350,user_0350,Boros Burn,Boros Burn,1.01
350,user_0350,Dimir Control,Dimir Control,1.65
350,user_0350,Izzet Lessons,Izzet Lessons,3.49
350,user_0350,Dimir Bounce,Dimir Bounce,1.41
350,user_0350,Temur Lessons,Temur Lessons,1.65
350,user_0350,Jeskai Control,Jeskai Control,3.2
350,user_0350,Rakdos Aggro,Rakdos Aggro,0.66
350,user_0350,Gruul Leyline Aggro,Gruul Leyline Aggro,1.12
350,user_0350,Simic Aggro,Simic Aggro,1.01
350,user_0350,Bant Omniscience,Bant Omniscience,1.26
350,user_0350,Izzet,Izzet,1.07
350,user_0350,Mono-Red Leyline Aggro,Mono-Red Leyline Aggro,1.08
350,user_0350,Golgari Dragons,Golgari Dragons,0.74
350,user_0350,Gruul Delirium,Gruul Delirium,1.1
350,user_0350,Selesnya Landfall,Selesnya Landfall,1.11
350,user_0350,Rakdos Sacrifice,Rakdos Sacrifice,1.05
350,user_0350,Temur Kona,Temur Kona,1.76
350,user_0350,Izzet Looting,Izzet Looting,2.26
350,user_0350,Boros Dragons,Boros Dragons,0.68
350,user_0350,Gruul Aggro,Gruul Aggro,1.27
350,user_0350,Simic Omniscience,Simic Omniscience,1.04
350,user_0350,Mono-Green Landfall,Mono-Green Landfall,1.11
350,user_0350,Esper Self-Bounce,Esper Self-Bounce,0.68
350,user_0350,Temur Battlecrier Combo,Temur Battlecrier Combo,1.2
350,user_0350,Abzan Midrange,Abzan Midrange,1.4
350,user_0350,Simic Landfall,Simic Landfall,1.68
350,user_0350,Sultai Reanimator,Sultai Reanimator,1.39
350,user_0350,Jund Aggro,Jund Aggro,0.85
350,user_0350,Jeskai Artifacts,Jeskai Artifacts,1.35
350,user_0350,4c Insidious Roots (2),4c Insidious Roots,1.16
350,user_0350,Boros Leyline Aggro,Boros Leyline Aggro,0.57
350,user_0350,Jeskai Self-Bounce,Jeskai Self-Bounce,0.98
350,user_0350,Boros Aggro,Boros Aggro,1.31
350,user_0350,Simic Midrange,Simic Midrange,1.18
350,user_0350,4c Control,4c Control,1.01
350,user_0350,Lifegain,Lifegain,0.91
350,user_0350,Orzhov Self-Bounce,Orzhov Self-Bounce,0.87
350,user_0350,Grixis Leyline,Grixis Leyline,0.87
351,user_0351,Sultai Control,Sultai Control,1.25
351,user_0351,Lifegain,Lifegain,0.73
351,user_0351,Izzet Omniscience,Izzet Omniscience,1.4
351,user_0351,Boros Token Control,Boros Token Control,1.36
351,user_0351,Selesnya Landfall,Selesnya Landfall,1.28
351,user_0351,Abzan Insidious Roots,Abzan Insidious Roots,1.3
351,user_0351,Izzet Lessons,Izzet Lessons,3.71
351,user_0351,Rakdos Aggro,Rakdos Aggro,0.72
351,user_0351,4c Control,4c Control,1.15
351,user_0351,4c Reanimator,4c Reanimator,2.25
351,user_0351,Bant Omniscience,Bant Omniscience,1.19
351,user_0351,Jeskai Self-Bounce,Jeskai Self-Bounce,0.84
351,user_0351,Simic Landfall,Simic Landfall,1.37
351,user_0351,Izzet Midrange,Izzet Midrange,1.27
351,user_0351,Gruul Leyline Aggro,Gruul Leyline Aggro,2.01
351,user_0351,Izzet Looting,Izzet Looting,2.51
351,user_0351,Mono-Green Landfall,Mono-Green Landfall,1.86
351,user_0351,4c Omniscience,4c Omniscience,0.82
351,user_0351,Jeskai Control,Jeskai Control,3.22
351,user_0351,4c Insidious Roots (2),4c Insidious Roots,0.9
351,user_0351,Sultai Graveyard,Sultai Graveyard,0.32
351,user_0351,5c Reanimator,5c Reanimator,1.12
351,user_0351,Jeskai Artifacts,Jeskai Artifacts,1.02
351,user_0351,Orzhov Control,Orzhov Control,1.32
351,user_0351,4c Kona,4c Kona,0.82
351,user_0351,Grixis Leyline,Grixis Leyline,1.18
351,user_0351,Azorius Control,Azorius Control,1.02
351,user_0351,Izzet Aggro,Izzet Aggro,1.25
351,user_0351,Bant Airbending Combo,Bant Airbending Combo,1.61
351,user_0351,Sultai Reanimator,Sultai Reanimator,1.55
351,user_0351,Simic Omniscience,Simic Omniscience,1.56
351,user_0351,Izzet Prowess,Izzet Prowess,1.99
351,user_0351,Dimir Bounce,Dimir Bounce,1.21
351,user_0351,Boros Aggro,Boros Aggro,1.46
351,user_0351,Orzhov Midrange,Orzhov Midrange,0.93
351,user_0351,Grixis Artifacts,Grixis Artifacts,0.6
351,user_0351,Rakdos Sacrifice,Rakdos Sacrifice,0.78
351,user_0351,4c Artifacts,4c Artifacts,0.87
351,user_0351,Esper Self-Bounce,Esper Self-Bounce,0.51
351,user_0351,Izzet,Izzet,0.94
351,user_0351,Boros Mice,Boros Mice,0.89
351,user_0351,Jeskai Looting,Jeskai Looting,1.21
351,user_0351,Mono-White Tokens,Mono-White Tokens,1.98
351,user_0351,Boros Dragons,Boros Dragons,1.3
352,user_0352,Izzet Prowess,Izzet Prowess,3.03
352,user_0352,Simic Aggro,Simic Aggro,1.11
352,user_0352,Gruul Delirium,Gruul Delirium,1.54
352,user_0352,4c Control,4c Control,1.09
352,user_0352,Gruul Leyline Aggro,Gruul Leyline Aggro,1.06
352,user_0352,Mono-White Tokens,Mono-White Tokens,1.39
352,user_0352,Orzhov Control,Orzhov Control,1.1
352,user_0352,Selesnya Landfall,Selesnya Landfall,1.66
352,user_0352,Simic Landfall,Simic Landfall,0.96
352,user_0352,Izzet,Izzet,1.76
352,user_0352,Boros Burn,Boros Burn,1.78
352,user_0352,Temur Kona,Temur Kona,1.87
352,user_0352,Naya Yuna,Naya Yuna,1.8
352,user_0352,Simic Omniscience,Simic Omniscience,1.86
352,user_0352,Boros Token Control,Boros Token Control,1.22
352,user_0352,Dimir Control,Dimir Control,0.74
352,user_0352,Boros Dragons,Boros Dragons,1.07
352,user_0352,Bant Omniscience,Bant Omniscience,0.94
352,user_0352,Bant Airbending Combo,Bant Airbending Combo,1.56
352,user_0352,Izzet Lessons,Izzet Lessons,4.37
352,user_0352,5c Reanimator,5c Reanimator,2.35
352,user_0352,Boros Manufacturing,Boros Manufacturing,2.1
352,user_0352,Boros Leyline Aggro,Boros Leyline Aggro,1.51
352,user_0352,Boros Mice,Boros Mice,1.64
352,user_0352,4c Omniscience,4c Omniscience,1.36
352,user_0352,4c Reanimator,4c Reanimator,2.66
352,user_0352,Orzhov Midrange,Orzhov Midrange,0.93
352,user_0352,Gruul Random Encounter,Gruul Random Encounter,1.17
352,user_0352,Golgari Dragons,Golgari Dragons,1.24
352,user_0352,Izzet Midrange,Izzet Midrange,0.94
352,user_0352,Abzan Insidious Roots,Abzan Insidious Roots,1.93
352,user_0352,Jeskai Control,Jeskai Control,2.77
352,user_0352,Sultai Control,Sultai Control,1.03
352,user_0352,Izzet Looting,Izzet Looting,3.15
352,user_0352,Izzet Omniscience,Izzet Omniscience,2.24
352,user_0352,Dimir Midrange,Dimir Midrange,3.63
352,user_0352,Mono-Red Aggro,Mono-Red Aggro,3.28
352,user_0352,Sultai Reanimator,Sultai Reanimator,1.76
352,user_0352,Temur Battlecrier Combo,Temur Battlecrier Combo,0.7
352,user_0352,Abzan Midrange,Abzan Midrange,0.92
352,user_0352,Grixis Leyline,Grixis Leyline,1.54
352,user_0352,Jund Aggro,Jund Aggro,0.62
352,user_0352,Simic Midrange,Simic Midrange,0.91
352,user_0352,Rakdos Sacrifice,Rakdos Sacrifice,1.37
352,user_0352,Temur Lessons,Temur Lessons,1.58
352,user_0352,Golgari Midrange,Golgari Midrange,1.36
352,user_0352,Mono-Green Landfall,Mono-Green Landfall,2.15
352,user_0352,Mono-Red Leyline Aggro,Mono-Red Leyline Aggro,0.73
352,user_0352,Sultai Graveyard,Sultai Graveyard,2.04
352,user_0352,Golgari Midrange (2),Golgari Midrange,0.94
352,user_0352,4c Artifacts,4c Artifacts,1.58
352,user_0352,Gruul Aggro,Gruul Aggro,1.41
353,user_0353,Boros Burn,Boros Burn,0.53
353,user_0353,Lifegain,Lifegain,0.82
353,user_0353,Bant Airbending Combo,Bant Airbending Combo,2.06
353,user_0353,Izzet Omniscience,Izzet Omniscience,0.75
353,user_0353,Simic Midrange,Simic Midrange,1.17
353,user_0353,Dimir Control,Dimir Control,1.7
353,user_0353,Boros Manufacturing,Boros Manufacturing,0.87
353,user_0353,Dimir Midrange,Dimir Midrange,3.18
353,user_0353,Jeskai Artifacts,Jeskai Artifacts,1.21
353,user_0353,Gruul Random Encounter,Gruul Random Encounter,1.05
353,user_0353,Gruul Aggro,Gruul Aggro,0.98
353,user_0353,Golgari Dragons,Golgari Dragons,1.4
353,user_0353,Bant Omniscience,Bant Omniscience,0.98
353,user_0353,Rakdos Aggro,Rakdos Aggro,1.03
353,user_0353,Boros Dragons,Boros Dragons,0.92
353,user_0353,Mardu Dragons,Mardu Dragons,0.94
353,user_0353,Mono-Black Midrange,Mono-Black Midrange,0.94
353,user_0353,Orzhov Midrange,Orzhov Midrange,1.03
353,user_0353,Gruul Leyline Aggro,Gruul Leyline Aggro,1.17
353,user_0353,Temur Lessons,Temur Lessons,1.69
353,user_0353,Izzet Aggro,Izzet Aggro,1.37
353,user_0353,4c Control,4c Control,1.43
353,user_0353,4c Artifacts,4c Artifacts,1.21
353,user_0353,Temur Battlecrier Combo,Temur Battlecrier Combo,1.24
353,user_0353,5c Reanimator,5c Reanimator,1.4
353,user_0353,Mono-White Tokens,Mono-White Tokens,1.31
353,user_0353,Temur Floodcaller Combo,Temur Floodcaller Combo,1.12
353,user_0353,Jund Aggro,Jund Aggro,0.55
353,user_0353,Orzhov Control,Orzhov Control,0.73
353,user_0353,Boros Leyline Aggro,Boros Leyline Aggro,1.78
353,user_0353,Grixis Leyline,Grixis Leyline,1.05
353,user_0353,4c Insidious Roots (2),4c Insidious Roots,0.94
353,user_0353,Mono-Red Aggro,Mono-Red Aggro,3.11
353,user_0353,Abzan Midrange,Abzan Midrange,1.21
353,user_0353,Dimir Bounce,Dimir Bounce,0.68
353,user_0353,4c Kona,4c Kona,0.7
353,user_0353,Izzet Midrange,Izzet Midrange,0.93
353,user_0353,Simic Landfall,Simic Landfall,0.87
353,user_0353,Jeskai Self-Bounce,Jeskai Self-Bounce,0.91
353,user_0353,Boros Token Control,Boros Token Control,0.57
353,user_0353,Selesnya Landfall,Selesnya Landfall,1.52
353,user_0353,Mono-Green Landfall,Mono-Green Landfall,1.19
353,user_0353,Simic Omniscience,Simic Omniscience,1.28
353,user_0353,Orzhov Self-Bounce,Orzhov Self-Bounce,1.02
353,user_0353,Grixis Artifacts,Grixis Artifacts,0.43
353,user_0353,Jeskai Control,Jeskai Control,3.16
353,user_0353,4c Omniscience,4c Omniscience,0.98
353,user_0353,Golgari Midrange (2),Golgari Midrange,1.14
353,user_0353,Jeskai Looting,Jeskai Looting,1.12
353,user_0353,Boros Mice,Boros Mice,0.96
353,user_0353,Sultai Reanimator,Sultai Reanimator,1.5
353,user_0353,Golgari Insidious Roots,Golgari Insidious Roots,1.2
353,user_0353,Gruul Delirium,Gruul Delirium,1.11
353,user_0353,4c Insidious Roots,4c Insidious Roots,1.16
353,user_0353,Temur Kona,Temur Kona,1.17
354,user_0354,Simic Midrange,Simic Midrange,1.28
354,user_0354,Gruul Aggro,Gruul Aggro,1.29
354,user_0354,Jund Aggro,Jund Aggro,1.84
354,user_0354,Izzet,Izzet,1.27
354,user_0354,Gruul Leyline Aggro,Gruul Leyline Aggro,1.72
354,user_0354,Dimir Control,Dimir Control,1.48
354,user_0354,Esper Self-Bounce,Esper Self-Bounce,0.83
354,user_0354,Rakdos Sacrifice,Rakdos Sacrifice,1.39
354,user_0354,Bant Omniscience,Bant Omniscience,1.5
354,user_0354,Temur Kona,Temur Kona,1.28
354,user_0354,Boros Token Control,Boros Token Control,0.61
354,user_0354,Mardu Dragons,Mardu Dragons,1.29
354,user_0354,Boros Manufacturing,Boros Manufacturing,0.67
354,user_0354,Orzhov Control,Orzhov Control,1.23
354,user_0354,Jeskai Control,Jeskai Control,3.17
354,user_0354,Boros Burn,Boros Burn,1.1
354,user_0354,Gruul Random Encounter,Gruul Random Encounter,0.88
354,user_0354,4c Control,4c Control,0.62
354,user_0354,5c Reanimator,5c Reanimator,1.1
354,user_0354,Boros Mice,Boros Mice,1.48
354,user_0354,Izzet Lessons,Izzet Lessons,3.84
354,user_0354,Abzan Insidious Roots,Abzan Insidious Roots,1.49
354,user_0354,Grixis Artifacts,Grixis Artifacts,0.76
354,user_0354,Jeskai Artifacts,Jeskai Artifacts,1.55
354,user_0354,Golgari Dragons,Golgari Dragons,1.19
354,user_0354,Dimir Bounce,Dimir Bounce,1.09
354,user_0354,4c Omniscience,4c Omniscience,0.96
354,user_0354,Mono-Black Midrange,Mono-Black Midrange,1.11
354,user_0354,4c Artifacts,4c Artifacts,0.47
354,user_0354,Dimir Midrange,Dimir Midrange,3.33
354,user_0354,Naya Yuna,Naya Yuna,1.07
354,user_0354,Mono-Red Leyline Aggro,Mono-Red Leyline Aggro,2.09
354,user_0354,Mono-Green Landfall,Mono-Green Landfall,1.93
354,user_0354,Selesnya Landfall,Selesnya Landfall,1.79
354,user_0354,Golgari Insidious Roots,Golgari Insidious Roots,1.38
354,user_0354,Izzet Aggro,Izzet Aggro,1.57
354,user_0354,Simic Landfall,Simic Landfall,1.09
354,user_0354,Izzet Omniscience,Izzet Omniscience,0.69
354,user_0354,4c Insidious Roots (2),4c Insidious Roots,0.61
354,user_0354,4c Insidious Roots,4c Insidious Roots,1.25
354,user_0354,Simic Omniscience,Simic Omniscience,0.98
354,user_0354,Temur Lessons,Temur Lessons,1.3
354,user_0354,Orzhov Midrange,Orzhov Midrange,1.09
354,user_0354,Sultai Graveyard,Sultai Graveyard,1.22
354,user_0354,Izzet Prowess,Izzet Prowess,2.12
354,user_0354,Rakdos Aggro,Rakdos Aggro,1.4
354,user_0354,Mono-Red Aggro,Mono-Red Aggro,4.16
354,user_0354,Bant Airbending Combo,Bant Airbending Combo,1.33
354,user_0354,Jeskai Looting,Jeskai Looting,0.99
354,user_0354,Gruul Delirium,Gruul Delirium,1.35
354,user_0354,Boros Aggro,Boros Aggro,2.35
354,user_0354,Golgari Midrange,Golgari Midrange,1.52
354,user_0354,4c Reanimator,4c Reanimator,2.44
354,user_0354,Jeskai Self-Bounce,Jeskai Self-Bounce,1.17
354,user_0354,Lifegain,Lifegain,0.78
355,user_0355,Orzhov Control,Orzhov Control,0.63
355,user_0355,Temur Floodcaller Combo,Temur Floodcaller Combo,1.21
355,user_0355,4c Reanimator,4c Reanimator,3.26
355,user_0355,Izzet Omniscience,Izzet Omniscience,1.01
355,user_0355,Simic Landfall,Simic Landfall,1.43
355,user_0355,Mono-Red Leyline Aggro,Mono-Red Leyline Aggro,1.33
355,user_0355,Orzhov Midrange,Orzhov Midrange,0.98
355,user_0355,Bant Airbending Combo,Bant Airbending Combo,1.54
355,user_0355,4c Insidious Roots,4c Insidious Roots,1.87
355,user_0355,Golgari Insidious Roots,Golgari Insidious Roots,2.19
355,user_0355,Izzet Aggro,Izzet Aggro,1.06
355,user_0355,Boros Manufacturing,Boros Manufacturing,1.69
355,user_0355,Sultai Control,Sultai Control,0.41
355,user_0355,Naya Yuna,Naya Yuna,1.66
355,user_0355,Temur Battlecrier Combo,Temur Battlecrier Combo,1.23
355,user_0355,Abzan Insidious Roots,Abzan Insidious Roots,1.28
355,user_0355,Temur Lessons,Temur Lessons,2.06
355,user_0355,Esper Self-Bounce,Esper Self-Bounce,1.51
355,user_0355,5c Reanimator,5c Reanimator,1.19
355,user_0355,Jeskai Artifacts,Jeskai Artifacts,1.66
355,user_0355,Boros Mice,Boros Mice,1.79
355,user_0355,Boros Leyline Aggro,Boros Leyline Aggro,0.82
355,user_0355,Jeskai Looting,Jeskai Looting,1.63
355,user_0355,Golgari Midrange,Golgari Midrange,1.66
355,user_0355,Sultai Reanimator,Sultai Reanimator,1.91
355,user_0355,Izzet Looting,Izzet Looting,3.37
355,user_0355,Mono-Green Landfall,Mono-Green Landfall,2.3
355,user_0355,Gruul Random Encounter,Gruul Random Encounter,2.23
355,user_0355,Dimir Control,Dimir Control,0.57
356,user_0356,Temur Kona,Temur Kona,2.0
356,user_0356,Simic Midrange,Simic Midrange,1.22
356,user_0356,Gruul Leyline Aggro,Gruul Leyline Aggro,0.7
356,user_0356,Mardu Dragons,Mardu Dragons,0.59
356,user_0356,Gruul Random Encounter,Gruul Random Encounter,0.86
356,user_0356,Boros Mice,Boros Mice,1.15
356,user_0356,Izzet Midrange,Izzet Midrange,0.86
356,user_0356,Rakdos Sacrifice,Rakdos Sacrifice,1.37
356,user_0356,Sultai Reanimator,Sultai Reanimator,1.62
356,user_0356,Temur Floodcaller Combo,Temur Floodcaller Combo,1.82
356,user_0356,Golgari Insidious Roots,Golgari Insidious Roots,1.39
356,user_0356,Naya Yuna,Naya Yuna,1.67
356,user_0356,Golgari Dragons,Golgari Dragons,1.51
356,user_0356,4c Omniscience,4c Omniscience,1.0
356,user_0356,Jeskai Artifacts,Jeskai Artifacts,1.34
356,user_0356,Abzan Midrange,Abzan Midrange,1.28
356,user_0356,Bant Omniscience,Bant Omniscience,0.93
356,user_0356,4c Artifacts,4c Artifacts,1.42
356,user_0356,Izzet,Izzet,0.89
356,user_0356,Boros Aggro,Boros Aggro,2.0
356,user_0356,Orzhov Self-Bounce,Orzhov Self-Bounce,1.11
356,user_0356,Izzet Looting,Izzet Looting,2.37
356,user_0356,Temur Battlecrier Combo,Temur Battlecrier Combo,1.1
356,user_0356,Sultai Control,Sultai Control,1.23
356,user_0356,Simic Aggro,Simic Aggro,1.39
356,user_0356,4c Control,4c Control,1.36
356,user_0356,Orzhov Control,Orzhov Control,1.49
356,user_0356,5c Reanimator,5c Reanimator,0.64
356,user_0356,Rakdos Aggro,Rakdos Aggro,1.19
356,user_0356,Dimir Midrange,Dimir Midrange,2.86
356,user_0356,Sultai Graveyard,Sultai Graveyard,1.34
357,user_0357,Gruul Random Encounter,Gruul Random Encounter,1.6
357,user_0357,Izzet Lessons,Izzet Lessons,3.59
357,user_0357,Dimir Midrange,Dimir Midrange,3.61
357,user_0357,Jeskai Self-Bounce,Jeskai Self-Bounce,0.96
357,user_0357,Izzet Prowess,Izzet Prowess,2.56
357,user_0357,Gruul Aggro,Gruul Aggro,1.11
357,user_0357,Temur Lessons,Temur Lessons,1.18
357,user_0357,Orzhov Self-Bounce,Orzhov Self-Bounce,1.05
357,user_0357,Azorius Control,Azorius Control,1.85
357,user_0357,Bant Airbending Combo,Bant Airbending Combo,1.44
357,user_0357,Selesnya Landfall,Selesnya Landfall,1.53
357,user_0357,Rakdos Sacrifice,Rakdos Sacrifice,1.84
357,user_0357,Jeskai Artifacts,Jeskai Artifacts,0.82
357,user_0357,Mono-White Tokens,Mono-White Tokens,0.89
357,user_0357,Golgari Midrange (2),Golgari Midrange,0.1
357,user_0357,Temur Kona,Temur Kona,1.68
357,user_0357,Jeskai Looting,Jeskai Looting,1.3
357,user_0357,Gruul Delirium,Gruul Delirium,0.66
357,user_0357,4c Reanimator,4c Reanimator,2.29
357,user_0357,Sultai Control,Sultai Control,1.72
357,user_0357,Mono-Green Landfall,Mono-Green Landfall,1.9
357,user_0357,Simic Midrange,Simic Midrange,1.13
357,user_0357,4c Kona,4c Kona,0.61
357,user_0357,Boros Dragons,Boros Dragons,1.0
357,user_0357,Izzet Looting,Izzet Looting,1.99
357,user_0357,4c Artifacts,4c Artifacts,1.01
357,user_0357,4c Omniscience,4c Omniscience,1.12
357,user_0357,Bant Omniscience,Bant Omniscience,1.46
357,user_0357,Orzhov Control,Orzhov Control,1.3
357,user_0357,Mardu Dragons,Mardu Dragons,1.37
357,user_0357,Rakdos Aggro,Rakdos Aggro,1.71
357,user_0357,Jund Aggro,Jund Aggro,0.83
357,user_0357,Jeskai Control,Jeskai Control,3.9
357,user_0357,Dimir Bounce,Dimir Bounce,0.58
357,user_0357,Mono-Black Midrange,Mono-Black Midrange,0.82
358,user_0358,Sultai Reanimator,Sultai Reanimator,0.78
358,user_0358,Sultai Graveyard,Sultai Graveyard,0.7
358,user_0358,Sultai Control,Sultai Control,1.18
358,user_0358,Temur Floodcaller Combo,Temur Floodcaller Combo,0.83
358,user_0358,Jeskai Looting,Jeskai Looting,0.78
358,user_0358,Temur Lessons,Temur Lessons,1.53
358,user_0358,Abzan Insidious Roots,Abzan Insidious Roots,0.93
358,user_0358,Boros Mice,Boros Mice,1.01
358,user_0358,Golgari Dragons,Golgari Dragons,1.72
358,user_0358,Mono-White Tokens,Mono-White Tokens,0.52
358,user_0358,Simic Midrange,Simic Midrange,1.67
358,user_0358,4c Omniscience,4c Omniscience,1.47
358,user_0358,Golgari Insidious Roots,Golgari Insidious Roots,0.68
358,user_0358,Bant Omniscience,Bant Omniscience,1.2
358,user_0358,Golgari Midrange (2),Golgari Midrange,1.69
358,user_0358,5c Reanimator,5c Reanimator,1.61
358,user_0358,Jund Aggro,Jund Aggro,1.15
358,user_0358,4c Insidious Roots,4c Insidious Roots,1.15
358,user_0358,Izzet,Izzet,1.18
358,user_0358,Selesnya Landfall,Selesnya Landfall,1.44
358,user_0358,Grixis Leyline,Grixis Leyline,1.04
358,user_0358,Dimir Bounce,Dimir Bounce,1.19
358,user_0358,Simic Aggro,Simic Aggro,1.1
358,user_0358,Orzhov Midrange,Orzhov Midrange,2.21
358,user_0358,Simic Omniscience,Simic Omniscience,1.02
358,user_0358,4c Insidious Roots (2),4c Insidious Roots,0.6
358,user_0358,Jeskai Self-Bounce,Jeskai Self-Bounce,1.34
358,user_0358,Mono-Red Aggro,Mono-Red Aggro,3.69
358,user_0358,Mono-Red Leyline Aggro,Mono-Red Leyline Aggro,1.53
358,user_0358,Azorius Control,Azorius Control,1.59
358,user_0358,Mardu Dragons,Mardu Dragons,0.99
358,user_0358,Izzet Midrange,Izzet Midrange,1.34
358,user_0358,Lifegain,Lifegain,0.95
358,user_0358,Esper Self-Bounce,Esper Self-Bounce,1.21
358,user_0358,Grixis Artifacts,Grixis Artifacts,0.86
358,user_0358,4c Kona,4c Kona,0.74
358,user_0358,Izzet Omniscience,Izzet Omniscience,1.09
358,user_0358,Izzet Prowess,Izzet Prowess,2.08
358,user_0358,Temur Battlecrier Combo,Temur Battlecrier Combo,0.34
358,user_0358,Mono-Black Midrange,Mono-Black Midrange,1.65
358,user_0358,Boros Burn,Boros Burn,1.76
358,user_0358,Dimir Control,Dimir Control,1.47
358,user_0358,Jeskai Artifacts,Jeskai Artifacts,1.16
358,user_0358,Rakdos Aggro,Rakdos Aggro,0.79
358,user_0358,Temur Kona,Temur Kona,0.92
358,user_0358,Gruul Aggro,Gruul Aggro,1.37
358,user_0358,Boros Aggro,Boros Aggro,1.27
358,user_0358,Dimir Midrange,Dimir Midrange,4.17
358,user_0358,Naya Yuna,Naya Yuna,0.92
358,user_0358,Izzet Lessons,Izzet Lessons,3.92
358,user_0358,Gruul Random Encounter,Gruul Random Encounter,1.89
359,user_0359,Sultai Reanimator,Sultai Reanimator,1.41
359,user_0359,Temur Lessons,Temur Lessons,1.85
359,user_0359,Izzet Midrange,Izzet Midrange,1.61
359,user_0359,5c Reanimator,5c Reanimator,0.58
359,user_0359,Lifegain,Lifegain,0.88
359,user_0359,Mardu Dragons,Mardu Dragons,1.36
359,user_0359,Simic Landfall,Simic Landfall,0.75
359,user_0359,Orzhov Control,Orzhov Control,1.26
359,user_0359,Selesnya Landfall,Selesnya Landfall,1.3
359,user_0359,Gruul Leyline Aggro,Gruul Leyline Aggro,1.8
359,user_0359,Dimir Midrange,Dimir Midrange,3.26
359,user_0359,Boros Manufacturing,Boros Manufacturing,0.64
359,user_0359,Golgari Midrange (2),Golgari Midrange,0.93
359,user_0359,Simic Midrange,Simic Midrange,1.52
359,user_0359,Grixis Leyline,Grixis Leyline,0.85
359,user_0359,Boros Dragons,Boros Dragons,1.32
359,user_0359,Temur Battlecrier Combo,Temur Battlecrier Combo,1.41
359,user_0359,Jeskai Looting,Jeskai Looting,1.95
359,user_0359,Orzhov Midrange,Orzhov Midrange,0.8
359,user_0359,4c Control,4c Control,1.01
359,user_0359,4c Kona,4c Kona,1.41
359,user_0359,Orzhov Self-Bounce,Orzhov Self-Bounce,1.18
359,user_0359,Dimir Bounce,Dimir Bounce,1.28
359,user_0359,Boros Aggro,Boros Aggro,2.11
359,user_0359,Grixis Artifacts,Grixis Artifacts,0.92
359,user_0359,Temur Kona,Temur Kona,1.58
359,user_0359,Mono-Black Midrange,Mono-Black Midrange,1.34
359,user_0359,Mono-Green Landfall,Mono-Green Landfall,1.23
359,user_0359,Izzet Aggro,Izzet Aggro,1.26
359,user_0359,Rakdos Sacrifice,Rakdos Sacrifice,0.98
359,user_0359,Temur Floodcaller Combo,Temur Floodcaller Combo,1.07
359,user_0359,Esper Self-Bounce,Esper Self-Bounce,1.27
359,user_0359,Gruul Aggro,Gruul Aggro,1.53
360,user_0360,Mardu Dragons,Mardu Dragons,1.42
360,user_0360,Simic Midrange,Simic Midrange,0.87
360,user_0360,4c Artifacts,4c Artifacts,1.73
360,user_0360,Bant Airbending Combo,Bant Airbending Combo,0.77
360,user_0360,Izzet Looting,Izzet Looting,2.97
360,user_0360,Naya Yuna,Naya Yuna,1.74
360,user_0360,Jeskai Looting,Jeskai Looting,1.36
360,user_0360,Bant Omniscience,Bant Omniscience,1.97
360,user_0360,Boros Leyline Aggro,Boros Leyline Aggro,0.71
360,user_0360,Jund Aggro,Jund Aggro,1.31
360,user_0360,Orzhov Control,Orzhov Control,1.11
360,user_0360,Dimir Midrange,Dimir Midrange,2.91
360,user_0360,4c Insidious Roots (2),4c Insidious Roots,1.41
360,user_0360,Mono-Green Landfall,Mono-Green Landfall,2.43
360,user_0360,Izzet Lessons,Izzet Lessons,4.5
360,user_0360,Sultai Reanimator,Sultai Reanimator,2.23
360,user_0360,Boros Burn,Boros Burn,1.5
360,user_0360,Temur Floodcaller Combo,Temur Floodcaller Combo,1.19
360,user_0360,Rakdos Sacrifice,Rakdos Sacrifice,1.48
360,user_0360,Gruul Delirium,Gruul Delirium,1.89
360,user_0360,Azorius Control,Azorius Control,0.94
361,user_0361,Jund Aggro,Jund Aggro,1.16
361,user_0361,Mardu Dragons,Mardu Dragons,1.25
361,user_0361,Simic Aggro,Simic Aggro,0.79
361,user_0361,4c Artifacts,4c Artifacts,1.44
361,user_0361,4c Kona,4c Kona,0.78
361,user_0361,Simic Midrange,Simic Midrange,1.83
361,user_0361,Abzan Insidious Roots,Abzan Insidious Roots,0.56
361,user_0361,Sultai Control,Sultai Control,1.4
361,user_0361,Boros Leyline Aggro,Boros Leyline Aggro,0.91
361,user_0361,Esper Self-Bounce,Esper Self-Bounce,0.7
361,user_0361,Golgari Insidious Roots,Golgari Insidious Roots,1.16
361,user_0361,Izzet Looting,Izzet Looting,2.35
361,user_0361,Simic Omniscience,Simic Omniscience,0.8
361,user_0361,Azorius Control,Azorius Control,1.41
361,user_0361,Jeskai Looting,Jeskai Looting,1.4
361,user_0361,4c Insidious Roots (2),4c Insidious Roots,0.96
361,user_0361,Dimir Control,Dimir Control,1.26
361,user_0361,Mono-Red Leyline Aggro,Mono-Red Leyline Aggro,1.21
361,user_0361,Bant Omniscience,Bant Omniscience,1.32
361,user_0361,4c Reanimator,4c Reanimator,1.79
361,user_0361,4c Omniscience,4c Omniscience,0.64
361,user_0361,Orzhov Midrange,Orzhov Midrange,1.86
362,user_0362,Dimir Bounce,Dimir Bounce,1.28
362,user_0362,Mono-White Tokens,Mono-White Tokens,1.63
362,user_0362,4c Insidious Roots (2),4c Insidious Roots,1.1
362,user_0362,Rakdos Aggro,Rakdos Aggro,0.93
362,user_0362,4c Insidious Roots,4c Insidious Roots,0.7
362,user_0362,Lifegain,Lifegain,1.13
362,user_0362,Dimir Midrange,Dimir Midrange,3.75
362,user_0362,Naya Yuna,Naya Yuna,1.26
362,user_0362,Simic Aggro,Simic Aggro,0.98
362,user_0362,Mardu Dragons,Mardu Dragons,1.17
362,user_0362,Izzet Omniscience,Izzet Omniscience,0.59
362,user_0362,Gruul Random Encounter,Gruul Random Encounter,1.15
362,user_0362,Boros Aggro,Boros Aggro,1.19
362,user_0362,Orzhov Self-Bounce,Orzhov Self-Bounce,1.4
362,user_0362,Jeskai Self-Bounce,Jeskai Self-Bounce,0.84
362,user_0362,Mono-Red Aggro,Mono-Red Aggro,3.49
362,user_0362,Dimir Control,Dimir Control,1.17
362,user_0362,Mono-Green Landfall,Mono-Green Landfall,1.53
362,user_0362,Simic Landfall,Simic Landfall,1.1
362,user_0362,4c Control,4c Control,1.57
362,user_0362,Boros Leyline Aggro,Boros Leyline Aggro,1.59
362,user_0362,Izzet Prowess,Izzet Prowess,2.58
362,user_0362,Temur Lessons,Temur Lessons,0.79
362,user_0362,Jeskai Artifacts,Jeskai Artifacts,1.14
362,user_0362,Izzet Aggro,Izzet Aggro,0.72
362,user_0362,Simic Midrange,Simic Midrange,1.91
362,user_0362,Abzan Insidious Roots,Abzan Insidious Roots,1.2
362,user_0362,Temur Floodcaller Combo,Temur Floodcaller Combo,0.85
362,user_0362,Bant Airbending Combo,Bant Airbending Combo,1.42
362,user_0362,Boros Token Control,Boros Token Control,0.93
362,user_0362,Izzet Lessons,Izzet Lessons,3.81
362,user_0362,Abzan Midrange,Abzan Midrange,1.67
362,user_0362,Temur Kona,Temur Kona,1.69
362,user_0362,4c Artifacts,4c Artifacts,1.45
362,user_0362,Grixis Artifacts,Grixis Artifacts,0.68
362,user_0362,Temur Battlecrier Combo,Temur Battlecrier Combo,1.51
362,user_0362,Mono-Black Midrange,Mono-Black Midrange,1.02
362,user_0362,Azorius Control,Azorius Control,1.31
362,user_0362,Golgari Midrange,Golgari Midrange,1.73
362,user_0362,Grixis Leyline,Grixis Leyline,0.8
362,user_0362,Orzhov Midrange,Orzhov Midrange,1.39
362,user_0362,Sultai Control,Sultai Control,1.35
362,user_0362,Mono-Red Leyline Aggro,Mono-Red Leyline Aggro,1.26
362,user_0362,4c Kona,4c Kona,0.48
362,user_0362,Jeskai Looting,Jeskai Looting,1.18
362,user_0362,Simic Omniscience,Simic Omniscience,1.24
362,user_0362,Golgari Insidious Roots,Golgari Insidious Roots,1.02
362,user_0362,Golgari Dragons,Golgari Dragons,1.35
362,user_0362,Gruul Leyline Aggro,Gruul Leyline Aggro,1.14
362,user_0362,Bant Omniscience,Bant Omniscience,1.07
363,user_0363,Boros Burn,Boros Burn,1.53
363,user_0363,4c Insidious Roots (2),4c Insidious Roots,1.5
363,user_0363,4c Insidious Roots,4c Insidious Roots,1.91
363,user_0363,Grixis Artifacts,Grixis Artifacts,1.16
363,user_0363,5c Reanimator,5c Reanimator,1.24
363,user_0363,Mardu Dragons,Mardu Dragons,1.75
363,user_0363,Mono-Green Landfall,Mono-Green Landfall,2.12
363,user_0363,4c Kona,4c Kona,1.65
363,user_0363,Mono-White Tokens,Mono-White Tokens,1.55
363,user_0363,Boros Leyline Aggro,Boros Leyline Aggro,0.51
363,user_0363,Izzet Lessons,Izzet Lessons,4.35
363,user_0363,Bant Airbending Combo,Bant Airbending Combo,1.31
363,user_0363,Simic Omniscience,Simic Omniscience,1.36
363,user_0363,Simic Midrange,Simic Midrange,0.75
363,user_0363,Izzet Midrange,Izzet Midrange,1.32
363,user_0363,Dimir Control,Dimir Control,1.4
363,user_0363,Gruul Delirium,Gruul Delirium,2.2
363,user_0363,Rakdos Aggro,Rakdos Aggro,0.94
363,user_0363,Lifegain,Lifegain,1.74
363,user_0363,4c Omniscience,4c Omniscience,1.59
363,user_0363,Boros Mice,Boros Mice,1.57
363,user_0363,Izzet Aggro,Izzet Aggro,1.27
363,user_0363,Golgari Dragons,Golgari Dragons,1.83
363,user_0363,Grixis Leyline,Grixis Leyline,1.23
363,user_0363,Bant Omniscience,Bant Omniscience,0.96
363,user_0363,Boros Dragons,Boros Dragons,1.26
363,user_0363,Golgari Insidious Roots,Golgari Insidious Roots,1.82
363,user_0363,Orzhov Control,Orzhov Control,1.31
363,user_0363,4c Control,4c Control,1.05
363,user_0363,Mono-Black Midrange,Mono-Black Midrange,1.09
363,user_0363,Boros Aggro,Boros Aggro,1.31
364,user_0364,Gruul Random Encounter,Gruul Random Encounter,1.34
364,user_0364,4c Omniscience,4c Omniscience,0.94
364,user_0364,Abzan Insidious Roots,Abzan Insidious Roots,1.69
364,user_0364,Dimir Control,Dimir Control,1.53
364,user_0364,Gruul Leyline Aggro,Gruul Leyline Aggro,1.13
364,user_0364,Boros Token Control,Boros Token Control,0.91
364,user_0364,Simic Omniscience,Simic Omniscience,1.52
364,user_0364,Simic Aggro,Simic Aggro,1.61
364,user_0364,4c Kona,4c Kona,0.87
364,user_0364,Boros Burn,Boros Burn,1.0
364,user_0364,Azorius Control,Azorius Control,0.9
364,user_0364,Selesnya Landfall,Selesnya Landfall,1.79
364,user_0364,Sultai Graveyard,Sultai Graveyard,1.75
364,user_0364,Izzet Looting,Izzet Looting,3.65
364,user_0364,Golgari Insidious Roots,Golgari Insidious Roots,1.62
364,user_0364,Lifegain,Lifegain,1.14
364,user_0364,Boros Aggro,Boros Aggro,1.04
364,user_0364,Jeskai Artifacts,Jeskai Artifacts,1.51
364,user_0364,Jeskai Control,Jeskai Control,3.52
364,user_0364,Dimir Bounce,Dimir Bounce,1.76
364,user_0364,Simic Landfall,Simic Landfall,1.46
364,user_0364,Bant Airbending Combo,Bant Airbending Combo,1.08
364,user_0364,Boros Manufacturing,Boros Manufacturing,1.55
364,user_0364,Mono-Black Midrange,Mono-Black Midrange,1.31
364,user_0364,Abzan Midrange,Abzan Midrange,0.52
364,user_0364,Golgari Midrange (2),Golgari Midrange,0.59
364,user_0364,4c Artifacts,4c Artifacts,1.65
364,user_0364,Dimir Midrange,Dimir Midrange,3.18
364,user_0364,Orzhov Self-Bounce,Orzhov Self-Bounce,1.26
364,user_0364,4c Control,4c Control,0.89
364,user_0364,Mono-White Tokens,Mono-White Tokens,1.54
364,user_0364,Gruul Delirium,Gruul Delirium,1.3
364,user_0364,4c Reanimator,4c Reanimator,3.17
364,user_0364,4c Insidious Roots,4c Insidious Roots,2.11
364,user_0364,5c Reanimator,5c Reanimator,1.47
364,user_0364,Bant Omniscience,Bant Omniscience,1.6
364,user_0364,Izzet Aggro,Izzet Aggro,0.7
364,user_0364,Mono-Red Leyline Aggro,Mono-Red Leyline Aggro,1.1
364,user_0364,Izzet,Izzet,1.73
364,user_0364,Temur Lessons,Temur Lessons,2.44
364,user_0364,Orzhov Midrange,Orzhov Midrange,0.96
364,user_0364,Temur Floodcaller Combo,Temur Floodcaller Combo,0.86
364,user_0364,Rakdos Aggro,Rakdos Aggro,1.3
364,user_0364,Gruul Aggro,Gruul Aggro,0.48
364,user_0364,Grixis Artifacts,Grixis Artifacts,1.42
364,user_0364,Grixis Leyline,Grixis Leyline,1.42
365,user_0365,Izzet Aggro,Izzet Aggro,1.29
365,user_0365,Mono-Green Landfall,Mono-Green Landfall,1.83
365,user_0365,Orzhov Self-Bounce,Orzhov Self-Bounce,0.99
365,user_0365,Simic Midrange,Simic Midrange,0.36
365,user_0365,4c Kona,4c Kona,1.05
365,user_0365,Mono-White Tokens,Mono-White Tokens,1.26
365,user_0365,Gruul Delirium,Gruul Delirium,1.18
365,user_0365,Izzet,Izzet,1.16
365,user_0365,4c Control,4c Control,1.68
365,user_0365,Jund Aggro,Jund Aggro,0.68
365,user_0365,Temur Floodcaller Combo,Temur Floodcaller Combo,1.01
365,user_0365,Bant Airbending Combo,Bant Airbending Combo,1.1
365,user_0365,Jeskai Artifacts,Jeskai Artifacts,1.35
365,user_0365,5c Reanimator,5c Reanimator,1.09
365,user_0365,Gruul Random Encounter,Gruul Random Encounter,0.94
365,user_0365,Golgari Midrange,Golgari Midrange,2.0
365,user_0365,Izzet Lessons,Izzet Lessons,4.13
365,user_0365,Sultai Control,Sultai Control,1.74
365,user_0365,Sultai Reanimator,Sultai Reanimator,1.67
365,user_0365,Izzet Looting,Izzet Looting,2.28
365,user_0365,Rakdos Sacrifice,Rakdos Sacrifice,0.98
365,user_0365,Boros Manufacturing,Boros Manufacturing,0.91
365,user_0365,Izzet Midrange,Izzet Midrange,0.77
365,user_0365,Golgari Insidious Roots,Golgari Insidious Roots,1.11
365,user_0365,Temur Kona,Temur Kona,1.48
365,user_0365,4c Insidious Roots (2),4c Insidious Roots,0.62
365,user_0365,4c Omniscience,4c Omniscience,1.31
365,user_0365,Selesnya Landfall,Selesnya Landfall,1.69
365,user_0365,Azorius Control,Azorius Control,1.64
365,user_0365,Golgari Dragons,Golgari Dragons,1.32
365,user_0365,Esper Self-Bounce,Esper Self-Bounce,1.37
365,user_0365,Simic Omniscience,Simic Omniscience,0.44
365,user_0365,Naya Yuna,Naya Yuna,1.29
365,user_0365,Abzan Insidious Roots,Abzan Insidious Roots,0.7
365,user_0365,Bant Omniscience,Bant Omniscience,0.84
365,user_0365,Orzhov Control,Orzhov Control,1.39
365,user_0365,Mono-Red Aggro,Mono-Red Aggro,3.28
365,user_0365,Izzet Omniscience,Izzet Omniscience,0.94
365,user_0365,Lifegain,Lifegain,0.87
365,user_0365,Gruul Leyline Aggro,Gruul Leyline Aggro,0.91
365,user_0365,Boros Mice,Boros Mice,0.61
365,user_0365,Grixis Leyline,Grixis Leyline,1.41
365,user_0365,Rakdos Aggro,Rakdos Aggro,0.82
366,user_0366,Golgari Insidious Roots,Golgari Insidious Roots,1.77
366,user_0366,4c Artifacts,4c Artifacts,1.3
366,user_0366,Temur Lessons,Temur Lessons,2.0
366,user_0366,Gruul Delirium,Gruul Delirium,1.84
366,user_0366,Dimir Midrange,Dimir Midrange,3.34
366,user_0366,5c Reanimator,5c Reanimator,1.75
366,user_0366,Boros Token Control,Boros Token Control,1.41
366,user_0366,Jeskai Self-Bounce,Jeskai Self-Bounce,1.65
366,user_0366,Gruul Random Encounter,Gruul Random Encounter,1.74
366,user_0366,Grixis Artifacts,Grixis Artifacts,1.84
366,user_0366,Boros Leyline Aggro,Boros Leyline Aggro,1.32
366,user_0366,Boros Aggro,Boros Aggro,1.0
366,user_0366,Bant Airbending Combo,Bant Airbending Combo,1.57
366,user_0366,4c Reanimator,4c Reanimator,2.84
366,user_0366,Izzet Midrange,Izzet Midrange,1.17
366,user_0366,Abzan Midrange,Abzan Midrange,0.91
366,user_0366,Simic Landfall,Simic Landfall,1.86
366,user_0366,Izzet Omniscience,Izzet Omniscience,1.98
366,user_0366,Jeskai Control,Jeskai Control,3.1
366,user_0366,Mono-Red Aggro,Mono-Red Aggro,3.36
366,user_0366,Boros Dragons,Boros Dragons,1.56
366,user_0366,Esper Self-Bounce,Esper Self-Bounce,1.92
366,user_0366,Abzan Insidious Roots,Abzan Insidious Roots,1.74
366,user_0366,Bant Omniscience,Bant Omniscience,1.39
366,user_0366,Sultai Reanimator,Sultai Reanimator,1.9
366,user_0366,Golgari Midrange (2),Golgari Midrange,1.74
366,user_0366,4c Insidious Roots (2),4c Insidious Roots,1.65
366,user_0366,Dimir Bounce,Dimir Bounce,1.94
366,user_0366,Boros Manufacturing,Boros Manufacturing,1.72
366,user_0366,Sultai Control,Sultai Control,0.45
366,user_0366,Grixis Leyline,Grixis Leyline,1.39
366,user_0366,Mono-White Tokens,Mono-White Tokens,1.87
366,user_0366,Mardu Dragons,Mardu Dragons,1.26
367,user_0367,Gruul Leyline Aggro,Gruul Leyline Aggro,1.12
367,user_0367,Boros Aggro,Boros Aggro,0.99
367,user_0367,Boros Token Control,Boros Token Control,0.63
367,user_0367,Izzet,Izzet,0.49
367,user_0367,Temur Floodcaller Combo,Temur Floodcaller Combo,1.17
367,user_0367,Golgari Insidious Roots,Golgari Insidious Roots,1.21
367,user_0367,Lifegain,Lifegain,0.93
367,user_0367,Dimir Bounce,Dimir Bounce,0.69
367,user_0367,4c Insidious Roots,4c Insidious Roots,1.11
367,user_0367,4c Control,4c Control,1.29
367,user_0367,Izzet Looting,Izzet Looting,2.85
367,user_0367,Gruul Aggro,Gruul Aggro,0.86
367,user_0367,Mono-Green Landfall,Mono-Green Landfall,1.51
367,user_0367,Rakdos Sacrifice,Rakdos Sacrifice,1.15
367,user_0367,Mono-Red Leyline Aggro,Mono-Red Leyline Aggro,1.01
367,user_0367,Golgari Midrange,Golgari Midrange,0.85
367,user_0367,Azorius Control,Azorius Control,0.98
367,user_0367,4c Kona,4c Kona,1.2
367,user_0367,Orzhov Control,Orzhov Control,0.98
367,user_0367,Mono-Black Midrange,Mono-Black Midrange,1.17
367,user_0367,Orzhov Midrange,Orzhov Midrange,0.87
367,user_0367,Golgari Midrange (2),Golgari Midrange,0.7
367,user_0367,Grixis Artifacts,Grixis Artifacts,1.16
367,user_0367,Simic Landfall,Simic Landfall,1.0
367,user_0367,Simic Midrange,Simic Midrange,1.59
367,user_0367,Boros Leyline Aggro,Boros Leyline Aggro,1.05
367,user_0367,Grixis Leyline,Grixis Leyline,1.19
367,user_0367,4c Insidious Roots (2),4c Insidious Roots,1.29
367,user_0367,Rakdos Aggro,Rakdos Aggro,0.64
367,user_0367,Jeskai Self-Bounce,Jeskai Self-Bounce,0.74
367,user_0367,Selesnya Landfall,Selesnya Landfall,1.3
367,user_0367,Bant Airbending Combo,Bant Airbending Combo,2.17
367,user_0367,Izzet Omniscience,Izzet Omniscience,1.02
367,user_0367,Jeskai Control,Jeskai Control,3.63
367,user_0367,Temur Lessons,Temur Lessons,1.1
367,user_0367,Golgari Dragons,Golgari Dragons,0.59
367,user_0367,Gruul Random Encounter,Gruul Random Encounter,1.02
368,user_0368,Boros Token Control,Boros Token Control,0.69
368,user_0368,4c Insidious Roots,4c Insidious Roots,1.4
368,user_0368,Dimir Control,Dimir Control,1.28
368,user_0368,Izzet Prowess,Izzet Prowess,1.93
368,user_0368,Lifegain,Lifegain,1.59
368,user_0368,Naya Yuna,Naya Yuna,0.93
368,user_0368,Simic Omniscience,Simic Omniscience,1.48
368,user_0368,Golgari Midrange,Golgari Midrange,1.66
368,user_0368,Grixis Leyline,Grixis Leyline,1.58
368,user_0368,Boros Mice,Boros Mice,1.19
368,user_0368,Mono-Green Landfall,Mono-Green Landfall,1.5
368,user_0368,Azorius Control,Azorius Control,1.75
368,user_0368,Temur Floodcaller Combo,Temur Floodcaller Combo,0.73
368,user_0368,Gruul Aggro,Gruul Aggro,1.19
368,user_0368,Bant Omniscience,Bant Omniscience,1.59
368,user_0368,5c Reanimator,5c Reanimator,1.19
368,user_0368,Temur Lessons,Temur Lessons,1.3
368,user_0368,Jeskai Looting,Jeskai Looting,1.0
368,user_0368,Mono-Red Leyline Aggro,Mono-Red Leyline Aggro,0.53
368,user_0368,Simic Aggro,Simic Aggro,0.53
368,user_0368,Temur Battlecrier Combo,Temur Battlecrier Combo,0.7
368,user_0368,4c Omniscience,4c Omniscience,1.08
368,user_0368,Orzhov Self-Bounce,Orzhov Self-Bounce,0.82
368,user_0368,Sultai Graveyard,Sultai Graveyard,1.15
368,user_0368,Orzhov Control,Orzhov Control,0.83
368,user_0368,4c Insidious Roots (2),4c Insidious Roots,0.98
369,user_0369,Azorius Control,Azorius Control,1.66
369,user_0369,Bant Airbending Combo,Bant Airbending Combo,1.1
369,user_0369,Izzet,Izzet,0.9
369,user_0369,Mono-White Tokens,Mono-White Tokens,1.68
369,user_0369,Simic Midrange,Simic Midrange,1.6
369,user_0369,Jeskai Artifacts,Jeskai Artifacts,1.16
369,user_0369,Selesnya Landfall,Selesnya Landfall,1.58
369,user_0369,Dimir Bounce,Dimir Bounce,1.47
369,user_0369,Simic Landfall,Simic Landfall,1.65
369,user_0369,Golgari Insidious Roots,Golgari Insidious Roots,1.18
369,user_0369,4c Reanimator,4c Reanimator,2.51
369,user_0369,Boros Dragons,Boros Dragons,1.03
369,user_0369,4c Control,4c Control,1.3
369,user_0369,Simic Aggro,Simic Aggro,1.97
369,user_0369,Rakdos Aggro,Rakdos Aggro,1.49
369,user_0369,Mono-Red Aggro,Mono-Red Aggro,3.76
369,user_0369,4c Insidious Roots (2),4c Insidious Roots,0.98
369,user_0369,Boros Burn,Boros Burn,1.55
369,user_0369,Izzet Omniscience,Izzet Omniscience,1.0
369,user_0369,Izzet Lessons,Izzet Lessons,4.16
369,user_0369,Jeskai Looting,Jeskai Looting,0.86
369,user_0369,Temur Lessons,Temur Lessons,1.26
369,user_0369,Abzan Insidious Roots,Abzan Insidious Roots,0.8
369,user_0369,Golgari Midrange (2),Golgari Midrange,0.97
370,user_0370,Golgari Dragons,Golgari Dragons,1.39
370,user_0370,Jeskai Looting,Jeskai Looting,1.49
370,user_0370,Jeskai Control,Jeskai Control,2.65
370,user_0370,Jeskai Artifacts,Jeskai Artifacts,1.73
370,user_0370,Jeskai Self-Bounce,Jeskai Self-Bounce,1.77
370,user_0370,Golgari Midrange (2),Golgari Midrange,0.81
370,user_0370,Gruul Delirium,Gruul Delirium,1.67
370,user_0370,Esper Self-Bounce,Esper Self-Bounce,2.0
370,user_0370,Gruul Leyline Aggro,Gruul Leyline Aggro,1.16
370,user_0370,Izzet Midrange,Izzet Midrange,1.16
370,user_0370,Izzet Aggro,Izzet Aggro,0.93
370,user_0370,Simic Omniscience,Simic Omniscience,1.49
370,user_0370,Izzet Lessons,Izzet Lessons,4.85
370,user_0370,Mono-Black Midrange,Mono-Black Midrange,0.88
370,user_0370,Azorius Control,Azorius Control,1.04
370,user_0370,Izzet Looting,Izzet Looting,3.89
370,user_0370,Boros Dragons,Boros Dragons,1.51
370,user_0370,Sultai Control,Sultai Control,1.36
370,user_0370,Izzet Prowess,Izzet Prowess,2.65
370,user_0370,Abzan Insidious Roots,Abzan Insidious Roots,1.71
370,user_0370,Boros Leyline Aggro,Boros Leyline Aggro,1.09
370,user_0370,Mono-Red Aggro,Mono-Red Aggro,3.75
370,user_0370,Boros Manufacturing,Boros Manufacturing,1.08
370,user_0370,Bant Omniscience,Bant Omniscience,1.56
370,user_0370,Orzhov Self-Bounce,Orzhov Self-Bounce,1.4
370,user_0370,Mardu Dragons,Mardu Dragons,2.03
370,user_0370,4c Control,4c Control,0.14
370,user_0370,Grixis Leyline,Grixis Leyline,1.1
370,user_0370,Boros Burn,Boros Burn,1.85
370,user_0370,Boros Aggro,Boros Aggro,1.25
371,user_0371,Izzet Looting,Izzet Looting,2.39
371,user_0371,Bant Omniscience,Bant Omniscience,1.16
371,user_0371,Jeskai Control,Jeskai Control,2.85
371,user_0371,Izzet Omniscience,Izzet Omniscience,1.31
371,user_0371,Simic Midrange,Simic Midrange,0.98
371,user_0371,Orzhov Self-Bounce,Orzhov Self-Bounce,1.16
371,user_0371,Sultai Reanimator,Sultai Reanimator,1.38
371,user_0371,Golgari Dragons,Golgari Dragons,1.17
371,user_0371,Gruul Leyline Aggro,Gruul Leyline Aggro,1.01
371,user_0371,4c Insidious Roots (2),4c Insidious Roots,1.41
371,user_0371,Izzet Prowess,Izzet Prowess,2.66
371,user_0371,4c Kona,4c Kona,0.76
371,user_0371,4c Insidious Roots,4c Insidious Roots,1.45
371,user_0371,Esper Self-Bounce,Esper Self-Bounce,0.66
371,user_0371,Jund Aggro,Jund Aggro,1.43
371,user_0371,Izzet Midrange,Izzet Midrange,1.0
371,user_0371,Gruul Random Encounter,Gruul Random Encounter,1.18
371,user_0371,Temur Floodcaller Combo,Temur Floodcaller Combo,1.59
371,user_0371,Jeskai Looting,Jeskai Looting,0.59
371,user_0371,Temur Lessons,Temur Lessons,1.82
371,user_0371,Bant Airbending Combo,Bant Airbending Combo,1.9
371,user_0371,Sultai Graveyard,Sultai Graveyard,0.5
371,user_0371,Grixis Leyline,Grixis Leyline,1.82
371,user_0371,Azorius Control,Azorius Control,0.84
371,user_0371,Mono-Green Landfall,Mono-Green Landfall,1.67
371,user_0371,Boros Aggro,Boros Aggro,1.56
371,user_0371,Temur Kona,Temur Kona,1.12
371,user_0371,Rakdos Aggro,Rakdos Aggro,0.6
371,user_0371,Simic Omniscience,Simic Omniscience,0.92
372,user_0372,Izzet Midrange,Izzet Midrange,1.83
372,user_0372,Bant Airbending Combo,Bant Airbending Combo,1.53
372,user_0372,Izzet Prowess,Izzet Prowess,2.28
372,user_0372,Rakdos Aggro,Rakdos Aggro,0.82
372,user_0372,Orzhov Midrange,Orzhov Midrange,1.96
372,user_0372,Izzet Looting,Izzet Looting,2.6
372,user_0372,Boros Manufacturing,Boros Manufacturing,1.33
372,user_0372,Simic Landfall,Simic Landfall,1.78
372,user_0372,Simic Aggro,Simic Aggro,0.84
372,user_0372,Sultai Control,Sultai Control,0.74
372,user_0372,Golgari Dragons,Golgari Dragons,1.37
372,user_0372,Grixis Leyline,Grixis Leyline,1.42
372,user_0372,Golgari Midrange,Golgari Midrange,1.85
372,user_0372,Boros Burn,Boros Burn,0.96
372,user_0372,Temur Floodcaller Combo,Temur Floodcaller Combo,0.65
372,user_0372,Orzhov Control,Orzhov Control,1.12
372,user_0372,Gruul Leyline Aggro,Gruul Leyline Aggro,0.41
372,user_0372,4c Control,4c Control,1.89
372,user_0372,Jund Aggro,Jund Aggro,0.46
372,user_0372,Orzhov Self-Bounce,Orzhov Self-Bounce,0.8
372,user_0372,Mono-Green Landfall,Mono-Green Landfall,0.87
372,user_0372,4c Insidious Roots,4c Insidious Roots,1.62
372,user_0372,Simic Omniscience,Simic Omniscience,0.85
372,user_0372,5c Reanimator,5c Reanimator,1.09
372,user_0372,Gruul Aggro,Gruul Aggro,1.32
372,user_0372,Dimir Control,Dimir Control,0.72
372,user_0372,Mono-Black Midrange,Mono-Black Midrange,1.93
372,user_0372,4c Reanimator,4c Reanimator,2.68
372,user_0372,Jeskai Control,Jeskai Control,3.52
372,user_0372,Abzan Insidious Roots,Abzan Insidious Roots,1.06
372,user_0372,Boros Dragons,Boros Dragons,1.07
372,user_0372,Jeskai Artifacts,Jeskai Artifacts,1.1
372,user_0372,Dimir Bounce,Dimir Bounce,0.7
372,user_0372,Naya Yuna,Naya Yuna,0.98
372,user_0372,Jeskai Self-Bounce,Jeskai Self-Bounce,1.02
372,user_0372,Simic Midrange,Simic Midrange,2.04
372,user_0372,Mardu Dragons,Mardu Dragons,0.91
373,user_0373,5c Reanimator,5c Reanimator,1.85
373,user_0373,Temur Kona,Temur Kona,1.62
373,user_0373,Boros Aggro,Boros Aggro,0.96
373,user_0373,Boros Burn,Boros Burn,0.78
373,user_0373,4c Artifacts,4c Artifacts,1.07
373,user_0373,Temur Floodcaller Combo,Temur Floodcaller Combo,1.2
373,user_0373,Boros Leyline Aggro,Boros Leyline Aggro,0.74
373,user_0373,Simic Aggro,Simic Aggro,1.39
373,user_0373,Izzet,Izzet,0.9
373,user_0373,Golgari Midrange,Golgari Midrange,1.93
373,user_0373,Simic Midrange,Simic Midrange,0.93
373,user_0373,Grixis Artifacts,Grixis Artifacts,1.28
373,user_0373,Golgari Dragons,Golgari Dragons,0.65
373,user_0373,Jund Aggro,Jund Aggro,0.5
373,user_0373,Boros Token Control,Boros Token Control,0.95
373,user_0373,Sultai Reanimator,Sultai Reanimator,1.77
373,user_0373,Orzhov Self-Bounce,Orzhov Self-Bounce,1.56
373,user_0373,Jeskai Self-Bounce,Jeskai Self-Bounce,0.85
373,user_0373,4c Reanimator,4c Reanimator,2.7
373,user_0373,Mono-Green Landfall,Mono-Green Landfall,1.52
373,user_0373,Mono-Black Midrange,Mono-Black Midrange,1.41
373,user_0373,Sultai Control,Sultai Control,1.14
373,user_0373,Izzet Midrange,Izzet Midrange,2.21
373,user_0373,Gruul Leyline Aggro,Gruul Leyline Aggro,1.1
373,user_0373,Orzhov Midrange,Orzhov Midrange,1.8
373,user_0373,Mono-Red Leyline Aggro,Mono-Red Leyline Aggro,1.61
373,user_0373,Jeskai Artifacts,Jeskai Artifacts,1.31
373,user_0373,4c Control,4c Control,1.41
373,user_0373,Mono-Red Aggro,Mono-Red Aggro,3.64
373,user_0373,Abzan Insidious Roots,Abzan Insidious Roots,1.44
373,user_0373,Gruul Aggro,Gruul Aggro,0.95
373,user_0373,Rakdos Sacrifice,Rakdos Sacrifice,1.2
373,user_0373,Izzet Looting,Izzet Looting,2.85
373,user_0373,Bant Airbending Combo,Bant Airbending Combo,1.21
373,user_0373,4c Insidious Roots,4c Insidious Roots,1.78
374,user_0374,Golgari Midrange (2),Golgari Midrange,1.63
374,user_0374,Gruul Delirium,Gruul Delirium,1.18
374,user_0374,Jeskai Control,Jeskai Control,2.5
374,user_0374,Boros Manufacturing,Boros Manufacturing,1.33
374,user_0374,Grixis Artifacts,Grixis Artifacts,0.69
374,user_0374,Jeskai Looting,Jeskai Looting,1.27
374,user_0374,4c Kona,4c Kona,0.58
374,user_0374,Izzet Midrange,Izzet Midrange,1.08
374,user_0374,4c Reanimator,4c Reanimator,2.05
374,user_0374,4c Insidious Roots,4c Insidious Roots,1.78
374,user_0374,Mono-White Tokens,Mono-White Tokens,0.79
374,user_0374,Mono-Black Midrange,Mono-Black Midrange,1.31
374,user_0374,Simic Omniscience,Simic Omniscience,1.03
374,user_0374,Dimir Bounce,Dimir Bounce,1.14
374,user_0374,Gruul Random Encounter,Gruul Random Encounter,1.06
374,user_0374,Temur Kona,Temur Kona,1.34
374,user_0374,Boros Aggro,Boros Aggro,1.5
374,user_0374,Abzan Midrange,Abzan Midrange,1.73
374,user_0374,Orzhov Midrange,Orzhov Midrange,1.59
374,user_0374,Rakdos Aggro,Rakdos Aggro,0.38
374,user_0374,Sultai Reanimator,Sultai Reanimator,1.06
374,user_0374,4c Control,4c Control,1.41
374,user_0374,Esper Self-Bounce,Esper Self-Bounce,1.28
374,user_0374,Mardu Dragons,Mardu Dragons,1.36
374,user_0374,Izzet Aggro,Izzet Aggro,1.45
374,user_0374,Jeskai Self-Bounce,Jeskai Self-Bounce,0.87
374,user_0374,Boros Burn,Boros Burn,1.27
374,user_0374,Izzet Lessons,Izzet Lessons,4.42
374,user_0374,Jund Aggro,Jund Aggro,1.63
374,user_0374,Temur Battlecrier Combo,Temur Battlecrier Combo,1.09
374,user_0374,Simic Aggro,Simic Aggro,1.2
374,user_0374,Golgari Midrange,Golgari Midrange,2.61
374,user_0374,Jeskai Artifacts,Jeskai Artifacts,1.21
374,user_0374,4c Omniscience,4c Omniscience,1.0
374,user_0374,Boros Token Control,Boros Token Control,0.86
374,user_0374,Abzan Insidious Roots,Abzan Insidious Roots,1.13
374,user_0374,Bant Airbending Combo,Bant Airbending Combo,1.05
374,user_0374,Izzet Prowess,Izzet Prowess,1.81
374,user_0374,Orzhov Self-Bounce,Orzhov Self-Bounce,1.55
375,user_0375,Boros Manufacturing,Boros Manufacturing,1.03
375,user_0375,Izzet Aggro,Izzet Aggro,1.33
375,user_0375,Selesnya Landfall,Selesnya Landfall,1.65
375,user_0375,Temur Battlecrier Combo,Temur Battlecrier Combo,1.26
375,user_0375,Jeskai Control,Jeskai Control,2.96
375,user_0375,Grixis Leyline,Grixis Leyline,1.15
375,user_0375,Boros Mice,Boros Mice,1.44
375,user_0375,Orzhov Self-Bounce,Orzhov Self-Bounce,1.59
375,user_0375,Dimir Midrange,Dimir Midrange,3.27
375,user_0375,Grixis Artifacts,Grixis Artifacts,1.26
375,user_0375,Boros Burn,Boros Burn,0.69
375,user_0375,Jeskai Looting,Jeskai Looting,1.11
375,user_0375,Boros Aggro,Boros Aggro,1.43
375,user_0375,4c Omniscience,4c Omniscience,1.08
375,user_0375,Simic Landfall,Simic Landfall,1.23
375,user_0375,Izzet Omniscience,Izzet Omniscience,0.67
375,user_0375,Mono-Black Midrange,Mono-Black Midrange,1.57
375,user_0375,Mardu Dragons,Mardu Dragons,1.13
375,user_0375,Boros Leyline Aggro,Boros Leyline Aggro,1.58
375,user_0375,Sultai Reanimator,Sultai Reanimator,0.88
375,user_0375,Sultai Control,Sultai Control,1.29
375,user_0375,Jeskai Self-Bounce,Jeskai Self-Bounce,1.2
375,user_0375,Golgari Dragons,Golgari Dragons,1.02
375,user_0375,Izzet Looting,Izzet Looting,2.8
375,user_0375,Izzet Prowess,Izzet Prowess,2.42
375,user_0375,Temur Floodcaller Combo,Temur Floodcaller Combo,0.41
375,user_0375,4c Artifacts,4c Artifacts,0.58
375,user_0375,Boros Dragons,Boros Dragons,0.75
375,user_0375,Golgari Insidious Roots,Golgari Insidious Roots,1.04
375,user_0375,Abzan Insidious Roots,Abzan Insidious Roots,0.98
375,user_0375,Dimir Control,Dimir Control,0.93
375,user_0375,4c Kona,4c Kona,1.12
375,user_0375,Gruul Delirium,Gruul Delirium,1.33
375,user_0375,Simic Omniscience,Simic Omniscience,1.07
375,user_0375,Izzet Lessons,Izzet Lessons,3.79
375,user_0375,Mono-Red Aggro,Mono-Red Aggro,3.69
375,user_0375,Mono-Green Landfall,Mono-Green Landfall,1.3
375,user_0375,4c Insidious Roots,4c Insidious Roots,1.3
376,user_0376,Simic Aggro,Simic Aggro,1.56
376,user_0376,Rakdos Aggro,Rakdos Aggro,0.42
376,user_0376,Mono-Black Midrange,Mono-Black Midrange,1.02
376,user_0376,Bant Airbending Combo,Bant Airbending Combo,1.38
376,user_0376,Naya Yuna,Naya Yuna,1.33
376,user_0376,Izzet,Izzet,1.44
376,user_0376,Bant Omniscience,Bant Omniscience,0.75
376,user_0376,Gruul Leyline Aggro,Gruul Leyline Aggro,1.38
376,user_0376,Gruul Aggro,Gruul Aggro,0.34
376,user_0376,Sultai Control,Sultai Control,1.36
376,user_0376,Boros Dragons,Boros Dragons,0.97
376,user_0376,Jeskai Control,Jeskai Control,3.73
376,user_0376,Mono-White Tokens,Mono-White Tokens,1.59
376,user_0376,Dimir Control,Dimir Control,1.8
376,user_0376,Izzet Prowess,Izzet Prowess,2.09
376,user_0376,Jeskai Looting,Jeskai Looting,0.62
376,user_0376,Grixis Leyline,Grixis Leyline,1.06
376,user_0376,Izzet Aggro,Izzet Aggro,1.12
376,user_0376,Izzet Omniscience,Izzet Omniscience,1.5
376,user_0376,Boros Aggro,Boros Aggro,1.07
376,user_0376,Orzhov Control,Orzhov Control,1.38
376,user_0376,Mardu Dragons,Mardu Dragons,1.34
376,user_0376,Mono-Red Aggro,Mono-Red Aggro,3.1
376,user_0376,Simic Midrange,Simic Midrange,0.91
376,user_0376,Gruul Random Encounter,Gruul Random Encounter,0.78
376,user_0376,Mono-Green Landfall,Mono-Green Landfall,2.05
376,user_0376,Esper Self-Bounce,Esper Self-Bounce,0.97
376,user_0376,4c Insidious Roots,4c Insidious Roots,1.21
376,user_0376,Dimir Bounce,Dimir Bounce,1.02
376,user_0376,4c Kona,4c Kona,0.7
376,user_0376,Golgari Midrange,Golgari Midrange,1.65
376,user_0376,Grixis Artifacts,Grixis Artifacts,1.19
376,user_0376,Selesnya Landfall,Selesnya Landfall,1.61
376,user_0376,Orzhov Midrange,Orzhov Midrange,1.26
376,user_0376,5c Reanimator,5c Reanimator,1.01
376,user_0376,Jeskai Self-Bounce,Jeskai Self-Bounce,0.83
376,user_0376,Jund Aggro,Jund Aggro,0.77
376,user_0376,Gruul Delirium,Gruul Delirium,1.07
376,user_0376,Temur Kona,Temur Kona,1.87
376,user_0376,Izzet Midrange,Izzet Midrange,0.91
376,user_0376,Abzan Midrange,Abzan Midrange,1.35
376,user_0376,Golgari Insidious Roots,Golgari Insidious Roots,1.19
376,user_0376,Sultai Reanimator,Sultai Reanimator,1.37
376,user_0376,Boros Mice,Boros Mice,0.51
376,user_0376,4c Omniscience,4c Omniscience,0.73
376,user_0376,Temur Battlecrier Combo,Temur Battlecrier Combo,0.95
377,user_0377,Gruul Leyline Aggro,Gruul Leyline Aggro,0.74
377,user_0377,Orzhov Control,Orzhov Control,1.08
377,user_0377,Simic Midrange,Simic Midrange,0.52
377,user_0377,Golgari Insidious Roots,Golgari Insidious Roots,1.58
377,user_0377,Jeskai Self-Bounce,Jeskai Self-Bounce,1.13
377,user_0377,Temur Floodcaller Combo,Temur Floodcaller Combo,1.0
377,user_0377,Izzet,Izzet,1.17
377,user_0377,Boros Aggro,Boros Aggro,1.53
377,user_0377,Orzhov Self-Bounce,Orzhov Self-Bounce,0.87
377,user_0377,4c Reanimator,4c Reanimator,1.98
377,user_0377,Mardu Dragons,Mardu Dragons,1.3
377,user_0377,Izzet Prowess,Izzet Prowess,2.23
377,user_0377,Dimir Bounce,Dimir Bounce,0.79
377,user_0377,Golgari Dragons,Golgari Dragons,1.09
377,user_0377,Boros Burn,Boros Burn,1.14
377,user_0377,Sultai Reanimator,Sultai Reanimator,1.27
377,user_0377,Sultai Graveyard,Sultai Graveyard,0.8
377,user_0377,Selesnya Landfall,Selesnya Landfall,1.84
377,user_0377,Boros Leyline Aggro,Boros Leyline Aggro,1.17
377,user_0377,Gruul Random Encounter,Gruul Random Encounter,0.94
377,user_0377,Abzan Insidious Roots,Abzan Insidious Roots,1.14
377,user_0377,Mono-Red Leyline Aggro,Mono-Red Leyline Aggro,0.98
377,user_0377,Golgari Midrange,Golgari Midrange,1.29
377,user_0377,4c Artifacts,4c Artifacts,1.03
377,user_0377,Dimir Control,Dimir Control,1.36
377,user_0377,Orzhov Midrange,Orzhov Midrange,1.21
377,user_0377,Boros Token Control,Boros Token Control,1.47
377,user_0377,Izzet Lessons,Izzet Lessons,4.03
377,user_0377,Izzet Omniscience,Izzet Omniscience,1.33
377,user_0377,Simic Aggro,Simic Aggro,1.45
377,user_0377,Mono-Black Midrange,Mono-Black Midrange,1.52
377,user_0377,Boros Manufacturing,Boros Manufacturing,1.28
377,user_0377,Izzet Midrange,Izzet Midrange,0.84
377,user_0377,Bant Airbending Combo,Bant Airbending Combo,1.25
377,user_0377,Temur Kona,Temur Kona,1.4
377,user_0377,Jeskai Control,Jeskai Control,3.5
377,user_0377,Gruul Aggro,Gruul Aggro,0.8
377,user_0377,Temur Lessons,Temur Lessons,2.04
377,user_0377,Esper Self-Bounce,Esper Self-Bounce,1.48
377,user_0377,4c Insidious Roots (2),4c Insidious Roots,0.91
377,user_0377,Izzet Looting,Izzet Looting,2.41
377,user_0377,4c Control,4c Control,1.52
377,user_0377,4c Kona,4c Kona,1.03
377,user_0377,Sultai Control,Sultai Control,1.81
377,user_0377,Grixis Artifacts,Grixis Artifacts,0.7
377,user_0377,Golgari Midrange (2),Golgari Midrange,1.29
377,user_0377,Abzan Midrange,Abzan Midrange,0.89
378,user_0378,4c Kona,4c Kona,0.88
378,user_0378,Boros Manufacturing,Boros Manufacturing,1.45
378,user_0378,Temur Lessons,Temur Lessons,1.4
378,user_0378,Orzhov Control,Orzhov Control,0.75
378,user_0378,Izzet Midrange,Izzet Midrange,1.07
378,user_0378,Rakdos Sacrifice,Rakdos Sacrifice,1.15
378,user_0378,Dimir Midrange,Dimir Midrange,3.3
378,user_0378,Jeskai Control,Jeskai Control,3.04
378,user_0378,Golgari Midrange,Golgari Midrange,0.98
378,user_0378,Grixis Leyline,Grixis Leyline,1.01
378,user_0378,Izzet Lessons,Izzet Lessons,4.15
378,user_0378,Golgari Dragons,Golgari Dragons,1.06
378,user_0378,Sultai Reanimator,Sultai Reanimator,1.35
378,user_0378,Dimir Bounce,Dimir Bounce,1.36
378,user_0378,Mono-White Tokens,Mono-White Tokens,1.16
378,user_0378,Dimir Control,Dimir Control,1.38
378,user_0378,5c Reanimator,5c Reanimator,1.04
378,user_0378,Boros Token Control,Boros Token Control,1.26
378,user_0378,Naya Yuna,Naya Yuna,0.79
378,user_0378,Boros Leyline Aggro,Boros Leyline Aggro,1.51
378,user_0378,Gruul Aggro,Gruul Aggro,1.36
378,user_0378,Simic Omniscience,Simic Omniscience,1.02
378,user_0378,Izzet Omniscience,Izzet Omniscience,1.27
378,user_0378,Jund Aggro,Jund Aggro,1.45
378,user_0378,4c Artifacts,4c Artifacts,0.95
378,user_0378,Simic Aggro,Simic Aggro,1.27
378,user_0378,Abzan Midrange,Abzan Midrange,1.19
378,user_0378,Simic Midrange,Simic Midrange,1.02
378,user_0378,Izzet Aggro,Izzet Aggro,1.31
379,user_0379,Izzet Lessons,Izzet Lessons,4.03
379,user_0379,Temur Floodcaller Combo,Temur Floodcaller Combo,0.95
379,user_0379,4c Reanimator,4c Reanimator,2.72
379,user_0379,Izzet,Izzet,1.27
379,user_0379,Simic Landfall,Simic Landfall,0.61
379,user_0379,Bant Airbending Combo,Bant Airbending Combo,1.52
379,user_0379,Jeskai Looting,Jeskai Looting,1.18
379,user_0379,Mono-Black Midrange,Mono-Black Midrange,1.11
379,user_0379,Rakdos Aggro,Rakdos Aggro,1.28
379,user_0379,4c Control,4c Control,1.14
379,user_0379,Mono-Green Landfall,Mono-Green Landfall,1.59
379,user_0379,Orzhov Self-Bounce,Orzhov Self-Bounce,1.6
379,user_0379,Boros Mice,Boros Mice,0.68
379,user_0379,Abzan Insidious Roots,Abzan Insidious Roots,0.64
379,user_0379,Grixis Artifacts,Grixis Artifacts,0.83
379,user_0379,Jund Aggro,Jund Aggro,0.83
379,user_0379,Boros Aggro,Boros Aggro,1.41
379,user_0379,Dimir Midrange,Dimir Midrange,3.39
379,user_0379,4c Insidious Roots (2),4c Insidious Roots,0.5
379,user_0379,Temur Lessons,Temur Lessons,1.49
379,user_0379,Gruul Random Encounter,Gruul Random Encounter,1.06
379,user_0379,Boros Manufacturing,Boros Manufacturing,1.11
379,user_0379,Jeskai Artifacts,Jeskai Artifacts,1.7
379,user_0379,4c Artifacts,4c Artifacts,0.49
379,user_0379,Gruul Delirium,Gruul Delirium,0.72
379,user_0379,Izzet Omniscience,Izzet Omniscience,1.17
379,user_0379,Temur Battlecrier Combo,Temur Battlecrier Combo,1.37
379,user_0379,Azorius Control,Azorius Control,1.27
379,user_0379,Sultai Graveyard,Sultai Graveyard,1.2
380,user_0380,Izzet Omniscience,Izzet Omniscience,1.28
380,user_0380,Dimir Bounce,Dimir Bounce,1.72
380,user_0380,Gruul Leyline Aggro,Gruul Leyline Aggro,1.45
380,user_0380,Esper Self-Bounce,Esper Self-Bounce,0.57
380,user_0380,4c Kona,4c Kona,1.44
380,user_0380,Jund Aggro,Jund Aggro,0.53
380,user_0380,Temur Floodcaller Combo,Temur Floodcaller Combo,2.12
380,user_0380,5c Reanimator,5c Reanimator,0.7
380,user_0380,Simic Landfall,Simic Landfall,1.04
380,user_0380,Grixis Leyline,Grixis Leyline,0.8
380,user_0380,Izzet Midrange,Izzet Midrange,1.15
380,user_0380,Mono-Green Landfall,Mono-Green Landfall,1.66
380,user_0380,4c Artifacts,4c Artifacts,1.1
380,user_0380,Simic Aggro,Simic Aggro,1.78
380,user_0380,Jeskai Artifacts,Jeskai Artifacts,1.23
380,user_0380,Sultai Control,Sultai Control,1.1
380,user_0380,Boros Mice,Boros Mice,1.52
380,user_0380,Boros Token Control,Boros Token Control,0.81
380,user_0380,Abzan Insidious Roots,Abzan Insidious Roots,0.76
380,user_0380,Izzet Prowess,Izzet Prowess,2.74
380,user_0380,Rakdos Sacrifice,Rakdos Sacrifice,1.11
380,user_0380,Izzet Aggro,Izzet Aggro,0.9
380,user_0380,Dimir Control,Dimir Control,1.22
380,user_0380,Boros Dragons,Boros Dragons,1.15
380,user_0380,Sultai Reanimator,Sultai Reanimator,1.95
380,user_0380,Golgari Dragons,Golgari Dragons,1.22
380,user_0380,Dimir Midrange,Dimir Midrange,3.45
380,user_0380,Selesnya Landfall,Selesnya Landfall,1.92
380,user_0380,Bant Omniscience,Bant Omniscience,1.67
380,user_0380,Boros Manufacturing,Boros Manufacturing,1.17
380,user_0380,Mardu Dragons,Mardu Dragons,1.16
380,user_0380,Gruul Aggro,Gruul Aggro,1.27
380,user_0380,Jeskai Self-Bounce,Jeskai Self-Bounce,1.04
380,user_0380,Temur Battlecrier Combo,Temur Battlecrier Combo,1.5
380,user_0380,4c Insidious Roots,4c Insidious Roots,1.48
380,user_0380,Naya Yuna,Naya Yuna,0.88
380,user_0380,Simic Omniscience,Simic Omniscience,1.34
380,user_0380,Temur Kona,Temur Kona,1.22
380,user_0380,Mono-Black Midrange,Mono-Black Midrange,1.18
380,user_0380,Gruul Delirium,Gruul Delirium,1.24
380,user_0380,Boros Aggro,Boros Aggro,1.98
380,user_0380,Orzhov Control,Orzhov Control,1.0
380,user_0380,Abzan Midrange,Abzan Midrange,1.13
380,user_0380,Grixis Artifacts,Grixis Artifacts,0.72
380,user_0380,4c Control,4c Control,1.4
380,user_0380,Boros Leyline Aggro,Boros Leyline Aggro,0.63
380,user_0380,Golgari Midrange (2),Golgari Midrange,1.26
381,user_0381,Izzet Midrange,Izzet Midrange,1.55
381,user_0381,Dimir Bounce,Dimir Bounce,0.78
381,user_0381,Simic Landfall,Simic Landfall,0.56
381,user_0381,Jeskai Artifacts,Jeskai Artifacts,2.08
381,user_0381,Izzet Aggro,Izzet Aggro,1.06
381,user_0381,Temur Battlecrier Combo,Temur Battlecrier Combo,1.49
381,user_0381,Boros Token Control,Boros Token Control,1.0
381,user_0381,Rakdos Aggro,Rakdos Aggro,1.15
381,user_0381,Mardu Dragons,Mardu Dragons,1.54
381,user_0381,Orzhov Control,Orzhov Control,1.5
381,user_0381,Mono-Black Midrange,Mono-Black Midrange,1.24
381,user_0381,Izzet Omniscience,Izzet Omniscience,1.72
381,user_0381,Sultai Reanimator,Sultai Reanimator,1.34
381,user_0381,Jeskai Control,Jeskai Control,3.64
381,user_0381,Gruul Delirium,Gruul Delirium,1.2
381,user_0381,Boros Aggro,Boros Aggro,1.69
381,user_0381,4c Artifacts,4c Artifacts,0.8
381,user_0381,Jeskai Self-Bounce,Jeskai Self-Bounce,1.7
381,user_0381,Boros Mice,Boros Mice,1.19
381,user_0381,Grixis Leyline,Grixis Leyline,0.98
381,user_0381,Simic Omniscience,Simic Omniscience,1.54
381,user_0381,Boros Manufacturing,Boros Manufacturing,1.29
381,user_0381,Simic Midrange,Simic Midrange,1.23
381,user_0381,Izzet Looting,Izzet Looting,2.98
381,user_0381,4c Omniscience,4c Omniscience,0.67
381,user_0381,Golgari Insidious Roots,Golgari Insidious Roots,1.16
381,user_0381,Boros Dragons,Boros Dragons,1.41
381,user_0381,Esper Self-Bounce,Esper Self-Bounce,0.79
381,user_0381,Mono-Green Landfall,Mono-Green Landfall,1.34
381,user_0381,Bant Airbending Combo,Bant Airbending Combo,1.46
381,user_0381,Orzhov Self-Bounce,Orzhov Self-Bounce,1.32
381,user_0381,Selesnya Landfall,Selesnya Landfall,2.22
381,user_0381,Golgari Midrange,Golgari Midrange,1.75
381,user_0381,Izzet Lessons,Izzet Lessons,4.28
381,user_0381,Golgari Dragons,Golgari Dragons,0.85
381,user_0381,Izzet Prowess,Izzet Prowess,2.51
381,user_0381,Rakdos Sacrifice,Rakdos Sacrifice,1.06
381,user_0381,Abzan Insidious Roots,Abzan Insidious Roots,1.59
381,user_0381,4c Kona,4c Kona,0.84
381,user_0381,Boros Leyline Aggro,Boros Leyline Aggro,1.05
381,user_0381,Sultai Control,Sultai Control,1.41
381,user_0381,Mono-White Tokens,Mono-White Tokens,1.08
382,user_0382,Boros Dragons,Boros Dragons,0.89
382,user_0382,Grixis Leyline,Grixis Leyline,0.88
382,user_0382,Izzet Prowess,Izzet Prowess,1.61
382,user_0382,Azorius Control,Azorius Control,1.44
382,user_0382,Mono-Red Leyline Aggro,Mono-Red Leyline Aggro,1.24
382,user_0382,Sultai Graveyard,Sultai Graveyard,1.77
382,user_0382,Simic Midrange,Simic Midrange,1.68
382,user_0382,Sultai Control,Sultai Control,2.27
382,user_0382,Simic Aggro,Simic Aggro,1.4
382,user_0382,Izzet Looting,Izzet Looting,2.22
382,user_0382,Boros Token Control,Boros Token Control,1.21
382,user_0382,Temur Battlecrier Combo,Temur Battlecrier Combo,1.35
382,user_0382,Abzan Midrange,Abzan Midrange,0.69
382,user_0382,Sultai Reanimator,Sultai Reanimator,1.9
382,user_0382,4c Omniscience,4c Omniscience,0.99
382,user_0382,Mono-Red Aggro,Mono-Red Aggro,3.46
382,user_0382,Golgari Midrange,Golgari Midrange,1.03
382,user_0382,4c Reanimator,4c Reanimator,2.43
382,user_0382,Dimir Bounce,Dimir Bounce,1.39
382,user_0382,Dimir Control,Dimir Control,1.52
382,user_0382,Dimir Midrange,Dimir Midrange,2.92
382,user_0382,Golgari Dragons,Golgari Dragons,0.93
382,user_0382,Jeskai Looting,Jeskai Looting,0.88
383,user_0383,Bant Omniscience,Bant Omniscience,1.83
383,user_0383,Izzet Omniscience,Izzet Omniscience,1.86
383,user_0383,Izzet Prowess,Izzet Prowess,2.28
383,user_0383,Golgari Insidious Roots,Golgari Insidious Roots,1.68
383,user_0383,Lifegain,Lifegain,1.72
383,user_0383,Izzet Midrange,Izzet Midrange,1.49
383,user_0383,Jeskai Control,Jeskai Control,3.44
383,user_0383,Temur Battlecrier Combo,Temur Battlecrier Combo,0.64
383,user_0383,Golgari Midrange,Golgari Midrange,1.35
383,user_0383,Izzet Lessons,Izzet Lessons,4.95
383,user_0383,Boros Mice,Boros Mice,1.32
383,user_0383,5c Reanimator,5c Reanimator,0.5
383,user_0383,Boros Dragons,Boros Dragons,2.12
383,user_0383,Mono-White Tokens,Mono-White Tokens,1.2
383,user_0383,4c Artifacts,4c Artifacts,1.3
383,user_0383,Boros Manufacturing,Boros Manufacturing,1.33
383,user_0383,Temur Floodcaller Combo,Temur Floodcaller Combo,1.18
383,user_0383,Gruul Leyline Aggro,Gruul Leyline Aggro,1.27
383,user_0383,Mono-Black Midrange,Mono-Black Midrange,0.78
383,user_0383,Mono-Red Leyline Aggro,Mono-Red Leyline Aggro,0.79
383,user_0383,4c Insidious Roots,4c Insidious Roots,1.5
383,user_0383,Simic Aggro,Simic Aggro,1.09
383,user_0383,Gruul Random Encounter,Gruul Random Encounter,1.76
383,user_0383,Grixis Leyline,Grixis Leyline,1.48
383,user_0383,Sultai Reanimator,Sultai Reanimator,1.03
383,user_0383,Orzhov Midrange,Orzhov Midrange,1.56
384,user_0384,Boros Mice,Boros Mice,1.32
384,user_0384,Izzet Lessons,Izzet Lessons,3.89
384,user_0384,Boros Token Control,Boros Token Control,0.73
384,user_0384,Jund Aggro,Jund Aggro,0.93
384,user_0384,Izzet Aggro,Izzet Aggro,0.63
384,user_0384,Jeskai Self-Bounce,Jeskai Self-Bounce,1.49
384,user_0384,Bant Omniscience,Bant Omniscience,1.09
384,user_0384,Temur Floodcaller Combo,Temur Floodcaller Combo,0.89
384,user_0384,Dimir Midrange,Dimir Midrange,3.55
384,user_0384,Orzhov Midrange,Orzhov Midrange,1.09
384,user_0384,Sultai Reanimator,Sultai Reanimator,1.65
384,user_0384,Boros Manufacturing,Boros Manufacturing,1.22
384,user_0384,Orzhov Control,Orzhov Control,1.22
384,user_0384,Simic Midrange,Simic Midrange,1.14
384,user_0384,Golgari Midrange,Golgari Midrange,1.58
384,user_0384,4c Insidious Roots,4c Insidious Roots,1.16
384,user_0384,Gruul Leyline Aggro,Gruul Leyline Aggro,1.85
384,user_0384,Temur Kona,Temur Kona,1.85
384,user_0384,Azorius Control,Azorius Control,1.19
384,user_0384,Mono-Green Landfall,Mono-Green Landfall,1.98
384,user_0384,Izzet Midrange,Izzet Midrange,0.99
384,user_0384,Abzan Midrange,Abzan Midrange,1.87
384,user_0384,Temur Battlecrier Combo,Temur Battlecrier Combo,1.01
384,user_0384,Grixis Leyline,Grixis Leyline,1.35
384,user_0384,Gruul Delirium,Gruul Delirium,1.57
384,user_0384,Temur Lessons,Temur Lessons,1.92
385,user_0385,Izzet Lessons,Izzet Lessons,3.45
385,user_0385,Esper Self-Bounce,Esper Self-Bounce,1.18
385,user_0385,Simic Omniscience,Simic Omniscience,1.44
385,user_0385,5c Reanimator,5c Reanimator,1.26
385,user_0385,Golgari Insidious Roots,Golgari Insidious Roots,0.67
385,user_0385,Grixis Artifacts,Grixis Artifacts,1.39
385,user_0385,Boros Token Control,Boros Token Control,0.8
385,user_0385,Gruul Leyline Aggro,Gruul Leyline Aggro,1.26
385,user_0385,Mono-Red Aggro,Mono-Red Aggro,3.95
385,user_0385,Naya Yuna,Naya Yuna,1.18
385,user_0385,Temur Floodcaller Combo,Temur Floodcaller Combo,1.29
385,user_0385,4c Insidious Roots,4c Insidious Roots,0.57
385,user_0385,Gruul Random Encounter,Gruul Random Encounter,1.5
385,user_0385,Rakdos Aggro,Rakdos Aggro,1.3
385,user_0385,Boros Burn,Boros Burn,1.42
385,user_0385,Jeskai Looting,Jeskai Looting,1.11
385,user_0385,Temur Battlecrier Combo,Temur Battlecrier Combo,1.14
385,user_0385,Boros Aggro,Boros Aggro,1.09
385,user_0385,Azorius Control,Azorius Control,1.12
385,user_0385,Dimir Control,Dimir Control,1.66
385,user_0385,Simic Aggro,Simic Aggro,1.78
385,user_0385,Dimir Midrange,Dimir Midrange,4.17
385,user_0385,Rakdos Sacrifice,Rakdos Sacrifice,1.32
385,user_0385,Mono-Black Midrange,Mono-Black Midrange,1.44
385,user_0385,Jund Aggro,Jund Aggro,1.25
385,user_0385,Golgari Dragons,Golgari Dragons,0.96
385,user_0385,Golgari Midrange,Golgari Midrange,1.84
385,user_0385,Selesnya Landfall,Selesnya Landfall,1.37
385,user_0385,Izzet Omniscience,Izzet Omniscience,1.18
385,user_0385,Bant Airbending Combo,Bant Airbending Combo,0.89
385,user_0385,4c Insidious Roots (2),4c Insidious Roots,0.82
385,user_0385,Simic Landfall,Simic Landfall,0.87
385,user_0385,Sultai Control,Sultai Control,0.33
385,user_0385,Gruul Aggro,Gruul Aggro,1.06
385,user_0385,Orzhov Self-Bounce,Orzhov Self-Bounce,1.05
385,user_0385,Grixis Leyline,Grixis Leyline,1.17
385,user_0385,Izzet Midrange,Izzet Midrange,1.35
385,user_0385,Abzan Insidious Roots,Abzan Insidious Roots,0.8
385,user_0385,4c Artifacts,4c Artifacts,1.51
386,user_0386,Izzet,Izzet,1.28
386,user_0386,Rakdos Sacrifice,Rakdos Sacrifice,1.12
386,user_0386,Sultai Graveyard,Sultai Graveyard,1.38
386,user_0386,Orzhov Midrange,Orzhov Midrange,0.47
386,user_0386,Orzhov Control,Orzhov Control,0.64
386,user_0386,Mono-White Tokens,Mono-White Tokens,1.51
386,user_0386,Dimir Control,Dimir Control,0.46
386,user_0386,Gruul Aggro,Gruul Aggro,1.0
386,user_0386,Izzet Looting,Izzet Looting,3.19
386,user_0386,Simic Aggro,Simic Aggro,1.11
386,user_0386,Bant Airbending Combo,Bant Airbending Combo,0.81
386,user_0386,Jeskai Artifacts,Jeskai Artifacts,1.77
386,user_0386,Temur Floodcaller Combo,Temur Floodcaller Combo,1.07
386,user_0386,Golgari Midrange,Golgari Midrange,1.47
386,user_0386,4c Reanimator,4c Reanimator,2.92
386,user_0386,Jeskai Self-Bounce,Jeskai Self-Bounce,1.36
386,user_0386,Mardu Dragons,Mardu Dragons,1.48
386,user_0386,Boros Token Control,Boros Token Control,1.32
386,user_0386,Grixis Leyline,Grixis Leyline,1.56
386,user_0386,Rakdos Aggro,Rakdos Aggro,0.99
386,user_0386,Jeskai Control,Jeskai Control,3.13
386,user_0386,Temur Battlecrier Combo,Temur Battlecrier Combo,0.98
386,user_0386,Izzet Lessons,Izzet Lessons,4.19
386,user_0386,Izzet Aggro,Izzet Aggro,1.06
386,user_0386,Boros Mice,Boros Mice,1.85
386,user_0386,Boros Dragons,Boros Dragons,2.65
386,user_0386,Lifegain,Lifegain,1.31
386,user_0386,Jeskai Looting,Jeskai Looting,2.15
386,user_0386,Orzhov Self-Bounce,Orzhov Self-Bounce,1.57
386,user_0386,Naya Yuna,Naya Yuna,1.81
386,user_0386,Sultai Control,Sultai Control,0.62
386,user_0386,4c Control,4c Control,1.68
386,user_0386,4c Omniscience,4c Omniscience,1.47
386,user_0386,Izzet Prowess,Izzet Prowess,2.84
386,user_0386,Dimir Bounce,Dimir Bounce,1.61
387,user_0387,Dimir Bounce,Dimir Bounce,0.79
387,user_0387,Dimir Midrange,Dimir Midrange,3.58
387,user_0387,4c Insidious Roots (2),4c Insidious Roots,1.16
387,user_0387,5c Reanimator,5c Reanimator,1.02
387,user_0387,Abzan Insidious Roots,Abzan Insidious Roots,0.66
387,user_0387,Simic Aggro,Simic Aggro,1.01
387,user_0387,4c Reanimator,4c Reanimator,2.01
387,user_0387,Temur Kona,Temur Kona,1.51
387,user_0387,Temur Floodcaller Combo,Temur Floodcaller Combo,1.03
387,user_0387,Boros Dragons,Boros Dragons,0.99
387,user_0387,Gruul Random Encounter,Gruul Random Encounter,1.1
387,user_0387,4c Omniscience,4c Omniscience,0.74
387,user_0387,Dimir Control,Dimir Control,1.23
387,user_0387,Izzet Looting,Izzet Looting,2.56
387,user_0387,Naya Yuna,Naya Yuna,1.13
387,user_0387,Gruul Delirium,Gruul Delirium,1.47
387,user_0387,4c Kona,4c Kona,0.8
387,user_0387,Gruul Aggro,Gruul Aggro,0.72
387,user_0387,Izzet Omniscience,Izzet Omniscience,0.29
387,user_0387,Orzhov Midrange,Orzhov Midrange,1.08
387,user_0387,Mono-Green Landfall,Mono-Green Landfall,1.59
387,user_0387,Jeskai Control,Jeskai Control,3.43
387,user_0387,Mono-Red Leyline Aggro,Mono-Red Leyline Aggro,0.93
387,user_0387,Grixis Artifacts,Grixis Artifacts,0.95
387,user_0387,Izzet Lessons,Izzet Lessons,3.6
387,user_0387,Sultai Control,Sultai Control,2.28
387,user_0387,Izzet Aggro,Izzet Aggro,0.93
387,user_0387,Orzhov Control,Orzhov Control,1.02
387,user_0387,Orzhov Self-Bounce,Orzhov Self-Bounce,0.41
387,user_0387,Azorius Control,Azorius Control,2.2
387,user_0387,Rakdos Sacrifice,Rakdos Sacrifice,1.6
387,user_0387,Jeskai Self-Bounce,Jeskai Self-Bounce,0.74
387,user_0387,4c Artifacts,4c Artifacts,1.19
387,user_0387,Lifegain,Lifegain,1.69
387,user_0387,Bant Omniscience,Bant Omniscience,0.56
387,user_0387,Temur Lessons,Temur Lessons,0.98
387,user_0387,Mono-Black Midrange,Mono-Black Midrange,1.28
387,user_0387,Boros Mice,Boros Mice,1.03
388,user_0388,Gruul Delirium,Gruul Delirium,0.74
388,user_0388,Dimir Control,Dimir Control,0.47
388,user_0388,Sultai Control,Sultai Control,0.68
388,user_0388,Boros Dragons,Boros Dragons,1.12
388,user_0388,Jund Aggro,Jund Aggro,1.46
388,user_0388,4c Omniscience,4c Omniscience,0.85
388,user_0388,Golgari Midrange,Golgari Midrange,1.64
388,user_0388,Boros Token Control,Boros Token Control,0.74
388,user_0388,Dimir Bounce,Dimir Bounce,1.23
388,user_0388,Mono-Red Leyline Aggro,Mono-Red Leyline Aggro,1.25
388,user_0388,Lifegain,Lifegain,1.46
388,user_0388,Boros Burn,Boros Burn,0.86
388,user_0388,Temur Kona,Temur Kona,1.65
388,user_0388,Golgari Midrange (2),Golgari Midrange,0.6
388,user_0388,Abzan Midrange,Abzan Midrange,1.01
388,user_0388,Grixis Leyline,Grixis Leyline,1.83
388,user_0388,Bant Omniscience,Bant Omniscience,1.11
388,user_0388,Mono-White Tokens,Mono-White Tokens,0.62
388,user_0388,Jeskai Self-Bounce,Jeskai Self-Bounce,1.03
388,user_0388,4c Insidious Roots,4c Insidious Roots,0.8
388,user_0388,Grixis Artifacts,Grixis Artifacts,1.09
388,user_0388,Temur Battlecrier Combo,Temur Battlecrier Combo,0.44
388,user_0388,Simic Aggro,Simic Aggro,1.39
388,user_0388,Mono-Red Aggro,Mono-Red Aggro,3.96
388,user_0388,Boros Aggro,Boros Aggro,1.28
389,user_0389,Orzhov Control,Orzhov Control,1.17
389,user_0389,4c Kona,4c Kona,1.48
389,user_0389,Jeskai Self-Bounce,Jeskai Self-Bounce,1.6
389,user_0389,Gruul Delirium,Gruul Delirium,1.26
389,user_0389,Golgari Midrange,Golgari Midrange,1.55
389,user_0389,Sultai Reanimator,Sultai Reanimator,1.46
389,user_0389,Boros Burn,Boros Burn,1.63
389,user_0389,Simic Midrange,Simic Midrange,1.53
389,user_0389,Golgari Midrange (2),Golgari Midrange,0.94
389,user_0389,Simic Omniscience,Simic Omniscience,1.27
389,user_0389,Dimir Midrange,Dimir Midrange,4.06
389,user_0389,Izzet Lessons,Izzet Lessons,4.51
389,user_0389,Jund Aggro,Jund Aggro,0.77
389,user_0389,Bant Airbending Combo,Bant Airbending Combo,1.22
389,user_0389,Izzet Aggro,Izzet Aggro,1.26
389,user_0389,Sultai Graveyard,Sultai Graveyard,1.67
389,user_0389,Naya Yuna,Naya Yuna,1.54
389,user_0389,Temur Lessons,Temur Lessons,2.17
389,user_0389,Orzhov Self-Bounce,Orzhov Self-Bounce,1.48
389,user_0389,Izzet Looting,Izzet Looting,2.66
389,user_0389,Jeskai Looting,Jeskai Looting,1.55
389,user_0389,4c Omniscience,4c Omniscience,1.5
389,user_0389,Izzet Omniscience,Izzet Omniscience,1.55
389,user_0389,Golgari Insidious Roots,Golgari Insidious Roots,1.17
389,user_0389,Abzan Insidious Roots,Abzan Insidious Roots,1.65
389,user_0389,Rakdos Sacrifice,Rakdos Sacrifice,1.58
389,user_0389,4c Insidious Roots,4c Insidious Roots,1.06
389,user_0389,Mono-Red Leyline Aggro,Mono-Red Leyline Aggro,1.13
389,user_0389,Izzet Midrange,Izzet Midrange,0.75
389,user_0389,Jeskai Control,Jeskai Control,3.32
389,user_0389,Boros Manufacturing,Boros Manufacturing,1.89
389,user_0389,Abzan Midrange,Abzan Midrange,0.51
389,user_0389,Boros Leyline Aggro,Boros Leyline Aggro,1.28
389,user_0389,Esper Self-Bounce,Esper Self-Bounce,1.87
389,user_0389,Azorius Control,Azorius Control,1.4
389,user_0389,Orzhov Midrange,Orzhov Midrange,0.78
389,user_0389,4c Insidious Roots (2),4c Insidious Roots,1.83
389,user_0389,Temur Floodcaller Combo,Temur Floodcaller Combo,1.93
389,user_0389,Mardu Dragons,Mardu Dragons,0.96
389,user_0389,Bant Omniscience,Bant Omniscience,1.81
389,user_0389,Dimir Control,Dimir Control,0.97
389,user_0389,Selesnya Landfall,Selesnya Landfall,1.45
389,user_0389,Boros Token Control,Boros Token Control,1.2
389,user_0389,Rakdos Aggro,Rakdos Aggro,0.69
389,user_0389,Jeskai Artifacts,Jeskai Artifacts,1.68
389,user_0389,Grixis Leyline,Grixis Leyline,1.19
389,user_0389,Mono-White Tokens,Mono-White Tokens,1.58
389,user_0389,Gruul Aggro,Gruul Aggro,1.27
389,user_0389,Simic Aggro,Simic Aggro,0.99
389,user_0389,Boros Mice,Boros Mice,1.63
389,user_0389,Mono-Black Midrange,Mono-Black Midrange,1.14
389,user_0389,Sultai Control,Sultai Control,1.02
389,user_0389,Grixis Artifacts,Grixis Artifacts,1.86
389,user_0389,Golgari Dragons,Golgari Dragons,1.73
389,user_0389,Boros Aggro,Boros Aggro,1.15
390,user_0390,Mono-Red Leyline Aggro,Mono-Red Leyline Aggro,1.55
390,user_0390,Rakdos Sacrifice,Rakdos Sacrifice,1.12
390,user_0390,Gruul Delirium,Gruul Delirium,0.96
390,user_0390,Bant Airbending Combo,Bant Airbending Combo,1.59
390,user_0390,Dimir Bounce,Dimir Bounce,0.8
390,user_0390,Mono-Black Midrange,Mono-Black Midrange,1.03
390,user_0390,Temur Lessons,Temur Lessons,1.28
390,user_0390,Sultai Control,Sultai Control,0.93
390,user_0390,Golgari Insidious Roots,Golgari Insidious Roots,0.78
390,user_0390,Lifegain,Lifegain,1.22
390,user_0390,5c Reanimator,5c Reanimator,1.73
390,user_0390,Mono-Green Landfall,Mono-Green Landfall,2.19
390,user_0390,Simic Midrange,Simic Midrange,0.43
390,user_0390,Jund Aggro,Jund Aggro,0.36
390,user_0390,Mono-Red Aggro,Mono-Red Aggro,3.5
390,user_0390,4c Control,4c Control,1.61
390,user_0390,Dimir Midrange,Dimir Midrange,3.44
390,user_0390,Grixis Artifacts,Grixis Artifacts,0.78
390,user_0390,Jeskai Looting,Jeskai Looting,1.02
390,user_0390,Izzet Omniscience,Izzet Omniscience,0.8
390,user_0390,Gruul Random Encounter,Gruul Random Encounter,1.21
390,user_0390,Boros Dragons,Boros Dragons,0.71
390,user_0390,Selesnya Landfall,Selesnya Landfall,1.34
390,user_0390,Simic Omniscience,Simic Omniscience,1.07
390,user_0390,Izzet Aggro,Izzet Aggro,1.15
390,user_0390,Sultai Reanimator,Sultai Reanimator,0.68
390,user_0390,Boros Mice,Boros Mice,1.09
390,user_0390,Jeskai Artifacts,Jeskai Artifacts,1.28
390,user_0390,Golgari Midrange (2),Golgari Midrange,0.51
390,user_0390,Dimir Control,Dimir Control,1.31
390,user_0390,4c Artifacts,4c Artifacts,1.24
390,user_0390,Grixis Leyline,Grixis Leyline,1.06
390,user_0390,4c Kona,4c Kona,1.07
390,user_0390,Jeskai Self-Bounce,Jeskai Self-Bounce,0.98
390,user_0390,Sultai Graveyard,Sultai Graveyard,0.89
390,user_0390,Simic Landfall,Simic Landfall,1.35
391,user_0391,Boros Manufacturing,Boros Manufacturing,1.16
391,user_0391,Bant Omniscience,Bant Omniscience,1.34
391,user_0391,5c Reanimator,5c Reanimator,1.18
391,user_0391,Sultai Control,Sultai Control,0.36
391,user_0391,Boros Aggro,Boros Aggro,1.26
391,user_0391,Gruul Random Encounter,Gruul Random Encounter,1.19
391,user_0391,Boros Leyline Aggro,Boros Leyline Aggro,0.83
391,user_0391,Gruul Aggro,Gruul Aggro,1.48
391,user_0391,Izzet Lessons,Izzet Lessons,3.8
391,user_0391,Boros Token Control,Boros Token Control,1.05
391,user_0391,Naya Yuna,Naya Yuna,0.88
391,user_0391,Golgari Dragons,Golgari Dragons,0.82
391,user_0391,Temur Floodcaller Combo,Temur Floodcaller Combo,1.81
391,user_0391,Esper Self-Bounce,Esper Self-Bounce,1.17
391,user_0391,Boros Burn,Boros Burn,1.25
391,user_0391,Abzan Midrange,Abzan Midrange,0.97
391,user_0391,Boros Mice,Boros Mice,0.7
391,user_0391,Selesnya Landfall,Selesnya Landfall,1.45
391,user_0391,Orzhov Midrange,Orzhov Midrange,1.42
391,user_0391,Azorius Control,Azorius Control,1.0
391,user_0391,Jeskai Control,Jeskai Control,3.15
391,user_0391,Jeskai Self-Bounce,Jeskai Self-Bounce,1.22
391,user_0391,Golgari Insidious Roots,Golgari Insidious Roots,1.34
391,user_0391,Mono-White Tokens,Mono-White Tokens,1.72
391,user_0391,Jeskai Looting,Jeskai Looting,1.23
391,user_0391,Golgari Midrange,Golgari Midrange,1.38
391,user_0391,Dimir Midrange,Dimir Midrange,3.29
391,user_0391,Izzet Omniscience,Izzet Omniscience,1.6
391,user_0391,Abzan Insidious Roots,Abzan Insidious Roots,1.34
391,user_0391,Izzet,Izzet,1.11
391,user_0391,Temur Battlecrier Combo,Temur Battlecrier Combo,1.57
391,user_0391,Rakdos Sacrifice,Rakdos Sacrifice,0.8
391,user_0391,Mono-Green Landfall,Mono-Green Landfall,1.29
391,user_0391,Dimir Bounce,Dimir Bounce,1.55
391,user_0391,Jeskai Artifacts,Jeskai Artifacts,1.05
391,user_0391,Izzet Prowess,Izzet Prowess,2.13
391,user_0391,4c Control,4c Control,1.23
391,user_0391,Izzet Midrange,Izzet Midrange,1.21
391,user_0391,4c Insidious Roots (2),4c Insidious Roots,0.98
391,user_0391,Mardu Dragons,Mardu Dragons,1.34
391,user_0391,Sultai Graveyard,Sultai Graveyard,0.67
391,user_0391,Simic Midrange,Simic Midrange,1.36
391,user_0391,Dimir Control,Dimir Control,1.62
391,user_0391,Simic Omniscience,Simic Omniscience,1.46
391,user_0391,Grixis Leyline,Grixis Leyline,1.41
392,user_0392,Golgari Dragons,Golgari Dragons,0.92
392,user_0392,Gruul Delirium,Gruul Delirium,1.43
392,user_0392,Mono-Green Landfall,Mono-Green Landfall,2.03
392,user_0392,4c Omniscience,4c Omniscience,0.95
392,user_0392,Jeskai Self-Bounce,Jeskai Self-Bounce,1.25
392,user_0392,Izzet,Izzet,1.02
392,user_0392,Boros Burn,Boros Burn,0.41
392,user_0392,Mardu Dragons,Mardu Dragons,0.69
392,user_0392,Abzan Midrange,Abzan Midrange,1.59
392,user_0392,Izzet Aggro,Izzet Aggro,0.67
392,user_0392,Mono-Red Leyline Aggro,Mono-Red Leyline Aggro,0.87
392,user_0392,Jeskai Control,Jeskai Control,3.33
392,user_0392,Boros Mice,Boros Mice,1.16
392,user_0392,Izzet Midrange,Izzet Midrange,1.19
392,user_0392,Esper Self-Bounce,Esper Self-Bounce,1.29
392,user_0392,Abzan Insidious Roots,Abzan Insidious Roots,1.3
392,user_0392,Gruul Random Encounter,Gruul Random Encounter,0.79
392,user_0392,Sultai Reanimator,Sultai Reanimator,1.38
392,user_0392,Rakdos Aggro,Rakdos Aggro,1.11
392,user_0392,Bant Omniscience,Bant Omniscience,0.78
392,user_0392,Temur Floodcaller Combo,Temur Floodcaller Combo,2.36
392,user_0392,Mono-Red Aggro,Mono-Red Aggro,3.49
392,user_0392,Orzhov Self-Bounce,Orzhov Self-Bounce,1.3
392,user_0392,Jeskai Artifacts,Jeskai Artifacts,2.03
392,user_0392,Selesnya Landfall,Selesnya Landfall,1.63
392,user_0392,Boros Manufacturing,Boros Manufacturing,1.14
392,user_0392,4c Reanimator,4c Reanimator,1.83
392,user_0392,Golgari Midrange,Golgari Midrange,1.15
392,user_0392,Boros Token Control,Boros Token Control,1.46
392,user_0392,Orzhov Midrange,Orzhov Midrange,0.91
392,user_0392,Sultai Graveyard,Sultai Graveyard,0.89
392,user_0392,Boros Leyline Aggro,Boros Leyline Aggro,0.46
393,user_0393,4c Insidious Roots,4c Insidious Roots,1.44
393,user_0393,Abzan Insidious Roots,Abzan Insidious Roots,0.81
393,user_0393,Boros Aggro,Boros Aggro,1.5
393,user_0393,Dimir Midrange,Dimir Midrange,3.26
393,user_0393,Jeskai Looting,Jeskai Looting,0.92
393,user_0393,Izzet,Izzet,1.26
393,user_0393,Jeskai Control,Jeskai Control,2.86
393,user_0393,Mardu Dragons,Mardu Dragons,0.31
393,user_0393,Mono-Black Midrange,Mono-Black Midrange,1.1
393,user_0393,Orzhov Control,Orzhov Control,1.17
393,user_0393,Gruul Delirium,Gruul Delirium,1.04
393,user_0393,Mono-Red Leyline Aggro,Mono-Red Leyline Aggro,1.04
393,user_0393,Mono-White Tokens,Mono-White Tokens,1.99
393,user_0393,Boros Leyline Aggro,Boros Leyline Aggro,1.3
393,user_0393,Jeskai Self-Bounce,Jeskai Self-Bounce,1.02
393,user_0393,Mono-Green Landfall,Mono-Green Landfall,1.49
393,user_0393,Jund Aggro,Jund Aggro,1.05
393,user_0393,Boros Mice,Boros Mice,1.04
393,user_0393,4c Kona,4c Kona,1.8
393,user_0393,Izzet Omniscience,Izzet Omniscience,1.24
393,user_0393,Lifegain,Lifegain,1.4
393,user_0393,Simic Aggro,Simic Aggro,1.24
393,user_0393,Sultai Control,Sultai Control,1.19
393,user_0393,Temur Lessons,Temur Lessons,1.34
394,user_0394,Boros Burn,Boros Burn,1.43
394,user_0394,Simic Landfall,Simic Landfall,1.45
394,user_0394,Boros Dragons,Boros Dragons,0.96
394,user_0394,Boros Manufacturing,Boros Manufacturing,1.75
394,user_0394,Sultai Reanimator,Sultai Reanimator,1.57
394,user_0394,Temur Floodcaller Combo,Temur Floodcaller Combo,1.49
394,user_0394,Boros Token Control,Boros Token Control,0.62
394,user_0394,Gruul Delirium,Gruul Delirium,1.5
394,user_0394,Bant Airbending Combo,Bant Airbending Combo,1.9
394,user_0394,Simic Midrange,Simic Midrange,0.96
394,user_0394,Esper Self-Bounce,Esper Self-Bounce,0.83
394,user_0394,Jeskai Self-Bounce,Jeskai Self-Bounce,0.78
394,user_0394,4c Control,4c Control,1.39
394,user_0394,Boros Mice,Boros Mice,0.74
394,user_0394,Jeskai Control,Jeskai Control,3.93
394,user_0394,Grixis Leyline,Grixis Leyline,0.9
394,user_0394,Mono-White Tokens,Mono-White Tokens,1.24
394,user_0394,Mono-Green Landfall,Mono-Green Landfall,1.4
394,user_0394,4c Insidious Roots,4c Insidious Roots,0.83
394,user_0394,Gruul Random Encounter,Gruul Random Encounter,1.0
394,user_0394,Dimir Control,Dimir Control,2.02
394,user_0394,Izzet,Izzet,1.23
394,user_0394,Temur Lessons,Temur Lessons,1.45
394,user_0394,Sultai Control,Sultai Control,1.85
394,user_0394,Orzhov Self-Bounce,Orzhov Self-Bounce,0.87
394,user_0394,4c Reanimator,4c Reanimator,2.53
395,user_0395,Simic Aggro,Simic Aggro,1.91
395,user_0395,Azorius Control,Azorius Control,1.24
395,user_0395,Temur Floodcaller Combo,Temur Floodcaller Combo,0.98
395,user_0395,Esper Self-Bounce,Esper Self-Bounce,1.01
395,user_0395,4c Insidious Roots,4c Insidious Roots,1.39
395,user_0395,Izzet Lessons,Izzet Lessons,3.73
395,user_0395,Mono-Black Midrange,Mono-Black Midrange,0.81
395,user_0395,Gruul Delirium,Gruul Delirium,0.9
395,user_0395,Sultai Graveyard,Sultai Graveyard,1.17
395,user_0395,Temur Kona,Temur Kona,1.34
395,user_0395,Jund Aggro,Jund Aggro,1.2
395,user_0395,Izzet Aggro,Izzet Aggro,1.99
395,user_0395,Golgari Midrange (2),Golgari Midrange,0.93
395,user_0395,Boros Manufacturing,Boros Manufacturing,1.25
395,user_0395,Sultai Control,Sultai Control,0.33
395,user_0395,Golgari Dragons,Golgari Dragons,1.1
395,user_0395,4c Insidious Roots (2),4c Insidious Roots,0.6
395,user_0395,Sultai Reanimator,Sultai Reanimator,1.67
395,user_0395,Mono-Red Leyline Aggro,Mono-Red Leyline Aggro,1.37
395,user_0395,Boros Burn,Boros Burn,1.61
395,user_0395,Abzan Insidious Roots,Abzan Insidious Roots,0.69
395,user_0395,Izzet Looting,Izzet Looting,2.56
395,user_0395,Izzet Prowess,Izzet Prowess,1.66
395,user_0395,5c Reanimator,5c Reanimator,1.21
395,user_0395,Naya Yuna,Naya Yuna,0.76
395,user_0395,Rakdos Aggro,Rakdos Aggro,1.32
395,user_0395,Mardu Dragons,Mardu Dragons,1.03
395,user_0395,Simic Landfall,Simic Landfall,0.63
395,user_0395,Boros Mice,Boros Mice,1.08
395,user_0395,Temur Battlecrier Combo,Temur Battlecrier Combo,0.97
395,user_0395,Izzet Midrange,Izzet Midrange,1.3
395,user_0395,Jeskai Self-Bounce,Jeskai Self-Bounce,0.81
395,user_0395,4c Artifacts,4c Artifacts,0.87
395,user_0395,4c Control,4c Control,1.19
395,user_0395,Jeskai Looting,Jeskai Looting,0.93
395,user_0395,Boros Token Control,Boros Token Control,0.76
395,user_0395,Grixis Artifacts,Grixis Artifacts,0.56
395,user_0395,Mono-Green Landfall,Mono-Green Landfall,2.28
395,user_0395,Izzet Omniscience,Izzet Omniscience,0.7
395,user_0395,Boros Leyline Aggro,Boros Leyline Aggro,1.41
395,user_0395,Golgari Midrange,Golgari Midrange,1.33
395,user_0395,Boros Dragons,Boros Dragons,1.56
395,user_0395,Mono-Red Aggro,Mono-Red Aggro,3.47
395,user_0395,Bant Omniscience,Bant Omniscience,0.88
395,user_0395,Bant Airbending Combo,Bant Airbending Combo,1.09
395,user_0395,Abzan Midrange,Abzan Midrange,0.99
395,user_0395,Dimir Midrange,Dimir Midrange,3.04
395,user_0395,4c Omniscience,4c Omniscience,0.88
395,user_0395,Izzet,Izzet,1.77
395,user_0395,Dimir Bounce,Dimir Bounce,1.5
395,user_0395,4c Kona,4c Kona,1.5
395,user_0395,Orzhov Control,Orzhov Control,0.56
395,user_0395,Dimir Control,Dimir Control,1.28
396,user_0396,Gruul Leyline Aggro,Gruul Leyline Aggro,0.71
396,user_0396,Rakdos Sacrifice,Rakdos Sacrifice,1.79
396,user_0396,Mardu Dragons,Mardu Dragons,1.29
396,user_0396,Mono-Red Aggro,Mono-Red Aggro,3.44
396,user_0396,Bant Airbending Combo,Bant Airbending Combo,1.14
396,user_0396,Dimir Control,Dimir Control,0.76
396,user_0396,Mono-Green Landfall,Mono-Green Landfall,2.33
396,user_0396,Sultai Control,Sultai Control,0.82
396,user_0396,Temur Floodcaller Combo,Temur Floodcaller Combo,1.04
396,user_0396,Izzet Omniscience,Izzet Omniscience,1.09
396,user_0396,Jeskai Control,Jeskai Control,2.86
396,user_0396,Jund Aggro,Jund Aggro,0.93
396,user_0396,Boros Aggro,Boros Aggro,0.6
396,user_0396,Simic Omniscience,Simic Omniscience,1.45
396,user_0396,Naya Yuna,Naya Yuna,1.87
396,user_0396,Boros Dragons,Boros Dragons,1.99
396,user_0396,Simic Midrange,Simic Midrange,1.06
396,user_0396,Bant Omniscience,Bant Omniscience,2.65
396,user_0396,Abzan Midrange,Abzan Midrange,1.28
396,user_0396,Mono-White Tokens,Mono-White Tokens,1.77
396,user_0396,Gruul Delirium,Gruul Delirium,1.39
396,user_0396,Grixis Leyline,Grixis Leyline,1.44
396,user_0396,Lifegain,Lifegain,1.26
396,user_0396,Golgari Midrange (2),Golgari Midrange,1.27
396,user_0396,Temur Kona,Temur Kona,1.74
396,user_0396,Simic Landfall,Simic Landfall,1.34
396,user_0396,Esper Self-Bounce,Esper Self-Bounce,1.57
396,user_0396,4c Kona,4c Kona,1.43
396,user_0396,5c Reanimator,5c Reanimator,1.39
396,user_0396,Boros Burn,Boros Burn,1.26
396,user_0396,Gruul Aggro,Gruul Aggro,0.84
396,user_0396,Boros Manufacturing,Boros Manufacturing,1.37
397,user_0397,Sultai Reanimator,Sultai Reanimator,1.5
397,user_0397,4c Control,4c Control,0.34
397,user_0397,Golgari Insidious Roots,Golgari Insidious Roots,1.04
397,user_0397,4c Artifacts,4c Artifacts,1.21
397,user_0397,Orzhov Control,Orzhov Control,2.27
397,user_0397,Grixis Artifacts,Grixis Artifacts,1.07
397,user_0397,Temur Lessons,Temur Lessons,1.17
397,user_0397,Mono-White Tokens,Mono-White Tokens,0.97
397,user_0397,Mono-Red Leyline Aggro,Mono-Red Leyline Aggro,1.2
397,user_0397,Izzet Prowess,Izzet Prowess,1.87
397,user_0397,Boros Burn,Boros Burn,0.96
397,user_0397,Izzet Looting,Izzet Looting,2.69
397,user_0397,Mono-Green Landfall,Mono-Green Landfall,1.0
397,user_0397,Boros Manufacturing,Boros Manufacturing,1.01
397,user_0397,Boros Leyline Aggro,Boros Leyline Aggro,1.75
397,user_0397,Orzhov Self-Bounce,Orzhov Self-Bounce,2.09
397,user_0397,Jeskai Self-Bounce,Jeskai Self-Bounce,1.39
397,user_0397,Golgari Dragons,Golgari Dragons,0.99
397,user_0397,Bant Airbending Combo,Bant Airbending Combo,0.92
397,user_0397,Gruul Random Encounter,Gruul Random Encounter,1.48
397,user_0397,Dimir Midrange,Dimir Midrange,3.55
397,user_0397,Dimir Bounce,Dimir Bounce,0.94
397,user_0397,Abzan Midrange,Abzan Midrange,1.1
397,user_0397,Selesnya Landfall,Selesnya Landfall,1.61
397,user_0397,Mono-Black Midrange,Mono-Black Midrange,0.48
397,user_0397,Izzet Aggro,Izzet Aggro,1.52
397,user_0397,Boros Mice,Boros Mice,0.95
397,user_0397,Izzet Omniscience,Izzet Omniscience,0.96
397,user_0397,Temur Kona,Temur Kona,1.44
397,user_0397,Simic Landfall,Simic Landfall,1.36
397,user_0397,Jeskai Artifacts,Jeskai Artifacts,1.44
397,user_0397,4c Omniscience,4c Omniscience,1.23
397,user_0397,Izzet,Izzet,0.96
397,user_0397,Orzhov Midrange,Orzhov Midrange,1.66
397,user_0397,Izzet Midrange,Izzet Midrange,0.93
397,user_0397,Abzan Insidious Roots,Abzan Insidious Roots,1.09
397,user_0397,4c Insidious Roots (2),4c Insidious Roots,0.75
397,user_0397,4c Reanimator,4c Reanimator,2.37
397,user_0397,Izzet Lessons,Izzet Lessons,3.68
397,user_0397,Jeskai Looting,Jeskai Looting,1.19
397,user_0397,4c Kona,4c Kona,0.87
397,user_0397,Bant Omniscience,Bant Omniscience,1.08
397,user_0397,Sultai Control,Sultai Control,0.91
397,user_0397,Temur Floodcaller Combo,Temur Floodcaller Combo,0.4
397,user_0397,Azorius Control,Azorius Control,0.59
397,user_0397,Rakdos Sacrifice,Rakdos Sacrifice,1.33
397,user_0397,Simic Omniscience,Simic Omniscience,1.01
397,user_0397,Boros Dragons,Boros Dragons,1.08
397,user_0397,Sultai Graveyard,Sultai Graveyard,1.22
398,user_0398,Gruul Aggro,Gruul Aggro,1.01
398,user_0398,4c Insidious Roots,4c Insidious Roots,1.25
398,user_0398,Izzet Aggro,Izzet Aggro,1.03
398,user_0398,Mono-Green Landfall,Mono-Green Landfall,1.74
398,user_0398,Boros Aggro,Boros Aggro,0.97
398,user_0398,Dimir Midrange,Dimir Midrange,3.31
398,user_0398,Izzet Midrange,Izzet Midrange,1.48
398,user_0398,4c Insidious Roots (2),4c Insidious Roots,0.85
398,user_0398,Orzhov Self-Bounce,Orzhov Self-Bounce,1.63
398,user_0398,Izzet Prowess,Izzet Prowess,2.89
398,user_0398,Naya Yuna,Naya Yuna,1.51
398,user_0398,Rakdos Sacrifice,Rakdos Sacrifice,1.37
398,user_0398,Temur Floodcaller Combo,Temur Floodcaller Combo,0.79
398,user_0398,Izzet Lessons,Izzet Lessons,3.97
398,user_0398,Sultai Control,Sultai Control,0.77
398,user_0398,Simic Omniscience,Simic Omniscience,0.77
398,user_0398,4c Reanimator,4c Reanimator,3.3
398,user_0398,Golgari Midrange (2),Golgari Midrange,1.2
398,user_0398,Dimir Control,Dimir Control,0.55
398,user_0398,Boros Token Control,Boros Token Control,0.88
398,user_0398,Mono-Black Midrange,Mono-Black Midrange,2.36
398,user_0398,Lifegain,Lifegain,2.14
398,user_0398,Golgari Midrange,Golgari Midrange,1.91
398,user_0398,Azorius Control,Azorius Control,1.13
398,user_0398,Gruul Leyline Aggro,Gruul Leyline Aggro,1.51
398,user_0398,4c Kona,4c Kona,2.31
398,user_0398,Orzhov Midrange,Orzhov Midrange,1.11
398,user_0398,Izzet Omniscience,Izzet Omniscience,1.06
398,user_0398,Jeskai Self-Bounce,Jeskai Self-Bounce,1.81
398,user_0398,4c Artifacts,4c Artifacts,1.28
398,user_0398,Dimir Bounce,Dimir Bounce,1.89
398,user_0398,Abzan Midrange,Abzan Midrange,1.12
398,user_0398,Sultai Reanimator,Sultai Reanimator,1.34
398,user_0398,Golgari Dragons,Golgari Dragons,0.79
399,user_0399,Azorius Control,Azorius Control,0.86
399,user_0399,Golgari Dragons,Golgari Dragons,2.56
399,user_0399,4c Control,4c Control,0.88
399,user_0399,Izzet Aggro,Izzet Aggro,0.46
399,user_0399,Boros Aggro,Boros Aggro,0.84
399,user_0399,Temur Floodcaller Combo,Temur Floodcaller Combo,0.68
399,user_0399,Esper Self-Bounce,Esper Self-Bounce,1.42
399,user_0399,Grixis Artifacts,Grixis Artifacts,1.13
399,user_0399,Mardu Dragons,Mardu Dragons,1.35
399,user_0399,Jeskai Control,Jeskai Control,3.1
399,user_0399,Jeskai Artifacts,Jeskai Artifacts,1.55
399,user_0399,Simic Midrange,Simic Midrange,1.07
399,user_0399,Lifegain,Lifegain,1.72
399,user_0399,Selesnya Landfall,Selesnya Landfall,2.22
399,user_0399,Temur Battlecrier Combo,Temur Battlecrier Combo,0.68
399,user_0399,Boros Mice,Boros Mice,1.72
399,user_0399,Gruul Leyline Aggro,Gruul Leyline Aggro,1.05
399,user_0399,4c Insidious Roots,4c Insidious Roots,1.6
399,user_0399,Naya Yuna,Naya Yuna,1.8
399,user_0399,4c Reanimator,4c Reanimator,2.28
399,user_0399,Jeskai Self-Bounce,Jeskai Self-Bounce,1.36
399,user_0399,4c Artifacts,4c Artifacts,0.75
399,user_0399,Temur Lessons,Temur Lessons,1.77
399,user_0399,4c Kona,4c Kona,1.58
399,user_0399,Dimir Control,Dimir Control,1.14
399,user_0399,4c Omniscience,4c Omniscience,1.68
399,user_0399,Gruul Delirium,Gruul Delirium,1.57
399,user_0399,Jeskai Looting,Jeskai Looting,1.47
399,user_0399,4c Insidious Roots (2),4c Insidious Roots,0.86
399,user_0399,Izzet Looting,Izzet Looting,3.48
399,user_0399,Jund Aggro,Jund Aggro,1.64
399,user_0399,Boros Burn,Boros Burn,0.86
399,user_0399,Orzhov Self-Bounce,Orzhov Self-Bounce,1.67
399,user_0399,Mono-Green Landfall,Mono-Green Landfall,2.2
399,user_0399,Gruul Aggro,Gruul Aggro,1.05
399,user_0399,Bant Omniscience,Bant Omniscience,1.1
399,user_0399,Golgari Insidious Roots,Golgari Insidious Roots,1.78
399,user_0399,Simic Landfall,Simic Landfall,1.82
399,user_0399,Sultai Reanimator,Sultai Reanimator,2.11
399,user_0399,Grixis Leyline,Grixis Leyline,1.69
399,user_0399,Boros Dragons,Boros Dragons,2.2
400,user_0400,Esper Self-Bounce,Esper Self-Bounce,1.24
400,user_0400,Boros Token Control,Boros Token Control,1.18
400,user_0400,Sultai Graveyard,Sultai Graveyard,0.81
400,user_0400,4c Artifacts,4c Artifacts,0.86
400,user_0400,Temur Lessons,Temur Lessons,1.08
400,user_0400,5c Reanimator,5c Reanimator,0.82
400,user_0400,Sultai Control,Sultai Control,1.53
400,user_0400,Rakdos Sacrifice,Rakdos Sacrifice,0.91
400,user_0400,Golgari Dragons,Golgari Dragons,0.97
400,user_0400,Mardu Dragons,Mardu Dragons,1.53
400,user_0400,Golgari Insidious Roots,Golgari Insidious Roots,0.95
400,user_0400,4c Insidious Roots (2),4c Insidious Roots,1.46
400,user_0400,Gruul Leyline Aggro,Gruul Leyline Aggro,0.77
400,user_0400,Lifegain,Lifegain,0.83
400,user_0400,Gruul Random Encounter,Gruul Random Encounter,1.07
400,user_0400,Naya Yuna,Naya Yuna,1.92
400,user_0400,Orzhov Midrange,Orzhov Midrange,2.11
400,user_0400,Mono-White Tokens,Mono-White Tokens,0.9
400,user_0400,Jeskai Control,Jeskai Control,2.76
400,user_0400,Abzan Insidious Roots,Abzan Insidious Roots,1.09
400,user_0400,4c Insidious Roots,4c Insidious Roots,1.46
400,user_0400,4c Control,4c Control,1.06
400,user_0400,Boros Manufacturing,Boros Manufacturing,1.19
400,user_0400,Izzet Prowess,Izzet Prowess,2.46
400,user_0400,Simic Aggro,Simic Aggro,1.67
400,user_0400,Izzet Lessons,Izzet Lessons,4.08
400,user_0400,Temur Kona,Temur Kona,1.42
400,user_0400,Boros Burn,Boros Burn,1.14
400,user_0400,Sultai Reanimator,Sultai Reanimator,1.44
400,user_0400,Gruul Aggro,Gruul Aggro,0.73
400,user_0400,Orzhov Self-Bounce,Orzhov Self-Bounce,1.56
400,user_0400,Grixis Artifacts,Grixis Artifacts,0.45
400,user_0400,Golgari Midrange,Golgari Midrange,1.75
400,user_0400,Dimir Control,Dimir Control,1.43
400,user_0400,Temur Floodcaller Combo,Temur Floodcaller Combo,1.35
400,user_0400,Selesnya Landfall,Selesnya Landfall,1.62
400,user_0400,Jeskai Self-Bounce,Jeskai Self-Bounce,0.74
400,user_0400,Bant Airbending Combo,Bant Airbending Combo,1.1
400,user_0400,Grixis Leyline,Grixis Leyline,0.79
400,user_0400,Izzet Midrange,Izzet Midrange,1.72
400,user_0400,Jeskai Looting,Jeskai Looting,0.21
400,user_0400,Boros Aggro,Boros Aggro,1.24
400,user_0400,Temur Battlecrier Combo,Temur Battlecrier Combo,1.21
400,user_0400,Jeskai Artifacts,Jeskai Artifacts,1.26
400,user_0400,Boros Leyline Aggro,Boros Leyline Aggro,1.3
400,user_0400,Rakdos Aggro,Rakdos Aggro,0.99
400,user_0400,Dimir Bounce,Dimir Bounce,1.37
400,user_0400,Izzet,Izzet,1.19
401,user_0401,Simic Aggro,Simic Aggro,1.11
401,user_0401,Boros Burn,Boros Burn,0.92
401,user_0401,4c Insidious Roots (2),4c Insidious Roots,1.12
401,user_0401,Mono-Green Landfall,Mono-Green Landfall,1.95
401,user_0401,Abzan Midrange,Abzan Midrange,1.43
401,user_0401,Lifegain,Lifegain,1.45
401,user_0401,Izzet Prowess,Izzet Prowess,2.38
401,user_0401,Jeskai Control,Jeskai Control,3.56
401,user_0401,Jeskai Artifacts,Jeskai Artifacts,1.13
401,user_0401,Temur Floodcaller Combo,Temur Floodcaller Combo,1.15
401,user_0401,Izzet,Izzet,1.19
401,user_0401,Gruul Random Encounter,Gruul Random Encounter,0.73
401,user_0401,Azorius Control,Azorius Control,1.39
401,user_0401,Simic Landfall,Simic Landfall,1.09
401,user_0401,Mono-Red Aggro,Mono-Red Aggro,3.3
401,user_0401,4c Artifacts,4c Artifacts,1.22
401,user_0401,Izzet Looting,Izzet Looting,2.31
401,user_0401,Sultai Reanimator,Sultai Reanimator,1.11
401,user_0401,4c Kona,4c Kona,0.85
401,user_0401,Abzan Insidious Roots,Abzan Insidious Roots,1.37
401,user_0401,Boros Dragons,Boros Dragons,1.01
401,user_0401,Simic Midrange,Simic Midrange,1.36
401,user_0401,Boros Mice,Boros Mice,0.82
401,user_0401,Izzet Omniscience,Izzet Omniscience,1.3
401,user_0401,Izzet Lessons,Izzet Lessons,3.83
401,user_0401,Bant Airbending Combo,Bant Airbending Combo,1.46
401,user_0401,Boros Token Control,Boros Token Control,0.48
401,user_0401,Bant Omniscience,Bant Omniscience,1.2
401,user_0401,Jeskai Self-Bounce,Jeskai Self-Bounce,1.43
401,user_0401,Mono-White Tokens,Mono-White Tokens,1.28
401,user_0401,Sultai Control,Sultai Control,1.17
401,user_0401,Jeskai Looting,Jeskai Looting,1.34
401,user_0401,Orzhov Self-Bounce,Orzhov Self-Bounce,0.28
401,user_0401,Temur Battlecrier Combo,Temur Battlecrier Combo,1.29
401,user_0401,Gruul Leyline Aggro,Gruul Leyline Aggro,1.16
401,user_0401,Mono-Black Midrange,Mono-Black Midrange,1.11
401,user_0401,Orzhov Midrange,Orzhov Midrange,1.15
401,user_0401,Dimir Midrange,Dimir Midrange,3.48
402,user_0402,Esper Self-Bounce,Esper Self-Bounce,1.42
402,user_0402,Grixis Leyline,Grixis Leyline,1.26
402,user_0402,Temur Battlecrier Combo,Temur Battlecrier Combo,1.24
402,user_0402,Simic Aggro,Simic Aggro,0.87
402,user_0402,Azorius Control,Azorius Control,1.42
402,user_0402,Grixis Artifacts,Grixis Artifacts,0.67
402,user_0402,Izzet Prowess,Izzet Prowess,1.93
402,user_0402,Golgari Dragons,Golgari Dragons,1.64
402,user_0402,Gruul Leyline Aggro,Gruul Leyline Aggro,1.25
402,user_0402,Mono-Red Aggro,Mono-Red Aggro,3.6
402,user_0402,4c Reanimator,4c Reanimator,1.72
402,user_0402,Jund Aggro,Jund Aggro,1.05
402,user_0402,Boros Burn,Boros Burn,0.79
402,user_0402,Golgari Midrange (2),Golgari Midrange,1.09
402,user_0402,Simic Midrange,Simic Midrange,0.97
402,user_0402,Izzet Looting,Izzet Looting,2.78
402,user_0402,Mono-Green Landfall,Mono-Green Landfall,1.82
402,user_0402,Jeskai Self-Bounce,Jeskai Self-Bounce,1.41
402,user_0402,Golgari Insidious Roots,Golgari Insidious Roots,1.25
402,user_0402,Izzet Aggro,Izzet Aggro,0.41
402,user_0402,4c Insidious Roots (2),4c Insidious Roots,0.58
402,user_0402,Jeskai Artifacts,Jeskai Artifacts,1.84
402,user_0402,Gruul Aggro,Gruul Aggro,1.0
402,user_0402,Izzet,Izzet,1.48
402,user_0402,Lifegain,Lifegain,1.19
402,user_0402,Mono-White Tokens,Mono-White Tokens,0.97
402,user_0402,Abzan Insidious Roots,Abzan Insidious Roots,1.2
402,user_0402,Temur Floodcaller Combo,Temur Floodcaller Combo,1.36
402,user_0402,Temur Lessons,Temur Lessons,1.37
402,user_0402,Rakdos Aggro,Rakdos Aggro,0.96
402,user_0402,Dimir Bounce,Dimir Bounce,0.88
403,user_0403,Izzet Lessons,Izzet Lessons,4.73
403,user_0403,Boros Token Control,Boros Token Control,1.05
403,user_0403,Selesnya Landfall,Selesnya Landfall,2.08
403,user_0403,Boros Leyline Aggro,Boros Leyline Aggro,1.26
403,user_0403,Izzet Midrange,Izzet Midrange,1.04
403,user_0403,Gruul Random Encounter,Gruul Random Encounter,2.08
403,user_0403,Sultai Control,Sultai Control,0.99
403,user_0403,Mono-White Tokens,Mono-White Tokens,1.08
403,user_0403,Simic Omniscience,Simic Omniscience,1.9
403,user_0403,Mono-Red Aggro,Mono-Red Aggro,3.75
403,user_0403,Gruul Delirium,Gruul Delirium,2.59
403,user_0403,Golgari Midrange,Golgari Midrange,1.37
403,user_0403,Temur Kona,Temur Kona,2.09
403,user_0403,Boros Burn,Boros Burn,1.71
403,user_0403,Golgari Insidious Roots,Golgari Insidious Roots,2.13
403,user_0403,Jeskai Looting,Jeskai Looting,0.98
403,user_0403,4c Insidious Roots (2),4c Insidious Roots,0.99
403,user_0403,Abzan Midrange,Abzan Midrange,0.61
403,user_0403,Grixis Artifacts,Grixis Artifacts,1.77
403,user_0403,5c Reanimator,5c Reanimator,1.48
403,user_0403,Mono-Black Midrange,Mono-Black Midrange,1.39
403,user_0403,Naya Yuna,Naya Yuna,1.39
403,user_0403,Gruul Aggro,Gruul Aggro,1.63
403,user_0403,Sultai Reanimator,Sultai Reanimator,1.21
403,user_0403,Temur Lessons,Temur Lessons,2.07
404,user_0404,Golgari Insidious Roots,Golgari Insidious Roots,1.51
404,user_0404,Golgari Midrange,Golgari Midrange,1.35
404,user_0404,Jeskai Artifacts,Jeskai Artifacts,1.59
404,user_0404,Izzet Lessons,Izzet Lessons,3.56
404,user_0404,Temur Floodcaller Combo,Temur Floodcaller Combo,1.07
404,user_0404,Simic Omniscience,Simic Omniscience,1.08
404,user_0404,Sultai Control,Sultai Control,1.59
404,user_0404,Mono-Black Midrange,Mono-Black Midrange,1.16
404,user_0404,Temur Lessons,Temur Lessons,1.21
404,user_0404,Gruul Delirium,Gruul Delirium,0.94
404,user_0404,Abzan Midrange,Abzan Midrange,1.05
404,user_0404,Boros Dragons,Boros Dragons,1.43
404,user_0404,Izzet Looting,Izzet Looting,2.53
404,user_0404,4c Artifacts,4c Artifacts,1.09
404,user_0404,Temur Kona,Temur Kona,1.13
404,user_0404,Sultai Reanimator,Sultai Reanimator,1.08
404,user_0404,Sultai Graveyard,Sultai Graveyard,1.04
404,user_0404,Bant Omniscience,Bant Omniscience,0.78
404,user_0404,Rakdos Aggro,Rakdos Aggro,1.3
404,user_0404,4c Kona,4c Kona,1.2
404,user_0404,Orzhov Control,Orzhov Control,1.02
404,user_0404,Jeskai Control,Jeskai Control,2.98
404,user_0404,4c Insidious Roots (2),4c Insidious Roots,1.1
404,user_0404,Grixis Leyline,Grixis Leyline,0.64
404,user_0404,4c Omniscience,4c Omniscience,0.38
404,user_0404,Boros Manufacturing,Boros Manufacturing,1.95
404,user_0404,Naya Yuna,Naya Yuna,0.98
404,user_0404,Gruul Random Encounter,Gruul Random Encounter,0.81
404,user_0404,Mono-Red Aggro,Mono-Red Aggro,3.76
404,user_0404,5c Reanimator,5c Reanimator,0.77
404,user_0404,Lifegain,Lifegain,0.97
404,user_0404,4c Insidious Roots,4c Insidious Roots,0.85
404,user_0404,Simic Aggro,Simic Aggro,1.81
404,user_0404,Dimir Control,Dimir Control,1.39
404,user_0404,Izzet Omniscience,Izzet Omniscience,1.48
404,user_0404,Orzhov Self-Bounce,Orzhov Self-Bounce,0.59
404,user_0404,Boros Leyline Aggro,Boros Leyline Aggro,2.42
405,user_0405,Abzan Insidious Roots,Abzan Insidious Roots,1.11
405,user_0405,Golgari Dragons,Golgari Dragons,0.85
405,user_0405,Mono-Red Leyline Aggro,Mono-Red Leyline Aggro,2.0
405,user_0405,Gruul Leyline Aggro,Gruul Leyline Aggro,2.48
405,user_0405,Sultai Reanimator,Sultai Reanimator,2.02
405,user_0405,Mono-White Tokens,Mono-White Tokens,1.24
405,user_0405,4c Artifacts,4c Artifacts,0.69
405,user_0405,Rakdos Sacrifice,Rakdos Sacrifice,1.75
405,user_0405,Boros Dragons,Boros Dragons,1.25
405,user_0405,4c Omniscience,4c Omniscience,0.62
405,user_0405,Golgari Midrange (2),Golgari Midrange,1.15
405,user_0405,Jund Aggro,Jund Aggro,1.43
405,user_0405,Boros Aggro,Boros Aggro,2.29
405,user_0405,4c Insidious Roots (2),4c Insidious Roots,1.21
405,user_0405,Grixis Artifacts,Grixis Artifacts,1.22
405,user_0405,Mono-Green Landfall,Mono-Green Landfall,1.79
405,user_0405,Temur Floodcaller Combo,Temur Floodcaller Combo,0.99
405,user_0405,Gruul Random Encounter,Gruul Random Encounter,1.56
405,user_0405,Boros Burn,Boros Burn,1.23
405,user_0405,Boros Manufacturing,Boros Manufacturing,1.47
405,user_0405,4c Kona,4c Kona,1.25
405,user_0405,Azorius Control,Azorius Control,1.12
405,user_0405,Mono-Red Aggro,Mono-Red Aggro,3.34
405,user_0405,Temur Kona,Temur Kona,1.35
405,user_0405,Abzan Midrange,Abzan Midrange,1.01
405,user_0405,Grixis Leyline,Grixis Leyline,1.34
405,user_0405,Gruul Aggro,Gruul Aggro,1.26
405,user_0405,Jeskai Control,Jeskai Control,3.62
405,user_0405,Boros Mice,Boros Mice,1.08
405,user_0405,Lifegain,Lifegain,0.98
405,user_0405,Selesnya Landfall,Selesnya Landfall,1.49
405,user_0405,Orzhov Control,Orzhov Control,0.68
405,user_0405,Izzet Aggro,Izzet Aggro,1.12
405,user_0405,4c Reanimator,4c Reanimator,2.24
406,user_0406,Boros Aggro,Boros Aggro,1.81
406,user_0406,Dimir Bounce,Dimir Bounce,1.71
406,user_0406,Golgari Insidious Roots,Golgari Insidious Roots,2.12
406,user_0406,Jeskai Self-Bounce,Jeskai Self-Bounce,1.49
406,user_0406,4c Insidious Roots (2),4c Insidious Roots,0.82
406,user_0406,Izzet Omniscience,Izzet Omniscience,1.72
406,user_0406,Gruul Delirium,Gruul Delirium,1.61
406,user_0406,Boros Mice,Boros Mice,1.71
406,user_0406,Boros Token Control,Boros Token Control,1.03
406,user_0406,Mono-Green Landfall,Mono-Green Landfall,1.99
406,user_0406,Gruul Random Encounter,Gruul Random Encounter,1.51
406,user_0406,Abzan Midrange,Abzan Midrange,0.96
406,user_0406,Abzan Insidious Roots,Abzan Insidious Roots,1.3
406,user_0406,Simic Aggro,Simic Aggro,0.78
406,user_0406,Sultai Reanimator,Sultai Reanimator,2.53
406,user_0406,Golgari Midrange (2),Golgari Midrange,1.11
406,user_0406,Orzhov Control,Orzhov Control,1.81
406,user_0406,Mono-Red Leyline Aggro,Mono-Red Leyline Aggro,1.07
406,user_0406,4c Artifacts,4c Artifacts,1.37
406,user_0406,Grixis Artifacts,Grixis Artifacts,1.7
406,user_0406,Rakdos Aggro,Rakdos Aggro,1.49
406,user_0406,Dimir Control,Dimir Control,1.47
406,user_0406,Izzet Aggro,Izzet Aggro,1.45
406,user_0406,Azorius Control,Azorius Control,1.15
406,user_0406,Boros Dragons,Boros Dragons,1.21
406,user_0406,Mardu Dragons,Mardu Dragons,1.88
406,user_0406,Boros Manufacturing,Boros Manufacturing,1.11
406,user_0406,Temur Battlecrier Combo,Temur Battlecrier Combo,0.92
406,user_0406,Temur Floodcaller Combo,Temur Floodcaller Combo,1.27
406,user_0406,Selesnya Landfall,Selesnya Landfall,2.18
406,user_0406,Jeskai Looting,Jeskai Looting,1.82
406,user_0406,4c Insidious Roots,4c Insidious Roots,1.76
406,user_0406,Izzet Prowess,Izzet Prowess,2.65
406,user_0406,Simic Landfall,Simic Landfall,1.28
406,user_0406,Simic Midrange,Simic Midrange,1.94
406,user_0406,Mono-Red Aggro,Mono-Red Aggro,3.49
406,user_0406,Izzet Midrange,Izzet Midrange,0.94
406,user_0406,Sultai Control,Sultai Control,1.12
406,user_0406,Orzhov Self-Bounce,Orzhov Self-Bounce,1.21
406,user_0406,Sultai Graveyard,Sultai Graveyard,2.07
406,user_0406,Mono-Black Midrange,Mono-Black Midrange,0.75
406,user_0406,4c Control,4c Control,1.05
406,user_0406,Grixis Leyline,Grixis Leyline,1.27
406,user_0406,Mono-White Tokens,Mono-White Tokens,1.15
406,user_0406,5c Reanimator,5c Reanimator,1.29
406,user_0406,4c Kona,4c Kona,2.09
406,user_0406,Bant Omniscience,Bant Omniscience,1.11
406,user_0406,Jeskai Artifacts,Jeskai Artifacts,1.84
406,user_0406,Izzet,Izzet,1.89
406,user_0406,Jund Aggro,Jund Aggro,0.67
406,user_0406,Boros Burn,Boros Burn,1.47
406,user_0406,Jeskai Control,Jeskai Control,2.77
406,user_0406,Temur Kona,Temur Kona,1.95
406,user_0406,4c Omniscience,4c Omniscience,1.87
406,user_0406,4c Reanimator,4c Reanimator,3.15
406,user_0406,Izzet Lessons,Izzet Lessons,3.85
407,user_0407,Dimir Bounce,Dimir Bounce,0.52
407,user_0407,4c Control,4c Control,0.85
407,user_0407,Gruul Aggro,Gruul Aggro,1.78
407,user_0407,Jeskai Control,Jeskai Control,2.94
407,user_0407,Selesnya Landfall,Selesnya Landfall,1.26
407,user_0407,Abzan Insidious Roots,Abzan Insidious Roots,1.2
407,user_0407,4c Insidious Roots (2),4c Insidious Roots,1.81
407,user_0407,Dimir Control,Dimir Control,1.36
407,user_0407,Azorius Control,Azorius Control,0.81
407,user_0407,4c Kona,4c Kona,0.9
407,user_0407,Izzet Lessons,Izzet Lessons,3.61
407,user_0407,Sultai Reanimator,Sultai Reanimator,1.19
407,user_0407,Jeskai Looting,Jeskai Looting,1.75
407,user_0407,Izzet Prowess,Izzet Prowess,1.71
407,user_0407,Izzet Omniscience,Izzet Omniscience,0.88
407,user_0407,Grixis Artifacts,Grixis Artifacts,0.68
407,user_0407,Golgari Insidious Roots,Golgari Insidious Roots,1.06
407,user_0407,Grixis Leyline,Grixis Leyline,0.82
407,user_0407,Boros Mice,Boros Mice,0.39
407,user_0407,Temur Kona,Temur Kona,1.71
407,user_0407,Boros Dragons,Boros Dragons,0.78
407,user_0407,Jeskai Self-Bounce,Jeskai Self-Bounce,1.36
408,user_0408,Azorius Control,Azorius Control,1.72
408,user_0408,Boros Leyline Aggro,Boros Leyline Aggro,0.89
408,user_0408,Orzhov Midrange,Orzhov Midrange,1.55
408,user_0408,Izzet Lessons,Izzet Lessons,3.66
408,user_0408,Izzet Omniscience,Izzet Omniscience,0.62
408,user_0408,Izzet Prowess,Izzet Prowess,2.18
408,user_0408,Mono-Red Aggro,Mono-Red Aggro,3.97
408,user_0408,4c Control,4c Control,0.9
408,user_0408,Golgari Dragons,Golgari Dragons,2.09
408,user_0408,Jeskai Artifacts,Jeskai Artifacts,1.31
408,user_0408,5c Reanimator,5c Reanimator,0.88
408,user_0408,Naya Yuna,Naya Yuna,1.18
408,user_0408,Jeskai Control,Jeskai Control,3.32
408,user_0408,Simic Midrange,Simic Midrange,1.6
408,user_0408,4c Insidious Roots (2),4c Insidious Roots,1.58
408,user_0408,Simic Aggro,Simic Aggro,0.98
408,user_0408,Dimir Bounce,Dimir Bounce,1.2
408,user_0408,Rakdos Sacrifice,Rakdos Sacrifice,1.03
408,user_0408,Sultai Control,Sultai Control,0.96
408,user_0408,Boros Burn,Boros Burn,1.72
408,user_0408,Temur Battlecrier Combo,Temur Battlecrier Combo,0.9
408,user_0408,Sultai Graveyard,Sultai Graveyard,0.85
408,user_0408,Golgari Midrange (2),Golgari Midrange,1.25
408,user_0408,Grixis Leyline,Grixis Leyline,0.86
408,user_0408,Temur Kona,Temur Kona,0.69
408,user_0408,Mono-Red Leyline Aggro,Mono-Red Leyline Aggro,1.97
408,user_0408,Selesnya Landfall,Selesnya Landfall,1.67
408,user_0408,4c Reanimator,4c Reanimator,2.41
408,user_0408,4c Insidious Roots,4c Insidious Roots,1.19
408,user_0408,Izzet Looting,Izzet Looting,2.46
408,user_0408,Mono-Black Midrange,Mono-Black Midrange,1.78
408,user_0408,Golgari Insidious Roots,Golgari Insidious Roots,1.49
408,user_0408,4c Omniscience,4c Omniscience,1.17
408,user_0408,Gruul Random Encounter,Gruul Random Encounter,0.84
408,user_0408,Boros Dragons,Boros Dragons,1.24
408,user_0408,Boros Token Control,Boros Token Control,1.24
408,user_0408,Temur Floodcaller Combo,Temur Floodcaller Combo,1.37
408,user_0408,Simic Landfall,Simic Landfall,1.12
408,user_0408,Esper Self-Bounce,Esper Self-Bounce,1.14
408,user_0408,Gruul Aggro,Gruul Aggro,0.62
408,user_0408,Mono-White Tokens,Mono-White Tokens,1.06
409,user_0409,4c Control,4c Control,2.01
409,user_0409,Orzhov Midrange,Orzhov Midrange,1.04
409,user_0409,4c Insidious Roots,4c Insidious Roots,0.86
409,user_0409,Temur Lessons,Temur Lessons,1.55
409,user_0409,Boros Token Control,Boros Token Control,1.74
409,user_0409,Izzet Omniscience,Izzet Omniscience,1.0
409,user_0409,Grixis Artifacts,Grixis Artifacts,0.89
409,user_0409,Sultai Control,Sultai Control,1.13
409,user_0409,Rakdos Aggro,Rakdos Aggro,0.78
409,user_0409,Bant Omniscience,Bant Omniscience,0.87
409,user_0409,Temur Floodcaller Combo,Temur Floodcaller Combo,1.11
409,user_0409,Temur Kona,Temur Kona,1.88
409,user_0409,Dimir Bounce,Dimir Bounce,1.24
409,user_0409,Dimir Control,Dimir Control,1.39
409,user_0409,Jund Aggro,Jund Aggro,1.39
409,user_0409,Mono-Red Aggro,Mono-Red Aggro,3.73
409,user_0409,Boros Manufacturing,Boros Manufacturing,0.86
409,user_0409,Izzet Lessons,Izzet Lessons,3.28
409,user_0409,Simic Omniscience,Simic Omniscience,0.97
409,user_0409,4c Artifacts,4c Artifacts,0.84
409,user_0409,Mono-Black Midrange,Mono-Black Midrange,1.22
409,user_0409,Jeskai Looting,Jeskai Looting,1.49
409,user_0409,Boros Aggro,Boros Aggro,1.44
409,user_0409,Lifegain,Lifegain,1.34
409,user_0409,Bant Airbending Combo,Bant Airbending Combo,0.96
409,user_0409,Naya Yuna,Naya Yuna,1.38
409,user_0409,Esper Self-Bounce,Esper Self-Bounce,0.46
409,user_0409,Sultai Graveyard,Sultai Graveyard,1.1
409,user_0409,Simic Midrange,Simic Midrange,0.88
409,user_0409,Golgari Midrange,Golgari Midrange,1.07
409,user_0409,Rakdos Sacrifice,Rakdos Sacrifice,0.61
409,user_0409,Gruul Delirium,Gruul Delirium,1.25
409,user_0409,Orzhov Self-Bounce,Orzhov Self-Bounce,0.92
409,user_0409,Izzet Aggro,Izzet Aggro,1.42
410,user_0410,Abzan Midrange,Abzan Midrange,0.8
410,user_0410,Mono-Red Aggro,Mono-Red Aggro,3.3
410,user_0410,Sultai Control,Sultai Control,1.18
410,user_0410,Jeskai Self-Bounce,Jeskai Self-Bounce,0.85
410,user_0410,Golgari Midrange (2),Golgari Midrange,0.61
410,user_0410,4c Artifacts,4c Artifacts,0.87
410,user_0410,Rakdos Aggro,Rakdos Aggro,1.68
410,user_0410,Boros Dragons,Boros Dragons,0.66
410,user_0410,4c Kona,4c Kona,0.49
410,user_0410,Jund Aggro,Jund Aggro,0.81
410,user_0410,Orzhov Self-Bounce,Orzhov Self-Bounce,1.05
410,user_0410,Bant Airbending Combo,Bant Airbending Combo,1.47
410,user_0410,Boros Manufacturing,Boros Manufacturing,0.84
410,user_0410,Izzet Omniscience,Izzet Omniscience,1.49
410,user_0410,Simic Midrange,Simic Midrange,0.97
410,user_0410,Mono-Red Leyline Aggro,Mono-Red Leyline Aggro,0.98
410,user_0410,Izzet Prowess,Izzet Prowess,2.32
410,user_0410,Temur Kona,Temur Kona,1.01
410,user_0410,Temur Lessons,Temur Lessons,1.51
410,user_0410,Mardu Dragons,Mardu Dragons,0.64
410,user_0410,Jeskai Control,Jeskai Control,2.93
410,user_0410,Dimir Bounce,Dimir Bounce,0.41
410,user_0410,Boros Burn,Boros Burn,0.33
410,user_0410,Orzhov Midrange,Orzhov Midrange,0.93
410,user_0410,Selesnya Landfall,Selesnya Landfall,1.42
410,user_0410,Gruul Random Encounter,Gruul Random Encounter,0.99
410,user_0410,Grixis Artifacts,Grixis Artifacts,1.41
410,user_0410,Izzet Midrange,Izzet Midrange,1.52
410,user_0410,Izzet,Izzet,1.47
410,user_0410,Golgari Dragons,Golgari Dragons,0.98
410,user_0410,Golgari Insidious Roots,Golgari Insidious Roots,0.83
410,user_0410,Mono-White Tokens,Mono-White Tokens,1.44
410,user_0410,Gruul Delirium,Gruul Delirium,1.12
410,user_0410,Azorius Control,Azorius Control,1.68
410,user_0410,Bant Omniscience,Bant Omniscience,1.12
410,user_0410,Jeskai Looting,Jeskai Looting,1.1
410,user_0410,Mono-Black Midrange,Mono-Black Midrange,1.17
410,user_0410,Esper Self-Bounce,Esper Self-Bounce,1.52
410,user_0410,4c Insidious Roots,4c Insidious Roots,1.32
410,user_0410,Sultai Graveyard,Sultai Graveyard,0.52
410,user_0410,Orzhov Control,Orzhov Control,1.69
410,user_0410,Boros Token Control,Boros Token Control,1.71
410,user_0410,Izzet Lessons,Izzet Lessons,4.29
410,user_0410,Dimir Midrange,Dimir Midrange,3.76
411,user_0411,Temur Floodcaller Combo,Temur Floodcaller Combo,1.25
411,user_0411,Simic Aggro,Simic Aggro,1.18
411,user_0411,Orzhov Midrange,Orzhov Midrange,1.31
411,user_0411,Sultai Reanimator,Sultai Reanimator,1.56
411,user_0411,Simic Omniscience,Simic Omniscience,1.52
411,user_0411,Gruul Leyline Aggro,Gruul Leyline Aggro,1.3
411,user_0411,Grixis Artifacts,Grixis Artifacts,0.82
411,user_0411,Jeskai Self-Bounce,Jeskai Self-Bounce,0.68
411,user_0411,4c Kona,4c Kona,1.21
411,user_0411,Gruul Delirium,Gruul Delirium,1.44
411,user_0411,Boros Manufacturing,Boros Manufacturing,0.9
411,user_0411,Orzhov Control,Orzhov Control,2.07
411,user_0411,Selesnya Landfall,Selesnya Landfall,2.29
411,user_0411,Izzet Lessons,Izzet Lessons,3.62
411,user_0411,Boros Burn,Boros Burn,1.83
411,user_0411,Temur Kona,Temur Kona,1.51
411,user_0411,Sultai Control,Sultai Control,1.16
411,user_0411,Azorius Control,Azorius Control,1.57
411,user_0411,Mono-Green Landfall,Mono-Green Landfall,1.04
411,user_0411,Mardu Dragons,Mardu Dragons,1.23
411,user_0411,Izzet Aggro,Izzet Aggro,1.28
411,user_0411,Boros Leyline Aggro,Boros Leyline Aggro,0.79
411,user_0411,4c Reanimator,4c Reanimator,2.41
412,user_0412,Naya Yuna,Naya Yuna,0.84
412,user_0412,Rakdos Sacrifice,Rakdos Sacrifice,1.66
412,user_0412,Rakdos Aggro,Rakdos Aggro,1.39
412,user_0412,Mono-Green Landfall,Mono-Green Landfall,1.86
412,user_0412,4c Artifacts,4c Artifacts,0.66
412,user_0412,Temur Floodcaller Combo,Temur Floodcaller Combo,0.79
412,user_0412,Dimir Bounce,Dimir Bounce,1.05
412,user_0412,Jeskai Control,Jeskai Control,3.19
412,user_0412,Izzet Omniscience,Izzet Omniscience,1.44
412,user_0412,Golgari Midrange (2),Golgari Midrange,1.07
412,user_0412,Simic Aggro,Simic Aggro,1.13
412,user_0412,Simic Landfall,Simic Landfall,1.01
412,user_0412,Mono-Red Aggro,Mono-Red Aggro,3.13
412,user_0412,Orzhov Control,Orzhov Control,0.57
412,user_0412,4c Omniscience,4c Omniscience,1.11
412,user_0412,Lifegain,Lifegain,0.91
412,user_0412,Abzan Insidious Roots,Abzan Insidious Roots,1.5
412,user_0412,Dimir Midrange,Dimir Midrange,3.56
412,user_0412,Boros Dragons,Boros Dragons,0.97
412,user_0412,Gruul Aggro,Gruul Aggro,0.98
412,user_0412,Mono-Black Midrange,Mono-Black Midrange,1.37
412,user_0412,Izzet Prowess,Izzet Prowess,2.27
412,user_0412,4c Reanimator,4c Reanimator,2.27
412,user_0412,Gruul Delirium,Gruul Delirium,1.18
412,user_0412,Boros Burn,Boros Burn,1.43
412,user_0412,Mono-Red Leyline Aggro,Mono-Red Leyline Aggro,0.66
412,user_0412,Boros Mice,Boros Mice,0.83
412,user_0412,Dimir Control,Dimir Control,1.41
412,user_0412,Azorius Control,Azorius Control,1.73
412,user_0412,Gruul Random Encounter,Gruul Random Encounter,1.02
413,user_0413,Boros Token Control,Boros Token Control,1.38
413,user_0413,Jeskai Looting,Jeskai Looting,0.86
413,user_0413,Rakdos Sacrifice,Rakdos Sacrifice,1.01
413,user_0413,Mono-Green Landfall,Mono-Green Landfall,2.09
413,user_0413,Izzet Midrange,Izzet Midrange,0.87
413,user_0413,Golgari Midrange,Golgari Midrange,1.96
413,user_0413,Izzet,Izzet,1.22
413,user_0413,4c Control,4c Control,0.78
413,user_0413,Grixis Leyline,Grixis Leyline,0.72
413,user_0413,Gruul Leyline Aggro,Gruul Leyline Aggro,1.39
413,user_0413,Dimir Bounce,Dimir Bounce,1.06
413,user_0413,Sultai Reanimator,Sultai Reanimator,0.93
413,user_0413,Boros Mice,Boros Mice,0.71
413,user_0413,Simic Midrange,Simic Midrange,1.45
413,user_0413,Boros Aggro,Boros Aggro,1.35
413,user_0413,Bant Omniscience,Bant Omniscience,0.95
413,user_0413,4c Reanimator,4c Reanimator,1.88
413,user_0413,Jeskai Self-Bounce,Jeskai Self-Bounce,1.22
413,user_0413,Boros Leyline Aggro,Boros Leyline Aggro,0.72
413,user_0413,Gruul Delirium,Gruul Delirium,0.84
413,user_0413,Boros Manufacturing,Boros Manufacturing,0.82
413,user_0413,Sultai Control,Sultai Control,1.01
413,user_0413,Mono-Red Leyline Aggro,Mono-Red Leyline Aggro,0.97
413,user_0413,Golgari Midrange (2),Golgari Midrange,0.79
413,user_0413,Dimir Midrange,Dimir Midrange,3.44
413,user_0413,Dimir Control,Dimir Control,0.52
414,user_0414,Mono-White Tokens,Mono-White Tokens,0.58
414,user_0414,Boros Aggro,Boros Aggro,1.47
414,user_0414,Simic Midrange,Simic Midrange,1.51
414,user_0414,4c Omniscience,4c Omniscience,1.0
414,user_0414,Sultai Control,Sultai Control,0.85
414,user_0414,4c Insidious Roots (2),4c Insidious Roots,0.59
414,user_0414,Boros Token Control,Boros Token Control,0.92
414,user_0414,Boros Mice,Boros Mice,1.67
414,user_0414,Simic Aggro,Simic Aggro,0.91
414,user_0414,Golgari Dragons,Golgari Dragons,1.29
414,user_0414,Jeskai Artifacts,Jeskai Artifacts,0.84
414,user_0414,Orzhov Control,Orzhov Control,0.61
414,user_0414,Izzet Lessons,Izzet Lessons,4.0
414,user_0414,Mono-Green Landfall,Mono-Green Landfall,1.36
414,user_0414,Grixis Leyline,Grixis Leyline,0.43
414,user_0414,Mono-Red Aggro,Mono-Red Aggro,3.29
414,user_0414,Abzan Midrange,Abzan Midrange,1.76
414,user_0414,4c Reanimator,4c Reanimator,2.31
414,user_0414,Lifegain,Lifegain,1.27
414,user_0414,4c Insidious Roots,4c Insidious Roots,1.13
414,user_0414,Boros Leyline Aggro,Boros Leyline Aggro,1.29
414,user_0414,Abzan Insidious Roots,Abzan Insidious Roots,0.95
414,user_0414,Izzet Aggro,Izzet Aggro,0.54
414,user_0414,Gruul Random Encounter,Gruul Random Encounter,1.2
414,user_0414,5c Reanimator,5c Reanimator,0.52
414,user_0414,Izzet Prowess,Izzet Prowess,2.3
414,user_0414,Gruul Delirium,Gruul Delirium,1.42
414,user_0414,Boros Burn,Boros Burn,0.96
414,user_0414,Jeskai Control,Jeskai Control,3.47
414,user_0414,Mono-Black Midrange,Mono-Black Midrange,1.74
414,user_0414,Jeskai Looting,Jeskai Looting,1.03
414,user_0414,Gruul Aggro,Gruul Aggro,0.92
414,user_0414,Simic Landfall,Simic Landfall,1.09
414,user_0414,Golgari Midrange,Golgari Midrange,2.1
414,user_0414,Boros Dragons,Boros Dragons,1.48
415,user_0415,4c Kona,4c Kona,1.18
415,user_0415,Lifegain,Lifegain,0.68
415,user_0415,Gruul Delirium,Gruul Delirium,1.07
415,user_0415,Grixis Artifacts,Grixis Artifacts,1.45
415,user_0415,Golgari Dragons,Golgari Dragons,1.57
415,user_0415,Dimir Bounce,Dimir Bounce,0.8
415,user_0415,Dimir Control,Dimir Control,1.17
415,user_0415,Bant Omniscience,Bant Omniscience,0.56
415,user_0415,Mono-White Tokens,Mono-White Tokens,1.19
415,user_0415,5c Reanimator,5c Reanimator,1.21
415,user_0415,4c Insidious Roots (2),4c Insidious Roots,0.61
415,user_0415,Grixis Leyline,Grixis Leyline,1.39
415,user_0415,Boros Aggro,Boros Aggro,1.2
415,user_0415,Jeskai Looting,Jeskai Looting,1.56
415,user_0415,Jeskai Artifacts,Jeskai Artifacts,0.81
415,user_0415,Esper Self-Bounce,Esper Self-Bounce,1.38
415,user_0415,Mono-Red Leyline Aggro,Mono-Red Leyline Aggro,1.41
415,user_0415,Orzhov Self-Bounce,Orzhov Self-Bounce,1.3
415,user_0415,Rakdos Sacrifice,Rakdos Sacrifice,1.08
415,user_0415,Naya Yuna,Naya Yuna,1.22
415,user_0415,Golgari Insidious Roots,Golgari Insidious Roots,1.3
415,user_0415,Boros Burn,Boros Burn,1.33
415,user_0415,Boros Mice,Boros Mice,1.96
415,user_0415,Dimir Midrange,Dimir Midrange,4.23
415,user_0415,Izzet Prowess,Izzet Prowess,2.26
415,user_0415,Orzhov Midrange,Orzhov Midrange,1.9
415,user_0415,Simic Midrange,Simic Midrange,1.29
416,user_0416,Boros Token Control,Boros Token Control,0.97
416,user_0416,Izzet,Izzet,1.31
416,user_0416,Izzet Midrange,Izzet Midrange,1.25
416,user_0416,Bant Omniscience,Bant Omniscience,1.4
416,user_0416,Jeskai Artifacts,Jeskai Artifacts,1.75
416,user_0416,4c Insidious Roots (2),4c Insidious Roots,1.04
416,user_0416,Jeskai Control,Jeskai Control,2.9
416,user_0416,Temur Floodcaller Combo,Temur Floodcaller Combo,0.78
416,user_0416,Boros Mice,Boros Mice,0.93
416,user_0416,Bant Airbending Combo,Bant Airbending Combo,1.06
416,user_0416,5c Reanimator,5c Reanimator,0.99
416,user_0416,Sultai Control,Sultai Control,0.84
416,user_0416,Orzhov Self-Bounce,Orzhov Self-Bounce,0.96
416,user_0416,4c Artifacts,4c Artifacts,0.93
416,user_0416,Gruul Random Encounter,Gruul Random Encounter,1.53
416,user_0416,4c Insidious Roots,4c Insidious Roots,0.93
416,user_0416,Golgari Insidious Roots,Golgari Insidious Roots,1.41
416,user_0416,Mono-White Tokens,Mono-White Tokens,0.97
416,user_0416,Mono-Green Landfall,Mono-Green Landfall,1.33
416,user_0416,Izzet Omniscience,Izzet Omniscience,0.86
416,user_0416,Temur Kona,Temur Kona,0.94
416,user_0416,Izzet Prowess,Izzet Prowess,2.05
416,user_0416,Simic Midrange,Simic Midrange,1.33
416,user_0416,Gruul Leyline Aggro,Gruul Leyline Aggro,1.62
416,user_0416,Mardu Dragons,Mardu Dragons,1.17
416,user_0416,Abzan Insidious Roots,Abzan Insidious Roots,1.09
416,user_0416,Jund Aggro,Jund Aggro,0.56
416,user_0416,Esper Self-Bounce,Esper Self-Bounce,0.97
416,user_0416,Golgari Midrange (2),Golgari Midrange,1.3
416,user_0416,Dimir Bounce,Dimir Bounce,1.33
416,user_0416,Temur Battlecrier Combo,Temur Battlecrier Combo,1.04
416,user_0416,Boros Aggro,Boros Aggro,0.89
416,user_0416,Boros Leyline Aggro,Boros Leyline Aggro,0.73
416,user_0416,Mono-Red Leyline Aggro,Mono-Red Leyline Aggro,1.14
416,user_0416,Golgari Midrange,Golgari Midrange,1.6
416,user_0416,Dimir Control,Dimir Control,1.49
416,user_0416,Gruul Aggro,Gruul Aggro,0.65
416,user_0416,Rakdos Aggro,Rakdos Aggro,1.72
416,user_0416,Dimir Midrange,Dimir Midrange,4.2
416,user_0416,Mono-Black Midrange,Mono-Black Midrange,1.39
416,user_0416,Abzan Midrange,Abzan Midrange,1.63
416,user_0416,Golgari Dragons,Golgari Dragons,1.3
416,user_0416,Boros Manufacturing,Boros Manufacturing,1.09
416,user_0416,Lifegain,Lifegain,0.9
416,user_0416,Izzet Lessons,Izzet Lessons,3.61
416,user_0416,Simic Landfall,Simic Landfall,1.12
416,user_0416,4c Kona,4c Kona,1.08
416,user_0416,Jeskai Looting,Jeskai Looting,1.45
416,user_0416,Boros Burn,Boros Burn,1.06
416,user_0416,Azorius Control,Azorius Control,1.43
416,user_0416,Boros Dragons,Boros Dragons,0.74
416,user_0416,Izzet Aggro,Izzet Aggro,0.44
416,user_0416,Orzhov Control,Orzhov Control,0.88
417,user_0417,Boros Leyline Aggro,Boros Leyline Aggro,1.15
417,user_0417,Jund Aggro,Jund Aggro,0.9
417,user_0417,Izzet Prowess,Izzet Prowess,2.47
417,user_0417,Rakdos Sacrifice,Rakdos Sacrifice,1.01
417,user_0417,Dimir Midrange,Dimir Midrange,3.94
417,user_0417,Simic Midrange,Simic Midrange,1.42
417,user_0417,Jeskai Control,Jeskai Control,3.26
417,user_0417,Boros Burn,Boros Burn,1.02
417,user_0417,Izzet Midrange,Izzet Midrange,1.46
417,user_0417,Rakdos Aggro,Rakdos Aggro,0.97
417,user_0417,Temur Lessons,Temur Lessons,1.41
417,user_0417,Temur Floodcaller Combo,Temur Floodcaller Combo,0.8
417,user_0417,Orzhov Midrange,Orzhov Midrange,1.54
417,user_0417,Bant Airbending Combo,Bant Airbending Combo,1.6
417,user_0417,Golgari Midrange,Golgari Midrange,1.68
417,user_0417,Simic Landfall,Simic Landfall,1.21
417,user_0417,Jeskai Self-Bounce,Jeskai Self-Bounce,1.0
417,user_0417,Bant Omniscience,Bant Omniscience,0.84
417,user_0417,Mardu Dragons,Mardu Dragons,1.3
417,user_0417,Mono-Red Aggro,Mono-Red Aggro,2.93
417,user_0417,Gruul Aggro,Gruul Aggro,0.85
417,user_0417,Izzet Looting,Izzet Looting,2.51
417,user_0417,4c Reanimator,4c Reanimator,2.2
417,user_0417,Esper Self-Bounce,Esper Self-Bounce,0.34
417,user_0417,4c Insidious Roots,4c Insidious Roots,0.84
417,user_0417,Orzhov Self-Bounce,Orzhov Self-Bounce,0.69
417,user_0417,Golgari Dragons,Golgari Dragons,0.68
417,user_0417,Boros Manufacturing,Boros Manufacturing,0.88
417,user_0417,Golgari Insidious Roots,Golgari Insidious Roots,0.79
417,user_0417,Temur Battlecrier Combo,Temur Battlecrier Combo,1.06
417,user_0417,Jeskai Artifacts,Jeskai Artifacts,1.58
417,user_0417,Boros Token Control,Boros Token Control,0.62
417,user_0417,Selesnya Landfall,Selesnya Landfall,2.4
417,user_0417,Gruul Delirium,Gruul Delirium,0.95
417,user_0417,Orzhov Control,Orzhov Control,0.77
417,user_0417,Simic Omniscience,Simic Omniscience,1.16
417,user_0417,Izzet,Izzet,0.94
417,user_0417,Izzet Aggro,Izzet Aggro,1.22
417,user_0417,Dimir Control,Dimir Control,0.88
417,user_0417,Izzet Omniscience,Izzet Omniscience,0.51
417,user_0417,Abzan Midrange,Abzan Midrange,1.43
417,user_0417,Mono-Red Leyline Aggro,Mono-Red Leyline Aggro,0.63
417,user_0417,Gruul Random Encounter,Gruul Random Encounter,1.05
417,user_0417,Mono-Black Midrange,Mono-Black Midrange,1.71
417,user_0417,Sultai Control,Sultai Control,1.03
417,user_0417,Gruul Leyline Aggro,Gruul Leyline Aggro,0.82
417,user_0417,Boros Mice,Boros Mice,0.68
417,user_0417,5c Reanimator,5c Reanimator,1.24
417,user_0417,Abzan Insidious Roots,Abzan Insidious Roots,0.43
417,user_0417,4c Kona,4c Kona,1.64
417,user_0417,Azorius Control,Azorius Control,1.01
417,user_0417,Dimir Bounce,Dimir Bounce,0.89
417,user_0417,Sultai Graveyard,Sultai Graveyard,1.18
417,user_0417,Grixis Artifacts,Grixis Artifacts,1.18
417,user_0417,Simic Aggro,Simic Aggro,1.04
417,user_0417,Lifegain,Lifegain,0.87
418,user_0418,Temur Lessons,Temur Lessons,1.46
418,user_0418,Boros Manufacturing,Boros Manufacturing,0.76
418,user_0418,4c Reanimator,4c Reanimator,2.44
418,user_0418,Simic Aggro,Simic Aggro,0.78
418,user_0418,Sultai Control,Sultai Control,0.84
418,user_0418,Gruul Aggro,Gruul Aggro,1.25
418,user_0418,Jeskai Looting,Jeskai Looting,0.77
418,user_0418,Boros Token Control,Boros Token Control,1.21
418,user_0418,Gruul Random Encounter,Gruul Random Encounter,1.36
418,user_0418,Orzhov Midrange,Orzhov Midrange,1.44
418,user_0418,Boros Burn,Boros Burn,1.38
418,user_0418,Abzan Insidious Roots,Abzan Insidious Roots,1.51
418,user_0418,4c Omniscience,4c Omniscience,1.5
418,user_0418,Jeskai Control,Jeskai Control,3.01
418,user_0418,Lifegain,Lifegain,1.13
418,user_0418,Boros Aggro,Boros Aggro,1.37
418,user_0418,4c Control,4c Control,0.57
418,user_0418,Orzhov Self-Bounce,Orzhov Self-Bounce,1.15
418,user_0418,Jund Aggro,Jund Aggro,0.94
418,user_0418,Boros Mice,Boros Mice,1.17
418,user_0418,Jeskai Self-Bounce,Jeskai Self-Bounce,0.45
418,user_0418,Mono-White Tokens,Mono-White Tokens,0.7
418,user_0418,Boros Leyline Aggro,Boros Leyline Aggro,1.17
418,user_0418,Boros Dragons,Boros Dragons,1.47
418,user_0418,Izzet,Izzet,1.71
418,user_0418,Mono-Green Landfall,Mono-Green Landfall,1.45
418,user_0418,Gruul Leyline Aggro,Gruul Leyline Aggro,1.29
418,user_0418,Temur Battlecrier Combo,Temur Battlecrier Combo,1.79
418,user_0418,Simic Landfall,Simic Landfall,0.4
418,user_0418,Golgari Insidious Roots,Golgari Insidious Roots,1.11
418,user_0418,Grixis Artifacts,Grixis Artifacts,0.74
418,user_0418,4c Artifacts,4c Artifacts,0.97
418,user_0418,Simic Midrange,Simic Midrange,1.36
418,user_0418,Naya Yuna,Naya Yuna,0.94
418,user_0418,Temur Floodcaller Combo,Temur Floodcaller Combo,1.84
418,user_0418,Sultai Reanimator,Sultai Reanimator,1.12
418,user_0418,4c Kona,4c Kona,0.74
418,user_0418,Rakdos Sacrifice,Rakdos Sacrifice,1.52
418,user_0418,Izzet Omniscience,Izzet Omniscience,0.67
418,user_0418,Mono-Red Aggro,Mono-Red Aggro,2.73
419,user_0419,Gruul Random Encounter,Gruul Random Encounter,1.49
419,user_0419,Naya Yuna,Naya Yuna,1.52
419,user_0419,4c Control,4c Control,1.35
419,user_0419,4c Reanimator,4c Reanimator,2.5
419,user_0419,Dimir Midrange,Dimir Midrange,4.1
419,user_0419,Bant Omniscience,Bant Omniscience,1.28
419,user_0419,Temur Kona,Temur Kona,1.66
419,user_0419,Sultai Graveyard,Sultai Graveyard,0.99
419,user_0419,Simic Landfall,Simic Landfall,1.26
419,user_0419,Simic Aggro,Simic Aggro,1.46
419,user_0419,4c Insidious Roots,4c Insidious Roots,1.25
419,user_0419,Boros Mice,Boros Mice,0.89
419,user_0419,Mono-Red Aggro,Mono-Red Aggro,3.14
419,user_0419,Dimir Bounce,Dimir Bounce,0.57
419,user_0419,Orzhov Control,Orzhov Control,0.83
419,user_0419,Sultai Control,Sultai Control,0.81
419,user_0419,Golgari Midrange,Golgari Midrange,2.54
419,user_0419,Mono-Red Leyline Aggro,Mono-Red Leyline Aggro,1.41
419,user_0419,4c Kona,4c Kona,0.98
419,user_0419,Azorius Control,Azorius Control,1.22
419,user_0419,Temur Battlecrier Combo,Temur Battlecrier Combo,0.76
419,user_0419,Grixis Artifacts,Grixis Artifacts,1.18
419,user_0419,Mono-Green Landfall,Mono-Green Landfall,1.63
419,user_0419,Izzet Looting,Izzet Looting,2.2
419,user_0419,Esper Self-Bounce,Esper Self-Bounce,0.94
419,user_0419,Selesnya Landfall,Selesnya Landfall,1.57
419,user_0419,Orzhov Self-Bounce,Orzhov Self-Bounce,1.11
419,user_0419,Boros Token Control,Boros Token Control,1.22
419,user_0419,Izzet Prowess,Izzet Prowess,2.42
419,user_0419,Rakdos Aggro,Rakdos Aggro,1.07
419,user_0419,Izzet Lessons,Izzet Lessons,3.62
419,user_0419,Temur Lessons,Temur Lessons,2.02
419,user_0419,4c Insidious Roots (2),4c Insidious Roots,1.22
419,user_0419,Abzan Midrange,Abzan Midrange,0.93
419,user_0419,Boros Dragons,Boros Dragons,0.84
419,user_0419,Izzet Aggro,Izzet Aggro,1.16
419,user_0419,Jeskai Control,Jeskai Control,3.03
419,user_0419,Jeskai Self-Bounce,Jeskai Self-Bounce,0.91
419,user_0419,Boros Leyline Aggro,Boros Leyline Aggro,1.51
419,user_0419,Boros Manufacturing,Boros Manufacturing,1.08
419,user_0419,Izzet,Izzet,1.06
419,user_0419,Golgari Dragons,Golgari Dragons,1.45
420,user_0420,Abzan Insidious Roots,Abzan Insidious Roots,1.44
420,user_0420,Izzet Aggro,Izzet Aggro,0.93
420,user_0420,Temur Floodcaller Combo,Temur Floodcaller Combo,1.2
420,user_0420,Esper Self-Bounce,Esper Self-Bounce,0.84
420,user_0420,Izzet Prowess,Izzet Prowess,2.19
420,user_0420,Grixis Artifacts,Grixis Artifacts,1.12
420,user_0420,Boros Manufacturing,Boros Manufacturing,1.26
420,user_0420,Mono-Red Aggro,Mono-Red Aggro,2.92
420,user_0420,Izzet,Izzet,0.94
420,user_0420,5c Reanimator,5c Reanimator,0.84
420,user_0420,Boros Aggro,Boros Aggro,1.61
420,user_0420,Golgari Midrange (2),Golgari Midrange,1.62
420,user_0420,Golgari Dragons,Golgari Dragons,1.19
420,user_0420,Boros Burn,Boros Burn,1.25
420,user_0420,Orzhov Midrange,Orzhov Midrange,1.85
420,user_0420,Grixis Leyline,Grixis Leyline,0.69
420,user_0420,Mono-Red Leyline Aggro,Mono-Red Leyline Aggro,1.43
420,user_0420,Temur Battlecrier Combo,Temur Battlecrier Combo,0.61
420,user_0420,Izzet Omniscience,Izzet Omniscience,0.59
420,user_0420,Jeskai Looting,Jeskai Looting,1.2
420,user_0420,Golgari Insidious Roots,Golgari Insidious Roots,1.26
420,user_0420,4c Artifacts,4c Artifacts,1.24
420,user_0420,Sultai Graveyard,Sultai Graveyard,0.86
420,user_0420,Gruul Random Encounter,Gruul Random Encounter,1.06
420,user_0420,Golgari Midrange,Golgari Midrange,1.99
420,user_0420,Abzan Midrange,Abzan Midrange,1.48
420,user_0420,Mono-Green Landfall,Mono-Green Landfall,1.76
420,user_0420,Izzet Lessons,Izzet Lessons,4.28
420,user_0420,Bant Omniscience,Bant Omniscience,0.61
420,user_0420,Simic Midrange,Simic Midrange,1.45
420,user_0420,Temur Kona,Temur Kona,1.3
420,user_0420,Jeskai Self-Bounce,Jeskai Self-Bounce,1.41
420,user_0420,Gruul Delirium,Gruul Delirium,0.86
420,user_0420,Gruul Aggro,Gruul Aggro,1.19
420,user_0420,Boros Mice,Boros Mice,1.6
420,user_0420,4c Control,4c Control,0.94
420,user_0420,Lifegain,Lifegain,1.3
420,user_0420,Azorius Control,Azorius Control,1.25
420,user_0420,Izzet Looting,Izzet Looting,2.49
420,user_0420,Naya Yuna,Naya Yuna,0.93
420,user_0420,Gruul Leyline Aggro,Gruul Leyline Aggro,1.0
420,user_0420,4c Insidious Roots (2),4c Insidious Roots,0.65
420,user_0420,Boros Dragons,Boros Dragons,0.98
420,user_0420,Rakdos Sacrifice,Rakdos Sacrifice,0.96
420,user_0420,4c Kona,4c Kona,1.16
420,user_0420,Jund Aggro,Jund Aggro,0.73
420,user_0420,Mardu Dragons,Mardu Dragons,1.0
420,user_0420,Sultai Reanimator,Sultai Reanimator,1.09
420,user_0420,Dimir Bounce,Dimir Bounce,1.18
420,user_0420,Orzhov Self-Bounce,Orzhov Self-Bounce,0.81
420,user_0420,Sultai Control,Sultai Control,0.77
420,user_0420,Mono-Black Midrange,Mono-Black Midrange,1.58
420,user_0420,Izzet Midrange,Izzet Midrange,2.66
420,user_0420,Temur Lessons,Temur Lessons,1.03
420,user_0420,Boros Leyline Aggro,Boros Leyline Aggro,1.64
421,user_0421,Boros Dragons,Boros Dragons,0.93
421,user_0421,Mono-Green Landfall,Mono-Green Landfall,1.58
421,user_0421,Golgari Dragons,Golgari Dragons,1.13
421,user_0421,Simic Aggro,Simic Aggro,0.78
421,user_0421,Temur Battlecrier Combo,Temur Battlecrier Combo,2.14
421,user_0421,Jeskai Self-Bounce,Jeskai Self-Bounce,0.99
421,user_0421,Izzet,Izzet,0.95
421,user_0421,Bant Airbending Combo,Bant Airbending Combo,1.27
421,user_0421,Dimir Midrange,Dimir Midrange,3.81
421,user_0421,Boros Manufacturing,Boros Manufacturing,0.53
421,user_0421,Temur Kona,Temur Kona,1.28
421,user_0421,Orzhov Self-Bounce,Orzhov Self-Bounce,1.27
421,user_0421,Gruul Leyline Aggro,Gruul Leyline Aggro,1.5
421,user_0421,Mono-Black Midrange,Mono-Black Midrange,0.91
421,user_0421,Rakdos Sacrifice,Rakdos Sacrifice,1.35
421,user_0421,Izzet Looting,Izzet Looting,2.2
421,user_0421,Golgari Insidious Roots,Golgari Insidious Roots,0.96
421,user_0421,Grixis Artifacts,Grixis Artifacts,0.63
421,user_0421,Temur Floodcaller Combo,Temur Floodcaller Combo,1.81
421,user_0421,Boros Mice,Boros Mice,0.97
421,user_0421,Selesnya Landfall,Selesnya Landfall,1.49
421,user_0421,Lifegain,Lifegain,0.9
421,user_0421,Izzet Prowess,Izzet Prowess,2.53
421,user_0421,4c Kona,4c Kona,1.48
421,user_0421,Jeskai Looting,Jeskai Looting,0.55
421,user_0421,Golgari Midrange (2),Golgari Midrange,1.08
421,user_0421,Izzet Midrange,Izzet Midrange,1.02
421,user_0421,Temur Lessons,Temur Lessons,1.44
421,user_0421,Azorius Control,Azorius Control,1.18
421,user_0421,Abzan Midrange,Abzan Midrange,1.21
421,user_0421,4c Omniscience,4c Omniscience,0.9
421,user_0421,Sultai Control,Sultai Control,1.33
421,user_0421,Boros Aggro,Boros Aggro,0.5
421,user_0421,Orzhov Control,Orzhov Control,1.23
421,user_0421,4c Reanimator,4c Reanimator,2.62
421,user_0421,Esper Self-Bounce,Esper Self-Bounce,1.42
421,user_0421,Sultai Reanimator,Sultai Reanimator,1.78
422,user_0422,4c Omniscience,4c Omniscience,1.17
422,user_0422,Gruul Delirium,Gruul Delirium,1.06
422,user_0422,4c Insidious Roots,4c Insidious Roots,1.1
422,user_0422,Jund Aggro,Jund Aggro,1.14
422,user_0422,Gruul Leyline Aggro,Gruul Leyline Aggro,1.8
422,user_0422,Temur Battlecrier Combo,Temur Battlecrier Combo,0.91
422,user_0422,Golgari Insidious Roots,Golgari Insidious Roots,1.16
422,user_0422,Boros Dragons,Boros Dragons,1.5
422,user_0422,Izzet Omniscience,Izzet Omniscience,0.73
422,user_0422,Selesnya Landfall,Selesnya Landfall,1.73
422,user_0422,Orzhov Self-Bounce,Orzhov Self-Bounce,1.18
422,user_0422,4c Control,4c Control,0.56
422,user_0422,Grixis Leyline,Grixis Leyline,0.8
422,user_0422,Boros Manufacturing,Boros Manufacturing,1.49
422,user_0422,Jeskai Artifacts,Jeskai Artifacts,1.5
422,user_0422,5c Reanimator,5c Reanimator,1.08
422,user_0422,Jeskai Self-Bounce,Jeskai Self-Bounce,1.1
422,user_0422,Jeskai Looting,Jeskai Looting,0.93
422,user_0422,Dimir Bounce,Dimir Bounce,1.22
422,user_0422,Mono-Red Leyline Aggro,Mono-Red Leyline Aggro,1.15
422,user_0422,Bant Airbending Combo,Bant Airbending Combo,0.98
422,user_0422,Rakdos Aggro,Rakdos Aggro,1.51
423,user_0423,Esper Self-Bounce,Esper Self-Bounce,1.36
423,user_0423,4c Omniscience,4c Omniscience,1.36
423,user_0423,Mono-Red Aggro,Mono-Red Aggro,3.51
423,user_0423,Simic Midrange,Simic Midrange,0.81
423,user_0423,Orzhov Self-Bounce,Orzhov Self-Bounce,1.71
423,user_0423,Mono-White Tokens,Mono-White Tokens,1.04
423,user_0423,4c Kona,4c Kona,0.59
423,user_0423,Gruul Random Encounter,Gruul Random Encounter,0.85
423,user_0423,Mono-Black Midrange,Mono-Black Midrange,0.7
423,user_0423,Sultai Graveyard,Sultai Graveyard,1.51
423,user_0423,5c Reanimator,5c Reanimator,1.68
423,user_0423,Golgari Midrange (2),Golgari Midrange,0.58
423,user_0423,Izzet Lessons,Izzet Lessons,3.44
423,user_0423,Boros Token Control,Boros Token Control,1.06
423,user_0423,Jeskai Self-Bounce,Jeskai Self-Bounce,0.98
423,user_0423,Izzet Midrange,Izzet Midrange,1.36
423,user_0423,Jeskai Looting,Jeskai Looting,1.13
423,user_0423,Dimir Bounce,Dimir Bounce,1.24
423,user_0423,Grixis Leyline,Grixis Leyline,0.99
423,user_0423,Boros Leyline Aggro,Boros Leyline Aggro,0.76
423,user_0423,Rakdos Aggro,Rakdos Aggro,0.74
423,user_0423,Izzet Aggro,Izzet Aggro,0.97
423,user_0423,Bant Omniscience,Bant Omniscience,1.1
423,user_0423,Jeskai Artifacts,Jeskai Artifacts,1.69
423,user_0423,Boros Dragons,Boros Dragons,1.17
423,user_0423,Boros Manufacturing,Boros Manufacturing,1.59
423,user_0423,Golgari Dragons,Golgari Dragons,1.13
423,user_0423,Selesnya Landfall,Selesnya Landfall,1.38
423,user_0423,Dimir Control,Dimir Control,1.46
423,user_0423,Rakdos Sacrifice,Rakdos Sacrifice,0.69
423,user_0423,Boros Burn,Boros Burn,1.0
423,user_0423,Temur Kona,Temur Kona,1.52
423,user_0423,Dimir Midrange,Dimir Midrange,2.74
423,user_0423,Abzan Midrange,Abzan Midrange,0.54
423,user_0423,Naya Yuna,Naya Yuna,1.35
423,user_0423,Sultai Control,Sultai Control,0.72
423,user_0423,Mono-Red Leyline Aggro,Mono-Red Leyline Aggro,1.16
423,user_0423,Orzhov Midrange,Orzhov Midrange,1.29
423,user_0423,4c Artifacts,4c Artifacts,0.7
423,user_0423,Sultai Reanimator,Sultai Reanimator,1.51
423,user_0423,Temur Battlecrier Combo,Temur Battlecrier Combo,1.65
423,user_0423,4c Insidious Roots,4c Insidious Roots,0.48
423,user_0423,4c Reanimator,4c Reanimator,2.22
423,user_0423,Mardu Dragons,Mardu Dragons,1.53
423,user_0423,Simic Aggro,Simic Aggro,1.46
423,user_0423,Golgari Midrange,Golgari Midrange,1.37
423,user_0423,Jeskai Control,Jeskai Control,2.86
423,user_0423,Lifegain,Lifegain,1.43
423,user_0423,Jund Aggro,Jund Aggro,1.13
424,user_0424,4c Kona,4c Kona,1.09
424,user_0424,Simic Omniscience,Simic Omniscience,1.26
424,user_0424,Izzet,Izzet,1.07
424,user_0424,Lifegain,Lifegain,1.48
424,user_0424,Dimir Control,Dimir Control,1.01
424,user_0424,Temur Battlecrier Combo,Temur Battlecrier Combo,2.05
424,user_0424,Simic Midrange,Simic Midrange,0.44
424,user_0424,Mono-Green Landfall,Mono-Green Landfall,1.77
424,user_0424,Boros Dragons,Boros Dragons,1.46
424,user_0424,Dimir Bounce,Dimir Bounce,1.08
424,user_0424,Simic Aggro,Simic Aggro,1.06
424,user_0424,Jeskai Control,Jeskai Control,3.79
424,user_0424,Golgari Dragons,Golgari Dragons,1.42
424,user_0424,Simic Landfall,Simic Landfall,1.16
424,user_0424,Orzhov Self-Bounce,Orzhov Self-Bounce,0.54
424,user_0424,4c Reanimator,4c Reanimator,2.5
424,user_0424,Bant Airbending Combo,Bant Airbending Combo,1.06
424,user_0424,Mono-Black Midrange,Mono-Black Midrange,0.93
424,user_0424,Golgari Midrange (2),Golgari Midrange,1.25
424,user_0424,Boros Burn,Boros Burn,1.2
424,user_0424,Boros Leyline Aggro,Boros Leyline Aggro,1.11
424,user_0424,Golgari Midrange,Golgari Midrange,1.51
424,user_0424,Gruul Leyline Aggro,Gruul Leyline Aggro,1.31
424,user_0424,Bant Omniscience,Bant Omniscience,1.38
424,user_0424,Boros Token Control,Boros Token Control,0.98
424,user_0424,Gruul Delirium,Gruul Delirium,1.28
424,user_0424,Azorius Control,Azorius Control,1.38
424,user_0424,Izzet Lessons,Izzet Lessons,3.57
424,user_0424,Rakdos Aggro,Rakdos Aggro,0.92
424,user_0424,Rakdos Sacrifice,Rakdos Sacrifice,0.99
424,user_0424,5c Reanimator,5c Reanimator,0.29
424,user_0424,4c Insidious Roots,4c Insidious Roots,0.3
424,user_0424,Naya Yuna,Naya Yuna,1.13
424,user_0424,4c Control,4c Control,1.26
424,user_0424,Grixis Artifacts,Grixis Artifacts,1.16
424,user_0424,Mono-White Tokens,Mono-White Tokens,0.87
424,user_0424,Jund Aggro,Jund Aggro,0.64
424,user_0424,4c Omniscience,4c Omniscience,1.04
424,user_0424,Grixis Leyline,Grixis Leyline,0.96
424,user_0424,4c Insidious Roots (2),4c Insidious Roots,1.11
424,user_0424,Selesnya Landfall,Selesnya Landfall,1.35
424,user_0424,Izzet Midrange,Izzet Midrange,1.48
424,user_0424,Boros Manufacturing,Boros Manufacturing,0.83
424,user_0424,Jeskai Looting,Jeskai Looting,1.01
424,user_0424,Izzet Aggro,Izzet Aggro,1.27
425,user_0425,Izzet Midrange,Izzet Midrange,1.15
425,user_0425,Simic Aggro,Simic Aggro,1.83
425,user_0425,Temur Floodcaller Combo,Temur Floodcaller Combo,1.04
425,user_0425,Mono-White Tokens,Mono-White Tokens,0.98
425,user_0425,Boros Manufacturing,Boros Manufacturing,0.85
425,user_0425,Golgari Midrange (2),Golgari Midrange,0.98
425,user_0425,Abzan Midrange,Abzan Midrange,1.13
425,user_0425,Azorius Control,Azorius Control,1.13
425,user_0425,Simic Landfall,Simic Landfall,1.59
425,user_0425,Jeskai Self-Bounce,Jeskai Self-Bounce,1.02
425,user_0425,Jeskai Looting,Jeskai Looting,1.55
425,user_0425,Temur Lessons,Temur Lessons,1.13
425,user_0425,Lifegain,Lifegain,0.71
425,user_0425,Rakdos Aggro,Rakdos Aggro,1.71
425,user_0425,Jeskai Artifacts,Jeskai Artifacts,0.82
425,user_0425,Dimir Midrange,Dimir Midrange,3.6
425,user_0425,Naya Yuna,Naya Yuna,2.1
425,user_0425,4c Control,4c Control,1.48
425,user_0425,Izzet Looting,Izzet Looting,2.2
425,user_0425,Boros Leyline Aggro,Boros Leyline Aggro,0.65
425,user_0425,Golgari Dragons,Golgari Dragons,1.11
425,user_0425,Dimir Bounce,Dimir Bounce,1.2
425,user_0425,4c Kona,4c Kona,1.24
425,user_0425,Boros Mice,Boros Mice,1.47
425,user_0425,Mono-Red Aggro,Mono-Red Aggro,3.77
425,user_0425,Simic Midrange,Simic Midrange,1.15
425,user_0425,Mardu Dragons,Mardu Dragons,0.97
425,user_0425,Jeskai Control,Jeskai Control,3.0
425,user_0425,4c Reanimator,4c Reanimator,2.87
425,user_0425,Mono-Red Leyline Aggro,Mono-Red Leyline Aggro,1.39
425,user_0425,Izzet,Izzet,1.23
425,user_0425,Orzhov Midrange,Orzhov Midrange,1.03
425,user_0425,Boros Aggro,Boros Aggro,1.22
425,user_0425,Gruul Delirium,Gruul Delirium,0.48
425,user_0425,Dimir Control,Dimir Control,0.74
425,user_0425,Mono-Black Midrange,Mono-Black Midrange,0.49
425,user_0425,Golgari Midrange,Golgari Midrange,1.56
425,user_0425,Izzet Omniscience,Izzet Omniscience,1.18
425,user_0425,Temur Battlecrier Combo,Temur Battlecrier Combo,1.85
425,user_0425,Bant Airbending Combo,Bant Airbending Combo,2.26
425,user_0425,Orzhov Self-Bounce,Orzhov Self-Bounce,1.44
426,user_0426,Mono-Green Landfall,Mono-Green Landfall,2.11
426,user_0426,Mono-Red Aggro,Mono-Red Aggro,3.34
426,user_0426,Orzhov Midrange,Orzhov Midrange,0.75
426,user_0426,Selesnya Landfall,Selesnya Landfall,1.59
426,user_0426,Orzhov Self-Bounce,Orzhov Self-Bounce,2.3
426,user_0426,Jeskai Artifacts,Jeskai Artifacts,1.46
426,user_0426,Bant Airbending Combo,Bant Airbending Combo,1.49
426,user_0426,Esper Self-Bounce,Esper Self-Bounce,1.32
426,user_0426,Izzet Midrange,Izzet Midrange,1.0
426,user_0426,Izzet,Izzet,1.67
426,user_0426,Boros Token Control,Boros Token Control,0.86
426,user_0426,Boros Leyline Aggro,Boros Leyline Aggro,1.05
426,user_0426,Simic Landfall,Simic Landfall,1.58
426,user_0426,4c Omniscience,4c Omniscience,1.61
426,user_0426,Jund Aggro,Jund Aggro,0.45
426,user_0426,Lifegain,Lifegain,1.44
426,user_0426,Grixis Artifacts,Grixis Artifacts,1.66
426,user_0426,Boros Dragons,Boros Dragons,1.53
426,user_0426,Abzan Insidious Roots,Abzan Insidious Roots,1.07
426,user_0426,Jeskai Control,Jeskai Control,2.77
426,user_0426,Boros Mice,Boros Mice,1.25
426,user_0426,Naya Yuna,Naya Yuna,1.3
426,user_0426,Simic Omniscience,Simic Omniscience,1.96
426,user_0426,Abzan Midrange,Abzan Midrange,1.01
426,user_0426,4c Artifacts,4c Artifacts,1.77
426,user_0426,Grixis Leyline,Grixis Leyline,1.22
426,user_0426,Boros Burn,Boros Burn,1.14
426,user_0426,Temur Lessons,Temur Lessons,1.88
426,user_0426,Mono-White Tokens,Mono-White Tokens,1.45
426,user_0426,Golgari Dragons,Golgari Dragons,2.23
426,user_0426,Sultai Reanimator,Sultai Reanimator,1.92
426,user_0426,Izzet Looting,Izzet Looting,2.92
426,user_0426,Mono-Black Midrange,Mono-Black Midrange,1.1
426,user_0426,4c Control,4c Control,1.18
426,user_0426,Sultai Control,Sultai Control,0.54
426,user_0426,Sultai Graveyard,Sultai Graveyard,1.99
426,user_0426,4c Reanimator,4c Reanimator,2.68
427,user_0427,4c Reanimator,4c Reanimator,1.8
427,user_0427,Jeskai Self-Bounce,Jeskai Self-Bounce,1.32
427,user_0427,Mono-White Tokens,Mono-White Tokens,1.08
427,user_0427,Mono-Red Aggro,Mono-Red Aggro,3.8
427,user_0427,Esper Self-Bounce,Esper Self-Bounce,1.48
427,user_0427,Gruul Leyline Aggro,Gruul Leyline Aggro,1.68
427,user_0427,Izzet Looting,Izzet Looting,2.55
427,user_0427,Temur Floodcaller Combo,Temur Floodcaller Combo,1.33
427,user_0427,Orzhov Midrange,Orzhov Midrange,1.26
427,user_0427,Bant Airbending Combo,Bant Airbending Combo,0.88
427,user_0427,Boros Burn,Boros Burn,1.17
427,user_0427,Izzet,Izzet,1.34
427,user_0427,5c Reanimator,5c Reanimator,0.99
427,user_0427,Izzet Midrange,Izzet Midrange,0.65
427,user_0427,Mardu Dragons,Mardu Dragons,0.88
427,user_0427,Simic Aggro,Simic Aggro,2.32
427,user_0427,Simic Landfall,Simic Landfall,1.25
427,user_0427,4c Kona,4c Kona,0.53
427,user_0427,Simic Omniscience,Simic Omniscience,0.86
427,user_0427,Orzhov Control,Orzhov Control,0.81
427,user_0427,Temur Kona,Temur Kona,0.79
427,user_0427,Gruul Aggro,Gruul Aggro,1.57
427,user_0427,Orzhov Self-Bounce,Orzhov Self-Bounce,1.11
427,user_0427,Mono-Green Landfall,Mono-Green Landfall,1.53
427,user_0427,Abzan Midrange,Abzan Midrange,0.97
427,user_0427,Temur Battlecrier Combo,Temur Battlecrier Combo,1.12
427,user_0427,Selesnya Landfall,Selesnya Landfall,1.59
427,user_0427,Boros Mice,Boros Mice,0.81
427,user_0427,4c Insidious Roots,4c Insidious Roots,1.03
427,user_0427,Boros Aggro,Boros Aggro,2.27
427,user_0427,Golgari Midrange (2),Golgari Midrange,0.95
427,user_0427,Lifegain,Lifegain,1.33
427,user_0427,Dimir Control,Dimir Control,0.73
427,user_0427,4c Insidious Roots (2),4c Insidious Roots,1.25
427,user_0427,Jeskai Artifacts,Jeskai Artifacts,1.2
427,user_0427,Sultai Reanimator,Sultai Reanimator,0.64
427,user_0427,Golgari Dragons,Golgari Dragons,1.01
427,user_0427,Jeskai Control,Jeskai Control,3.33
427,user_0427,Gruul Delirium,Gruul Delirium,0.9
427,user_0427,Rakdos Sacrifice,Rakdos Sacrifice,0.77
427,user_0427,Grixis Leyline,Grixis Leyline,1.39
427,user_0427,Jund Aggro,Jund Aggro,1.93
427,user_0427,4c Control,4c Control,0.96
428,user_0428,Izzet Lessons,Izzet Lessons,3.57
428,user_0428,Sultai Reanimator,Sultai Reanimator,0.69
428,user_0428,Izzet Prowess,Izzet Prowess,2.02
428,user_0428,Dimir Control,Dimir Control,1.65
428,user_0428,5c Reanimator,5c Reanimator,0.54
428,user_0428,4c Reanimator,4c Reanimator,2.41
428,user_0428,4c Omniscience,4c Omniscience,0.91
428,user_0428,Boros Manufacturing,Boros Manufacturing,1.18
428,user_0428,Dimir Bounce,Dimir Bounce,1.0
428,user_0428,Orzhov Midrange,Orzhov Midrange,1.32
428,user_0428,Izzet,Izzet,0.34
428,user_0428,Jeskai Looting,Jeskai Looting,1.23
428,user_0428,Izzet Looting,Izzet Looting,2.65
428,user_0428,Gruul Leyline Aggro,Gruul Leyline Aggro,0.65
428,user_0428,Jeskai Self-Bounce,Jeskai Self-Bounce,0.63
428,user_0428,Jeskai Artifacts,Jeskai Artifacts,1.85
428,user_0428,Jund Aggro,Jund Aggro,0.68
428,user_0428,Boros Leyline Aggro,Boros Leyline Aggro,1.44
428,user_0428,Esper Self-Bounce,Esper Self-Bounce,1.45
428,user_0428,Abzan Midrange,Abzan Midrange,1.17
428,user_0428,Lifegain,Lifegain,0.91
428,user_0428,Sultai Control,Sultai Control,1.2
428,user_0428,Gruul Delirium,Gruul Delirium,1.39
428,user_0428,Sultai Graveyard,Sultai Graveyard,1.4
428,user_0428,Temur Kona,Temur Kona,1.47
428,user_0428,4c Kona,4c Kona,0.74
428,user_0428,Grixis Artifacts,Grixis Artifacts,1.04
429,user_0429,Gruul Delirium,Gruul Delirium,1.24
429,user_0429,Grixis Leyline,Grixis Leyline,1.0
429,user_0429,Boros Dragons,Boros Dragons,1.46
429,user_0429,Sultai Control,Sultai Control,1.66
429,user_0429,Golgari Insidious Roots,Golgari Insidious Roots,0.9
429,user_0429,Izzet Omniscience,Izzet Omniscience,0.91
429,user_0429,Abzan Midrange,Abzan Midrange,0.9
429,user_0429,Jeskai Artifacts,Jeskai Artifacts,1.52
429,user_0429,Rakdos Aggro,Rakdos Aggro,0.93
429,user_0429,Orzhov Self-Bounce,Orzhov Self-Bounce,0.91
429,user_0429,Bant Airbending Combo,Bant Airbending Combo,1.03
429,user_0429,Rakdos Sacrifice,Rakdos Sacrifice,0.54
429,user_0429,4c Insidious Roots (2),4c Insidious Roots,1.49
429,user_0429,Naya Yuna,Naya Yuna,0.95
429,user_0429,Orzhov Control,Orzhov Control,2.11
429,user_0429,Lifegain,Lifegain,1.46
429,user_0429,Izzet Looting,Izzet Looting,2.63
429,user_0429,Boros Leyline Aggro,Boros Leyline Aggro,1.21
429,user_0429,Temur Battlecrier Combo,Temur Battlecrier Combo,1.04
429,user_0429,Gruul Random Encounter,Gruul Random Encounter,1.17
429,user_0429,4c Kona,4c Kona,0.97
429,user_0429,Esper Self-Bounce,Esper Self-Bounce,1.3
429,user_0429,Orzhov Midrange,Orzhov Midrange,0.76
429,user_0429,4c Artifacts,4c Artifacts,1.07
429,user_0429,Simic Aggro,Simic Aggro,0.94
429,user_0429,Boros Burn,Boros Burn,0.47
429,user_0429,Gruul Leyline Aggro,Gruul Leyline Aggro,0.54
429,user_0429,Boros Aggro,Boros Aggro,1.25
429,user_0429,4c Control,4c Control,1.63
429,user_0429,Boros Manufacturing,Boros Manufacturing,1.33
429,user_0429,Simic Midrange,Simic Midrange,0.99
429,user_0429,4c Omniscience,4c Omniscience,1.45
429,user_0429,Mono-White Tokens,Mono-White Tokens,1.45
429,user_0429,Gruul Aggro,Gruul Aggro,0.53
429,user_0429,Golgari Midrange (2),Golgari Midrange,1.47
429,user_0429,Abzan Insidious Roots,Abzan Insidious Roots,0.88
429,user_0429,Izzet,Izzet,1.2
429,user_0429,Temur Floodcaller Combo,Temur Floodcaller Combo,1.48
429,user_0429,Golgari Dragons,Golgari Dragons,1.15
429,user_0429,4c Insidious Roots,4c Insidious Roots,1.5
429,user_0429,Azorius Control,Azorius Control,2.15
429,user_0429,Mono-Red Leyline Aggro,Mono-Red Leyline Aggro,0.85
429,user_0429,5c Reanimator,5c Reanimator,0.64
429,user_0429,Izzet Lessons,Izzet Lessons,3.7
430,user_0430,Sultai Graveyard,Sultai Graveyard,1.07
430,user_0430,Bant Omniscience,Bant Omniscience,0.88
430,user_0430,Golgari Insidious Roots,Golgari Insidious Roots,1.63
430,user_0430,Grixis Leyline,Grixis Leyline,1.08
430,user_0430,Naya Yuna,Naya Yuna,1.29
430,user_0430,Rakdos Aggro,Rakdos Aggro,0.69
430,user_0430,Izzet Lessons,Izzet Lessons,4.45
430,user_0430,4c Kona,4c Kona,0.74
430,user_0430,Temur Floodcaller Combo,Temur Floodcaller Combo,0.59
430,user_0430,4c Insidious Roots,4c Insidious Roots,1.16
430,user_0430,Boros Mice,Boros Mice,1.23
430,user_0430,Orzhov Control,Orzhov Control,0.82
430,user_0430,Dimir Bounce,Dimir Bounce,1.82
430,user_0430,4c Insidious Roots (2),4c Insidious Roots,0.96
430,user_0430,Jeskai Control,Jeskai Control,3.97
430,user_0430,Boros Aggro,Boros Aggro,1.13
430,user_0430,Azorius Control,Azorius Control,1.85
430,user_0430,Boros Burn,Boros Burn,1.0
430,user_0430,Golgari Midrange,Golgari Midrange,1.18
430,user_0430,Izzet Looting,Izzet Looting,2.43
430,user_0430,Jeskai Self-Bounce,Jeskai Self-Bounce,1.06
430,user_0430,Dimir Control,Dimir Control,1.58
430,user_0430,Dimir Midrange,Dimir Midrange,4.33
430,user_0430,Sultai Control,Sultai Control,1.54
430,user_0430,Rakdos Sacrifice,Rakdos Sacrifice,0.88
431,user_0431,Selesnya Landfall,Selesnya Landfall,2.67
431,user_0431,Azorius Control,Azorius Control,1.17
431,user_0431,Sultai Graveyard,Sultai Graveyard,1.84
431,user_0431,Rakdos Aggro,Rakdos Aggro,1.34
431,user_0431,4c Insidious Roots,4c Insidious Roots,1.53
431,user_0431,Gruul Random Encounter,Gruul Random Encounter,1.99
431,user_0431,Dimir Midrange,Dimir Midrange,3.67
431,user_0431,Dimir Control,Dimir Control,1.48
431,user_0431,Mardu Dragons,Mardu Dragons,1.22
431,user_0431,Mono-Red Aggro,Mono-Red Aggro,3.87
431,user_0431,Temur Floodcaller Combo,Temur Floodcaller Combo,1.12
431,user_0431,Boros Manufacturing,Boros Manufacturing,1.53
431,user_0431,Golgari Dragons,Golgari Dragons,1.46
431,user_0431,Izzet Lessons,Izzet Lessons,4.48
431,user_0431,Sultai Control,Sultai Control,0.8
431,user_0431,Boros Leyline Aggro,Boros Leyline Aggro,0.92
431,user_0431,Temur Lessons,Temur Lessons,1.83
431,user_0431,Orzhov Midrange,Orzhov Midrange,0.87
431,user_0431,4c Control,4c Control,0.85
431,user_0431,Temur Battlecrier Combo,Temur Battlecrier Combo,0.91
431,user_0431,Izzet Looting,Izzet Looting,3.12
431,user_0431,Mono-Black Midrange,Mono-Black Midrange,1.09
431,user_0431,Orzhov Control,Orzhov Control,0.74
431,user_0431,4c Insidious Roots (2),4c Insidious Roots,1.7
431,user_0431,Boros Dragons,Boros Dragons,0.75
431,user_0431,Simic Omniscience,Simic Omniscience,1.74
431,user_0431,4c Kona,4c Kona,1.21
431,user_0431,Dimir Bounce,Dimir Bounce,1.36
431,user_0431,Lifegain,Lifegain,1.45
431,user_0431,4c Reanimator,4c Reanimator,3.63
431,user_0431,Boros Burn,Boros Burn,1.33
431,user_0431,Naya Yuna,Naya Yuna,2.09
431,user_0431,Grixis Artifacts,Grixis Artifacts,2.13
431,user_0431,Izzet Aggro,Izzet Aggro,1.21
431,user_0431,Bant Omniscience,Bant Omniscience,1.46
431,user_0431,Esper Self-Bounce,Esper Self-Bounce,1.56
431,user_0431,Izzet Prowess,Izzet Prowess,2.4
431,user_0431,Boros Mice,Boros Mice,1.93
431,user_0431,5c Reanimator,5c Reanimator,1.52
431,user_0431,4c Omniscience,4c Omniscience,1.08
431,user_0431,Mono-Green Landfall,Mono-Green Landfall,2.02
431,user_0431,Mono-White Tokens,Mono-White Tokens,1.09
431,user_0431,Rakdos Sacrifice,Rakdos Sacrifice,1.42
431,user_0431,Izzet Omniscience,Izzet Omniscience,1.87
432,user_0432,Boros Mice,Boros Mice,1.22
432,user_0432,Boros Burn,Boros Burn,1.44
432,user_0432,Temur Lessons,Temur Lessons,1.49
432,user_0432,Boros Manufacturing,Boros Manufacturing,0.42
432,user_0432,Sultai Control,Sultai Control,1.41
432,user_0432,Jeskai Looting,Jeskai Looting,1.0
432,user_0432,Bant Airbending Combo,Bant Airbending Combo,1.1
432,user_0432,Sultai Graveyard,Sultai Graveyard,0.8
432,user_0432,Gruul Aggro,Gruul Aggro,0.8
432,user_0432,Dimir Control,Dimir Control,1.59
432,user_0432,Mono-Black Midrange,Mono-Black Midrange,1.21
432,user_0432,Gruul Delirium,Gruul Delirium,1.07
432,user_0432,Golgari Midrange (2),Golgari Midrange,0.55
432,user_0432,Golgari Midrange,Golgari Midrange,2.34
432,user_0432,Izzet Midrange,Izzet Midrange,0.82
432,user_0432,Rakdos Aggro,Rakdos Aggro,1.01
432,user_0432,Boros Aggro,Boros Aggro,1.0
432,user_0432,Abzan Midrange,Abzan Midrange,0.84
432,user_0432,Mono-Green Landfall,Mono-Green Landfall,1.77
432,user_0432,Sultai Reanimator,Sultai Reanimator,1.19
432,user_0432,Jeskai Self-Bounce,Jeskai Self-Bounce,0.79
432,user_0432,4c Kona,4c Kona,0.26
432,user_0432,4c Artifacts,4c Artifacts,0.87
432,user_0432,Jeskai Control,Jeskai Control,2.91
432,user_0432,Dimir Midrange,Dimir Midrange,3.49
432,user_0432,Orzhov Control,Orzhov Control,2.17
432,user_0432,Orzhov Midrange,Orzhov Midrange,1.15
432,user_0432,Grixis Leyline,Grixis Leyline,0.75
433,user_0433,Boros Mice,Boros Mice,0.87
433,user_0433,4c Omniscience,4c Omniscience,1.58
433,user_0433,Izzet Omniscience,Izzet Omniscience,1.11
433,user_0433,Dimir Control,Dimir Control,1.04
433,user_0433,Simic Landfall,Simic Landfall,0.9
433,user_0433,Rakdos Sacrifice,Rakdos Sacrifice,0.58
433,user_0433,Abzan Midrange,Abzan Midrange,1.02
433,user_0433,Gruul Delirium,Gruul Delirium,0.97
433,user_0433,Mardu Dragons,Mardu Dragons,1.33
433,user_0433,Azorius Control,Azorius Control,1.58
433,user_0433,Jeskai Artifacts,Jeskai Artifacts,1.48
433,user_0433,Temur Floodcaller Combo,Temur Floodcaller Combo,1.08
433,user_0433,5c Reanimator,5c Reanimator,1.26
433,user_0433,Sultai Reanimator,Sultai Reanimator,1.61
433,user_0433,4c Artifacts,4c Artifacts,0.39
433,user_0433,4c Kona,4c Kona,1.29
433,user_0433,Mono-Black Midrange,Mono-Black Midrange,0.53
433,user_0433,Boros Manufacturing,Boros Manufacturing,0.96
433,user_0433,Rakdos Aggro,Rakdos Aggro,1.38
433,user_0433,Mono-Red Leyline Aggro,Mono-Red Leyline Aggro,1.72
433,user_0433,4c Control,4c Control,1.38
433,user_0433,Izzet Prowess,Izzet Prowess,2.11
433,user_0433,Jund Aggro,Jund Aggro,0.8
433,user_0433,Jeskai Looting,Jeskai Looting,2.08
433,user_0433,Boros Token Control,Boros Token Control,0.93
433,user_0433,Boros Burn,Boros Burn,0.58
433,user_0433,Sultai Control,Sultai Control,0.7
433,user_0433,Boros Dragons,Boros Dragons,1.28
433,user_0433,Orzhov Midrange,Orzhov Midrange,1.02
433,user_0433,Boros Leyline Aggro,Boros Leyline Aggro,1.86
433,user_0433,Izzet,Izzet,1.65
433,user_0433,Orzhov Self-Bounce,Orzhov Self-Bounce,1.28
433,user_0433,Boros Aggro,Boros Aggro,1.6
433,user_0433,Izzet Midrange,Izzet Midrange,0.73
433,user_0433,Grixis Artifacts,Grixis Artifacts,1.18
433,user_0433,Selesnya Landfall,Selesnya Landfall,1.66
433,user_0433,Izzet Lessons,Izzet Lessons,4.1
433,user_0433,Mono-White Tokens,Mono-White Tokens,1.05
433,user_0433,Lifegain,Lifegain,1.04
433,user_0433,Mono-Green Landfall,Mono-Green Landfall,1.67
433,user_0433,Simic Midrange,Simic Midrange,1.11
433,user_0433,Sultai Graveyard,Sultai Graveyard,0.68
434,user_0434,Esper Self-Bounce,Esper Self-Bounce,1.38
434,user_0434,Boros Dragons,Boros Dragons,0.68
434,user_0434,Rakdos Aggro,Rakdos Aggro,1.12
434,user_0434,Sultai Reanimator,Sultai Reanimator,0.85
434,user_0434,Orzhov Midrange,Orzhov Midrange,1.18
434,user_0434,Gruul Leyline Aggro,Gruul Leyline Aggro,0.66
434,user_0434,Gruul Aggro,Gruul Aggro,1.07
434,user_0434,Simic Landfall,Simic Landfall,1.02
434,user_0434,Boros Token Control,Boros Token Control,0.34
434,user_0434,Izzet Prowess,Izzet Prowess,2.46
434,user_0434,Orzhov Self-Bounce,Orzhov Self-Bounce,0.71
434,user_0434,Gruul Delirium,Gruul Delirium,0.75
434,user_0434,Dimir Control,Dimir Control,1.09
434,user_0434,Jund Aggro,Jund Aggro,1.04
434,user_0434,Golgari Midrange (2),Golgari Midrange,0.77
434,user_0434,Boros Burn,Boros Burn,1.68
434,user_0434,Izzet Midrange,Izzet Midrange,1.27
434,user_0434,Sultai Control,Sultai Control,1.61
434,user_0434,Bant Airbending Combo,Bant Airbending Combo,0.88
434,user_0434,Golgari Dragons,Golgari Dragons,1.07
434,user_0434,Temur Battlecrier Combo,Temur Battlecrier Combo,1.7
434,user_0434,Sultai Graveyard,Sultai Graveyard,0.92
434,user_0434,Abzan Insidious Roots,Abzan Insidious Roots,0.68
434,user_0434,Izzet Looting,Izzet Looting,3.29
434,user_0434,Mono-Black Midrange,Mono-Black Midrange,0.87
434,user_0434,Golgari Insidious Roots,Golgari Insidious Roots,0.61
434,user_0434,Mardu Dragons,Mardu Dragons,1.59
434,user_0434,Izzet Lessons,Izzet Lessons,4.62
434,user_0434,Rakdos Sacrifice,Rakdos Sacrifice,0.9
434,user_0434,Naya Yuna,Naya Yuna,0.73
434,user_0434,Dimir Bounce,Dimir Bounce,0.83
434,user_0434,Temur Floodcaller Combo,Temur Floodcaller Combo,1.6
434,user_0434,4c Insidious Roots (2),4c Insidious Roots,1.35
434,user_0434,Jeskai Looting,Jeskai Looting,1.22
434,user_0434,5c Reanimator,5c Reanimator,1.07
434,user_0434,Orzhov Control,Orzhov Control,0.73
434,user_0434,Boros Leyline Aggro,Boros Leyline Aggro,1.28
435,user_0435,4c Artifacts,4c Artifacts,0.75
435,user_0435,Orzhov Self-Bounce,Orzhov Self-Bounce,1.06
435,user_0435,Abzan Insidious Roots,Abzan Insidious Roots,1.55
435,user_0435,Sultai Graveyard,Sultai Graveyard,1.13
435,user_0435,Abzan Midrange,Abzan Midrange,1.51
435,user_0435,5c Reanimator,5c Reanimator,1.39
435,user_0435,Mono-Red Aggro,Mono-Red Aggro,3.42
435,user_0435,Temur Lessons,Temur Lessons,1.07
435,user_0435,Boros Aggro,Boros Aggro,1.17
435,user_0435,Izzet Aggro,Izzet Aggro,0.94
435,user_0435,Boros Burn,Boros Burn,1.51
435,user_0435,Gruul Aggro,Gruul Aggro,0.92
435,user_0435,Boros Mice,Boros Mice,0.64
435,user_0435,Jeskai Control,Jeskai Control,3.27
435,user_0435,Jund Aggro,Jund Aggro,0.91
435,user_0435,Mono-Black Midrange,Mono-Black Midrange,0.85
435,user_0435,Boros Leyline Aggro,Boros Leyline Aggro,1.21
435,user_0435,Azorius Control,Azorius Control,0.72
435,user_0435,Dimir Bounce,Dimir Bounce,0.72
435,user_0435,Boros Manufacturing,Boros Manufacturing,1.34
435,user_0435,Jeskai Looting,Jeskai Looting,1.27
435,user_0435,Mono-Red Leyline Aggro,Mono-Red Leyline Aggro,0.76
435,user_0435,Simic Omniscience,Simic Omniscience,1.34
435,user_0435,4c Insidious Roots,4c Insidious Roots,1.36
435,user_0435,Golgari Dragons,Golgari Dragons,1.21
435,user_0435,Izzet Prowess,Izzet Prowess,2.4
435,user_0435,Sultai Reanimator,Sultai Reanimator,0.8
435,user_0435,Mono-Green Landfall,Mono-Green Landfall,2.11
435,user_0435,Boros Token Control,Boros Token Control,0.87
435,user_0435,Mono-White Tokens,Mono-White Tokens,0.94
435,user_0435,Grixis Leyline,Grixis Leyline,1.18
435,user_0435,Golgari Midrange,Golgari Midrange,1.55
435,user_0435,Sultai Control,Sultai Control,0.97
435,user_0435,4c Omniscience,4c Omniscience,0.35
435,user_0435,4c Kona,4c Kona,0.74
435,user_0435,4c Control,4c Control,0.99
435,user_0435,Jeskai Artifacts,Jeskai Artifacts,1.25
435,user_0435,Golgari Insidious Roots,Golgari Insidious Roots,1.64
435,user_0435,Izzet Lessons,Izzet Lessons,3.97
435,user_0435,Dimir Control,Dimir Control,1.05
436,user_0436,Temur Floodcaller Combo,Temur Floodcaller Combo,1.38
436,user_0436,Sultai Graveyard,Sultai Graveyard,0.83
436,user_0436,Abzan Insidious Roots,Abzan Insidious Roots,1.11
436,user_0436,Mardu Dragons,Mardu Dragons,1.04
436,user_0436,Sultai Reanimator,Sultai Reanimator,1.18
436,user_0436,Boros Manufacturing,Boros Manufacturing,1.89
436,user_0436,Golgari Midrange (2),Golgari Midrange,1.16
436,user_0436,Mono-Green Landfall,Mono-Green Landfall,1.76
436,user_0436,Orzhov Self-Bounce,Orzhov Self-Bounce,1.32
436,user_0436,Izzet Omniscience,Izzet Omniscience,0.91
436,user_0436,5c Reanimator,5c Reanimator,0.53
436,user_0436,Esper Self-Bounce,Esper Self-Bounce,1.21
436,user_0436,Boros Dragons,Boros Dragons,1.76
436,user_0436,Boros Burn,Boros Burn,1.38
436,user_0436,Simic Aggro,Simic Aggro,1.02
436,user_0436,Naya Yuna,Naya Yuna,1.26
436,user_0436,4c Omniscience,4c Omniscience,1.52
436,user_0436,Golgari Midrange,Golgari Midrange,1.93
436,user_0436,Izzet Looting,Izzet Looting,2.9
436,user_0436,Lifegain,Lifegain,0.71
436,user_0436,Abzan Midrange,Abzan Midrange,0.87
436,user_0436,Izzet Prowess,Izzet Prowess,1.86
436,user_0436,Mono-Red Aggro,Mono-Red Aggro,3.05
436,user_0436,Selesnya Landfall,Selesnya Landfall,0.87
436,user_0436,Golgari Dragons,Golgari Dragons,1.77
436,user_0436,Boros Leyline Aggro,Boros Leyline Aggro,2.34
436,user_0436,Izzet Lessons,Izzet Lessons,3.28
436,user_0436,Boros Mice,Boros Mice,1.56
436,user_0436,4c Control,4c Control,1.54
436,user_0436,Gruul Leyline Aggro,Gruul Leyline Aggro,1.14
436,user_0436,Jeskai Self-Bounce,Jeskai Self-Bounce,0.32
436,user_0436,Temur Lessons,Temur Lessons,1.46
436,user_0436,Jeskai Artifacts,Jeskai Artifacts,1.58
436,user_0436,Simic Midrange,Simic Midrange,0.86
436,user_0436,4c Artifacts,4c Artifacts,1.74
436,user_0436,Gruul Random Encounter,Gruul Random Encounter,1.39
436,user_0436,Jund Aggro,Jund Aggro,1.23
436,user_0436,Orzhov Midrange,Orzhov Midrange,1.34
437,user_0437,Naya Yuna,Naya Yuna,1.44
437,user_0437,Rakdos Aggro,Rakdos Aggro,1.28
437,user_0437,Simic Landfall,Simic Landfall,1.92
437,user_0437,Orzhov Control,Orzhov Control,0.61
437,user_0437,Sultai Graveyard,Sultai Graveyard,0.48
437,user_0437,5c Reanimator,5c Reanimator,1.61
437,user_0437,Izzet Prowess,Izzet Prowess,2.28
437,user_0437,Izzet Looting,Izzet Looting,2.55
437,user_0437,Sultai Reanimator,Sultai Reanimator,1.58
437,user_0437,4c Reanimator,4c Reanimator,2.72
437,user_0437,Lifegain,Lifegain,1.19
437,user_0437,4c Control,4c Control,1.24
437,user_0437,Grixis Leyline,Grixis Leyline,0.53
437,user_0437,Gruul Aggro,Gruul Aggro,0.95
437,user_0437,Mardu Dragons,Mardu Dragons,1.05
437,user_0437,Mono-White Tokens,Mono-White Tokens,1.84
437,user_0437,Golgari Midrange,Golgari Midrange,1.71
437,user_0437,Izzet Midrange,Izzet Midrange,1.05
437,user_0437,Boros Burn,Boros Burn,0.97
437,user_0437,Abzan Insidious Roots,Abzan Insidious Roots,0.92
437,user_0437,Bant Omniscience,Bant Omniscience,0.96
437,user_0437,Rakdos Sacrifice,Rakdos Sacrifice,0.79
437,user_0437,Boros Leyline Aggro,Boros Leyline Aggro,0.51
437,user_0437,4c Insidious Roots (2),4c Insidious Roots,0.89
437,user_0437,Temur Battlecrier Combo,Temur Battlecrier Combo,1.06
437,user_0437,Temur Kona,Temur Kona,1.63
437,user_0437,Gruul Random Encounter,Gruul Random Encounter,1.12
437,user_0437,4c Omniscience,4c Omniscience,1.27
437,user_0437,Dimir Control,Dimir Control,0.38
437,user_0437,4c Artifacts,4c Artifacts,1.05
437,user_0437,Izzet Aggro,Izzet Aggro,0.54
437,user_0437,Simic Omniscience,Simic Omniscience,1.35
437,user_0437,Jund Aggro,Jund Aggro,0.99
437,user_0437,Golgari Midrange (2),Golgari Midrange,0.94
437,user_0437,Azorius Control,Azorius Control,1.16
437,user_0437,Jeskai Control,Jeskai Control,3.39
437,user_0437,Boros Dragons,Boros Dragons,1.16
437,user_0437,Esper Self-Bounce,Esper Self-Bounce,1.3
437,user_0437,Boros Aggro,Boros Aggro,1.12
437,user_0437,Golgari Dragons,Golgari Dragons,0.91
437,user_0437,Jeskai Looting,Jeskai Looting,1.16
437,user_0437,Gruul Delirium,Gruul Delirium,1.25
438,user_0438,Temur Lessons,Temur Lessons,1.52
438,user_0438,Naya Yuna,Naya Yuna,1.12
438,user_0438,Boros Burn,Boros Burn,0.78
438,user_0438,Abzan Midrange,Abzan Midrange,1.59
438,user_0438,Golgari Insidious Roots,Golgari Insidious Roots,1.23
438,user_0438,Sultai Reanimator,Sultai Reanimator,1.18
438,user_0438,5c Reanimator,5c Reanimator,0.99
438,user_0438,Mono-Red Leyline Aggro,Mono-Red Leyline Aggro,1.03
438,user_0438,Mardu Dragons,Mardu Dragons,1.22
438,user_0438,Gruul Leyline Aggro,Gruul Leyline Aggro,0.72
438,user_0438,Izzet Looting,Izzet Looting,2.71
438,user_0438,Bant Airbending Combo,Bant Airbending Combo,1.03
438,user_0438,4c Control,4c Control,1.55
438,user_0438,Gruul Random Encounter,Gruul Random Encounter,0.4
438,user_0438,Lifegain,Lifegain,1.55
438,user_0438,Azorius Control,Azorius Control,1.52
438,user_0438,Izzet,Izzet,1.11
438,user_0438,Golgari Midrange (2),Golgari Midrange,0.96
438,user_0438,Izzet Midrange,Izzet Midrange,1.17
438,user_0438,Izzet Aggro,Izzet Aggro,0.89
438,user_0438,Golgari Midrange,Golgari Midrange,1.69
438,user_0438,Boros Aggro,Boros Aggro,1.04
438,user_0438,Dimir Control,Dimir Control,1.86
438,user_0438,Temur Battlecrier Combo,Temur Battlecrier Combo,1.27
438,user_0438,Temur Kona,Temur Kona,1.14
438,user_0438,Jeskai Self-Bounce,Jeskai Self-Bounce,1.27
438,user_0438,Mono-Green Landfall,Mono-Green Landfall,1.82
438,user_0438,Gruul Delirium,Gruul Delirium,1.07
438,user_0438,Izzet Lessons,Izzet Lessons,4.04
438,user_0438,Boros Leyline Aggro,Boros Leyline Aggro,1.41
438,user_0438,Boros Mice,Boros Mice,1.11
438,user_0438,Jeskai Control,Jeskai Control,3.31
438,user_0438,Orzhov Midrange,Orzhov Midrange,1.36
438,user_0438,Simic Midrange,Simic Midrange,0.7
438,user_0438,Izzet Prowess,Izzet Prowess,2.02
438,user_0438,4c Artifacts,4c Artifacts,1.14
438,user_0438,Dimir Bounce,Dimir Bounce,0.68
438,user_0438,Gruul Aggro,Gruul Aggro,0.72
438,user_0438,4c Omniscience,4c Omniscience,1.36
438,user_0438,Grixis Artifacts,Grixis Artifacts,0.6
438,user_0438,Boros Token Control,Boros Token Control,1.49
438,user_0438,Orzhov Control,Orzhov Control,1.71
438,user_0438,Esper Self-Bounce,Esper Self-Bounce,1.42
438,user_0438,Mono-Red Aggro,Mono-Red Aggro,3.33
438,user_0438,4c Kona,4c Kona,1.22
438,user_0438,Mono-Black Midrange,Mono-Black Midrange,0.83
438,user_0438,Selesnya Landfall,Selesnya Landfall,1.47
439,user_0439,Golgari Midrange (2),Golgari Midrange,1.46
439,user_0439,Boros Aggro,Boros Aggro,1.35
439,user_0439,Temur Battlecrier Combo,Temur Battlecrier Combo,1.24
439,user_0439,Izzet Aggro,Izzet Aggro,1.24
439,user_0439,4c Omniscience,4c Omniscience,0.43
439,user_0439,Golgari Insidious Roots,Golgari Insidious Roots,1.19
439,user_0439,4c Reanimator,4c Reanimator,2.63
439,user_0439,Temur Kona,Temur Kona,1.09
439,user_0439,Mono-Black Midrange,Mono-Black Midrange,1.78
439,user_0439,Izzet Prowess,Izzet Prowess,1.85
439,user_0439,Boros Burn,Boros Burn,0.81
439,user_0439,Jeskai Artifacts,Jeskai Artifacts,1.84
439,user_0439,Gruul Aggro,Gruul Aggro,1.47
439,user_0439,Abzan Insidious Roots,Abzan Insidious Roots,0.94
439,user_0439,Grixis Artifacts,Grixis Artifacts,0.91
439,user_0439,Rakdos Sacrifice,Rakdos Sacrifice,1.26
439,user_0439,Jeskai Looting,Jeskai Looting,1.06
439,user_0439,Mono-White Tokens,Mono-White Tokens,0.81
439,user_0439,Golgari Dragons,Golgari Dragons,1.7
439,user_0439,Golgari Midrange,Golgari Midrange,1.94
439,user_0439,Grixis Leyline,Grixis Leyline,1.18
439,user_0439,Izzet Looting,Izzet Looting,2.03
439,user_0439,Orzhov Control,Orzhov Control,1.09
439,user_0439,Mardu Dragons,Mardu Dragons,1.27
439,user_0439,Dimir Bounce,Dimir Bounce,0.74
439,user_0439,Gruul Leyline Aggro,Gruul Leyline Aggro,0.96
439,user_0439,Simic Omniscience,Simic Omniscience,1.25
439,user_0439,4c Control,4c Control,0.92
439,user_0439,4c Insidious Roots,4c Insidious Roots,1.04
439,user_0439,Orzhov Midrange,Orzhov Midrange,1.42
439,user_0439,Temur Lessons,Temur Lessons,1.39
439,user_0439,4c Insidious Roots (2),4c Insidious Roots,1.68
439,user_0439,Izzet Lessons,Izzet Lessons,3.7
439,user_0439,Dimir Control,Dimir Control,1.02
439,user_0439,Selesnya Landfall,Selesnya Landfall,1.6
439,user_0439,Bant Omniscience,Bant Omniscience,1.19
439,user_0439,Esper Self-Bounce,Esper Self-Bounce,1.02
439,user_0439,Boros Dragons,Boros Dragons,0.95
439,user_0439,Azorius Control,Azorius Control,1.04
439,user_0439,Simic Landfall,Simic Landfall,1.16
439,user_0439,Sultai Graveyard,Sultai Graveyard,0.72
439,user_0439,Jeskai Control,Jeskai Control,2.95
439,user_0439,4c Artifacts,4c Artifacts,0.64
439,user_0439,4c Kona,4c Kona,0.93
439,user_0439,Gruul Random Encounter,Gruul Random Encounter,0.39
439,user_0439,Mono-Green Landfall,Mono-Green Landfall,1.69
439,user_0439,Jund Aggro,Jund Aggro,0.84
439,user_0439,Dimir Midrange,Dimir Midrange,3.7
439,user_0439,Simic Aggro,Simic Aggro,1.26
439,user_0439,Boros Leyline Aggro,Boros Leyline Aggro,0.77
439,user_0439,Mono-Red Aggro,Mono-Red Aggro,3.55
439,user_0439,Izzet,Izzet,0.92
439,user_0439,Naya Yuna,Naya Yuna,1.2
439,user_0439,Boros Manufacturing,Boros Manufacturing,1.09
439,user_0439,Orzhov Self-Bounce,Orzhov Self-Bounce,1.12
439,user_0439,Gruul Delirium,Gruul Delirium,0.83
440,user_0440,Mardu Dragons,Mardu Dragons,1.39
440,user_0440,Mono-Green Landfall,Mono-Green Landfall,1.68
440,user_0440,Esper Self-Bounce,Esper Self-Bounce,1.2
440,user_0440,Mono-Black Midrange,Mono-Black Midrange,1.2
440,user_0440,Dimir Bounce,Dimir Bounce,0.64
440,user_0440,Bant Omniscience,Bant Omniscience,1.11
440,user_0440,Rakdos Aggro,Rakdos Aggro,1.34
440,user_0440,Temur Floodcaller Combo,Temur Floodcaller Combo,1.4
440,user_0440,Jund Aggro,Jund Aggro,0.79
440,user_0440,Izzet,Izzet,1.18
440,user_0440,Grixis Leyline,Grixis Leyline,1.24
440,user_0440,Boros Burn,Boros Burn,0.83
440,user_0440,Gruul Aggro,Gruul Aggro,1.52
440,user_0440,Simic Aggro,Simic Aggro,0.97
440,user_0440,Sultai Graveyard,Sultai Graveyard,0.9
440,user_0440,Gruul Delirium,Gruul Delirium,1.4
440,user_0440,Boros Dragons,Boros Dragons,1.46
440,user_0440,Azorius Control,Azorius Control,1.02
440,user_0440,Izzet Aggro,Izzet Aggro,1.01
440,user_0440,Mono-Red Aggro,Mono-Red Aggro,3.37
440,user_0440,4c Kona,4c Kona,0.59
440,user_0440,Gruul Leyline Aggro,Gruul Leyline Aggro,1.14
441,user_0441,Boros Leyline Aggro,Boros Leyline Aggro,1.22
441,user_0441,Gruul Random Encounter,Gruul Random Encounter,1.21
441,user_0441,5c Reanimator,5c Reanimator,0.79
441,user_0441,Rakdos Aggro,Rakdos Aggro,0.77
441,user_0441,Mono-Red Leyline Aggro,Mono-Red Leyline Aggro,1.24
441,user_0441,Mardu Dragons,Mardu Dragons,1.3
441,user_0441,Simic Landfall,Simic Landfall,0.91
441,user_0441,Simic Midrange,Simic Midrange,0.87
441,user_0441,Simic Aggro,Simic Aggro,0.91
441,user_0441,Azorius Control,Azorius Control,1.27
441,user_0441,Mono-Red Aggro,Mono-Red Aggro,3.55
441,user_0441,Izzet Omniscience,Izzet Omniscience,1.66
441,user_0441,Mono-Black Midrange,Mono-Black Midrange,1.06
441,user_0441,Temur Lessons,Temur Lessons,1.14
441,user_0441,Jeskai Artifacts,Jeskai Artifacts,0.86
441,user_0441,Orzhov Self-Bounce,Orzhov Self-Bounce,1.82
441,user_0441,Golgari Dragons,Golgari Dragons,1.73
441,user_0441,Dimir Midrange,Dimir Midrange,3.6
441,user_0441,Golgari Midrange (2),Golgari Midrange,1.33
441,user_0441,Jeskai Self-Bounce,Jeskai Self-Bounce,0.9
441,user_0441,4c Insidious Roots (2),4c Insidious Roots,1.22
441,user_0441,Golgari Midrange,Golgari Midrange,2.12
441,user_0441,Boros Dragons,Boros Dragons,1.29
441,user_0441,Bant Airbending Combo,Bant Airbending Combo,1.26
441,user_0441,Mono-Green Landfall,Mono-Green Landfall,1.07
441,user_0441,Izzet Lessons,Izzet Lessons,4.03
441,user_0441,Temur Battlecrier Combo,Temur Battlecrier Combo,1.25
441,user_0441,Gruul Delirium,Gruul Delirium,1.58
441,user_0441,Grixis Leyline,Grixis Leyline,1.35
442,user_0442,4c Omniscience,4c Omniscience,0.91
442,user_0442,Jeskai Control,Jeskai Control,3.12
442,user_0442,Jeskai Looting,Jeskai Looting,1.37
442,user_0442,Golgari Midrange (2),Golgari Midrange,1.12
442,user_0442,4c Control,4c Control,1.11
442,user_0442,Sultai Control,Sultai Control,0.44
442,user_0442,Esper Self-Bounce,Esper Self-Bounce,1.34
442,user_0442,Simic Aggro,Simic Aggro,1.16
442,user_0442,Rakdos Sacrifice,Rakdos Sacrifice,1.3
442,user_0442,4c Artifacts,4c Artifacts,1.48
442,user_0442,Jeskai Self-Bounce,Jeskai Self-Bounce,0.75
442,user_0442,Boros Dragons,Boros Dragons,1.33
442,user_0442,Temur Floodcaller Combo,Temur Floodcaller Combo,1.39
442,user_0442,Mono-Red Aggro,Mono-Red Aggro,3.04
442,user_0442,Naya Yuna,Naya Yuna,1.21
442,user_0442,Mardu Dragons,Mardu Dragons,1.53
442,user_0442,Mono-Green Landfall,Mono-Green Landfall,2.6
442,user_0442,Gruul Aggro,Gruul Aggro,1.02
442,user_0442,Bant Airbending Combo,Bant Airbending Combo,1.2
442,user_0442,Azorius Control,Azorius Control,0.99
442,user_0442,4c Reanimator,4c Reanimator,3.22
442,user_0442,Mono-White Tokens,Mono-White Tokens,1.12
442,user_0442,Mono-Red Leyline Aggro,Mono-Red Leyline Aggro,1.22
442,user_0442,4c Insidious Roots (2),4c Insidious Roots,1.81
442,user_0442,Boros Manufacturing,Boros Manufacturing,1.62
442,user_0442,Boros Token Control,Boros Token Control,1.41
442,user_0442,Sultai Graveyard,Sultai Graveyard,2.07
442,user_0442,Simic Omniscience,Simic Omniscience,1.39
442,user_0442,Golgari Midrange,Golgari Midrange,1.57
442,user_0442,Dimir Control,Dimir Control,0.75
442,user_0442,Grixis Artifacts,Grixis Artifacts,1.77
442,user_0442,Rakdos Aggro,Rakdos Aggro,1.46
442,user_0442,Boros Burn,Boros Burn,1.08
442,user_0442,Dimir Midrange,Dimir Midrange,3.48
442,user_0442,Mono-Black Midrange,Mono-Black Midrange,0.11
442,user_0442,Grixis Leyline,Grixis Leyline,1.29
442,user_0442,Temur Lessons,Temur Lessons,1.92
442,user_0442,Dimir Bounce,Dimir Bounce,1.82
443,user_0443,Dimir Midrange,Dimir Midrange,3.76
443,user_0443,Orzhov Self-Bounce,Orzhov Self-Bounce,0.78
443,user_0443,Dimir Bounce,Dimir Bounce,0.85
443,user_0443,Simic Midrange,Simic Midrange,1.36
443,user_0443,Izzet,Izzet,0.81
443,user_0443,Lifegain,Lifegain,1.11
443,user_0443,Izzet Midrange,Izzet Midrange,1.12
443,user_0443,Simic Landfall,Simic Landfall,1.09
443,user_0443,Mono-Red Leyline Aggro,Mono-Red Leyline Aggro,1.56
443,user_0443,Mono-White Tokens,Mono-White Tokens,1.25
443,user_0443,Naya Yuna,Naya Yuna,0.56
443,user_0443,4c Artifacts,4c Artifacts,1.45
443,user_0443,Gruul Delirium,Gruul Delirium,1.42
443,user_0443,Temur Floodcaller Combo,Temur Floodcaller Combo,1.15
443,user_0443,Temur Lessons,Temur Lessons,1.68
443,user_0443,Gruul Leyline Aggro,Gruul Leyline Aggro,1.87
443,user_0443,Dimir Control,Dimir Control,1.44
443,user_0443,Abzan Midrange,Abzan Midrange,1.19
443,user_0443,Golgari Midrange,Golgari Midrange,1.46
443,user_0443,Mono-Green Landfall,Mono-Green Landfall,0.77
443,user_0443,4c Kona,4c Kona,1.33
443,user_0443,Grixis Leyline,Grixis Leyline,1.0
443,user_0443,Boros Dragons,Boros Dragons,1.1
443,user_0443,Esper Self-Bounce,Esper Self-Bounce,0.95
443,user_0443,Simic Aggro,Simic Aggro,1.43
443,user_0443,Temur Battlecrier Combo,Temur Battlecrier Combo,0.74
443,user_0443,Sultai Reanimator,Sultai Reanimator,1.17
443,user_0443,Mono-Red Aggro,Mono-Red Aggro,3.64
443,user_0443,Grixis Artifacts,Grixis Artifacts,0.93
443,user_0443,Golgari Insidious Roots,Golgari Insidious Roots,1.04
443,user_0443,Jeskai Self-Bounce,Jeskai Self-Bounce,0.76
443,user_0443,4c Omniscience,4c Omniscience,0.6
443,user_0443,4c Insidious Roots,4c Insidious Roots,0.74
443,user_0443,Golgari Midrange (2),Golgari Midrange,0.83
443,user_0443,Boros Burn,Boros Burn,1.51
443,user_0443,Boros Mice,Boros Mice,1.27
444,user_0444,Abzan Midrange,Abzan Midrange,1.03
444,user_0444,Jeskai Control,Jeskai Control,3.28
444,user_0444,Izzet Omniscience,Izzet Omniscience,1.52
444,user_0444,Simic Landfall,Simic Landfall,0.9
444,user_0444,Dimir Control,Dimir Control,1.55
444,user_0444,4c Omniscience,4c Omniscience,1.61
444,user_0444,Izzet Looting,Izzet Looting,2.24
444,user_0444,Mono-Red Aggro,Mono-Red Aggro,3.49
444,user_0444,Esper Self-Bounce,Esper Self-Bounce,1.16
444,user_0444,Mardu Dragons,Mardu Dragons,1.51
444,user_0444,4c Artifacts,4c Artifacts,1.91
444,user_0444,Sultai Graveyard,Sultai Graveyard,1.43
444,user_0444,Izzet,Izzet,1.09
444,user_0444,Grixis Leyline,Grixis Leyline,0.99
444,user_0444,Golgari Midrange (2),Golgari Midrange,0.92
444,user_0444,Bant Airbending Combo,Bant Airbending Combo,1.08
444,user_0444,Boros Mice,Boros Mice,1.05
444,user_0444,Izzet Aggro,Izzet Aggro,0.73
444,user_0444,Boros Leyline Aggro,Boros Leyline Aggro,0.87
444,user_0444,Gruul Aggro,Gruul Aggro,1.37
444,user_0444,Golgari Dragons,Golgari Dragons,1.43
444,user_0444,Temur Battlecrier Combo,Temur Battlecrier Combo,0.84
444,user_0444,Orzhov Self-Bounce,Orzhov Self-Bounce,1.33
444,user_0444,Golgari Midrange,Golgari Midrange,1.84
444,user_0444,Temur Kona,Temur Kona,1.39
444,user_0444,Abzan Insidious Roots,Abzan Insidious Roots,0.66
444,user_0444,Gruul Leyline Aggro,Gruul Leyline Aggro,1.04
444,user_0444,Boros Token Control,Boros Token Control,0.91
444,user_0444,Izzet Prowess,Izzet Prowess,2.3
444,user_0444,Orzhov Control,Orzhov Control,1.73
444,user_0444,4c Control,4c Control,1.94
444,user_0444,Lifegain,Lifegain,1.41
444,user_0444,Boros Burn,Boros Burn,1.28
444,user_0444,Gruul Delirium,Gruul Delirium,1.1
444,user_0444,Orzhov Midrange,Orzhov Midrange,1.41
444,user_0444,Boros Manufacturing,Boros Manufacturing,0.7
444,user_0444,Jeskai Self-Bounce,Jeskai Self-Bounce,0.95
444,user_0444,Mono-Green Landfall,Mono-Green Landfall,1.04
444,user_0444,Jeskai Looting,Jeskai Looting,1.33
444,user_0444,Golgari Insidious Roots,Golgari Insidious Roots,1.19
444,user_0444,4c Reanimator,4c Reanimator,2.97
444,user_0444,4c Insidious Roots (2),4c Insidious Roots,1.34
444,user_0444,Azorius Control,Azorius Control,1.76
444,user_0444,Grixis Artifacts,Grixis Artifacts,0.95
444,user_0444,Dimir Bounce,Dimir Bounce,0.75
444,user_0444,Mono-White Tokens,Mono-White Tokens,1.3
445,user_0445,Temur Lessons,Temur Lessons,1.23
445,user_0445,4c Omniscience,4c Omniscience,1.59
445,user_0445,Simic Omniscience,Simic Omniscience,1.27
445,user_0445,Jeskai Self-Bounce,Jeskai Self-Bounce,0.99
445,user_0445,Naya Yuna,Naya Yuna,1.39
445,user_0445,Temur Floodcaller Combo,Temur Floodcaller Combo,0.87
445,user_0445,Mono-Black Midrange,Mono-Black Midrange,0.54
445,user_0445,Sultai Graveyard,Sultai Graveyard,1.27
445,user_0445,Abzan Midrange,Abzan Midrange,0.88
445,user_0445,Bant Airbending Combo,Bant Airbending Combo,1.36
445,user_0445,4c Insidious Roots (2),4c Insidious Roots,0.85
445,user_0445,4c Kona,4c Kona,1.27
445,user_0445,Mardu Dragons,Mardu Dragons,1.12
445,user_0445,Boros Dragons,Boros Dragons,0.94
445,user_0445,Boros Leyline Aggro,Boros Leyline Aggro,1.5
445,user_0445,Jund Aggro,Jund Aggro,1.3
445,user_0445,Rakdos Aggro,Rakdos Aggro,1.8
445,user_0445,Golgari Insidious Roots,Golgari Insidious Roots,1.3
445,user_0445,Mono-Red Aggro,Mono-Red Aggro,2.94
445,user_0445,Orzhov Midrange,Orzhov Midrange,1.75
445,user_0445,Selesnya Landfall,Selesnya Landfall,0.96
445,user_0445,Orzhov Self-Bounce,Orzhov Self-Bounce,0.65
445,user_0445,Gruul Leyline Aggro,Gruul Leyline Aggro,1.82
445,user_0445,Boros Aggro,Boros Aggro,1.79
445,user_0445,Rakdos Sacrifice,Rakdos Sacrifice,1.57
445,user_0445,Gruul Random Encounter,Gruul Random Encounter,0.85
445,user_0445,Mono-Green Landfall,Mono-Green Landfall,1.84
445,user_0445,Jeskai Artifacts,Jeskai Artifacts,1.04
445,user_0445,Grixis Artifacts,Grixis Artifacts,1.28
445,user_0445,Sultai Reanimator,Sultai Reanimator,0.97
445,user_0445,Sultai Control,Sultai Control,1.28
445,user_0445,Mono-White Tokens,Mono-White Tokens,0.69
445,user_0445,Dimir Bounce,Dimir Bounce,0.46
445,user_0445,Izzet,Izzet,1.08
445,user_0445,Boros Manufacturing,Boros Manufacturing,1.46
445,user_0445,Boros Token Control,Boros Token Control,1.5
445,user_0445,Temur Kona,Temur Kona,1.21
445,user_0445,Abzan Insidious Roots,Abzan Insidious Roots,1.59
445,user_0445,Gruul Aggro,Gruul Aggro,1.53
445,user_0445,Izzet Aggro,Izzet Aggro,1.8
445,user_0445,Izzet Looting,Izzet Looting,2.57
445,user_0445,4c Artifacts,4c Artifacts,0.67
445,user_0445,Izzet Midrange,Izzet Midrange,0.92
445,user_0445,Simic Aggro,Simic Aggro,2.15
445,user_0445,Grixis Leyline,Grixis Leyline,1.08
446,user_0446,Simic Omniscience,Simic Omniscience,1.26
446,user_0446,Golgari Midrange,Golgari Midrange,1.49
446,user_0446,Boros Burn,Boros Burn,1.37
446,user_0446,Boros Leyline Aggro,Boros Leyline Aggro,2.07
446,user_0446,Simic Midrange,Simic Midrange,1.14
446,user_0446,Lifegain,Lifegain,0.47
446,user_0446,4c Insidious Roots,4c Insidious Roots,1.48
446,user_0446,Gruul Leyline Aggro,Gruul Leyline Aggro,1.29
446,user_0446,Izzet Lessons,Izzet Lessons,4.25
446,user_0446,Dimir Midrange,Dimir Midrange,3.28
446,user_0446,Boros Aggro,Boros Aggro,2.15
446,user_0446,Abzan Insidious Roots,Abzan Insidious Roots,0.51
446,user_0446,Sultai Control,Sultai Control,0.86
446,user_0446,Boros Manufacturing,Boros Manufacturing,1.12
446,user_0446,Gruul Delirium,Gruul Delirium,1.39
446,user_0446,Boros Dragons,Boros Dragons,1.3
446,user_0446,Mono-Black Midrange,Mono-Black Midrange,1.7
446,user_0446,Grixis Leyline,Grixis Leyline,1.18
446,user_0446,Boros Mice,Boros Mice,0.92
446,user_0446,4c Kona,4c Kona,1.51
446,user_0446,Mono-White Tokens,Mono-White Tokens,1.41
446,user_0446,Boros Token Control,Boros Token Control,0.62
446,user_0446,Rakdos Sacrifice,Rakdos Sacrifice,0.83
447,user_0447,Mardu Dragons,Mardu Dragons,0.71
447,user_0447,4c Insidious Roots,4c Insidious Roots,0.9
447,user_0447,Temur Lessons,Temur Lessons,1.87
447,user_0447,Rakdos Sacrifice,Rakdos Sacrifice,1.13
447,user_0447,Mono-White Tokens,Mono-White Tokens,1.18
447,user_0447,Orzhov Self-Bounce,Orzhov Self-Bounce,0.8
447,user_0447,Boros Token Control,Boros Token Control,1.21
447,user_0447,Boros Aggro,Boros Aggro,1.5
447,user_0447,Boros Leyline Aggro,Boros Leyline Aggro,0.95
447,user_0447,Naya Yuna,Naya Yuna,0.99
447,user_0447,Golgari Midrange (2),Golgari Midrange,1.33
447,user_0447,Gruul Leyline Aggro,Gruul Leyline Aggro,0.96
447,user_0447,Dimir Control,Dimir Control,0.7
447,user_0447,Izzet Lessons,Izzet Lessons,3.92
447,user_0447,Golgari Midrange,Golgari Midrange,1.87
447,user_0447,Bant Airbending Combo,Bant Airbending Combo,1.51
447,user_0447,4c Control,4c Control,1.09
447,user_0447,Jeskai Artifacts,Jeskai Artifacts,1.21
447,user_0447,Jeskai Self-Bounce,Jeskai Self-Bounce,0.81
447,user_0447,Izzet Looting,Izzet Looting,1.94
447,user_0447,4c Kona,4c Kona,1.11
447,user_0447,Jund Aggro,Jund Aggro,1.49
447,user_0447,Abzan Midrange,Abzan Midrange,1.71
447,user_0447,Orzhov Control,Orzhov Control,1.37
447,user_0447,Simic Omniscience,Simic Omniscience,1.99
447,user_0447,Sultai Graveyard,Sultai Graveyard,0.73
447,user_0447,Izzet Midrange,Izzet Midrange,1.33
447,user_0447,Jeskai Looting,Jeskai Looting,1.29
447,user_0447,4c Omniscience,4c Omniscience,0.96
447,user_0447,Simic Aggro,Simic Aggro,1.67
447,user_0447,Simic Landfall,Simic Landfall,1.11
448,user_0448,Boros Dragons,Boros Dragons,0.82
448,user_0448,Boros Mice,Boros Mice,1.04
448,user_0448,Simic Midrange,Simic Midrange,0.81
448,user_0448,Jeskai Control,Jeskai Control,3.25
448,user_0448,Dimir Midrange,Dimir Midrange,3.61
448,user_0448,Jeskai Looting,Jeskai Looting,1.21
448,user_0448,Jeskai Artifacts,Jeskai Artifacts,1.14
448,user_0448,Izzet,Izzet,0.82
448,user_0448,4c Insidious Roots (2),4c Insidious Roots,1.23
448,user_0448,Jeskai Self-Bounce,Jeskai Self-Bounce,1.1
448,user_0448,Boros Token Control,Boros Token Control,0.84
448,user_0448,Orzhov Control,Orzhov Control,0.84
448,user_0448,Golgari Midrange,Golgari Midrange,2.12
448,user_0448,Gruul Leyline Aggro,Gruul Leyline Aggro,1.17
448,user_0448,Abzan Midrange,Abzan Midrange,1.6
448,user_0448,Temur Battlecrier Combo,Temur Battlecrier Combo,0.81
448,user_0448,Boros Aggro,Boros Aggro,0.5
448,user_0448,Gruul Random Encounter,Gruul Random Encounter,0.69
448,user_0448,Izzet Prowess,Izzet Prowess,2.59
448,user_0448,Gruul Delirium,Gruul Delirium,1.34
448,user_0448,Gruul Aggro,Gruul Aggro,0.59
448,user_0448,Mono-Red Aggro,Mono-Red Aggro,3.2
448,user_0448,Golgari Midrange (2),Golgari Midrange,1.17
448,user_0448,Grixis Leyline,Grixis Leyline,1.03
448,user_0448,Abzan Insidious Roots,Abzan Insidious Roots,1.14
448,user_0448,Selesnya Landfall,Selesnya Landfall,1.76
448,user_0448,Boros Leyline Aggro,Boros Leyline Aggro,1.4
448,user_0448,Orzhov Midrange,Orzhov Midrange,1.77
448,user_0448,Dimir Bounce,Dimir Bounce,0.83
448,user_0448,Mardu Dragons,Mardu Dragons,0.37
448,user_0448,Izzet Midrange,Izzet Midrange,2.48
448,user_0448,Bant Airbending Combo,Bant Airbending Combo,1.05
448,user_0448,Golgari Dragons,Golgari Dragons,1.29
448,user_0448,Mono-White Tokens,Mono-White Tokens,1.0
448,user_0448,Izzet Aggro,Izzet Aggro,0.95
448,user_0448,Temur Kona,Temur Kona,1.17
448,user_0448,Simic Omniscience,Simic Omniscience,0.97
448,user_0448,Sultai Graveyard,Sultai Graveyard,0.83
448,user_0448,4c Artifacts,4c Artifacts,1.31
448,user_0448,Orzhov Self-Bounce,Orzhov Self-Bounce,0.97
448,user_0448,Mono-Green Landfall,Mono-Green Landfall,1.32
448,user_0448,Boros Manufacturing,Boros Manufacturing,0.92
448,user_0448,4c Control,4c Control,1.26
448,user_0448,4c Kona,4c Kona,0.55
448,user_0448,Naya Yuna,Naya Yuna,1.37
448,user_0448,Golgari Insidious Roots,Golgari Insidious Roots,1.38
449,user_0449,Izzet Looting,Izzet Looting,2.67
449,user_0449,Abzan Midrange,Abzan Midrange,0.76
449,user_0449,4c Reanimator,4c Reanimator,2.19
449,user_0449,Sultai Graveyard,Sultai Graveyard,0.85
449,user_0449,Sultai Reanimator,Sultai Reanimator,1.43
449,user_0449,Boros Aggro,Boros Aggro,1.21
449,user_0449,Golgari Insidious Roots,Golgari Insidious Roots,1.03
449,user_0449,4c Omniscience,4c Omniscience,0.86
449,user_0449,Mono-Black Midrange,Mono-Black Midrange,1.7
449,user_0449,Jeskai Artifacts,Jeskai Artifacts,2.23
449,user_0449,Dimir Midrange,Dimir Midrange,3.47
449,user_0449,Simic Omniscience,Simic Omniscience,0.53
449,user_0449,Boros Manufacturing,Boros Manufacturing,1.07
449,user_0449,Bant Airbending Combo,Bant Airbending Combo,1.22
449,user_0449,Jund Aggro,Jund Aggro,1.54
449,user_0449,Boros Token Control,Boros Token Control,0.66
449,user_0449,Boros Mice,Boros Mice,0.9
449,user_0449,Mono-Green Landfall,Mono-Green Landfall,1.14
449,user_0449,Golgari Midrange,Golgari Midrange,1.61
449,user_0449,Temur Kona,Temur Kona,0.74
449,user_0449,4c Artifacts,4c Artifacts,1.17
449,user_0449,Gruul Aggro,Gruul Aggro,1.54
449,user_0449,Boros Leyline Aggro,Boros Leyline Aggro,1.66
449,user_0449,Grixis Leyline,Grixis Leyline,1.5
449,user_0449,Jeskai Control,Jeskai Control,3.9
449,user_0449,Jeskai Self-Bounce,Jeskai Self-Bounce,1.19
449,user_0449,Golgari Midrange (2),Golgari Midrange,1.23
449,user_0449,Dimir Bounce,Dimir Bounce,0.5
449,user_0449,Izzet Prowess,Izzet Prowess,2.42
449,user_0449,Izzet Omniscience,Izzet Omniscience,0.23
449,user_0449,Azorius Control,Azorius Control,0.7
449,user_0449,Izzet Aggro,Izzet Aggro,1.51
449,user_0449,Izzet,Izzet,0.93
449,user_0449,Mono-Red Leyline Aggro,Mono-Red Leyline Aggro,1.11
449,user_0449,Orzhov Midrange,Orzhov Midrange,1.26
449,user_0449,4c Control,4c Control,1.14
449,user_0449,Rakdos Aggro,Rakdos Aggro,1.37
449,user_0449,Temur Battlecrier Combo,Temur Battlecrier Combo,1.14
449,user_0449,Golgari Dragons,Golgari Dragons,1.11
449,user_0449,Izzet Midrange,Izzet Midrange,0.56
450,user_0450,Izzet Lessons,Izzet Lessons,4.49
450,user_0450,Grixis Leyline,Grixis Leyline,1.35
450,user_0450,Naya Yuna,Naya Yuna,1.62
450,user_0450,Gruul Leyline Aggro,Gruul Leyline Aggro,1.65
450,user_0450,Orzhov Self-Bounce,Orzhov Self-Bounce,1.53
450,user_0450,Gruul Delirium,Gruul Delirium,2.18
450,user_0450,4c Reanimator,4c Reanimator,3.24
450,user_0450,Azorius Control,Azorius Control,1.23
450,user_0450,Boros Leyline Aggro,Boros Leyline Aggro,1.47
450,user_0450,4c Kona,4c Kona,1.55
450,user_0450,Simic Omniscience,Simic Omniscience,1.4
450,user_0450,Jund Aggro,Jund Aggro,0.86
450,user_0450,Izzet Midrange,Izzet Midrange,1.01
450,user_0450,Izzet Prowess,Izzet Prowess,2.31
450,user_0450,Boros Aggro,Boros Aggro,1.15
450,user_0450,Golgari Dragons,Golgari Dragons,1.78
450,user_0450,4c Artifacts,4c Artifacts,1.93
450,user_0450,Dimir Bounce,Dimir Bounce,1.39
450,user_0450,Rakdos Sacrifice,Rakdos Sacrifice,1.35
450,user_0450,5c Reanimator,5c Reanimator,1.51
450,user_0450,Mono-Black Midrange,Mono-Black Midrange,0.59
450,user_0450,Izzet Aggro,Izzet Aggro,1.18
450,user_0450,Gruul Aggro,Gruul Aggro,1.4
450,user_0450,Boros Dragons,Boros Dragons,1.54
450,user_0450,Jeskai Looting,Jeskai Looting,1.83
450,user_0450,Bant Airbending Combo,Bant Airbending Combo,0.84
450,user_0450,Izzet Omniscience,Izzet Omniscience,1.77
450,user_0450,Temur Floodcaller Combo,Temur Floodcaller Combo,1.3
450,user_0450,Jeskai Self-Bounce,Jeskai Self-Bounce,1.77
450,user_0450,Abzan Midrange,Abzan Midrange,1.07
450,user_0450,Dimir Control,Dimir Control,1.31
450,user_0450,Gruul Random Encounter,Gruul Random Encounter,1.96
450,user_0450,Jeskai Artifacts,Jeskai Artifacts,1.6
450,user_0450,Orzhov Midrange,Orzhov Midrange,1.03
450,user_0450,Golgari Midrange (2),Golgari Midrange,0.66
450,user_0450,Temur Battlecrier Combo,Temur Battlecrier Combo,1.12
450,user_0450,Boros Mice,Boros Mice,1.0
450,user_0450,Mono-Red Aggro,Mono-Red Aggro,3.35
450,user_0450,Simic Midrange,Simic Midrange,1.36
450,user_0450,Izzet,Izzet,1.16
450,user_0450,Esper Self-Bounce,Esper Self-Bounce,1.67
450,user_0450,4c Insidious Roots,4c Insidious Roots,1.65
450,user_0450,Sultai Graveyard,Sultai Graveyard,1.5
450,user_0450,Mono-Green Landfall,Mono-Green Landfall,1.79
450,user_0450,Sultai Reanimator,Sultai Reanimator,1.54
450,user_0450,Simic Aggro,Simic Aggro,1.03
450,user_0450,4c Insidious Roots (2),4c Insidious Roots,1.78
450,user_0450,Jeskai Control,Jeskai Control,3.23
450,user_0450,Boros Manufacturing,Boros Manufacturing,0.91
450,user_0450,Orzhov Control,Orzhov Control,1.19
450,user_0450,Dimir Midrange,Dimir Midrange,2.9
450,user_0450,Abzan Insidious Roots,Abzan Insidious Roots,1.97
450,user_0450,Golgari Insidious Roots,Golgari Insidious Roots,1.05
450,user_0450,4c Omniscience,4c Omniscience,1.82
451,user_0451,Izzet Aggro,Izzet Aggro,0.98
451,user_0451,Temur Floodcaller Combo,Temur Floodcaller Combo,1.13
451,user_0451,4c Reanimator,4c Reanimator,3.05
451,user_0451,Izzet Omniscience,Izzet Omniscience,1.39
451,user_0451,Gruul Delirium,Gruul Delirium,1.46
451,user_0451,Orzhov Midrange,Orzhov Midrange,0.8
451,user_0451,Boros Burn,Boros Burn,1.58
451,user_0451,Orzhov Control,Orzhov Control,0.96
451,user_0451,Simic Midrange,Simic Midrange,1.01
451,user_0451,Izzet Prowess,Izzet Prowess,3.0
451,user_0451,Mono-Green Landfall,Mono-Green Landfall,2.34
451,user_0451,Mono-Red Aggro,Mono-Red Aggro,3.28
451,user_0451,Esper Self-Bounce,Esper Self-Bounce,2.3
451,user_0451,Boros Leyline Aggro,Boros Leyline Aggro,1.16
451,user_0451,Dimir Midrange,Dimir Midrange,3.08
451,user_0451,Grixis Artifacts,Grixis Artifacts,1.73
451,user_0451,Mono-White Tokens,Mono-White Tokens,2.34
451,user_0451,Mono-Red Leyline Aggro,Mono-Red Leyline Aggro,1.04
451,user_0451,Selesnya Landfall,Selesnya Landfall,2.3
451,user_0451,Gruul Random Encounter,Gruul Random Encounter,1.65
451,user_0451,Jeskai Self-Bounce,Jeskai Self-Bounce,1.84
451,user_0451,4c Insidious Roots,4c Insidious Roots,1.41
451,user_0451,Boros Manufacturing,Boros Manufacturing,1.19
451,user_0451,Izzet Midrange,Izzet Midrange,0.86
451,user_0451,Simic Landfall,Simic Landfall,1.55
451,user_0451,Gruul Aggro,Gruul Aggro,1.21
451,user_0451,Sultai Control,Sultai Control,1.4
451,user_0451,Jeskai Control,Jeskai Control,2.81
451,user_0451,Mardu Dragons,Mardu Dragons,1.5
451,user_0451,Naya Yuna,Naya Yuna,1.98
452,user_0452,Izzet Lessons,Izzet Lessons,3.61
452,user_0452,Orzhov Control,Orzhov Control,1.21
452,user_0452,Sultai Graveyard,Sultai Graveyard,0.94
452,user_0452,Dimir Midrange,Dimir Midrange,3.01
452,user_0452,Izzet,Izzet,0.96
452,user_0452,Orzhov Midrange,Orzhov Midrange,1.06
452,user_0452,Gruul Aggro,Gruul Aggro,1.44
452,user_0452,Simic Omniscience,Simic Omniscience,1.1
452,user_0452,Simic Midrange,Simic Midrange,1.26
452,user_0452,Izzet Midrange,Izzet Midrange,0.8
452,user_0452,4c Artifacts,4c Artifacts,0.62
452,user_0452,4c Insidious Roots,4c Insidious Roots,0.84
452,user_0452,Mardu Dragons,Mardu Dragons,1.36
452,user_0452,Grixis Leyline,Grixis Leyline,0.64
452,user_0452,Boros Aggro,Boros Aggro,1.72
452,user_0452,Jeskai Self-Bounce,Jeskai Self-Bounce,1.17
452,user_0452,Boros Leyline Aggro,Boros Leyline Aggro,1.74
452,user_0452,Bant Airbending Combo,Bant Airbending Combo,1.42
452,user_0452,Rakdos Aggro,Rakdos Aggro,1.75
452,user_0452,Mono-Red Aggro,Mono-Red Aggro,3.95
452,user_0452,Sultai Control,Sultai Control,0.95
452,user_0452,Simic Aggro,Simic Aggro,1.72
452,user_0452,Temur Kona,Temur Kona,1.24
452,user_0452,Abzan Midrange,Abzan Midrange,1.11
452,user_0452,Esper Self-Bounce,Esper Self-Bounce,1.36
452,user_0452,Lifegain,Lifegain,1.04
452,user_0452,Boros Manufacturing,Boros Manufacturing,0.99
452,user_0452,Dimir Control,Dimir Control,1.33
452,user_0452,4c Insidious Roots (2),4c Insidious Roots,0.92
452,user_0452,Naya Yuna,Naya Yuna,1.19
452,user_0452,4c Control,4c Control,1.18
452,user_0452,Bant Omniscience,Bant Omniscience,1.34
452,user_0452,Temur Battlecrier Combo,Temur Battlecrier Combo,0.87
452,user_0452,Golgari Insidious Roots,Golgari Insidious Roots,1.59
452,user_0452,4c Kona,4c Kona,0.96
452,user_0452,Dimir Bounce,Dimir Bounce,0.88
452,user_0452,Boros Dragons,Boros Dragons,1.05
452,user_0452,Sultai Reanimator,Sultai Reanimator,1.42
452,user_0452,Izzet Omniscience,Izzet Omniscience,0.78
452,user_0452,Izzet Aggro,Izzet Aggro,1.55
452,user_0452,Abzan Insidious Roots,Abzan Insidious Roots,1.44
452,user_0452,Jund Aggro,Jund Aggro,1.93
452,user_0452,Golgari Midrange (2),Golgari Midrange,1.15
452,user_0452,Boros Burn,Boros Burn,1.34
452,user_0452,Jeskai Looting,Jeskai Looting,0.9
452,user_0452,Selesnya Landfall,Selesnya Landfall,1.82
452,user_0452,Jeskai Artifacts,Jeskai Artifacts,1.35
452,user_0452,Temur Lessons,Temur Lessons,0.96
452,user_0452,Jeskai Control,Jeskai Control,2.8
452,user_0452,Izzet Prowess,Izzet Prowess,2.51
452,user_0452,5c Reanimator,5c Reanimator,1.54
452,user_0452,Golgari Midrange,Golgari Midrange,1.73
452,user_0452,Golgari Dragons,Golgari Dragons,1.26
453,user_0453,Golgari Midrange (2),Golgari Midrange,1.25
453,user_0453,Golgari Insidious Roots,Golgari Insidious Roots,1.09
453,user_0453,Selesnya Landfall,Selesnya Landfall,1.68
453,user_0453,Rakdos Sacrifice,Rakdos Sacrifice,0.8
453,user_0453,Mono-Red Leyline Aggro,Mono-Red Leyline Aggro,1.23
453,user_0453,Temur Floodcaller Combo,Temur Floodcaller Combo,1.5
453,user_0453,Orzhov Midrange,Orzhov Midrange,2.07
453,user_0453,Gruul Aggro,Gruul Aggro,0.69
453,user_0453,Esper Self-Bounce,Esper Self-Bounce,1.1
453,user_0453,Jund Aggro,Jund Aggro,0.97
453,user_0453,Bant Omniscience,Bant Omniscience,0.92
453,user_0453,Abzan Midrange,Abzan Midrange,1.64
453,user_0453,Gruul Delirium,Gruul Delirium,1.24
453,user_0453,Izzet,Izzet,1.27
453,user_0453,Boros Aggro,Boros Aggro,1.19
453,user_0453,Izzet Omniscience,Izzet Omniscience,1.3
453,user_0453,Mono-Black Midrange,Mono-Black Midrange,1.3
453,user_0453,Izzet Prowess,Izzet Prowess,1.86
453,user_0453,Mono-Red Aggro,Mono-Red Aggro,3.13
453,user_0453,Orzhov Control,Orzhov Control,1.32
453,user_0453,Boros Dragons,Boros Dragons,1.27
453,user_0453,Golgari Dragons,Golgari Dragons,0.87
453,user_0453,Jeskai Control,Jeskai Control,2.49
453,user_0453,Boros Burn,Boros Burn,0.8
453,user_0453,Izzet Aggro,Izzet Aggro,1.02
453,user_0453,4c Control,4c Control,1.14
453,user_0453,4c Reanimator,4c Reanimator,2.51
453,user_0453,Dimir Midrange,Dimir Midrange,3.69
453,user_0453,Simic Landfall,Simic Landfall,1.11
453,user_0453,Jeskai Looting,Jeskai Looting,1.0
454,user_0454,Naya Yuna,Naya Yuna,1.24
454,user_0454,Sultai Graveyard,Sultai Graveyard,1.19
454,user_0454,Golgari Dragons,Golgari Dragons,0.97
454,user_0454,Golgari Midrange,Golgari Midrange,1.3
454,user_0454,Sultai Control,Sultai Control,1.71
454,user_0454,Mono-Red Aggro,Mono-Red Aggro,3.32
454,user_0454,4c Insidious Roots (2),4c Insidious Roots,1.16
454,user_0454,Bant Airbending Combo,Bant Airbending Combo,1.37
454,user_0454,Mono-Green Landfall,Mono-Green Landfall,1.61
454,user_0454,Grixis Artifacts,Grixis Artifacts,1.15
454,user_0454,Bant Omniscience,Bant Omniscience,1.06
454,user_0454,4c Omniscience,4c Omniscience,1.14
454,user_0454,Orzhov Midrange,Orzhov Midrange,1.4
454,user_0454,Boros Aggro,Boros Aggro,0.73
454,user_0454,Orzhov Self-Bounce,Orzhov Self-Bounce,1.31
454,user_0454,4c Insidious Roots,4c Insidious Roots,1.21
454,user_0454,Boros Mice,Boros Mice,0.98
454,user_0454,Mono-Red Leyline Aggro,Mono-Red Leyline Aggro,0.58
454,user_0454,Dimir Midrange,Dimir Midrange,3.38
454,user_0454,Lifegain,Lifegain,1.2
454,user_0454,Boros Burn,Boros Burn,1.37
454,user_0454,Selesnya Landfall,Selesnya Landfall,1.6
454,user_0454,Temur Battlecrier Combo,Temur Battlecrier Combo,1.73
454,user_0454,Izzet Midrange,Izzet Midrange,0.85
454,user_0454,Gruul Aggro,Gruul Aggro,0.48
454,user_0454,Boros Dragons,Boros Dragons,0.7
454,user_0454,4c Control,4c Control,0.86
454,user_0454,Izzet Aggro,Izzet Aggro,0.87
454,user_0454,Dimir Control,Dimir Control,0.8
455,user_0455,Temur Battlecrier Combo,Temur Battlecrier Combo,1.28
455,user_0455,Mardu Dragons,Mardu Dragons,1.45
455,user_0455,Jeskai Artifacts,Jeskai Artifacts,1.23
455,user_0455,Temur Kona,Temur Kona,1.05
455,user_0455,Boros Leyline Aggro,Boros Leyline Aggro,0.63
455,user_0455,4c Reanimator,4c Reanimator,2.54
455,user_0455,Jeskai Control,Jeskai Control,4.56
455,user_0455,Azorius Control,Azorius Control,1.95
455,user_0455,Mono-Red Aggro,Mono-Red Aggro,3.51
455,user_0455,Jund Aggro,Jund Aggro,0.69
455,user_0455,Izzet,Izzet,0.56
455,user_0455,Jeskai Self-Bounce,Jeskai Self-Bounce,0.7
455,user_0455,Boros Mice,Boros Mice,0.44
455,user_0455,Gruul Leyline Aggro,Gruul Leyline Aggro,1.11
455,user_0455,Boros Token Control,Boros Token Control,1.61
455,user_0455,Boros Burn,Boros Burn,0.59
455,user_0455,4c Insidious Roots (2),4c Insidious Roots,1.16
455,user_0455,Abzan Insidious Roots,Abzan Insidious Roots,1.15
455,user_0455,Sultai Control,Sultai Control,1.29
455,user_0455,Dimir Bounce,Dimir Bounce,1.66
455,user_0455,Sultai Graveyard,Sultai Graveyard,0.85
455,user_0455,Boros Aggro,Boros Aggro,0.73
455,user_0455,Simic Midrange,Simic Midrange,1.5
455,user_0455,4c Artifacts,4c Artifacts,1.13
455,user_0455,Dimir Control,Dimir Control,1.8
455,user_0455,Dimir Midrange,Dimir Midrange,3.38
455,user_0455,Esper Self-Bounce,Esper Self-Bounce,1.23
455,user_0455,Golgari Insidious Roots,Golgari Insidious Roots,0.78
455,user_0455,Mono-Red Leyline Aggro,Mono-Red Leyline Aggro,1.12
455,user_0455,Izzet Aggro,Izzet Aggro,1.45
455,user_0455,Mono-Black Midrange,Mono-Black Midrange,1.05
455,user_0455,Temur Floodcaller Combo,Temur Floodcaller Combo,0.94
455,user_0455,Simic Landfall,Simic Landfall,0.88
455,user_0455,Golgari Dragons,Golgari Dragons,1.23
455,user_0455,Orzhov Self-Bounce,Orzhov Self-Bounce,0.71
455,user_0455,Grixis Artifacts,Grixis Artifacts,1.05
455,user_0455,Selesnya Landfall,Selesnya Landfall,1.54
455,user_0455,Golgari Midrange,Golgari Midrange,1.39
455,user_0455,Grixis Leyline,Grixis Leyline,0.76
455,user_0455,Bant Airbending Combo,Bant Airbending Combo,1.5
455,user_0455,Rakdos Aggro,Rakdos Aggro,1.0
455,user_0455,Izzet Prowess,Izzet Prowess,2.41
455,user_0455,Orzhov Control,Orzhov Control,1.7
455,user_0455,Rakdos Sacrifice,Rakdos Sacrifice,1.05
455,user_0455,Naya Yuna,Naya Yuna,0.9
455,user_0455,Izzet Lessons,Izzet Lessons,3.92
455,user_0455,Gruul Delirium,Gruul Delirium,0.91
455,user_0455,Izzet Midrange,Izzet Midrange,0.94
455,user_0455,Izzet Looting,Izzet Looting,2.21
455,user_0455,Sultai Reanimator,Sultai Reanimator,1.5
455,user_0455,Gruul Random Encounter,Gruul Random Encounter,1.06
456,user_0456,Izzet Lessons,Izzet Lessons,4.02
456,user_0456,Rakdos Aggro,Rakdos Aggro,1.72
456,user_0456,Orzhov Self-Bounce,Orzhov Self-Bounce,0.89
456,user_0456,Boros Dragons,Boros Dragons,1.49
456,user_0456,Dimir Bounce,Dimir Bounce,1.37
456,user_0456,Golgari Insidious Roots,Golgari Insidious Roots,0.42
456,user_0456,Temur Lessons,Temur Lessons,1.4
456,user_0456,Gruul Aggro,Gruul Aggro,0.46
456,user_0456,Simic Midrange,Simic Midrange,1.05
456,user_0456,Bant Airbending Combo,Bant Airbending Combo,1.24
456,user_0456,Izzet Omniscience,Izzet Omniscience,0.79
456,user_0456,4c Control,4c Control,1.3
456,user_0456,Mono-Red Leyline Aggro,Mono-Red Leyline Aggro,1.46
456,user_0456,Lifegain,Lifegain,0.96
456,user_0456,Jeskai Artifacts,Jeskai Artifacts,0.76
456,user_0456,Grixis Artifacts,Grixis Artifacts,0.75
456,user_0456,Izzet Aggro,Izzet Aggro,1.39
456,user_0456,Golgari Midrange,Golgari Midrange,1.75
456,user_0456,4c Insidious Roots,4c Insidious Roots,0.99
456,user_0456,5c Reanimator,5c Reanimator,2.24
456,user_0456,Azorius Control,Azorius Control,1.01
456,user_0456,Gruul Delirium,Gruul Delirium,1.49
456,user_0456,Gruul Leyline Aggro,Gruul Leyline Aggro,1.55
456,user_0456,Mono-Red Aggro,Mono-Red Aggro,3.12
456,user_0456,Golgari Midrange (2),Golgari Midrange,1.67
456,user_0456,4c Kona,4c Kona,1.27
456,user_0456,Boros Burn,Boros Burn,0.8
456,user_0456,Simic Omniscience,Simic Omniscience,0.68
456,user_0456,Grixis Leyline,Grixis Leyline,1.33
456,user_0456,Mono-Black Midrange,Mono-Black Midrange,1.45
456,user_0456,Mono-Green Landfall,Mono-Green Landfall,1.26
456,user_0456,Orzhov Control,Orzhov Control,0.9
456,user_0456,Izzet Prowess,Izzet Prowess,1.92
456,user_0456,Bant Omniscience,Bant Omniscience,1.2
456,user_0456,Simic Aggro,Simic Aggro,0.92
456,user_0456,Sultai Control,Sultai Control,1.31
456,user_0456,4c Insidious Roots (2),4c Insidious Roots,1.03
456,user_0456,Dimir Midrange,Dimir Midrange,4.06
456,user_0456,Izzet,Izzet,1.14
456,user_0456,Abzan Midrange,Abzan Midrange,1.65
456,user_0456,4c Omniscience,4c Omniscience,1.37
456,user_0456,Temur Battlecrier Combo,Temur Battlecrier Combo,1.07
456,user_0456,Sultai Graveyard,Sultai Graveyard,1.26
457,user_0457,Boros Manufacturing,Boros Manufacturing,0.88
457,user_0457,Gruul Leyline Aggro,Gruul Leyline Aggro,0.64
457,user_0457,Izzet Omniscience,Izzet Omniscience,1.09
457,user_0457,Azorius Control,Azorius Control,1.07
457,user_0457,Mono-Black Midrange,Mono-Black Midrange,1.61
457,user_0457,Sultai Reanimator,Sultai Reanimator,0.9
457,user_0457,Gruul Aggro,Gruul Aggro,0.84
457,user_0457,Jeskai Artifacts,Jeskai Artifacts,1.21
457,user_0457,Boros Mice,Boros Mice,0.59
457,user_0457,Izzet Prowess,Izzet Prowess,2.02
457,user_0457,Boros Aggro,Boros Aggro,0.73
457,user_0457,Golgari Insidious Roots,Golgari Insidious Roots,0.78
457,user_0457,Selesnya Landfall,Selesnya Landfall,1.55
457,user_0457,Temur Battlecrier Combo,Temur Battlecrier Combo,1.23
457,user_0457,Gruul Random Encounter,Gruul Random Encounter,1.08
457,user_0457,4c Kona,4c Kona,1.03
457,user_0457,Simic Landfall,Simic Landfall,0.49
457,user_0457,4c Omniscience,4c Omniscience,1.27
457,user_0457,4c Insidious Roots,4c Insidious Roots,0.66
457,user_0457,Jeskai Looting,Jeskai Looting,1.06
457,user_0457,Mono-White Tokens,Mono-White Tokens,1.94
457,user_0457,Simic Omniscience,Simic Omniscience,0.73
457,user_0457,Mono-Red Aggro,Mono-Red Aggro,3.3
457,user_0457,Orzhov Self-Bounce,Orzhov Self-Bounce,1.38
457,user_0457,Bant Airbending Combo,Bant Airbending Combo,1.02
458,user_0458,Abzan Insidious Roots,Abzan Insidious Roots,1.0
458,user_0458,Mardu Dragons,Mardu Dragons,0.71
458,user_0458,Izzet Omniscience,Izzet Omniscience,1.13
458,user_0458,Izzet Midrange,Izzet Midrange,1.39
458,user_0458,Simic Midrange,Simic Midrange,1.05
458,user_0458,Boros Leyline Aggro,Boros Leyline Aggro,0.71
458,user_0458,Boros Burn,Boros Burn,1.25
458,user_0458,Esper Self-Bounce,Esper Self-Bounce,0.95
458,user_0458,Jeskai Artifacts,Jeskai Artifacts,1.64
458,user_0458,Temur Battlecrier Combo,Temur Battlecrier Combo,1.49
458,user_0458,5c Reanimator,5c Reanimator,0.95
458,user_0458,Boros Dragons,Boros Dragons,0.87
458,user_0458,Boros Aggro,Boros Aggro,1.0
458,user_0458,Golgari Insidious Roots,Golgari Insidious Roots,1.07
458,user_0458,Mono-Red Leyline Aggro,Mono-Red Leyline Aggro,0.57
458,user_0458,Sultai Control,Sultai Control,1.32
458,user_0458,4c Artifacts,4c Artifacts,1.09
458,user_0458,Mono-Black Midrange,Mono-Black Midrange,0.91
458,user_0458,Jeskai Control,Jeskai Control,3.45
458,user_0458,Bant Airbending Combo,Bant Airbending Combo,1.06
458,user_0458,4c Omniscience,4c Omniscience,0.77
458,user_0458,Mono-White Tokens,Mono-White Tokens,0.92
458,user_0458,Temur Lessons,Temur Lessons,1.41
458,user_0458,Simic Landfall,Simic Landfall,0.64
458,user_0458,Dimir Control,Dimir Control,0.68
458,user_0458,Rakdos Sacrifice,Rakdos Sacrifice,0.91
458,user_0458,Lifegain,Lifegain,1.15
458,user_0458,Azorius Control,Azorius Control,1.74
458,user_0458,Golgari Dragons,Golgari Dragons,1.42
458,user_0458,Jeskai Looting,Jeskai Looting,1.32
458,user_0458,Simic Aggro,Simic Aggro,1.61
458,user_0458,Sultai Graveyard,Sultai Graveyard,1.06
458,user_0458,Simic Omniscience,Simic Omniscience,0.8
458,user_0458,Gruul Random Encounter,Gruul Random Encounter,1.04
458,user_0458,Temur Floodcaller Combo,Temur Floodcaller Combo,0.89
458,user_0458,Grixis Leyline,Grixis Leyline,1.38
458,user_0458,Temur Kona,Temur Kona,1.39
458,user_0458,4c Insidious Roots (2),4c Insidious Roots,1.18
458,user_0458,4c Kona,4c Kona,0.99
458,user_0458,Bant Omniscience,Bant Omniscience,0.68
458,user_0458,Golgari Midrange (2),Golgari Midrange,0.59
458,user_0458,Izzet Lessons,Izzet Lessons,4.36
459,user_0459,Sultai Control,Sultai Control,1.6
459,user_0459,Dimir Control,Dimir Control,0.57
459,user_0459,Simic Aggro,Simic Aggro,1.01
459,user_0459,Gruul Aggro,Gruul Aggro,0.74
459,user_0459,Temur Battlecrier Combo,Temur Battlecrier Combo,1.09
459,user_0459,Temur Floodcaller Combo,Temur Floodcaller Combo,1.45
459,user_0459,Jund Aggro,Jund Aggro,1.07
459,user_0459,Grixis Leyline,Grixis Leyline,0.99
459,user_0459,Dimir Midrange,Dimir Midrange,3.18
459,user_0459,Dimir Bounce,Dimir Bounce,1.08
459,user_0459,Rakdos Sacrifice,Rakdos Sacrifice,0.99
459,user_0459,Sultai Graveyard,Sultai Graveyard,1.26
459,user_0459,Mono-Red Leyline Aggro,Mono-Red Leyline Aggro,0.98
459,user_0459,Izzet Aggro,Izzet Aggro,1.04
459,user_0459,Naya Yuna,Naya Yuna,0.85
459,user_0459,4c Kona,4c Kona,0.8
459,user_0459,4c Insidious Roots (2),4c Insidious Roots,0.56
459,user_0459,Temur Kona,Temur Kona,1.92
459,user_0459,Golgari Midrange (2),Golgari Midrange,0.64
459,user_0459,Golgari Insidious Roots,Golgari Insidious Roots,1.46
459,user_0459,Gruul Delirium,Gruul Delirium,0.57
459,user_0459,Grixis Artifacts,Grixis Artifacts,0.89
459,user_0459,Izzet Omniscience,Izzet Omniscience,0.98
459,user_0459,Boros Dragons,Boros Dragons,1.16
459,user_0459,Temur Lessons,Temur Lessons,1.21
460,user_0460,Golgari Midrange,Golgari Midrange,1.71
460,user_0460,Dimir Midrange,Dimir Midrange,3.31
460,user_0460,Orzhov Self-Bounce,Orzhov Self-Bounce,1.8
460,user_0460,4c Artifacts,4c Artifacts,1.24
460,user_0460,Gruul Random Encounter,Gruul Random Encounter,1.17
460,user_0460,Mono-Green Landfall,Mono-Green Landfall,1.41
460,user_0460,Boros Aggro,Boros Aggro,0.32
460,user_0460,Gruul Aggro,Gruul Aggro,0.98
460,user_0460,Lifegain,Lifegain,2.16
460,user_0460,Golgari Dragons,Golgari Dragons,2.09
460,user_0460,Orzhov Midrange,Orzhov Midrange,1.34
460,user_0460,Jeskai Artifacts,Jeskai Artifacts,2.35
460,user_0460,Temur Kona,Temur Kona,0.73
460,user_0460,Izzet Omniscience,Izzet Omniscience,1.26
460,user_0460,Bant Omniscience,Bant Omniscience,1.53
460,user_0460,4c Kona,4c Kona,1.45
460,user_0460,Temur Lessons,Temur Lessons,1.83
460,user_0460,Bant Airbending Combo,Bant Airbending Combo,1.15
460,user_0460,5c Reanimator,5c Reanimator,1.59
460,user_0460,Sultai Reanimator,Sultai Reanimator,1.65
460,user_0460,Selesnya Landfall,Selesnya Landfall,1.91
460,user_0460,Boros Token Control,Boros Token Control,0.6
460,user_0460,Sultai Graveyard,Sultai Graveyard,1.55
460,user_0460,Boros Manufacturing,Boros Manufacturing,1.95
460,user_0460,Dimir Bounce,Dimir Bounce,1.04
460,user_0460,Temur Battlecrier Combo,Temur Battlecrier Combo,0.75
460,user_0460,Azorius Control,Azorius Control,0.91
460,user_0460,Izzet Looting,Izzet Looting,2.68
460,user_0460,Sultai Control,Sultai Control,0.74
460,user_0460,Dimir Control,Dimir Control,1.11
460,user_0460,Mono-Black Midrange,Mono-Black Midrange,0.98
460,user_0460,Simic Omniscience,Simic Omniscience,1.4
460,user_0460,Izzet Prowess,Izzet Prowess,2.5
460,user_0460,Simic Landfall,Simic Landfall,1.93
460,user_0460,4c Omniscience,4c Omniscience,1.33
460,user_0460,Rakdos Sacrifice,Rakdos Sacrifice,1.59
460,user_0460,Simic Midrange,Simic Midrange,0.99
460,user_0460,Izzet Aggro,Izzet Aggro,1.05
460,user_0460,Boros Burn,Boros Burn,1.24
460,user_0460,Jeskai Looting,Jeskai Looting,1.37
460,user_0460,Jeskai Self-Bounce,Jeskai Self-Bounce,1.33
460,user_0460,Mono-Red Leyline Aggro,Mono-Red Leyline Aggro,0.99
460,user_0460,Boros Mice,Boros Mice,1.55
460,user_0460,Simic Aggro,Simic Aggro,1.71
460,user_0460,Gruul Delirium,Gruul Delirium,1.7
460,user_0460,Boros Dragons,Boros Dragons,0.99
460,user_0460,Jeskai Control,Jeskai Control,2.85
460,user_0460,4c Insidious Roots,4c Insidious Roots,1.36
460,user_0460,Gruul Leyline Aggro,Gruul Leyline Aggro,1.15
460,user_0460,Mono-Red Aggro,Mono-Red Aggro,2.99
460,user_0460,Grixis Leyline,Grixis Leyline,1.68
460,user_0460,Mardu Dragons,Mardu Dragons,1.29
461,user_0461,Dimir Midrange,Dimir Midrange,3.19
461,user_0461,Golgari Dragons,Golgari Dragons,1.82
461,user_0461,Izzet Midrange,Izzet Midrange,1.35
461,user_0461,Golgari Insidious Roots,Golgari Insidious Roots,1.43
461,user_0461,Boros Burn,Boros Burn,1.64
461,user_0461,Gruul Aggro,Gruul Aggro,0.92
461,user_0461,Izzet Omniscience,Izzet Omniscience,1.96
461,user_0461,4c Artifacts,4c Artifacts,1.8
461,user_0461,5c Reanimator,5c Reanimator,1.49
461,user_0461,Mono-Red Aggro,Mono-Red Aggro,2.77
461,user_0461,Boros Dragons,Boros Dragons,1.92
461,user_0461,Boros Aggro,Boros Aggro,1.62
461,user_0461,Temur Lessons,Temur Lessons,1.5
461,user_0461,Temur Floodcaller Combo,Temur Floodcaller Combo,0.94
461,user_0461,Jeskai Control,Jeskai Control,2.88
461,user_0461,Temur Kona,Temur Kona,2.13
461,user_0461,Grixis Artifacts,Grixis Artifacts,1.54
461,user_0461,Bant Airbending Combo,Bant Airbending Combo,1.35
461,user_0461,Mono-Green Landfall,Mono-Green Landfall,2.41
461,user_0461,Orzhov Midrange,Orzhov Midrange,0.96
461,user_0461,Grixis Leyline,Grixis Leyline,1.2
461,user_0461,Naya Yuna,Naya Yuna,1.62
461,user_0461,Izzet,Izzet,1.49
461,user_0461,Izzet Prowess,Izzet Prowess,2.97
462,user_0462,Simic Aggro,Simic Aggro,1.13
462,user_0462,Temur Floodcaller Combo,Temur Floodcaller Combo,0.96
462,user_0462,Abzan Midrange,Abzan Midrange,1.31
462,user_0462,Sultai Graveyard,Sultai Graveyard,1.11
462,user_0462,Izzet Prowess,Izzet Prowess,2.01
462,user_0462,Temur Kona,Temur Kona,1.04
462,user_0462,Gruul Aggro,Gruul Aggro,0.81
462,user_0462,Sultai Control,Sultai Control,1.25
462,user_0462,Naya Yuna,Naya Yuna,1.6
462,user_0462,4c Insidious Roots (2),4c Insidious Roots,1.14
462,user_0462,Orzhov Self-Bounce,Orzhov Self-Bounce,1.15
462,user_0462,Boros Leyline Aggro,Boros Leyline Aggro,0.41
462,user_0462,Mono-Black Midrange,Mono-Black Midrange,0.74
462,user_0462,4c Omniscience,4c Omniscience,0.65
462,user_0462,Izzet,Izzet,0.37
462,user_0462,4c Artifacts,4c Artifacts,0.74
462,user_0462,Golgari Insidious Roots,Golgari Insidious Roots,0.56
462,user_0462,Azorius Control,Azorius Control,2.58
462,user_0462,Bant Omniscience,Bant Omniscience,0.84
462,user_0462,Izzet Lessons,Izzet Lessons,3.77
462,user_0462,Grixis Artifacts,Grixis Artifacts,1.29
462,user_0462,Izzet Omniscience,Izzet Omniscience,0.3
462,user_0462,Golgari Dragons,Golgari Dragons,1.04
462,user_0462,Jund Aggro,Jund Aggro,1.15
462,user_0462,Simic Landfall,Simic Landfall,0.98
462,user_0462,Mono-Green Landfall,Mono-Green Landfall,1.66
462,user_0462,Mono-Red Leyline Aggro,Mono-Red Leyline Aggro,1.02
462,user_0462,Grixis Leyline,Grixis Leyline,1.01
462,user_0462,Rakdos Sacrifice,Rakdos Sacrifice,0.95
462,user_0462,Boros Mice,Boros Mice,1.49
462,user_0462,Jeskai Control,Jeskai Control,3.76
462,user_0462,Bant Airbending Combo,Bant Airbending Combo,1.16
462,user_0462,5c Reanimator,5c Reanimator,1.37
462,user_0462,Izzet Aggro,Izzet Aggro,0.94
462,user_0462,Boros Manufacturing,Boros Manufacturing,0.84
462,user_0462,Dimir Bounce,Dimir Bounce,1.04
462,user_0462,Esper Self-Bounce,Esper Self-Bounce,1.21
462,user_0462,Abzan Insidious Roots,Abzan Insidious Roots,0.89
462,user_0462,Gruul Leyline Aggro,Gruul Leyline Aggro,1.14
462,user_0462,Boros Token Control,Boros Token Control,1.14
462,user_0462,Simic Omniscience,Simic Omniscience,1.03
462,user_0462,Orzhov Control,Orzhov Control,1.56
462,user_0462,4c Control,4c Control,1.32
463,user_0463,Jund Aggro,Jund Aggro,1.37
463,user_0463,Mono-Black Midrange,Mono-Black Midrange,1.02
463,user_0463,4c Omniscience,4c Omniscience,0.93
463,user_0463,Orzhov Control,Orzhov Control,0.71
463,user_0463,Boros Aggro,Boros Aggro,1.53
463,user_0463,Mono-Green Landfall,Mono-Green Landfall,2.07
463,user_0463,Abzan Midrange,Abzan Midrange,0.95
463,user_0463,Bant Airbending Combo,Bant Airbending Combo,1.14
463,user_0463,4c Artifacts,4c Artifacts,1.71
463,user_0463,4c Insidious Roots (2),4c Insidious Roots,1.14
463,user_0463,Simic Landfall,Simic Landfall,2.04
463,user_0463,Azorius Control,Azorius Control,1.4
463,user_0463,Sultai Control,Sultai Control,1.08
463,user_0463,Jeskai Control,Jeskai Control,3.03
463,user_0463,Boros Leyline Aggro,Boros Leyline Aggro,1.32
463,user_0463,Boros Manufacturing,Boros Manufacturing,2.0
463,user_0463,Gruul Leyline Aggro,Gruul Leyline Aggro,0.32
463,user_0463,Dimir Bounce,Dimir Bounce,1.77
463,user_0463,Izzet Lessons,Izzet Lessons,4.17
463,user_0463,Mono-Red Leyline Aggro,Mono-Red Leyline Aggro,1.05
463,user_0463,Dimir Midrange,Dimir Midrange,2.84
463,user_0463,5c Reanimator,5c Reanimator,1.17
463,user_0463,Bant Omniscience,Bant Omniscience,1.57
463,user_0463,Simic Omniscience,Simic Omniscience,1.94
463,user_0463,4c Reanimator,4c Reanimator,2.68
463,user_0463,Jeskai Self-Bounce,Jeskai Self-Bounce,1.58
463,user_0463,Boros Dragons,Boros Dragons,2.23
463,user_0463,Temur Kona,Temur Kona,1.98
463,user_0463,Temur Lessons,Temur Lessons,1.83
463,user_0463,Grixis Artifacts,Grixis Artifacts,1.87
463,user_0463,Gruul Random Encounter,Gruul Random Encounter,1.39
463,user_0463,Izzet Omniscience,Izzet Omniscience,1.47
463,user_0463,4c Kona,4c Kona,1.58
463,user_0463,Grixis Leyline,Grixis Leyline,1.09
463,user_0463,Mono-Red Aggro,Mono-Red Aggro,2.98
463,user_0463,Gruul Aggro,Gruul Aggro,0.76
463,user_0463,Simic Aggro,Simic Aggro,1.11
464,user_0464,Sultai Control,Sultai Control,0.88
464,user_0464,Orzhov Self-Bounce,Orzhov Self-Bounce,1.47
464,user_0464,Izzet Omniscience,Izzet Omniscience,2.04
464,user_0464,Lifegain,Lifegain,1.7
464,user_0464,Azorius Control,Azorius Control,1.29
464,user_0464,Jeskai Control,Jeskai Control,3.3
464,user_0464,Gruul Delirium,Gruul Delirium,1.55
464,user_0464,Bant Omniscience,Bant Omniscience,1.68
464,user_0464,4c Kona,4c Kona,0.71
464,user_0464,Simic Midrange,Simic Midrange,1.37
464,user_0464,Selesnya Landfall,Selesnya Landfall,1.95
464,user_0464,Mono-Green Landfall,Mono-Green Landfall,1.99
464,user_0464,Golgari Insidious Roots,Golgari Insidious Roots,1.71
464,user_0464,4c Omniscience,4c Omniscience,1.01
464,user_0464,Dimir Control,Dimir Control,1.57
464,user_0464,Jeskai Looting,Jeskai Looting,1.58
464,user_0464,Boros Aggro,Boros Aggro,1.1
464,user_0464,Jeskai Self-Bounce,Jeskai Self-Bounce,1.97
464,user_0464,Mono-Red Leyline Aggro,Mono-Red Leyline Aggro,2.05
464,user_0464,Boros Token Control,Boros Token Control,1.17
464,user_0464,Mono-Black Midrange,Mono-Black Midrange,1.06
465,user_0465,Izzet Looting,Izzet Looting,2.9
465,user_0465,Temur Floodcaller Combo,Temur Floodcaller Combo,1.54
465,user_0465,4c Insidious Roots (2),4c Insidious Roots,1.29
465,user_0465,Boros Aggro,Boros Aggro,1.22
465,user_0465,Temur Kona,Temur Kona,2.06
465,user_0465,Simic Landfall,Simic Landfall,1.84
465,user_0465,4c Control,4c Control,0.74
465,user_0465,Grixis Artifacts,Grixis Artifacts,1.26
465,user_0465,Jeskai Artifacts,Jeskai Artifacts,1.79
465,user_0465,Izzet Lessons,Izzet Lessons,4.36
465,user_0465,Orzhov Midrange,Orzhov Midrange,1.98
465,user_0465,4c Insidious Roots,4c Insidious Roots,2.06
465,user_0465,Mono-Red Aggro,Mono-Red Aggro,3.07
465,user_0465,Simic Omniscience,Simic Omniscience,1.63
465,user_0465,Sultai Reanimator,Sultai Reanimator,1.43
465,user_0465,Azorius Control,Azorius Control,1.09
465,user_0465,Selesnya Landfall,Selesnya Landfall,2.16
465,user_0465,Golgari Midrange,Golgari Midrange,1.44
465,user_0465,Temur Battlecrier Combo,Temur Battlecrier Combo,0.89
465,user_0465,Izzet Prowess,Izzet Prowess,2.61
465,user_0465,4c Artifacts,4c Artifacts,1.97
465,user_0465,Izzet Aggro,Izzet Aggro,1.1
465,user_0465,Sultai Control,Sultai Control,1.75
465,user_0465,Jund Aggro,Jund Aggro,0.74
465,user_0465,Bant Omniscience,Bant Omniscience,0.87
465,user_0465,Abzan Midrange,Abzan Midrange,0.55
465,user_0465,Jeskai Self-Bounce,Jeskai Self-Bounce,1.6
465,user_0465,Jeskai Looting,Jeskai Looting,0.6
465,user_0465,Orzhov Self-Bounce,Orzhov Self-Bounce,1.57
465,user_0465,Grixis Leyline,Grixis Leyline,1.89
466,user_0466,Golgari Insidious Roots,Golgari Insidious Roots,1.14
466,user_0466,Boros Token Control,Boros Token Control,1.08
466,user_0466,4c Reanimator,4c Reanimator,2.24
466,user_0466,Bant Airbending Combo,Bant Airbending Combo,1.61
466,user_0466,Boros Burn,Boros Burn,1.24
466,user_0466,Bant Omniscience,Bant Omniscience,1.16
466,user_0466,Izzet Looting,Izzet Looting,2.54
466,user_0466,Sultai Reanimator,Sultai Reanimator,1.56
466,user_0466,Grixis Leyline,Grixis Leyline,1.03
466,user_0466,Azorius Control,Azorius Control,0.87
466,user_0466,Mardu Dragons,Mardu Dragons,0.9
466,user_0466,Golgari Midrange (2),Golgari Midrange,0.63
466,user_0466,Orzhov Control,Orzhov Control,0.68
466,user_0466,Jeskai Self-Bounce,Jeskai Self-Bounce,0.89
466,user_0466,Gruul Leyline Aggro,Gruul Leyline Aggro,1.39
466,user_0466,Selesnya Landfall,Selesnya Landfall,1.73
466,user_0466,Izzet Midrange,Izzet Midrange,0.59
466,user_0466,Simic Omniscience,Simic Omniscience,1.61
466,user_0466,4c Omniscience,4c Omniscience,1.4
466,user_0466,Temur Battlecrier Combo,Temur Battlecrier Combo,1.4
466,user_0466,Dimir Bounce,Dimir Bounce,0.94
466,user_0466,Mono-Green Landfall,Mono-Green Landfall,1.66
466,user_0466,Boros Aggro,Boros Aggro,1.52
466,user_0466,Boros Manufacturing,Boros Manufacturing,0.99
466,user_0466,4c Artifacts,4c Artifacts,0.7
467,user_0467,4c Insidious Roots (2),4c Insidious Roots,1.1
467,user_0467,Dimir Bounce,Dimir Bounce,0.82
467,user_0467,Rakdos Sacrifice,Rakdos Sacrifice,0.86
467,user_0467,4c Artifacts,4c Artifacts,1.56
467,user_0467,Izzet Prowess,Izzet Prowess,1.82
467,user_0467,4c Insidious Roots,4c Insidious Roots,0.86
467,user_0467,Temur Lessons,Temur Lessons,1.53
467,user_0467,Simic Landfall,Simic Landfall,1.34
467,user_0467,Boros Burn,Boros Burn,0.85
467,user_0467,Boros Manufacturing,Boros Manufacturing,1.52
467,user_0467,Dimir Control,Dimir Control,0.68
467,user_0467,Grixis Artifacts,Grixis Artifacts,1.56
467,user_0467,Mono-Black Midrange,Mono-Black Midrange,0.85
467,user_0467,Temur Kona,Temur Kona,1.72
467,user_0467,Golgari Insidious Roots,Golgari Insidious Roots,0.87
467,user_0467,Golgari Midrange (2),Golgari Midrange,0.86
467,user_0467,Bant Omniscience,Bant Omniscience,0.57
467,user_0467,Izzet Omniscience,Izzet Omniscience,0.7
467,user_0467,Grixis Leyline,Grixis Leyline,1.42
467,user_0467,Temur Battlecrier Combo,Temur Battlecrier Combo,0.77
467,user_0467,4c Omniscience,4c Omniscience,1.07
467,user_0467,Boros Dragons,Boros Dragons,0.76
467,user_0467,Mono-Red Aggro,Mono-Red Aggro,4.06
467,user_0467,Golgari Midrange,Golgari Midrange,1.45
467,user_0467,Boros Mice,Boros Mice,1.59
467,user_0467,Orzhov Self-Bounce,Orzhov Self-Bounce,1.08
467,user_0467,Azorius Control,Azorius Control,1.04
467,user_0467,Bant Airbending Combo,Bant Airbending Combo,1.14
467,user_0467,Selesnya Landfall,Selesnya Landfall,1.77
467,user_0467,Rakdos Aggro,Rakdos Aggro,1.82
467,user_0467,Boros Leyline Aggro,Boros Leyline Aggro,1.41
467,user_0467,Temur Floodcaller Combo,Temur Floodcaller Combo,1.26
467,user_0467,Gruul Leyline Aggro,Gruul Leyline Aggro,1.38
467,user_0467,Simic Midrange,Simic Midrange,1.06
467,user_0467,Boros Token Control,Boros Token Control,1.18
467,user_0467,Sultai Control,Sultai Control,1.33
467,user_0467,Izzet Midrange,Izzet Midrange,1.27
467,user_0467,Orzhov Midrange,Orzhov Midrange,0.32
467,user_0467,Izzet Aggro,Izzet Aggro,1.21
467,user_0467,Mardu Dragons,Mardu Dragons,0.74
467,user_0467,Jund Aggro,Jund Aggro,2.39
467,user_0467,Gruul Aggro,Gruul Aggro,1.31
467,user_0467,4c Control,4c Control,0.91
467,user_0467,Izzet Looting,Izzet Looting,2.45
467,user_0467,Golgari Dragons,Golgari Dragons,0.98
467,user_0467,4c Reanimator,4c Reanimator,2.03
468,user_0468,Sultai Reanimator,Sultai Reanimator,1.58
468,user_0468,Boros Leyline Aggro,Boros Leyline Aggro,1.33
468,user_0468,Mono-Black Midrange,Mono-Black Midrange,1.25
468,user_0468,Izzet Omniscience,Izzet Omniscience,1.5
468,user_0468,Gruul Leyline Aggro,Gruul Leyline Aggro,1.6
468,user_0468,Grixis Leyline,Grixis Leyline,1.6
468,user_0468,Abzan Midrange,Abzan Midrange,1.46
468,user_0468,Mono-Green Landfall,Mono-Green Landfall,1.72
468,user_0468,Temur Kona,Temur Kona,1.82
468,user_0468,Jeskai Self-Bounce,Jeskai Self-Bounce,1.04
468,user_0468,4c Kona,4c Kona,1.58
468,user_0468,Dimir Control,Dimir Control,1.26
468,user_0468,Simic Landfall,Simic Landfall,1.02
468,user_0468,Azorius Control,Azorius Control,1.37
468,user_0468,Simic Midrange,Simic Midrange,0.69
468,user_0468,Sultai Control,Sultai Control,1.03
468,user_0468,Gruul Random Encounter,Gruul Random Encounter,0.26
468,user_0468,Jund Aggro,Jund Aggro,1.47
468,user_0468,Golgari Midrange (2),Golgari Midrange,0.56
468,user_0468,Dimir Midrange,Dimir Midrange,4.12
468,user_0468,Boros Dragons,Boros Dragons,1.12
469,user_0469,Simic Omniscience,Simic Omniscience,1.0
469,user_0469,Dimir Control,Dimir Control,0.76
469,user_0469,Sultai Control,Sultai Control,1.25
469,user_0469,Sultai Graveyard,Sultai Graveyard,1.48
469,user_0469,Boros Manufacturing,Boros Manufacturing,0.8
469,user_0469,Orzhov Control,Orzhov Control,1.45
469,user_0469,Golgari Dragons,Golgari Dragons,1.2
469,user_0469,Temur Lessons,Temur Lessons,1.62
469,user_0469,Mono-Black Midrange,Mono-Black Midrange,1.08
469,user_0469,Mardu Dragons,Mardu Dragons,0.72
469,user_0469,Golgari Midrange (2),Golgari Midrange,1.11
469,user_0469,Sultai Reanimator,Sultai Reanimator,1.52
469,user_0469,Azorius Control,Azorius Control,1.97
469,user_0469,Mono-White Tokens,Mono-White Tokens,1.28
469,user_0469,Gruul Random Encounter,Gruul Random Encounter,0.69
469,user_0469,Golgari Insidious Roots,Golgari Insidious Roots,0.88
469,user_0469,Mono-Red Aggro,Mono-Red Aggro,3.76
469,user_0469,Izzet Omniscience,Izzet Omniscience,1.18
469,user_0469,Dimir Midrange,Dimir Midrange,3.53
469,user_0469,Boros Dragons,Boros Dragons,1.15
469,user_0469,Jeskai Looting,Jeskai Looting,0.94
469,user_0469,Boros Leyline Aggro,Boros Leyline Aggro,1.2
469,user_0469,Simic Landfall,Simic Landfall,0.76
469,user_0469,Jeskai Self-Bounce,Jeskai Self-Bounce,1.83
469,user_0469,Boros Burn,Boros Burn,1.28
469,user_0469,Grixis Artifacts,Grixis Artifacts,1.24
469,user_0469,Jund Aggro,Jund Aggro,1.98
469,user_0469,4c Insidious Roots,4c Insidious Roots,1.39
469,user_0469,Jeskai Control,Jeskai Control,3.36
469,user_0469,Izzet Lessons,Izzet Lessons,4.27
469,user_0469,Bant Airbending Combo,Bant Airbending Combo,1.99
469,user_0469,Gruul Leyline Aggro,Gruul Leyline Aggro,2.15
469,user_0469,Naya Yuna,Naya Yuna,1.11
469,user_0469,Dimir Bounce,Dimir Bounce,1.16
469,user_0469,Izzet,Izzet,1.21
469,user_0469,Boros Mice,Boros Mice,0.7
469,user_0469,Selesnya Landfall,Selesnya Landfall,1.33
469,user_0469,Orzhov Midrange,Orzhov Midrange,0.7
469,user_0469,Orzhov Self-Bounce,Orzhov Self-Bounce,1.41
469,user_0469,4c Kona,4c Kona,1.24
469,user_0469,4c Control,4c Control,1.01
469,user_0469,Gruul Delirium,Gruul Delirium,1.11
469,user_0469,Gruul Aggro,Gruul Aggro,1.62
469,user_0469,Lifegain,Lifegain,0.94
469,user_0469,Izzet Looting,Izzet Looting,2.1
469,user_0469,5c Reanimator,5c Reanimator,1.07
469,user_0469,4c Insidious Roots (2),4c Insidious Roots,1.39
469,user_0469,Mono-Red Leyline Aggro,Mono-Red Leyline Aggro,1.25
469,user_0469,4c Omniscience,4c Omniscience,1.05
469,user_0469,Izzet Midrange,Izzet Midrange,1.5
469,user_0469,Mono-Green Landfall,Mono-Green Landfall,1.34
469,user_0469,Simic Midrange,Simic Midrange,1.05
469,user_0469,Temur Floodcaller Combo,Temur Floodcaller Combo,1.09
469,user_0469,Izzet Prowess,Izzet Prowess,2.48
469,user_0469,Abzan Insidious Roots,Abzan Insidious Roots,0.92
469,user_0469,4c Reanimator,4c Reanimator,2.16
470,user_0470,Rakdos Sacrifice,Rakdos Sacrifice,1.63
470,user_0470,Gruul Leyline Aggro,Gruul Leyline Aggro,1.11
470,user_0470,4c Insidious Roots,4c Insidious Roots,1.28
470,user_0470,Boros Mice,Boros Mice,1.46
470,user_0470,Mono-Green Landfall,Mono-Green Landfall,2.46
470,user_0470,Grixis Leyline,Grixis Leyline,1.8
470,user_0470,Simic Landfall,Simic Landfall,1.66
470,user_0470,Jeskai Looting,Jeskai Looting,1.66
470,user_0470,Dimir Bounce,Dimir Bounce,2.06
470,user_0470,Sultai Reanimator,Sultai Reanimator,1.65
470,user_0470,Gruul Random Encounter,Gruul Random Encounter,1.75
470,user_0470,Golgari Insidious Roots,Golgari Insidious Roots,1.5
470,user_0470,Grixis Artifacts,Grixis Artifacts,1.25
470,user_0470,Temur Lessons,Temur Lessons,2.58
470,user_0470,Mardu Dragons,Mardu Dragons,1.59
470,user_0470,4c Omniscience,4c Omniscience,2.07
470,user_0470,Naya Yuna,Naya Yuna,1.24
470,user_0470,Bant Airbending Combo,Bant Airbending Combo,1.29
470,user_0470,Boros Burn,Boros Burn,1.56
470,user_0470,Jeskai Control,Jeskai Control,3.83
470,user_0470,4c Kona,4c Kona,1.29
470,user_0470,Boros Aggro,Boros Aggro,1.0
470,user_0470,Mono-Black Midrange,Mono-Black Midrange,1.08
471,user_0471,Jeskai Control,Jeskai Control,3.6
471,user_0471,Jeskai Looting,Jeskai Looting,0.94
471,user_0471,Izzet Prowess,Izzet Prowess,2.7
471,user_0471,Golgari Midrange,Golgari Midrange,1.61
471,user_0471,Dimir Midrange,Dimir Midrange,3.59
471,user_0471,Simic Midrange,Simic Midrange,0.96
471,user_0471,Mono-Green Landfall,Mono-Green Landfall,1.9
471,user_0471,Rakdos Sacrifice,Rakdos Sacrifice,0.5
471,user_0471,Simic Omniscience,Simic Omniscience,1.2
471,user_0471,Naya Yuna,Naya Yuna,1.15
471,user_0471,Golgari Insidious Roots,Golgari Insidious Roots,0.92
471,user_0471,Gruul Leyline Aggro,Gruul Leyline Aggro,1.45
471,user_0471,Izzet Lessons,Izzet Lessons,4.1
471,user_0471,Jeskai Artifacts,Jeskai Artifacts,1.19
471,user_0471,Selesnya Landfall,Selesnya Landfall,1.81
471,user_0471,Rakdos Aggro,Rakdos Aggro,0.47
471,user_0471,Orzhov Control,Orzhov Control,1.7
471,user_0471,Golgari Midrange (2),Golgari Midrange,0.83
471,user_0471,Sultai Reanimator,Sultai Reanimator,1.15
471,user_0471,Sultai Control,Sultai Control,2.04
471,user_0471,Bant Omniscience,Bant Omniscience,1.25
471,user_0471,Grixis Leyline,Grixis Leyline,0.97
471,user_0471,Bant Airbending Combo,Bant Airbending Combo,0.69
471,user_0471,Boros Aggro,Boros Aggro,1.87
471,user_0471,4c Reanimator,4c Reanimator,2.33
471,user_0471,Orzhov Midrange,Orzhov Midrange,0.71
471,user_0471,Abzan Midrange,Abzan Midrange,0.5
471,user_0471,Lifegain,Lifegain,1.84
471,user_0471,Azorius Control,Azorius Control,1.47
471,user_0471,Mono-Black Midrange,Mono-Black Midrange,0.64
471,user_0471,Izzet Omniscience,Izzet Omniscience,0.97
471,user_0471,Boros Mice,Boros Mice,1.75
471,user_0471,Gruul Delirium,Gruul Delirium,0.79
471,user_0471,Temur Lessons,Temur Lessons,1.15
471,user_0471,Dimir Bounce,Dimir Bounce,0.59
471,user_0471,4c Artifacts,4c Artifacts,1.42
471,user_0471,5c Reanimator,5c Reanimator,1.03
471,user_0471,4c Omniscience,4c Omniscience,0.86
471,user_0471,Gruul Aggro,Gruul Aggro,0.98
471,user_0471,Boros Token Control,Boros Token Control,1.31
471,user_0471,Mono-Red Aggro,Mono-Red Aggro,3.35
471,user_0471,Izzet Looting,Izzet Looting,2.65
471,user_0471,Gruul Random Encounter,Gruul Random Encounter,1.26
471,user_0471,Boros Manufacturing,Boros Manufacturing,1.05
471,user_0471,Temur Battlecrier Combo,Temur Battlecrier Combo,1.1
471,user_0471,Esper Self-Bounce,Esper Self-Bounce,0.74
471,user_0471,Jeskai Self-Bounce,Jeskai Self-Bounce,0.46
471,user_0471,Dimir Control,Dimir Control,1.31
471,user_0471,Grixis Artifacts,Grixis Artifacts,0.61
471,user_0471,Mono-White Tokens,Mono-White Tokens,0.76
471,user_0471,Simic Aggro,Simic Aggro,0.82
471,user_0471,Abzan Insidious Roots,Abzan Insidious Roots,0.94
471,user_0471,Golgari Dragons,Golgari Dragons,0.81
472,user_0472,Dimir Control,Dimir Control,0.87
472,user_0472,Temur Kona,Temur Kona,0.83
472,user_0472,Grixis Leyline,Grixis Leyline,0.52
472,user_0472,Gruul Leyline Aggro,Gruul Leyline Aggro,1.08
472,user_0472,Golgari Midrange,Golgari Midrange,1.91
472,user_0472,Dimir Midrange,Dimir Midrange,3.62
472,user_0472,Temur Battlecrier Combo,Temur Battlecrier Combo,1.47
472,user_0472,Izzet Looting,Izzet Looting,2.63
472,user_0472,Izzet,Izzet,1.06
472,user_0472,Golgari Insidious Roots,Golgari Insidious Roots,0.99
472,user_0472,Bant Omniscience,Bant Omniscience,1.22
472,user_0472,Selesnya Landfall,Selesnya Landfall,1.18
472,user_0472,Abzan Insidious Roots,Abzan Insidious Roots,1.55
472,user_0472,Izzet Aggro,Izzet Aggro,0.74
472,user_0472,Jund Aggro,Jund Aggro,1.17
472,user_0472,4c Insidious Roots,4c Insidious Roots,1.04
472,user_0472,Mardu Dragons,Mardu Dragons,1.05
472,user_0472,Golgari Dragons,Golgari Dragons,1.05
472,user_0472,Boros Manufacturing,Boros Manufacturing,0.53
472,user_0472,Jeskai Looting,Jeskai Looting,1.11
472,user_0472,Mono-White Tokens,Mono-White Tokens,0.99
472,user_0472,Simic Aggro,Simic Aggro,1.01
472,user_0472,Mono-Red Leyline Aggro,Mono-Red Leyline Aggro,1.24
472,user_0472,Boros Leyline Aggro,Boros Leyline Aggro,0.91
472,user_0472,4c Insidious Roots (2),4c Insidious Roots,1.4
472,user_0472,Mono-Green Landfall,Mono-Green Landfall,0.77
472,user_0472,Boros Burn,Boros Burn,1.45
472,user_0472,Gruul Aggro,Gruul Aggro,1.17
472,user_0472,4c Control,4c Control,1.06
472,user_0472,Simic Omniscience,Simic Omniscience,0.96
472,user_0472,Dimir Bounce,Dimir Bounce,1.03
472,user_0472,Simic Landfall,Simic Landfall,0.97
472,user_0472,5c Reanimator,5c Reanimator,0.91
473,user_0473,Golgari Insidious Roots,Golgari Insidious Roots,1.04
473,user_0473,Boros Burn,Boros Burn,1.5
473,user_0473,Orzhov Midrange,Orzhov Midrange,0.94
473,user_0473,Izzet Lessons,Izzet Lessons,3.55
473,user_0473,Abzan Midrange,Abzan Midrange,1.09
473,user_0473,Izzet,Izzet,0.95
473,user_0473,Sultai Reanimator,Sultai Reanimator,1.02
473,user_0473,Boros Aggro,Boros Aggro,2.74
473,user_0473,Jeskai Looting,Jeskai Looting,0.93
473,user_0473,Boros Manufacturing,Boros Manufacturing,1.73
473,user_0473,Jeskai Control,Jeskai Control,3.34
473,user_0473,Simic Aggro,Simic Aggro,1.89
473,user_0473,Boros Leyline Aggro,Boros Leyline Aggro,2.61
473,user_0473,Lifegain,Lifegain,1.14
473,user_0473,4c Reanimator,4c Reanimator,1.91
473,user_0473,Boros Mice,Boros Mice,1.75
473,user_0473,Mono-White Tokens,Mono-White Tokens,1.23
473,user_0473,Izzet Prowess,Izzet Prowess,2.55
473,user_0473,Golgari Dragons,Golgari Dragons,1.26
473,user_0473,Mono-Red Aggro,Mono-Red Aggro,3.21
473,user_0473,5c Reanimator,5c Reanimator,1.02
473,user_0473,Selesnya Landfall,Selesnya Landfall,1.83
473,user_0473,4c Insidious Roots (2),4c Insidious Roots,1.05
473,user_0473,Boros Dragons,Boros Dragons,1.96
473,user_0473,4c Insidious Roots,4c Insidious Roots,0.43
473,user_0473,Azorius Control,Azorius Control,1.3
473,user_0473,Jeskai Self-Bounce,Jeskai Self-Bounce,0.75
473,user_0473,4c Kona,4c Kona,0.82
473,user_0473,Temur Lessons,Temur Lessons,1.14
473,user_0473,Mono-Green Landfall,Mono-Green Landfall,1.58
473,user_0473,Golgari Midrange (2),Golgari Midrange,1.09
473,user_0473,Izzet Aggro,Izzet Aggro,1.85
473,user_0473,Sultai Control,Sultai Control,1.41
473,user_0473,Simic Midrange,Simic Midrange,1.22
473,user_0473,Gruul Aggro,Gruul Aggro,1.29
473,user_0473,Boros Token Control,Boros Token Control,1.65
473,user_0473,Grixis Artifacts,Grixis Artifacts,0.49
473,user_0473,4c Artifacts,4c Artifacts,1.04
473,user_0473,Abzan Insidious Roots,Abzan Insidious Roots,1.07
473,user_0473,Dimir Control,Dimir Control,1.28
473,user_0473,Rakdos Aggro,Rakdos Aggro,1.04
473,user_0473,Simic Landfall,Simic Landfall,1.15
473,user_0473,Bant Omniscience,Bant Omniscience,0.47
473,user_0473,Sultai Graveyard,Sultai Graveyard,0.84
473,user_0473,Esper Self-Bounce,Esper Self-Bounce,1.0
473,user_0473,Temur Floodcaller Combo,Temur Floodcaller Combo,1.13
473,user_0473,Grixis Leyline,Grixis Leyline,0.82
474,user_0474,Izzet Prowess,Izzet Prowess,3.34
474,user_0474,Mono-Black Midrange,Mono-Black Midrange,0.73
474,user_0474,Mono-Red Aggro,Mono-Red Aggro,2.95
474,user_0474,Jeskai Artifacts,Jeskai Artifacts,1.76
474,user_0474,Jeskai Control,Jeskai Control,2.81
474,user_0474,Jeskai Looting,Jeskai Looting,1.82
474,user_0474,Temur Floodcaller Combo,Temur Floodcaller Combo,1.59
474,user_0474,Temur Lessons,Temur Lessons,1.88
474,user_0474,Temur Battlecrier Combo,Temur Battlecrier Combo,0.81
474,user_0474,Mono-White Tokens,Mono-White Tokens,1.88
474,user_0474,4c Insidious Roots,4c Insidious Roots,2.06
474,user_0474,Grixis Artifacts,Grixis Artifacts,0.83
474,user_0474,Golgari Midrange (2),Golgari Midrange,0.69
474,user_0474,Golgari Midrange,Golgari Midrange,0.81
474,user_0474,Izzet Midrange,Izzet Midrange,1.66
474,user_0474,Izzet Lessons,Izzet Lessons,5
474,user_0474,Gruul Random Encounter,Gruul Random Encounter,1.57
474,user_0474,Dimir Midrange,Dimir Midrange,3.5
474,user_0474,Simic Omniscience,Simic Omniscience,2.0
474,user_0474,Simic Aggro,Simic Aggro,1.56
474,user_0474,4c Kona,4c Kona,1.26
474,user_0474,Boros Burn,Boros Burn,1.58
474,user_0474,Rakdos Aggro,Rakdos Aggro,1.01
474,user_0474,4c Control,4c Control,1.4
474,user_0474,Azorius Control,Azorius Control,1.13
474,user_0474,Bant Omniscience,Bant Omniscience,1.96
474,user_0474,Golgari Insidious Roots,Golgari Insidious Roots,1.58
474,user_0474,Izzet Omniscience,Izzet Omniscience,2.31
474,user_0474,Boros Aggro,Boros Aggro,0.93
474,user_0474,Orzhov Control,Orzhov Control,1.02
474,user_0474,Boros Dragons,Boros Dragons,2.24
474,user_0474,Simic Midrange,Simic Midrange,0.89
474,user_0474,Izzet Looting,Izzet Looting,3.42
474,user_0474,Lifegain,Lifegain,1.93
474,user_0474,Boros Leyline Aggro,Boros Leyline Aggro,1.16
474,user_0474,4c Insidious Roots (2),4c Insidious Roots,1.32
474,user_0474,Bant Airbending Combo,Bant Airbending Combo,1.46
474,user_0474,4c Reanimator,4c Reanimator,3.34
474,user_0474,Mono-Green Landfall,Mono-Green Landfall,2.16
474,user_0474,Boros Mice,Boros Mice,1.58
474,user_0474,Dimir Bounce,Dimir Bounce,1.46
474,user_0474,Selesnya Landfall,Selesnya Landfall,2.26
474,user_0474,Mardu Dragons,Mardu Dragons,1.64
474,user_0474,Gruul Leyline Aggro,Gruul Leyline Aggro,1.19
474,user_0474,Sultai Graveyard,Sultai Graveyard,2.18
474,user_0474,Boros Manufacturing,Boros Manufacturing,1.36
474,user_0474,5c Reanimator,5c Reanimator,1.53
474,user_0474,Gruul Aggro,Gruul Aggro,1.19
475,user_0475,Izzet,Izzet,0.87
475,user_0475,Abzan Insidious Roots,Abzan Insidious Roots,0.9
475,user_0475,Izzet Aggro,Izzet Aggro,1.08
475,user_0475,Mono-Red Aggro,Mono-Red Aggro,3.48
475,user_0475,Mardu Dragons,Mardu Dragons,0.74
475,user_0475,Lifegain,Lifegain,0.67
475,user_0475,Golgari Insidious Roots,Golgari Insidious Roots,0.97
475,user_0475,Golgari Midrange (2),Golgari Midrange,0.63
475,user_0475,Izzet Midrange,Izzet Midrange,0.95
475,user_0475,Boros Aggro,Boros Aggro,0.97
475,user_0475,Jeskai Control,Jeskai Control,3.58
475,user_0475,4c Control,4c Control,1.97
475,user_0475,Gruul Aggro,Gruul Aggro,1.17
475,user_0475,Bant Omniscience,Bant Omniscience,0.79
475,user_0475,Mono-Red Leyline Aggro,Mono-Red Leyline Aggro,1.14
475,user_0475,4c Omniscience,4c Omniscience,1.85
475,user_0475,Rakdos Sacrifice,Rakdos Sacrifice,1.2
475,user_0475,Jeskai Looting,Jeskai Looting,0.96
475,user_0475,Orzhov Control,Orzhov Control,1.87
475,user_0475,Mono-White Tokens,Mono-White Tokens,1.35
475,user_0475,Dimir Control,Dimir Control,1.81
475,user_0475,Azorius Control,Azorius Control,1.8
475,user_0475,Temur Battlecrier Combo,Temur Battlecrier Combo,0.64
475,user_0475,Sultai Graveyard,Sultai Graveyard,1.11
475,user_0475,Selesnya Landfall,Selesnya Landfall,1.53
475,user_0475,Sultai Reanimator,Sultai Reanimator,1.64
475,user_0475,4c Kona,4c Kona,1.65
475,user_0475,Simic Landfall,Simic Landfall,1.32
475,user_0475,Gruul Leyline Aggro,Gruul Leyline Aggro,1.32
475,user_0475,Sultai Control,Sultai Control,1.34
475,user_0475,Orzhov Self-Bounce,Orzhov Self-Bounce,0.75
475,user_0475,Bant Airbending Combo,Bant Airbending Combo,1.49
475,user_0475,Grixis Leyline,Grixis Leyline,0.65
475,user_0475,Dimir Bounce,Dimir Bounce,0.74
475,user_0475,Simic Midrange,Simic Midrange,0.92
475,user_0475,Mono-Black Midrange,Mono-Black Midrange,1.0
475,user_0475,Naya Yuna,Naya Yuna,1.18
475,user_0475,Mono-Green Landfall,Mono-Green Landfall,1.54
475,user_0475,Temur Floodcaller Combo,Temur Floodcaller Combo,1.39
475,user_0475,Boros Burn,Boros Burn,0.69
475,user_0475,Gruul Random Encounter,Gruul Random Encounter,0.8
475,user_0475,Simic Omniscience,Simic Omniscience,0.4
475,user_0475,Boros Token Control,Boros Token Control,1.47
475,user_0475,Dimir Midrange,Dimir Midrange,3.8
475,user_0475,Grixis Artifacts,Grixis Artifacts,0.79
475,user_0475,5c Reanimator,5c Reanimator,0.76
475,user_0475,4c Reanimator,4c Reanimator,2.82
475,user_0475,4c Insidious Roots,4c Insidious Roots,2.07
475,user_0475,Temur Kona,Temur Kona,1.71
475,user_0475,Boros Manufacturing,Boros Manufacturing,1.03
475,user_0475,Golgari Midrange,Golgari Midrange,1.47
476,user_0476,Gruul Leyline Aggro,Gruul Leyline Aggro,0.96
476,user_0476,Naya Yuna,Naya Yuna,0.99
476,user_0476,Abzan Midrange,Abzan Midrange,0.77
476,user_0476,4c Insidious Roots (2),4c Insidious Roots,1.06
476,user_0476,Lifegain,Lifegain,1.16
476,user_0476,Sultai Graveyard,Sultai Graveyard,1.12
476,user_0476,Selesnya Landfall,Selesnya Landfall,1.18
476,user_0476,Mardu Dragons,Mardu Dragons,0.84
476,user_0476,Temur Kona,Temur Kona,1.65
476,user_0476,Golgari Midrange,Golgari Midrange,1.41
476,user_0476,Boros Leyline Aggro,Boros Leyline Aggro,1.33
476,user_0476,Izzet Aggro,Izzet Aggro,1.75
476,user_0476,4c Reanimator,4c Reanimator,2.03
476,user_0476,4c Artifacts,4c Artifacts,0.98
476,user_0476,Orzhov Control,Orzhov Control,1.41
476,user_0476,Orzhov Midrange,Orzhov Midrange,1.46
476,user_0476,Izzet Looting,Izzet Looting,2.43
476,user_0476,4c Control,4c Control,0.83
476,user_0476,Jeskai Looting,Jeskai Looting,1.52
476,user_0476,Grixis Artifacts,Grixis Artifacts,1.21
476,user_0476,Boros Dragons,Boros Dragons,0.92
476,user_0476,Temur Lessons,Temur Lessons,1.54
476,user_0476,Esper Self-Bounce,Esper Self-Bounce,1.41
476,user_0476,Boros Token Control,Boros Token Control,0.31
476,user_0476,Dimir Control,Dimir Control,0.75
476,user_0476,Dimir Midrange,Dimir Midrange,3.15
476,user_0476,Orzhov Self-Bounce,Orzhov Self-Bounce,1.07
476,user_0476,Azorius Control,Azorius Control,1.4
476,user_0476,Boros Burn,Boros Burn,1.53
476,user_0476,Gruul Random Encounter,Gruul Random Encounter,1.21
476,user_0476,Bant Airbending Combo,Bant Airbending Combo,1.18
476,user_0476,Izzet Prowess,Izzet Prowess,2.47
476,user_0476,Simic Aggro,Simic Aggro,2.11
476,user_0476,Grixis Leyline,Grixis Leyline,0.64
476,user_0476,Izzet,Izzet,1.04
476,user_0476,Sultai Control,Sultai Control,0.59
476,user_0476,Simic Midrange,Simic Midrange,0.96
476,user_0476,Rakdos Aggro,Rakdos Aggro,1.06
476,user_0476,Jeskai Self-Bounce,Jeskai Self-Bounce,1.27
476,user_0476,Jeskai Control,Jeskai Control,3.45
476,user_0476,Temur Battlecrier Combo,Temur Battlecrier Combo,0.96
476,user_0476,4c Insidious Roots,4c Insidious Roots,0.87
476,user_0476,Rakdos Sacrifice,Rakdos Sacrifice,0.88
476,user_0476,Mono-Red Aggro,Mono-Red Aggro,3.71
476,user_0476,Sultai Reanimator,Sultai Reanimator,1.48
476,user_0476,Izzet Omniscience,Izzet Omniscience,0.8
476,user_0476,4c Omniscience,4c Omniscience,0.87
476,user_0476,Simic Landfall,Simic Landfall,0.68
476,user_0476,Izzet Midrange,Izzet Midrange,1.57
476,user_0476,Mono-Black Midrange,Mono-Black Midrange,1.32
476,user_0476,Mono-Green Landfall,Mono-Green Landfall,1.47
476,user_0476,Temur Floodcaller Combo,Temur Floodcaller Combo,1.08
477,user_0477,Abzan Midrange,Abzan Midrange,1.93
477,user_0477,Mono-Red Leyline Aggro,Mono-Red Leyline Aggro,1.42
477,user_0477,Selesnya Landfall,Selesnya Landfall,1.46
477,user_0477,Dimir Midrange,Dimir Midrange,3.73
477,user_0477,Golgari Midrange (2),Golgari Midrange,2.27
477,user_0477,4c Artifacts,4c Artifacts,1.1
477,user_0477,Lifegain,Lifegain,0.95
477,user_0477,Jeskai Self-Bounce,Jeskai Self-Bounce,0.62
477,user_0477,Mardu Dragons,Mardu Dragons,0.78
477,user_0477,Golgari Insidious Roots,Golgari Insidious Roots,0.89
477,user_0477,4c Omniscience,4c Omniscience,1.34
477,user_0477,Mono-White Tokens,Mono-White Tokens,1.02
477,user_0477,Grixis Artifacts,Grixis Artifacts,0.56
477,user_0477,Temur Kona,Temur Kona,1.22
477,user_0477,Gruul Leyline Aggro,Gruul Leyline Aggro,1.21
477,user_0477,Naya Yuna,Naya Yuna,0.95
477,user_0477,4c Reanimator,4c Reanimator,2.37
477,user_0477,Boros Aggro,Boros Aggro,1.66
477,user_0477,Izzet Prowess,Izzet Prowess,2.77
477,user_0477,Boros Burn,Boros Burn,1.04
477,user_0477,Sultai Graveyard,Sultai Graveyard,1.38
477,user_0477,Izzet Looting,Izzet Looting,2.39
477,user_0477,Orzhov Self-Bounce,Orzhov Self-Bounce,1.35
477,user_0477,Izzet,Izzet,0.62
477,user_0477,Mono-Green Landfall,Mono-Green Landfall,1.63
477,user_0477,Sultai Control,Sultai Control,1.81
477,user_0477,Sultai Reanimator,Sultai Reanimator,2.18
477,user_0477,Boros Leyline Aggro,Boros Leyline Aggro,1.15
477,user_0477,Mono-Red Aggro,Mono-Red Aggro,3.28
477,user_0477,Boros Manufacturing,Boros Manufacturing,1.01
477,user_0477,Bant Omniscience,Bant Omniscience,1.57
477,user_0477,Orzhov Control,Orzhov Control,1.25
477,user_0477,Gruul Aggro,Gruul Aggro,0.48
477,user_0477,Golgari Dragons,Golgari Dragons,0.38
477,user_0477,4c Insidious Roots (2),4c Insidious Roots,1.12
477,user_0477,Izzet Lessons,Izzet Lessons,3.98
477,user_0477,4c Kona,4c Kona,1.11
477,user_0477,Azorius Control,Azorius Control,1.01
477,user_0477,Mono-Black Midrange,Mono-Black Midrange,1.5
478,user_0478,Lifegain,Lifegain,1.44
478,user_0478,Esper Self-Bounce,Esper Self-Bounce,1.18
478,user_0478,Sultai Graveyard,Sultai Graveyard,1.32
478,user_0478,Abzan Insidious Roots,Abzan Insidious Roots,1.46
478,user_0478,4c Insidious Roots (2),4c Insidious Roots,1.33
478,user_0478,Boros Aggro,Boros Aggro,1.08
478,user_0478,Golgari Insidious Roots,Golgari Insidious Roots,1.33
478,user_0478,4c Omniscience,4c Omniscience,1.46
478,user_0478,Orzhov Self-Bounce,Orzhov Self-Bounce,1.33
478,user_0478,Orzhov Control,Orzhov Control,1.15
478,user_0478,Jeskai Self-Bounce,Jeskai Self-Bounce,1.31
478,user_0478,Dimir Midrange,Dimir Midrange,2.92
478,user_0478,Izzet Midrange,Izzet Midrange,1.01
478,user_0478,Grixis Artifacts,Grixis Artifacts,1.44
478,user_0478,Sultai Reanimator,Sultai Reanimator,1.89
478,user_0478,Simic Landfall,Simic Landfall,2.05
478,user_0478,Orzhov Midrange,Orzhov Midrange,1.0
478,user_0478,Izzet,Izzet,2.08
478,user_0478,Gruul Leyline Aggro,Gruul Leyline Aggro,0.7
478,user_0478,Gruul Delirium,Gruul Delirium,1.29
478,user_0478,4c Control,4c Control,0.78
478,user_0478,Izzet Prowess,Izzet Prowess,2.7
478,user_0478,Selesnya Landfall,Selesnya Landfall,2.27
478,user_0478,Izzet Aggro,Izzet Aggro,1.75
478,user_0478,5c Reanimator,5c Reanimator,1.97
478,user_0478,Abzan Midrange,Abzan Midrange,1.01
478,user_0478,Rakdos Aggro,Rakdos Aggro,0.93
478,user_0478,Boros Burn,Boros Burn,0.67
478,user_0478,Boros Dragons,Boros Dragons,1.66
478,user_0478,Gruul Random Encounter,Gruul Random Encounter,1.71
478,user_0478,Naya Yuna,Naya Yuna,1.94
478,user_0478,Simic Aggro,Simic Aggro,1.2
478,user_0478,Azorius Control,Azorius Control,0.95
478,user_0478,4c Kona,4c Kona,1.79
478,user_0478,Bant Airbending Combo,Bant Airbending Combo,1.29
478,user_0478,Dimir Bounce,Dimir Bounce,1.36
478,user_0478,Simic Omniscience,Simic Omniscience,1.36
478,user_0478,Temur Kona,Temur Kona,1.61
478,user_0478,Izzet Omniscience,Izzet Omniscience,1.7
478,user_0478,Golgari Midrange (2),Golgari Midrange,1.07
478,user_0478,Boros Token Control,Boros Token Control,1.48
478,user_0478,Mono-Red Aggro,Mono-Red Aggro,2.92
478,user_0478,Izzet Lessons,Izzet Lessons,4.38
478,user_0478,Mardu Dragons,Mardu Dragons,0.97
478,user_0478,Jeskai Artifacts,Jeskai Artifacts,1.63
478,user_0478,Gruul Aggro,Gruul Aggro,0.85
478,user_0478,Rakdos Sacrifice,Rakdos Sacrifice,2.05
478,user_0478,Mono-Black Midrange,Mono-Black Midrange,0.81
478,user_0478,Boros Manufacturing,Boros Manufacturing,1.64
478,user_0478,Bant Omniscience,Bant Omniscience,1.23
478,user_0478,Mono-Red Leyline Aggro,Mono-Red Leyline Aggro,0.57
479,user_0479,Sultai Control,Sultai Control,1.21
479,user_0479,Jeskai Control,Jeskai Control,3.52
479,user_0479,4c Insidious Roots (2),4c Insidious Roots,1.11
479,user_0479,Temur Floodcaller Combo,Temur Floodcaller Combo,1.24
479,user_0479,Orzhov Control,Orzhov Control,1.07
479,user_0479,Simic Omniscience,Simic Omniscience,0.91
479,user_0479,Simic Aggro,Simic Aggro,0.77
479,user_0479,Grixis Artifacts,Grixis Artifacts,1.38
479,user_0479,Selesnya Landfall,Selesnya Landfall,1.52
479,user_0479,4c Omniscience,4c Omniscience,1.01
479,user_0479,Gruul Delirium,Gruul Delirium,1.09
479,user_0479,Golgari Dragons,Golgari Dragons,1.08
479,user_0479,Azorius Control,Azorius Control,1.39
479,user_0479,5c Reanimator,5c Reanimator,1.32
479,user_0479,Dimir Control,Dimir Control,1.8
479,user_0479,Dimir Midrange,Dimir Midrange,3.24
479,user_0479,Mono-Black Midrange,Mono-Black Midrange,0.84
479,user_0479,4c Reanimator,4c Reanimator,2.37
479,user_0479,Izzet Midrange,Izzet Midrange,1.18
479,user_0479,Bant Airbending Combo,Bant Airbending Combo,1.62
479,user_0479,Lifegain,Lifegain,1.07
479,user_0479,Izzet Omniscience,Izzet Omniscience,0.86
479,user_0479,Izzet Lessons,Izzet Lessons,4.07
479,user_0479,Temur Battlecrier Combo,Temur Battlecrier Combo,1.38
479,user_0479,Rakdos Sacrifice,Rakdos Sacrifice,0.49
479,user_0479,Temur Kona,Temur Kona,1.36
479,user_0479,Mono-Red Aggro,Mono-Red Aggro,3.5
479,user_0479,Golgari Midrange (2),Golgari Midrange,1.11
479,user_0479,Mono-Green Landfall,Mono-Green Landfall,1.6
479,user_0479,Izzet Prowess,Izzet Prowess,2.25
479,user_0479,Jeskai Looting,Jeskai Looting,0.69
479,user_0479,Golgari Insidious Roots,Golgari Insidious Roots,0.8
479,user_0479,4c Kona,4c Kona,1.17
479,user_0479,Jeskai Self-Bounce,Jeskai Self-Bounce,1.09
479,user_0479,Rakdos Aggro,Rakdos Aggro,1.37
479,user_0479,Naya Yuna,Naya Yuna,1.65
479,user_0479,Izzet,Izzet,1.23
479,user_0479,Mardu Dragons,Mardu Dragons,0.97
479,user_0479,Sultai Reanimator,Sultai Reanimator,1.29
479,user_0479,Boros Leyline Aggro,Boros Leyline Aggro,1.68
479,user_0479,Golgari Midrange,Golgari Midrange,1.35
479,user_0479,Izzet Looting,Izzet Looting,2.78
479,user_0479,Mono-White Tokens,Mono-White Tokens,1.6
479,user_0479,Boros Dragons,Boros Dragons,1.53
479,user_0479,Jeskai Artifacts,Jeskai Artifacts,1.1
479,user_0479,Bant Omniscience,Bant Omniscience,1.09
479,user_0479,Simic Midrange,Simic Midrange,0.98
479,user_0479,Gruul Leyline Aggro,Gruul Leyline Aggro,1.07
479,user_0479,Jund Aggro,Jund Aggro,1.35
479,user_0479,4c Control,4c Control,1.73
479,user_0479,Temur Lessons,Temur Lessons,1.55
479,user_0479,Grixis Leyline,Grixis Leyline,0.99
480,user_0480,Bant Airbending Combo,Bant Airbending Combo,0.98
480,user_0480,Sultai Reanimator,Sultai Reanimator,1.19
480,user_0480,Mono-Black Midrange,Mono-Black Midrange,0.9
480,user_0480,Abzan Insidious Roots,Abzan Insidious Roots,0.68
480,user_0480,Izzet Lessons,Izzet Lessons,3.97
480,user_0480,4c Insidious Roots,4c Insidious Roots,1.11
480,user_0480,Sultai Graveyard,Sultai Graveyard,0.4
480,user_0480,Mono-Red Aggro,Mono-Red Aggro,4.59
480,user_0480,Dimir Control,Dimir Control,0.71
480,user_0480,Mono-Green Landfall,Mono-Green Landfall,1.18
480,user_0480,Sultai Control,Sultai Control,0.76
480,user_0480,Izzet Omniscience,Izzet Omniscience,0.95
480,user_0480,Izzet Prowess,Izzet Prowess,2.54
480,user_0480,Jund Aggro,Jund Aggro,2.32
480,user_0480,Gruul Leyline Aggro,Gruul Leyline Aggro,2.27
480,user_0480,Jeskai Artifacts,Jeskai Artifacts,1.6
480,user_0480,Boros Mice,Boros Mice,1.07
480,user_0480,Azorius Control,Azorius Control,1.54
480,user_0480,Izzet Midrange,Izzet Midrange,0.89
480,user_0480,Esper Self-Bounce,Esper Self-Bounce,0.96
480,user_0480,Temur Lessons,Temur Lessons,1.68
480,user_0480,4c Control,4c Control,0.51
480,user_0480,Dimir Bounce,Dimir Bounce,1.36
480,user_0480,4c Reanimator,4c Reanimator,2.51
480,user_0480,Temur Floodcaller Combo,Temur Floodcaller Combo,0.8
480,user_0480,Orzhov Midrange,Orzhov Midrange,0.86
480,user_0480,Mono-White Tokens,Mono-White Tokens,0.75
480,user_0480,Gruul Random Encounter,Gruul Random Encounter,1.2
480,user_0480,Golgari Insidious Roots,Golgari Insidious Roots,1.07
480,user_0480,Boros Manufacturing,Boros Manufacturing,1.28
480,user_0480,5c Reanimator,5c Reanimator,0.56
480,user_0480,Boros Aggro,Boros Aggro,2.0
480,user_0480,Lifegain,Lifegain,0.87
480,user_0480,Izzet Aggro,Izzet Aggro,1.58
480,user_0480,Simic Omniscience,Simic Omniscience,0.9
480,user_0480,Simic Landfall,Simic Landfall,0.99
480,user_0480,Boros Dragons,Boros Dragons,1.11
480,user_0480,Mardu Dragons,Mardu Dragons,1.33
480,user_0480,Mono-Red Leyline Aggro,Mono-Red Leyline Aggro,0.95
480,user_0480,Grixis Leyline,Grixis Leyline,1.15
480,user_0480,Jeskai Control,Jeskai Control,3.28
480,user_0480,Abzan Midrange,Abzan Midrange,1.25
480,user_0480,Grixis Artifacts,Grixis Artifacts,1.13
480,user_0480,Boros Token Control,Boros Token Control,0.28
480,user_0480,Jeskai Looting,Jeskai Looting,0.71
480,user_0480,Golgari Midrange (2),Golgari Midrange,1.26
480,user_0480,Selesnya Landfall,Selesnya Landfall,1.48
480,user_0480,Dimir Midrange,Dimir Midrange,3.42
480,user_0480,Bant Omniscience,Bant Omniscience,1.75
480,user_0480,Izzet,Izzet,1.75
480,user_0480,Orzhov Control,Orzhov Control,1.27
480,user_0480,Temur Battlecrier Combo,Temur Battlecrier Combo,0.76
481,user_0481,Mono-Red Aggro,Mono-Red Aggro,3.29
481,user_0481,Jeskai Looting,Jeskai Looting,1.37
481,user_0481,Lifegain,Lifegain,1.25
481,user_0481,Boros Aggro,Boros Aggro,1.52
481,user_0481,Temur Floodcaller Combo,Temur Floodcaller Combo,0.58
481,user_0481,Izzet,Izzet,0.92
481,user_0481,Jund Aggro,Jund Aggro,0.89
481,user_0481,Simic Landfall,Simic Landfall,0.92
481,user_0481,Esper Self-Bounce,Esper Self-Bounce,1.14
481,user_0481,Simic Aggro,Simic Aggro,1.1
481,user_0481,Mono-Red Leyline Aggro,Mono-Red Leyline Aggro,1.6
481,user_0481,Dimir Control,Dimir Control,1.42
481,user_0481,Simic Midrange,Simic Midrange,1.37
481,user_0481,4c Kona,4c Kona,1.54
481,user_0481,4c Artifacts,4c Artifacts,1.12
481,user_0481,Sultai Graveyard,Sultai Graveyard,1.01
481,user_0481,Gruul Random Encounter,Gruul Random Encounter,1.33
481,user_0481,Selesnya Landfall,Selesnya Landfall,1.78
481,user_0481,4c Reanimator,4c Reanimator,2.27
481,user_0481,Boros Manufacturing,Boros Manufacturing,1.23
481,user_0481,Orzhov Self-Bounce,Orzhov Self-Bounce,1.23
481,user_0481,Temur Battlecrier Combo,Temur Battlecrier Combo,0.83
481,user_0481,Sultai Control,Sultai Control,1.47
481,user_0481,Boros Token Control,Boros Token Control,1.93
481,user_0481,Orzhov Midrange,Orzhov Midrange,1.63
481,user_0481,Boros Mice,Boros Mice,0.83
481,user_0481,Bant Omniscience,Bant Omniscience,1.25
481,user_0481,Jeskai Self-Bounce,Jeskai Self-Bounce,0.95
481,user_0481,Temur Kona,Temur Kona,1.79
481,user_0481,Golgari Midrange (2),Golgari Midrange,1.11
481,user_0481,4c Insidious Roots,4c Insidious Roots,0.92
481,user_0481,Boros Dragons,Boros Dragons,1.57
481,user_0481,Jeskai Artifacts,Jeskai Artifacts,0.74
481,user_0481,Izzet Looting,Izzet Looting,2.6
481,user_0481,5c Reanimator,5c Reanimator,0.93
481,user_0481,Mono-White Tokens,Mono-White Tokens,1.26
481,user_0481,Azorius Control,Azorius Control,1.33
481,user_0481,Grixis Artifacts,Grixis Artifacts,1.3
481,user_0481,Gruul Delirium,Gruul Delirium,0.81
481,user_0481,Boros Leyline Aggro,Boros Leyline Aggro,0.57
481,user_0481,Sultai Reanimator,Sultai Reanimator,0.97
481,user_0481,Gruul Aggro,Gruul Aggro,1.27
481,user_0481,4c Insidious Roots (2),4c Insidious Roots,1.35
481,user_0481,Golgari Insidious Roots,Golgari Insidious Roots,1.24
481,user_0481,Dimir Bounce,Dimir Bounce,1.47
481,user_0481,Temur Lessons,Temur Lessons,0.99
481,user_0481,Golgari Dragons,Golgari Dragons,1.26
481,user_0481,Simic Omniscience,Simic Omniscience,1.28
481,user_0481,Izzet Prowess,Izzet Prowess,2.22
482,user_0482,Golgari Insidious Roots,Golgari Insidious Roots,1.3
482,user_0482,Mono-Black Midrange,Mono-Black Midrange,0.56
482,user_0482,Boros Aggro,Boros Aggro,0.7
482,user_0482,Sultai Reanimator,Sultai Reanimator,1.2
482,user_0482,4c Insidious Roots (2),4c Insidious Roots,0.91
482,user_0482,Boros Mice,Boros Mice,1.51
482,user_0482,Izzet Aggro,Izzet Aggro,1.3
482,user_0482,Boros Leyline Aggro,Boros Leyline Aggro,1.55
482,user_0482,Boros Token Control,Boros Token Control,1.01
482,user_0482,Orzhov Control,Orzhov Control,0.71
482,user_0482,Mono-Red Leyline Aggro,Mono-Red Leyline Aggro,1.56
482,user_0482,Simic Omniscience,Simic Omniscience,1.13
482,user_0482,Izzet Prowess,Izzet Prowess,1.87
482,user_0482,4c Artifacts,4c Artifacts,1.24
482,user_0482,Bant Omniscience,Bant Omniscience,1.07
482,user_0482,Gruul Leyline Aggro,Gruul Leyline Aggro,1.4
482,user_0482,Mono-Red Aggro,Mono-Red Aggro,3.27
482,user_0482,Mono-Green Landfall,Mono-Green Landfall,1.42
482,user_0482,Gruul Random Encounter,Gruul Random Encounter,1.0
482,user_0482,Izzet,Izzet,0.74
482,user_0482,Izzet Lessons,Izzet Lessons,3.67
482,user_0482,Orzhov Self-Bounce,Orzhov Self-Bounce,0.67
482,user_0482,Temur Floodcaller Combo,Temur Floodcaller Combo,0.98
482,user_0482,Jeskai Control,Jeskai Control,3.47
482,user_0482,Izzet Omniscience,Izzet Omniscience,1.24
482,user_0482,Grixis Artifacts,Grixis Artifacts,1.67
482,user_0482,Temur Lessons,Temur Lessons,1.41
482,user_0482,4c Insidious Roots,4c Insidious Roots,1.26
482,user_0482,Rakdos Aggro,Rakdos Aggro,0.84
482,user_0482,4c Reanimator,4c Reanimator,2.5
482,user_0482,Izzet Midrange,Izzet Midrange,1.82
482,user_0482,Mardu Dragons,Mardu Dragons,0.82
482,user_0482,Abzan Insidious Roots,Abzan Insidious Roots,0.26
482,user_0482,Naya Yuna,Naya Yuna,0.95
482,user_0482,Selesnya Landfall,Selesnya Landfall,1.2
482,user_0482,Rakdos Sacrifice,Rakdos Sacrifice,1.08
482,user_0482,Simic Aggro,Simic Aggro,1.48
482,user_0482,Sultai Graveyard,Sultai Graveyard,1.22
482,user_0482,Dimir Bounce,Dimir Bounce,1.09
482,user_0482,Izzet Looting,Izzet Looting,2.33
482,user_0482,Jeskai Looting,Jeskai Looting,1.18
482,user_0482,Mono-White Tokens,Mono-White Tokens,0.94
482,user_0482,5c Reanimator,5c Reanimator,1.02
482,user_0482,Gruul Delirium,Gruul Delirium,1.05
482,user_0482,Lifegain,Lifegain,0.95
482,user_0482,Jeskai Self-Bounce,Jeskai Self-Bounce,1.54
482,user_0482,Esper Self-Bounce,Esper Self-Bounce,1.19
482,user_0482,4c Omniscience,4c Omniscience,1.57
482,user_0482,4c Kona,4c Kona,1.06
482,user_0482,Orzhov Midrange,Orzhov Midrange,1.38
482,user_0482,Grixis Leyline,Grixis Leyline,1.15
482,user_0482,Golgari Midrange,Golgari Midrange,1.78
482,user_0482,Gruul Aggro,Gruul Aggro,1.53
482,user_0482,Temur Kona,Temur Kona,1.78
482,user_0482,Dimir Control,Dimir Control,1.0
482,user_0482,4c Control,4c Control,0.96
483,user_0483,Bant Airbending Combo,Bant Airbending Combo,1.62
483,user_0483,Bant Omniscience,Bant Omniscience,1.43
483,user_0483,Orzhov Midrange,Orzhov Midrange,1.38
483,user_0483,Temur Lessons,Temur Lessons,1.27
483,user_0483,Mardu Dragons,Mardu Dragons,1.78
483,user_0483,Jeskai Looting,Jeskai Looting,2.07
483,user_0483,Temur Kona,Temur Kona,1.87
483,user_0483,Golgari Midrange (2),Golgari Midrange,1.03
483,user_0483,Selesnya Landfall,Selesnya Landfall,1.83
483,user_0483,Esper Self-Bounce,Esper Self-Bounce,2.09
483,user_0483,Mono-Red Leyline Aggro,Mono-Red Leyline Aggro,1.05
483,user_0483,5c Reanimator,5c Reanimator,1.88
483,user_0483,Grixis Leyline,Grixis Leyline,1.57
483,user_0483,Boros Burn,Boros Burn,1.7
483,user_0483,Grixis Artifacts,Grixis Artifacts,1.71
483,user_0483,Dimir Bounce,Dimir Bounce,1.71
483,user_0483,Lifegain,Lifegain,1.73
483,user_0483,Simic Aggro,Simic Aggro,1.47
483,user_0483,4c Reanimator,4c Reanimator,2.52
483,user_0483,Temur Battlecrier Combo,Temur Battlecrier Combo,1.0
483,user_0483,Jeskai Self-Bounce,Jeskai Self-Bounce,1.24
483,user_0483,Rakdos Aggro,Rakdos Aggro,1.0
483,user_0483,Rakdos Sacrifice,Rakdos Sacrifice,1.56
483,user_0483,Jeskai Control,Jeskai Control,3.38
483,user_0483,Sultai Reanimator,Sultai Reanimator,1.49
483,user_0483,Gruul Random Encounter,Gruul Random Encounter,1.22
483,user_0483,Boros Dragons,Boros Dragons,1.6
483,user_0483,Simic Landfall,Simic Landfall,1.21
483,user_0483,Gruul Leyline Aggro,Gruul Leyline Aggro,1.18
483,user_0483,Golgari Dragons,Golgari Dragons,1.62
483,user_0483,Izzet Omniscience,Izzet Omniscience,1.53
483,user_0483,Orzhov Self-Bounce,Orzhov Self-Bounce,1.26
483,user_0483,Dimir Control,Dimir Control,0.66
483,user_0483,4c Insidious Roots (2),4c Insidious Roots,1.59
483,user_0483,Mono-White Tokens,Mono-White Tokens,1.71
483,user_0483,Boros Manufacturing,Boros Manufacturing,1.19
483,user_0483,4c Omniscience,4c Omniscience,1.64
483,user_0483,Izzet Midrange,Izzet Midrange,0.67
483,user_0483,Dimir Midrange,Dimir Midrange,3.42
483,user_0483,Abzan Insidious Roots,Abzan Insidious Roots,1.9
483,user_0483,Orzhov Control,Orzhov Control,1.12
483,user_0483,Naya Yuna,Naya Yuna,1.73
483,user_0483,Gruul Aggro,Gruul Aggro,0.81
483,user_0483,Sultai Graveyard,Sultai Graveyard,1.29
484,user_0484,4c Control,4c Control,1.32
484,user_0484,Simic Omniscience,Simic Omniscience,1.09
484,user_0484,Simic Aggro,Simic Aggro,0.93
484,user_0484,Jund Aggro,Jund Aggro,1.09
484,user_0484,Orzhov Self-Bounce,Orzhov Self-Bounce,0.67
484,user_0484,Abzan Insidious Roots,Abzan Insidious Roots,1.05
484,user_0484,Mono-Green Landfall,Mono-Green Landfall,1.76
484,user_0484,Dimir Midrange,Dimir Midrange,2.83
484,user_0484,Boros Leyline Aggro,Boros Leyline Aggro,1.07
484,user_0484,Boros Aggro,Boros Aggro,1.12
484,user_0484,Abzan Midrange,Abzan Midrange,1.19
484,user_0484,5c Reanimator,5c Reanimator,0.56
484,user_0484,Naya Yuna,Naya Yuna,0.94
484,user_0484,Izzet Looting,Izzet Looting,3.26
484,user_0484,Temur Battlecrier Combo,Temur Battlecrier Combo,1.02
484,user_0484,4c Omniscience,4c Omniscience,0.81
484,user_0484,Gruul Leyline Aggro,Gruul Leyline Aggro,1.55
484,user_0484,Boros Token Control,Boros Token Control,1.57
484,user_0484,Golgari Midrange (2),Golgari Midrange,1.09
484,user_0484,4c Kona,4c Kona,0.95
484,user_0484,Azorius Control,Azorius Control,1.5
484,user_0484,Gruul Random Encounter,Gruul Random Encounter,0.85
484,user_0484,Boros Burn,Boros Burn,0.72
484,user_0484,Mono-Red Leyline Aggro,Mono-Red Leyline Aggro,0.29
484,user_0484,Sultai Control,Sultai Control,1.59
484,user_0484,Mono-Red Aggro,Mono-Red Aggro,2.92
484,user_0484,Golgari Dragons,Golgari Dragons,1.61
484,user_0484,Jeskai Control,Jeskai Control,3.89
484,user_0484,Boros Dragons,Boros Dragons,1.59
484,user_0484,Temur Kona,Temur Kona,0.9
484,user_0484,Orzhov Control,Orzhov Control,1.44
484,user_0484,Temur Floodcaller Combo,Temur Floodcaller Combo,1.42
484,user_0484,Grixis Leyline,Grixis Leyline,0.85
484,user_0484,Gruul Delirium,Gruul Delirium,1.0
484,user_0484,Izzet Aggro,Izzet Aggro,0.48
484,user_0484,Grixis Artifacts,Grixis Artifacts,1.12
484,user_0484,4c Artifacts,4c Artifacts,0.89
484,user_0484,Izzet,Izzet,1.45
484,user_0484,Mono-Black Midrange,Mono-Black Midrange,1.53
484,user_0484,Golgari Insidious Roots,Golgari Insidious Roots,1.0
484,user_0484,Izzet Midrange,Izzet Midrange,0.79
485,user_0485,Esper Self-Bounce,Esper Self-Bounce,0.99
485,user_0485,4c Reanimator,4c Reanimator,2.84
485,user_0485,Sultai Control,Sultai Control,1.0
485,user_0485,Gruul Random Encounter,Gruul Random Encounter,1.23
485,user_0485,Boros Aggro,Boros Aggro,0.88
485,user_0485,Boros Token Control,Boros Token Control,0.8
485,user_0485,Boros Manufacturing,Boros Manufacturing,0.79
485,user_0485,Golgari Insidious Roots,Golgari Insidious Roots,1.0
485,user_0485,Simic Midrange,Simic Midrange,1.79
485,user_0485,Azorius Control,Azorius Control,1.6
485,user_0485,Izzet Looting,Izzet Looting,2.73
485,user_0485,Jeskai Control,Jeskai Control,2.55
485,user_0485,Simic Landfall,Simic Landfall,1.25
485,user_0485,4c Insidious Roots,4c Insidious Roots,1.24
485,user_0485,4c Control,4c Control,1.31
485,user_0485,Izzet Aggro,Izzet Aggro,0.88
485,user_0485,Grixis Artifacts,Grixis Artifacts,0.9
485,user_0485,Golgari Midrange (2),Golgari Midrange,1.0
485,user_0485,Selesnya Landfall,Selesnya Landfall,1.25
485,user_0485,Izzet Midrange,Izzet Midrange,1.9
485,user_0485,Jund Aggro,Jund Aggro,1.2
485,user_0485,4c Omniscience,4c Omniscience,0.99
485,user_0485,Boros Dragons,Boros Dragons,0.95
485,user_0485,Izzet Lessons,Izzet Lessons,4.26
485,user_0485,Mono-Black Midrange,Mono-Black Midrange,1.17
485,user_0485,Bant Omniscience,Bant Omniscience,1.11
485,user_0485,Simic Omniscience,Simic Omniscience,1.0
485,user_0485,Temur Lessons,Temur Lessons,1.29
485,user_0485,Dimir Midrange,Dimir Midrange,3.34
485,user_0485,4c Kona,4c Kona,1.45
485,user_0485,Orzhov Control,Orzhov Control,0.75
485,user_0485,Orzhov Self-Bounce,Orzhov Self-Bounce,0.64
486,user_0486,Selesnya Landfall,Selesnya Landfall,2.0
486,user_0486,Bant Airbending Combo,Bant Airbending Combo,2.0
486,user_0486,Dimir Midrange,Dimir Midrange,3.32
486,user_0486,Azorius Control,Azorius Control,1.51
486,user_0486,Naya Yuna,Naya Yuna,1.12
486,user_0486,Mono-Red Aggro,Mono-Red Aggro,3.06
486,user_0486,Temur Battlecrier Combo,Temur Battlecrier Combo,1.12
486,user_0486,4c Omniscience,4c Omniscience,0.47
486,user_0486,Jeskai Self-Bounce,Jeskai Self-Bounce,0.81
486,user_0486,Izzet Aggro,Izzet Aggro,1.04
486,user_0486,Gruul Leyline Aggro,Gruul Leyline Aggro,1.33
486,user_0486,Boros Mice,Boros Mice,0.66
486,user_0486,Grixis Artifacts,Grixis Artifacts,0.73
486,user_0486,Gruul Aggro,Gruul Aggro,0.86
486,user_0486,Jund Aggro,Jund Aggro,0.91
486,user_0486,Orzhov Midrange,Orzhov Midrange,1.23
486,user_0486,Temur Floodcaller Combo,Temur Floodcaller Combo,1.82
486,user_0486,Esper Self-Bounce,Esper Self-Bounce,1.31
486,user_0486,4c Kona,4c Kona,1.07
486,user_0486,Lifegain,Lifegain,1.2
486,user_0486,Simic Landfall,Simic Landfall,1.16
486,user_0486,4c Artifacts,4c Artifacts,0.63
486,user_0486,Orzhov Control,Orzhov Control,0.48
486,user_0486,Izzet Midrange,Izzet Midrange,0.75
486,user_0486,Rakdos Sacrifice,Rakdos Sacrifice,1.46
486,user_0486,Boros Dragons,Boros Dragons,0.93
486,user_0486,Mono-Red Leyline Aggro,Mono-Red Leyline Aggro,1.14
486,user_0486,Izzet Lessons,Izzet Lessons,3.8
486,user_0486,Mardu Dragons,Mardu Dragons,1.25
487,user_0487,Temur Battlecrier Combo,Temur Battlecrier Combo,2.03
487,user_0487,Boros Manufacturing,Boros Manufacturing,0.83
487,user_0487,Bant Omniscience,Bant Omniscience,1.22
487,user_0487,4c Kona,4c Kona,0.65
487,user_0487,Golgari Insidious Roots,Golgari Insidious Roots,0.89
487,user_0487,Grixis Artifacts,Grixis Artifacts,1.89
487,user_0487,Sultai Graveyard,Sultai Graveyard,0.99
487,user_0487,Izzet Prowess,Izzet Prowess,1.95
487,user_0487,Jund Aggro,Jund Aggro,1.34
487,user_0487,Golgari Dragons,Golgari Dragons,1.28
487,user_0487,Naya Yuna,Naya Yuna,1.15
487,user_0487,Temur Floodcaller Combo,Temur Floodcaller Combo,1.97
487,user_0487,Rakdos Aggro,Rakdos Aggro,0.97
487,user_0487,Boros Leyline Aggro,Boros Leyline Aggro,1.07
487,user_0487,Mono-Red Aggro,Mono-Red Aggro,3.34
487,user_0487,4c Artifacts,4c Artifacts,0.97
487,user_0487,5c Reanimator,5c Reanimator,1.4
487,user_0487,Azorius Control,Azorius Control,1.2
487,user_0487,4c Insidious Roots (2),4c Insidious Roots,0.53
487,user_0487,Izzet Lessons,Izzet Lessons,4.25
487,user_0487,Dimir Bounce,Dimir Bounce,1.26
487,user_0487,Boros Mice,Boros Mice,1.19
487,user_0487,Gruul Random Encounter,Gruul Random Encounter,0.81
487,user_0487,Gruul Aggro,Gruul Aggro,0.76
487,user_0487,Boros Burn,Boros Burn,1.06
487,user_0487,Jeskai Artifacts,Jeskai Artifacts,0.61
487,user_0487,Simic Omniscience,Simic Omniscience,1.0
487,user_0487,Abzan Insidious Roots,Abzan Insidious Roots,1.08
487,user_0487,4c Control,4c Control,0.79
487,user_0487,Orzhov Midrange,Orzhov Midrange,1.42
487,user_0487,Simic Aggro,Simic Aggro,0.9
487,user_0487,Esper Self-Bounce,Esper Self-Bounce,1.1
487,user_0487,Orzhov Self-Bounce,Orzhov Self-Bounce,1.2
487,user_0487,Mono-Green Landfall,Mono-Green Landfall,1.32
487,user_0487,Gruul Delirium,Gruul Delirium,1.11
487,user_0487,Mono-White Tokens,Mono-White Tokens,0.76
487,user_0487,Simic Landfall,Simic Landfall,0.83
487,user_0487,Orzhov Control,Orzhov Control,0.55
488,user_0488,Rakdos Sacrifice,Rakdos Sacrifice,0.87
488,user_0488,Rakdos Aggro,Rakdos Aggro,1.22
488,user_0488,Boros Manufacturing,Boros Manufacturing,1.45
488,user_0488,Grixis Leyline,Grixis Leyline,1.04
488,user_0488,Golgari Insidious Roots,Golgari Insidious Roots,1.23
488,user_0488,Jeskai Artifacts,Jeskai Artifacts,1.59
488,user_0488,Jeskai Looting,Jeskai Looting,1.06
488,user_0488,Simic Midrange,Simic Midrange,1.13
488,user_0488,Golgari Midrange (2),Golgari Midrange,1.42
488,user_0488,Izzet Aggro,Izzet Aggro,1.57
488,user_0488,Izzet Omniscience,Izzet Omniscience,0.68
488,user_0488,Mono-Black Midrange,Mono-Black Midrange,0.72
488,user_0488,Simic Omniscience,Simic Omniscience,0.78
488,user_0488,4c Control,4c Control,1.71
488,user_0488,Simic Landfall,Simic Landfall,0.89
488,user_0488,Jund Aggro,Jund Aggro,1.51
488,user_0488,Boros Dragons,Boros Dragons,1.58
488,user_0488,Boros Mice,Boros Mice,1.19
488,user_0488,4c Kona,4c Kona,0.82
488,user_0488,Selesnya Landfall,Selesnya Landfall,1.52
488,user_0488,Mardu Dragons,Mardu Dragons,0.63
488,user_0488,Mono-Red Aggro,Mono-Red Aggro,3.2
488,user_0488,Temur Lessons,Temur Lessons,2.11
488,user_0488,Jeskai Control,Jeskai Control,3.91
488,user_0488,Azorius Control,Azorius Control,1.67
488,user_0488,Orzhov Midrange,Orzhov Midrange,1.1
488,user_0488,Dimir Bounce,Dimir Bounce,0.86
488,user_0488,5c Reanimator,5c Reanimator,0.45
488,user_0488,Bant Airbending Combo,Bant Airbending Combo,1.36
488,user_0488,Golgari Midrange,Golgari Midrange,2.0
488,user_0488,Temur Floodcaller Combo,Temur Floodcaller Combo,0.79
488,user_0488,Mono-White Tokens,Mono-White Tokens,1.15
488,user_0488,Boros Token Control,Boros Token Control,1.35
488,user_0488,Simic Aggro,Simic Aggro,1.07
488,user_0488,Lifegain,Lifegain,0.41
488,user_0488,Dimir Control,Dimir Control,1.16
488,user_0488,Gruul Aggro,Gruul Aggro,0.59
488,user_0488,Golgari Dragons,Golgari Dragons,1.12
488,user_0488,Izzet Looting,Izzet Looting,2.89
488,user_0488,Boros Aggro,Boros Aggro,0.65
488,user_0488,Gruul Delirium,Gruul Delirium,1.14
488,user_0488,4c Artifacts,4c Artifacts,1.35
489,user_0489,Dimir Midrange,Dimir Midrange,3.48
489,user_0489,Golgari Dragons,Golgari Dragons,1.5
489,user_0489,Jund Aggro,Jund Aggro,0.61
489,user_0489,4c Control,4c Control,1.06
489,user_0489,Abzan Insidious Roots,Abzan Insidious Roots,1.47
489,user_0489,Temur Kona,Temur Kona,2.1
489,user_0489,Izzet,Izzet,1.62
489,user_0489,Izzet Aggro,Izzet Aggro,1.17
489,user_0489,Simic Aggro,Simic Aggro,1.91
489,user_0489,Temur Lessons,Temur Lessons,1.73
489,user_0489,Grixis Leyline,Grixis Leyline,1.56
489,user_0489,Esper Self-Bounce,Esper Self-Bounce,2.23
489,user_0489,Dimir Control,Dimir Control,1.51
489,user_0489,Boros Leyline Aggro,Boros Leyline Aggro,1.47
489,user_0489,Boros Mice,Boros Mice,1.38
489,user_0489,Bant Omniscience,Bant Omniscience,1.11
489,user_0489,Golgari Midrange,Golgari Midrange,1.37
489,user_0489,Boros Aggro,Boros Aggro,1.36
489,user_0489,Dimir Bounce,Dimir Bounce,2.16
489,user_0489,Rakdos Aggro,Rakdos Aggro,0.96
489,user_0489,Grixis Artifacts,Grixis Artifacts,1.36
489,user_0489,Rakdos Sacrifice,Rakdos Sacrifice,1.53
489,user_0489,Gruul Leyline Aggro,Gruul Leyline Aggro,1.21
489,user_0489,4c Artifacts,4c Artifacts,1.65
489,user_0489,Orzhov Midrange,Orzhov Midrange,1.3
489,user_0489,Izzet Midrange,Izzet Midrange,1.15
489,user_0489,Boros Token Control,Boros Token Control,0.82
489,user_0489,Gruul Aggro,Gruul Aggro,1.54
489,user_0489,Naya Yuna,Naya Yuna,1.47
489,user_0489,Orzhov Self-Bounce,Orzhov Self-Bounce,2.54
489,user_0489,4c Kona,4c Kona,1.91
489,user_0489,Izzet Lessons,Izzet Lessons,4.05
490,user_0490,Abzan Midrange,Abzan Midrange,1.38
490,user_0490,Dimir Control,Dimir Control,0.83
490,user_0490,Izzet Aggro,Izzet Aggro,1.41
490,user_0490,Izzet Looting,Izzet Looting,3.0
490,user_0490,Golgari Midrange,Golgari Midrange,1.64
490,user_0490,4c Reanimator,4c Reanimator,2.48
490,user_0490,Jeskai Control,Jeskai Control,2.75
490,user_0490,Mono-Black Midrange,Mono-Black Midrange,1.32
490,user_0490,Selesnya Landfall,Selesnya Landfall,1.74
490,user_0490,Boros Token Control,Boros Token Control,0.33
490,user_0490,Jeskai Artifacts,Jeskai Artifacts,1.69
490,user_0490,4c Insidious Roots,4c Insidious Roots,1.63
490,user_0490,Izzet Lessons,Izzet Lessons,4.51
490,user_0490,Mono-White Tokens,Mono-White Tokens,1.63
490,user_0490,Sultai Graveyard,Sultai Graveyard,1.09
490,user_0490,Boros Mice,Boros Mice,1.49
490,user_0490,Lifegain,Lifegain,1.69
490,user_0490,Boros Burn,Boros Burn,1.43
490,user_0490,Simic Landfall,Simic Landfall,1.63
490,user_0490,Golgari Insidious Roots,Golgari Insidious Roots,1.39
490,user_0490,Bant Omniscience,Bant Omniscience,1.55
490,user_0490,Golgari Midrange (2),Golgari Midrange,1.19
490,user_0490,Golgari Dragons,Golgari Dragons,1.67
490,user_0490,5c Reanimator,5c Reanimator,1.4
490,user_0490,Temur Floodcaller Combo,Temur Floodcaller Combo,1.7
490,user_0490,Izzet Midrange,Izzet Midrange,1.02
490,user_0490,4c Control,4c Control,0.91
490,user_0490,Mardu Dragons,Mardu Dragons,1.47
490,user_0490,Sultai Control,Sultai Control,0.84
490,user_0490,Gruul Aggro,Gruul Aggro,1.35
490,user_0490,4c Omniscience,4c Omniscience,1.79
490,user_0490,Dimir Bounce,Dimir Bounce,1.98
490,user_0490,Izzet,Izzet,1.61
490,user_0490,Sultai Reanimator,Sultai Reanimator,2.31
490,user_0490,Mono-Red Aggro,Mono-Red Aggro,3.4
490,user_0490,Dimir Midrange,Dimir Midrange,3.88
490,user_0490,Simic Midrange,Simic Midrange,1.32
490,user_0490,Grixis Artifacts,Grixis Artifacts,1.43
490,user_0490,Jeskai Looting,Jeskai Looting,1.36
490,user_0490,Izzet Prowess,Izzet Prowess,2.58
490,user_0490,Temur Battlecrier Combo,Temur Battlecrier Combo,1.67
490,user_0490,Izzet Omniscience,Izzet Omniscience,1.68
490,user_0490,Temur Lessons,Temur Lessons,2.45
490,user_0490,4c Artifacts,4c Artifacts,1.8
490,user_0490,Rakdos Aggro,Rakdos Aggro,1.35
490,user_0490,Gruul Delirium,Gruul Delirium,1.3
491,user_0491,Lifegain,Lifegain,1.19
491,user_0491,4c Insidious Roots,4c Insidious Roots,0.58
491,user_0491,Naya Yuna,Naya Yuna,0.84
491,user_0491,Azorius Control,Azorius Control,1.74
491,user_0491,Jeskai Self-Bounce,Jeskai Self-Bounce,0.9
491,user_0491,Gruul Delirium,Gruul Delirium,1.02
491,user_0491,Simic Omniscience,Simic Omniscience,1.2
491,user_0491,Izzet Prowess,Izzet Prowess,2.22
491,user_0491,Golgari Midrange,Golgari Midrange,1.9
491,user_0491,Izzet Midrange,Izzet Midrange,2.18
491,user_0491,Esper Self-Bounce,Esper Self-Bounce,0.28
491,user_0491,Izzet Aggro,Izzet Aggro,1.37
491,user_0491,Boros Manufacturing,Boros Manufacturing,0.67
491,user_0491,Rakdos Sacrifice,Rakdos Sacrifice,0.96
491,user_0491,Dimir Control,Dimir Control,0.83
491,user_0491,Grixis Artifacts,Grixis Artifacts,1.31
491,user_0491,Mono-Black Midrange,Mono-Black Midrange,1.6
491,user_0491,Jund Aggro,Jund Aggro,1.03
491,user_0491,Gruul Aggro,Gruul Aggro,1.07
491,user_0491,Temur Floodcaller Combo,Temur Floodcaller Combo,1.27
491,user_0491,Golgari Insidious Roots,Golgari Insidious Roots,1.24
491,user_0491,4c Reanimator,4c Reanimator,2.18
491,user_0491,Gruul Random Encounter,Gruul Random Encounter,1.09
491,user_0491,Grixis Leyline,Grixis Leyline,0.99
491,user_0491,Bant Airbending Combo,Bant Airbending Combo,1.06
491,user_0491,Boros Burn,Boros Burn,0.91
491,user_0491,Bant Omniscience,Bant Omniscience,1.34
491,user_0491,Temur Lessons,Temur Lessons,1.08
491,user_0491,Mono-Green Landfall,Mono-Green Landfall,0.83
491,user_0491,Izzet Looting,Izzet Looting,1.88
491,user_0491,Simic Midrange,Simic Midrange,2.1
491,user_0491,Izzet,Izzet,0.77
491,user_0491,Orzhov Midrange,Orzhov Midrange,2.04
491,user_0491,Jeskai Control,Jeskai Control,2.82
491,user_0491,Sultai Control,Sultai Control,0.43
491,user_0491,Golgari Dragons,Golgari Dragons,0.73
491,user_0491,Mono-Red Aggro,Mono-Red Aggro,2.53
491,user_0491,Boros Dragons,Boros Dragons,1.31
491,user_0491,Mardu Dragons,Mardu Dragons,0.69
491,user_0491,4c Omniscience,4c Omniscience,0.95
491,user_0491,Boros Aggro,Boros Aggro,1.4
491,user_0491,Selesnya Landfall,Selesnya Landfall,1.65
491,user_0491,Rakdos Aggro,Rakdos Aggro,1.35
491,user_0491,Sultai Reanimator,Sultai Reanimator,1.44
491,user_0491,Temur Kona,Temur Kona,0.96
491,user_0491,Dimir Bounce,Dimir Bounce,0.91
491,user_0491,Abzan Insidious Roots,Abzan Insidious Roots,0.69
491,user_0491,Boros Leyline Aggro,Boros Leyline Aggro,0.88
491,user_0491,Abzan Midrange,Abzan Midrange,1.22
491,user_0491,4c Insidious Roots (2),4c Insidious Roots,0.69
491,user_0491,5c Reanimator,5c Reanimator,1.02
491,user_0491,4c Artifacts,4c Artifacts,1.16
491,user_0491,Mono-White Tokens,Mono-White Tokens,1.91
491,user_0491,Boros Token Control,Boros Token Control,1.22
491,user_0491,Izzet Lessons,Izzet Lessons,3.53
491,user_0491,4c Control,4c Control,0.6
492,user_0492,Sultai Graveyard,Sultai Graveyard,0.9
492,user_0492,Sultai Reanimator,Sultai Reanimator,1.43
492,user_0492,Grixis Leyline,Grixis Leyline,0.58
492,user_0492,4c Control,4c Control,1.17
492,user_0492,Boros Aggro,Boros Aggro,0.85
492,user_0492,Mono-Red Aggro,Mono-Red Aggro,2.79
492,user_0492,4c Omniscience,4c Omniscience,0.39
492,user_0492,Grixis Artifacts,Grixis Artifacts,0.71
492,user_0492,Selesnya Landfall,Selesnya Landfall,0.91
492,user_0492,Gruul Random Encounter,Gruul Random Encounter,0.96
492,user_0492,Bant Airbending Combo,Bant Airbending Combo,1.05
492,user_0492,Orzhov Self-Bounce,Orzhov Self-Bounce,1.24
492,user_0492,Golgari Dragons,Golgari Dragons,1.3
492,user_0492,Golgari Midrange (2),Golgari Midrange,1.76
492,user_0492,Mono-Red Leyline Aggro,Mono-Red Leyline Aggro,1.28
492,user_0492,Rakdos Sacrifice,Rakdos Sacrifice,1.42
492,user_0492,Dimir Bounce,Dimir Bounce,0.93
492,user_0492,Izzet Midrange,Izzet Midrange,1.41
492,user_0492,4c Reanimator,4c Reanimator,1.96
492,user_0492,Gruul Delirium,Gruul Delirium,1.29
492,user_0492,Izzet,Izzet,1.02
492,user_0492,Azorius Control,Azorius Control,1.32
492,user_0492,Simic Midrange,Simic Midrange,1.43
492,user_0492,Mono-Black Midrange,Mono-Black Midrange,1.8
492,user_0492,Temur Battlecrier Combo,Temur Battlecrier Combo,0.84
492,user_0492,Boros Leyline Aggro,Boros Leyline Aggro,0.99
492,user_0492,Sultai Control,Sultai Control,1.05
492,user_0492,Boros Manufacturing,Boros Manufacturing,1.02
492,user_0492,Boros Burn,Boros Burn,1.17
492,user_0492,Izzet Looting,Izzet Looting,3.04
492,user_0492,Bant Omniscience,Bant Omniscience,1.26
492,user_0492,Orzhov Midrange,Orzhov Midrange,1.33
492,user_0492,Gruul Aggro,Gruul Aggro,0.93
492,user_0492,Temur Lessons,Temur Lessons,1.5
492,user_0492,Simic Aggro,Simic Aggro,1.03
492,user_0492,Jeskai Self-Bounce,Jeskai Self-Bounce,0.97
492,user_0492,Boros Token Control,Boros Token Control,0.74
492,user_0492,Jund Aggro,Jund Aggro,1.3
492,user_0492,Temur Floodcaller Combo,Temur Floodcaller Combo,1.11
492,user_0492,4c Insidious Roots (2),4c Insidious Roots,0.83
492,user_0492,Boros Mice,Boros Mice,1.0
492,user_0492,Simic Landfall,Simic Landfall,0.77
492,user_0492,Izzet Aggro,Izzet Aggro,1.02
492,user_0492,Golgari Insidious Roots,Golgari Insidious Roots,0.84
492,user_0492,Izzet Omniscience,Izzet Omniscience,1.52
492,user_0492,Jeskai Artifacts,Jeskai Artifacts,1.19
492,user_0492,4c Insidious Roots,4c Insidious Roots,0.81
492,user_0492,Dimir Control,Dimir Control,1.32
492,user_0492,Boros Dragons,Boros Dragons,1.75
493,user_0493,Boros Aggro,Boros Aggro,1.2
493,user_0493,Sultai Graveyard,Sultai Graveyard,1.28
493,user_0493,Boros Manufacturing,Boros Manufacturing,0.95
493,user_0493,Jeskai Control,Jeskai Control,3.19
493,user_0493,Temur Kona,Temur Kona,1.84
493,user_0493,Golgari Midrange (2),Golgari Midrange,1.51
493,user_0493,4c Insidious Roots,4c Insidious Roots,0.69
493,user_0493,Rakdos Aggro,Rakdos Aggro,0.86
493,user_0493,Mono-White Tokens,Mono-White Tokens,1.31
493,user_0493,Mono-Green Landfall,Mono-Green Landfall,2.01
493,user_0493,Gruul Delirium,Gruul Delirium,1.19
493,user_0493,Rakdos Sacrifice,Rakdos Sacrifice,1.1
493,user_0493,Dimir Bounce,Dimir Bounce,1.22
493,user_0493,Golgari Dragons,Golgari Dragons,0.96
493,user_0493,4c Artifacts,4c Artifacts,1.11
493,user_0493,Simic Landfall,Simic Landfall,1.68
493,user_0493,Dimir Midrange,Dimir Midrange,4.1
493,user_0493,Gruul Random Encounter,Gruul Random Encounter,1.96
493,user_0493,Izzet Omniscience,Izzet Omniscience,0.43
493,user_0493,Bant Omniscience,Bant Omniscience,0.74
493,user_0493,4c Control,4c Control,1.4
493,user_0493,Jeskai Self-Bounce,Jeskai Self-Bounce,1.08
493,user_0493,Azorius Control,Azorius Control,0.98
493,user_0493,Selesnya Landfall,Selesnya Landfall,1.57
493,user_0493,Temur Battlecrier Combo,Temur Battlecrier Combo,0.8
493,user_0493,Gruul Aggro,Gruul Aggro,1.29
493,user_0493,Naya Yuna,Naya Yuna,1.19
493,user_0493,Simic Omniscience,Simic Omniscience,1.0
493,user_0493,4c Reanimator,4c Reanimator,2.47
493,user_0493,Lifegain,Lifegain,1.66
494,user_0494,Simic Omniscience,Simic Omniscience,1.56
494,user_0494,Temur Kona,Temur Kona,1.52
494,user_0494,Naya Yuna,Naya Yuna,1.15
494,user_0494,Boros Manufacturing,Boros Manufacturing,0.93
494,user_0494,Izzet Midrange,Izzet Midrange,1.15
494,user_0494,Dimir Bounce,Dimir Bounce,0.62
494,user_0494,Gruul Leyline Aggro,Gruul Leyline Aggro,1.67
494,user_0494,4c Insidious Roots (2),4c Insidious Roots,0.91
494,user_0494,Golgari Insidious Roots,Golgari Insidious Roots,0.61
494,user_0494,Golgari Midrange (2),Golgari Midrange,0.79
494,user_0494,4c Kona,4c Kona,1.62
494,user_0494,Mono-Green Landfall,Mono-Green Landfall,1.7
494,user_0494,Simic Landfall,Simic Landfall,1.05
494,user_0494,Dimir Midrange,Dimir Midrange,3.4
494,user_0494,Temur Floodcaller Combo,Temur Floodcaller Combo,0.82
494,user_0494,Abzan Insidious Roots,Abzan Insidious Roots,0.64
494,user_0494,Lifegain,Lifegain,1.15
494,user_0494,Jeskai Control,Jeskai Control,3.1
494,user_0494,Gruul Aggro,Gruul Aggro,1.79
494,user_0494,Bant Omniscience,Bant Omniscience,1.03
494,user_0494,Izzet Looting,Izzet Looting,2.69
494,user_0494,Boros Burn,Boros Burn,1.5
494,user_0494,Simic Aggro,Simic Aggro,2.16
494,user_0494,Grixis Artifacts,Grixis Artifacts,1.28
494,user_0494,4c Artifacts,4c Artifacts,0.79
494,user_0494,Temur Lessons,Temur Lessons,1.88
494,user_0494,Grixis Leyline,Grixis Leyline,1.1
494,user_0494,Rakdos Sacrifice,Rakdos Sacrifice,0.81
494,user_0494,Gruul Random Encounter,Gruul Random Encounter,0.26
494,user_0494,Izzet,Izzet,0.73
494,user_0494,Orzhov Self-Bounce,Orzhov Self-Bounce,0.81
494,user_0494,Jeskai Self-Bounce,Jeskai Self-Bounce,0.12
494,user_0494,Bant Airbending Combo,Bant Airbending Combo,1.21
494,user_0494,Sultai Control,Sultai Control,0.42
494,user_0494,4c Omniscience,4c Omniscience,1.0
494,user_0494,Izzet Lessons,Izzet Lessons,3.66
494,user_0494,Orzhov Control,Orzhov Control,1.13
494,user_0494,Boros Leyline Aggro,Boros Leyline Aggro,1.42
494,user_0494,Boros Aggro,Boros Aggro,1.55
494,user_0494,Abzan Midrange,Abzan Midrange,0.72
494,user_0494,Esper Self-Bounce,Esper Self-Bounce,0.62
494,user_0494,Selesnya Landfall,Selesnya Landfall,1.66
494,user_0494,Jeskai Looting,Jeskai Looting,1.05
494,user_0494,Mono-Red Leyline Aggro,Mono-Red Leyline Aggro,1.41
494,user_0494,5c Reanimator,5c Reanimator,0.97
494,user_0494,Rakdos Aggro,Rakdos Aggro,1.63
494,user_0494,Simic Midrange,Simic Midrange,0.51
494,user_0494,Temur Battlecrier Combo,Temur Battlecrier Combo,1.09
495,user_0495,Mono-Black Midrange,Mono-Black Midrange,0.76
495,user_0495,Gruul Random Encounter,Gruul Random Encounter,1.79
495,user_0495,Simic Midrange,Simic Midrange,1.71
495,user_0495,Mono-Red Leyline Aggro,Mono-Red Leyline Aggro,0.76
495,user_0495,Orzhov Self-Bounce,Orzhov Self-Bounce,1.54
495,user_0495,Rakdos Sacrifice,Rakdos Sacrifice,1.49
495,user_0495,Orzhov Control,Orzhov Control,0.84
495,user_0495,Izzet Lessons,Izzet Lessons,4.71
495,user_0495,5c Reanimator,5c Reanimator,1.43
495,user_0495,Gruul Aggro,Gruul Aggro,0.66
495,user_0495,4c Insidious Roots (2),4c Insidious Roots,1.69
495,user_0495,Grixis Leyline,Grixis Leyline,1.58
495,user_0495,Mono-Red Aggro,Mono-Red Aggro,4.06
495,user_0495,Temur Lessons,Temur Lessons,1.9
495,user_0495,Jeskai Control,Jeskai Control,2.93
495,user_0495,Mardu Dragons,Mardu Dragons,1.47
495,user_0495,Izzet Looting,Izzet Looting,2.84
495,user_0495,Golgari Dragons,Golgari Dragons,1.52
495,user_0495,4c Artifacts,4c Artifacts,1.5
495,user_0495,Bant Omniscience,Bant Omniscience,1.44
495,user_0495,Grixis Artifacts,Grixis Artifacts,1.53
495,user_0495,Boros Mice,Boros Mice,1.48
495,user_0495,Jeskai Looting,Jeskai Looting,1.62
496,user_0496,Jund Aggro,Jund Aggro,0.96
496,user_0496,Gruul Delirium,Gruul Delirium,1.64
496,user_0496,4c Insidious Roots (2),4c Insidious Roots,1.97
496,user_0496,Lifegain,Lifegain,1.28
496,user_0496,Izzet Omniscience,Izzet Omniscience,1.48
496,user_0496,Sultai Reanimator,Sultai Reanimator,2.37
496,user_0496,Boros Leyline Aggro,Boros Leyline Aggro,0.72
496,user_0496,Sultai Control,Sultai Control,0.51
496,user_0496,Boros Manufacturing,Boros Manufacturing,1.9
496,user_0496,4c Kona,4c Kona,1.41
496,user_0496,Izzet Lessons,Izzet Lessons,4.66
496,user_0496,Rakdos Aggro,Rakdos Aggro,0.88
496,user_0496,Orzhov Self-Bounce,Orzhov Self-Bounce,1.65
496,user_0496,Jeskai Artifacts,Jeskai Artifacts,1.99
496,user_0496,Dimir Control,Dimir Control,1.15
496,user_0496,Mono-Red Aggro,Mono-Red Aggro,3.58
496,user_0496,Simic Aggro,Simic Aggro,1.69
496,user_0496,Temur Kona,Temur Kona,1.19
496,user_0496,Abzan Midrange,Abzan Midrange,2.0
496,user_0496,Mono-White Tokens,Mono-White Tokens,1.62
496,user_0496,Abzan Insidious Roots,Abzan Insidious Roots,2.24
496,user_0496,Naya Yuna,Naya Yuna,1.62
496,user_0496,Orzhov Control,Orzhov Control,1.13
496,user_0496,Esper Self-Bounce,Esper Self-Bounce,1.89
496,user_0496,Boros Dragons,Boros Dragons,1.01
496,user_0496,Bant Airbending Combo,Bant Airbending Combo,1.71
496,user_0496,Azorius Control,Azorius Control,1.49
496,user_0496,4c Control,4c Control,0.55
496,user_0496,Golgari Midrange (2),Golgari Midrange,0.79
496,user_0496,Izzet Prowess,Izzet Prowess,2.85
496,user_0496,Mono-Green Landfall,Mono-Green Landfall,1.78
496,user_0496,Mono-Black Midrange,Mono-Black Midrange,0.65
496,user_0496,Izzet Looting,Izzet Looting,3.09
496,user_0496,Temur Lessons,Temur Lessons,1.92
496,user_0496,Boros Token Control,Boros Token Control,0.94
496,user_0496,Golgari Midrange,Golgari Midrange,1.53
496,user_0496,Gruul Leyline Aggro,Gruul Leyline Aggro,1.51
496,user_0496,Simic Midrange,Simic Midrange,0.8
496,user_0496,Temur Floodcaller Combo,Temur Floodcaller Combo,1.0
496,user_0496,Boros Aggro,Boros Aggro,1.2
496,user_0496,Orzhov Midrange,Orzhov Midrange,1.66
496,user_0496,Selesnya Landfall,Selesnya Landfall,2.31
496,user_0496,Gruul Aggro,Gruul Aggro,0.93
496,user_0496,Grixis Artifacts,Grixis Artifacts,1.87
496,user_0496,Sultai Graveyard,Sultai Graveyard,1.81
496,user_0496,Mono-Red Leyline Aggro,Mono-Red Leyline Aggro,1.37
496,user_0496,Mardu Dragons,Mardu Dragons,2.16
496,user_0496,Dimir Midrange,Dimir Midrange,3.26
496,user_0496,Jeskai Looting,Jeskai Looting,1.39
496,user_0496,Izzet,Izzet,1.28
496,user_0496,Simic Omniscience,Simic Omniscience,1.97
497,user_0497,Golgari Midrange (2),Golgari Midrange,1.23
497,user_0497,Golgari Dragons,Golgari Dragons,1.58
497,user_0497,Simic Aggro,Simic Aggro,1.07
497,user_0497,Jeskai Artifacts,Jeskai Artifacts,1.49
497,user_0497,Gruul Delirium,Gruul Delirium,1.66
497,user_0497,4c Omniscience,4c Omniscience,1.19
497,user_0497,Bant Omniscience,Bant Omniscience,1.07
497,user_0497,Selesnya Landfall,Selesnya Landfall,1.52
497,user_0497,Grixis Leyline,Grixis Leyline,1.46
497,user_0497,Mardu Dragons,Mardu Dragons,1.24
497,user_0497,Golgari Midrange,Golgari Midrange,1.68
497,user_0497,Dimir Midrange,Dimir Midrange,2.83
497,user_0497,Jeskai Self-Bounce,Jeskai Self-Bounce,1.54
497,user_0497,Boros Aggro,Boros Aggro,0.8
497,user_0497,Gruul Leyline Aggro,Gruul Leyline Aggro,0.83
497,user_0497,Boros Leyline Aggro,Boros Leyline Aggro,1.23
497,user_0497,4c Control,4c Control,0.67
497,user_0497,Lifegain,Lifegain,0.72
497,user_0497,4c Kona,4c Kona,1.18
497,user_0497,Boros Token Control,Boros Token Control,1.54
497,user_0497,Sultai Reanimator,Sultai Reanimator,1.19
497,user_0497,Boros Mice,Boros Mice,1.07
497,user_0497,Boros Manufacturing,Boros Manufacturing,1.37
498,user_0498,Simic Midrange,Simic Midrange,1.05
498,user_0498,Naya Yuna,Naya Yuna,1.31
498,user_0498,4c Reanimator,4c Reanimator,2.77
498,user_0498,Simic Aggro,Simic Aggro,1.22
498,user_0498,4c Insidious Roots (2),4c Insidious Roots,1.13
498,user_0498,Abzan Midrange,Abzan Midrange,0.7
498,user_0498,Abzan Insidious Roots,Abzan Insidious Roots,1.15
498,user_0498,Izzet Lessons,Izzet Lessons,4.5
498,user_0498,Dimir Midrange,Dimir Midrange,3.22
498,user_0498,Gruul Random Encounter,Gruul Random Encounter,1.47
498,user_0498,Sultai Graveyard,Sultai Graveyard,1.68
498,user_0498,Simic Landfall,Simic Landfall,1.23
498,user_0498,Sultai Control,Sultai Control,1.25
498,user_0498,4c Omniscience,4c Omniscience,1.47
498,user_0498,Temur Lessons,Temur Lessons,2.3
498,user_0498,Temur Floodcaller Combo,Temur Floodcaller Combo,0.94
498,user_0498,Esper Self-Bounce,Esper Self-Bounce,2.02
498,user_0498,Izzet Aggro,Izzet Aggro,0.95
498,user_0498,Selesnya Landfall,Selesnya Landfall,2.54
498,user_0498,Izzet Prowess,Izzet Prowess,2.89
498,user_0498,Izzet,Izzet,1.15
498,user_0498,Grixis Artifacts,Grixis Artifacts,1.49
498,user_0498,Boros Burn,Boros Burn,1.81
498,user_0498,Mono-Green Landfall,Mono-Green Landfall,1.67
498,user_0498,Boros Aggro,Boros Aggro,1.28
498,user_0498,5c Reanimator,5c Reanimator,1.48
498,user_0498,4c Insidious Roots,4c Insidious Roots,1.41
498,user_0498,Temur Battlecrier Combo,Temur Battlecrier Combo,1.42
498,user_0498,Mono-White Tokens,Mono-White Tokens,1.4
498,user_0498,Izzet Looting,Izzet Looting,2.67
498,user_0498,Rakdos Sacrifice,Rakdos Sacrifice,1.84
498,user_0498,Bant Omniscience,Bant Omniscience,1.6
498,user_0498,Orzhov Control,Orzhov Control,1.21
498,user_0498,Simic Omniscience,Simic Omniscience,2.17
498,user_0498,Mardu Dragons,Mardu Dragons,1.28
498,user_0498,Izzet Midrange,Izzet Midrange,0.99
498,user_0498,Jeskai Self-Bounce,Jeskai Self-Bounce,2.31
498,user_0498,Mono-Red Leyline Aggro,Mono-Red Leyline Aggro,1.55
498,user_0498,Boros Leyline Aggro,Boros Leyline Aggro,1.04
498,user_0498,4c Kona,4c Kona,1.68
498,user_0498,Dimir Control,Dimir Control,0.95
498,user_0498,Golgari Insidious Roots,Golgari Insidious Roots,1.29
498,user_0498,4c Control,4c Control,1.59
498,user_0498,Boros Mice,Boros Mice,2.03
498,user_0498,Orzhov Self-Bounce,Orzhov Self-Bounce,1.59
499,user_0499,Abzan Midrange,Abzan Midrange,1.94
499,user_0499,Simic Aggro,Simic Aggro,1.28
499,user_0499,Mono-Black Midrange,Mono-Black Midrange,1.08
499,user_0499,4c Reanimator,4c Reanimator,2.96
499,user_0499,Temur Battlecrier Combo,Temur Battlecrier Combo,0.73
499,user_0499,5c Reanimator,5c Reanimator,0.98
499,user_0499,Gruul Delirium,Gruul Delirium,1.21
499,user_0499,Dimir Control,Dimir Control,1.53
499,user_0499,Izzet Lessons,Izzet Lessons,3.71
499,user_0499,Jeskai Artifacts,Jeskai Artifacts,0.9
499,user_0499,Azorius Control,Azorius Control,1.66
499,user_0499,Boros Dragons,Boros Dragons,1.41
499,user_0499,Naya Yuna,Naya Yuna,1.08
499,user_0499,Izzet,Izzet,1.0
499,user_0499,Boros Manufacturing,Boros Manufacturing,1.42
499,user_0499,Jeskai Self-Bounce,Jeskai Self-Bounce,1.27
499,user_0499,Golgari Dragons,Golgari Dragons,0.92
499,user_0499,Grixis Artifacts,Grixis Artifacts,1.2
499,user_0499,Izzet Prowess,Izzet Prowess,2.31
499,user_0499,Simic Midrange,Simic Midrange,1.22
499,user_0499,Mono-Red Leyline Aggro,Mono-Red Leyline Aggro,1.32
499,user_0499,Gruul Random Encounter,Gruul Random Encounter,0.56
499,user_0499,Sultai Graveyard,Sultai Graveyard,0.99
499,user_0499,Orzhov Self-Bounce,Orzhov Self-Bounce,1.64
499,user_0499,4c Insidious Roots (2),4c Insidious Roots,1.07
499,user_0499,Boros Aggro,Boros Aggro,1.31
499,user_0499,Golgari Midrange (2),Golgari Midrange,1.84
499,user_0499,Simic Omniscience,Simic Omniscience,1.4
499,user_0499,Grixis Leyline,Grixis Leyline,0.84
499,user_0499,Dimir Midrange,Dimir Midrange,4.0
499,user_0499,Simic Landfall,Simic Landfall,0.67
499,user_0499,Sultai Control,Sultai Control,1.13
499,user_0499,Boros Token Control,Boros Token Control,0.94
500,user_0500,Rakdos Sacrifice,Rakdos Sacrifice,0.83
500,user_0500,Boros Leyline Aggro,Boros Leyline Aggro,1.18
500,user_0500,Sultai Graveyard,Sultai Graveyard,0.28
500,user_0500,Izzet Lessons,Izzet Lessons,3.63
500,user_0500,4c Insidious Roots,4c Insidious Roots,1.34
500,user_0500,Izzet Omniscience,Izzet Omniscience,0.96
500,user_0500,Temur Floodcaller Combo,Temur Floodcaller Combo,1.33
500,user_0500,Gruul Delirium,Gruul Delirium,1.17
500,user_0500,Izzet,Izzet,1.04
500,user_0500,Temur Battlecrier Combo,Temur Battlecrier Combo,1.32
500,user_0500,5c Reanimator,5c Reanimator,1.15
500,user_0500,Simic Aggro,Simic Aggro,1.02
500,user_0500,Mono-Green Landfall,Mono-Green Landfall,1.45
500,user_0500,Izzet Prowess,Izzet Prowess,2.14
500,user_0500,Simic Landfall,Simic Landfall,0.97
500,user_0500,Grixis Leyline,Grixis Leyline,0.9
500,user_0500,Orzhov Midrange,Orzhov Midrange,1.13
500,user_0500,Jeskai Looting,Jeskai Looting,1.07
500,user_0500,Gruul Aggro,Gruul Aggro,0.94
500,user_0500,4c Kona,4c Kona,1.7
500,user_0500,Selesnya Landfall,Selesnya Landfall,0.82
500,user_0500,Lifegain,Lifegain,1.2
500,user_0500,Azorius Control,Azorius Control,0.93
500,user_0500,4c Artifacts,4c Artifacts,0.86
500,user_0500,Simic Omniscience,Simic Omniscience,1.47
500,user_0500,Rakdos Aggro,Rakdos Aggro,1.92
500,user_0500,Boros Burn,Boros Burn,1.19
500,user_0500,Boros Mice,Boros Mice,1.34
500,user_0500,Abzan Midrange,Abzan Midrange,1.01
500,user_0500,Naya Yuna,Naya Yuna,1.07
